method,run,epoch,stage,total_loss,data_thickness_group_loss,data_rate_loss,data_uniformity_loss,data_ri_loss,data_stress_loss,phys_ht_loss,phys_maxmin_loss,phys_uniformity_def_loss,phys_mono_t_loss,phys_nonneg_h_loss,phys_nonneg_r_loss,train_thk_rmse,val_thk_rmse
PINN20260414,1,1,pretrain,6.026806831359863,3.057229995727539,1.0467772483825684,2.019122362136841,1.027365803718567,1.0194698572158813,114244480.0,1871.2596435546875,3.368509292602539,0.22380860149860382,0.0,0.0,2253.3464003565896,1918.9553147481054
PINN20260414,1,3,pretrain,5.42437744140625,2.7956206798553467,0.7871325612068176,1.9073357582092285,0.939320981502533,0.9578405022621155,82437984.0,2699.384765625,2.3815834522247314,0.1406514048576355,0.0,0.0,2138.6834735416087,1795.4834307227677
PINN20260414,1,5,pretrain,4.811471462249756,2.5019359588623047,0.5727121829986572,1.7698473930358887,0.8619009256362915,0.8893934488296509,56300880.0,5364.98095703125,2.6055991649627686,0.0668407455086708,0.0,0.0,1990.428283058699,1640.302334937069
PINN20260414,1,7,pretrain,4.124829292297363,2.1353399753570557,0.38781580328941345,1.6038306951522827,0.783288300037384,0.8072453141212463,34610968.0,10680.5537109375,4.352252006530762,0.04098454490303993,0.0,0.0,1803.6151196971043,1455.2634641191264
PINN20260414,1,9,pretrain,3.441852569580078,1.7332425117492676,0.2506732642650604,1.4374194145202637,0.7070335149765015,0.7256130576133728,18432804.0,19960.189453125,7.0003180503845215,0.036329761147499084,0.0,0.0,1621.2096563985795,1296.3512255557905
PINN20260414,1,11,pretrain,2.9383907318115234,1.420019507408142,0.17559021711349487,1.3110501766204834,0.6457038521766663,0.6659749150276184,8710724.0,35469.23046875,9.549278259277344,0.012335294857621193,0.0,0.0,1537.4895934607168,1257.0869102810673
PINN20260414,1,12,pretrain,2.8026034832000732,1.341977596282959,0.15612497925758362,1.2703936100006104,0.6246857643127441,0.6472305059432983,6035582.5,43072.421875,10.951765060424805,0.00030547770438715816,0.0,0.0,1541.442425133031,1276.1659374861877
PINN20260414,1,14,pretrain,2.698859691619873,1.3096402883529663,0.1290309578180313,1.2257485389709473,0.5970736742019653,0.6234322786331177,3518941.0,38446.4375,14.409046173095703,0.0,0.0,0.0,1532.9192738040708,1270.1887654990499
PINN20260414,1,16,pretrain,2.5323727130889893,1.2221078872680664,0.09566345065832138,1.1835424900054932,0.562005341053009,0.5976126790046692,2569492.0,10566.53125,8.336735725402832,0.0,0.0,0.0,1414.6788946612585,1159.571418671571
PINN20260414,1,18,pretrain,2.2191548347473145,1.0078248977661133,0.06586869806051254,1.1160118579864502,0.5144322514533997,0.5665099620819092,1846345.625,1832.585693359375,3.737687826156616,0.0,0.0,0.0,1254.2086648560519,1075.9292495327004
PINN20260414,1,20,pretrain,1.9649027585983276,0.8139863014221191,0.06383141130208969,1.0597736835479736,0.476021945476532,0.5471562743186951,1289333.625,5900.966796875,5.037640571594238,0.0,0.0,0.0,1168.8197038037988,1129.9688601904036
PINN20260414,1,22,pretrain,1.8854472637176514,0.7375363707542419,0.08368408679962158,1.0448260307312012,0.4564322829246521,0.5429898500442505,1058433.875,10614.201171875,5.439646244049072,0.0,0.0,0.0,1159.0628757750806,1219.943697471322
PINN20260414,1,24,pretrain,1.8561207056045532,0.706055760383606,0.09436558932065964,1.0447965860366821,0.44477468729019165,0.539569079875946,961405.4375,12408.1806640625,4.608802795410156,0.0,0.0,0.0,1122.1458238571313,1195.02039731546
PINN20260414,1,26,pretrain,1.74977707862854,0.6288148760795593,0.08425850421190262,1.0288244485855103,0.4303026497364044,0.528279185295105,794227.625,11269.5625,4.273967742919922,0.0,0.0,0.0,1031.6272946175861,1053.1350815541186
PINN20260414,1,28,pretrain,1.6082853078842163,0.532873809337616,0.0661962479352951,1.0008846521377563,0.41300278902053833,0.5134453773498535,661606.375,8375.2275390625,4.90777587890625,0.0,0.0,0.0,947.830219501362,921.5381842332959
PINN20260414,1,30,pretrain,1.5131099224090576,0.4769659638404846,0.05237456038594246,0.9752514958381653,0.39542126655578613,0.5018495917320251,660499.5625,5415.310546875,5.532000541687012,0.0,0.0,0.0,912.60338455432,911.0485374007249
PINN20260414,1,31,pretrain,1.4844982624053955,0.4635399281978607,0.04789223149418831,0.965191662311554,0.38649725914001465,0.49786123633384705,674790.4375,4626.76953125,5.396857261657715,0.0,0.0,0.0,901.0306251731957,924.3164028080428
PINN20260414,1,33,pretrain,1.423061490058899,0.42704302072525024,0.04271550849080086,0.9484681487083435,0.3683076798915863,0.49088412523269653,616355.1875,4721.7841796875,4.708652973175049,0.0,0.0,0.0,846.467217321498,892.3200448830005
PINN20260414,1,35,pretrain,1.331777811050415,0.35727986693382263,0.04155668243765831,0.9317489862442017,0.35260009765625,0.4823262393474579,474076.25,5947.513671875,4.510458469390869,0.0,0.0,0.0,761.2784887936871,805.7115256095075
PINN20260414,1,37,pretrain,1.2538644075393677,0.2994800806045532,0.042544931173324585,0.9134766459465027,0.3397434651851654,0.4727298319339752,448328.9375,6426.87158203125,4.480834007263184,0.0,0.0,0.0,700.32068547202,781.7940905379114
PINN20260414,1,39,pretrain,1.2030363082885742,0.2700335681438446,0.04358002170920372,0.8954706788063049,0.3240682780742645,0.4624578058719635,576853.6875,6562.61669921875,4.743402481079102,0.0,0.0,0.0,664.9845392939599,818.3804509517563
PINN20260414,1,41,pretrain,1.1541712284088135,0.24284201860427856,0.04394051432609558,0.8797416090965271,0.30714151263237,0.4509503245353699,755045.125,6793.1328125,5.1690673828125,0.0,0.0,0.0,624.8870898010296,830.2016321352302
PINN20260414,1,43,pretrain,1.1028563976287842,0.21081820130348206,0.04314068704843521,0.8677551746368408,0.2938845157623291,0.43863749504089355,840447.8125,5607.517578125,5.112863540649414,0.0,0.0,0.0,588.2501593709941,808.4914579016898
PINN20260414,1,45,pretrain,1.0667983293533325,0.1924152672290802,0.040424708276987076,0.8596440553665161,0.2829093635082245,0.42618608474731445,773698.5625,3389.705810546875,4.654494762420654,0.0,0.0,0.0,566.9093016082908,788.7109340563246
PINN20260414,1,47,pretrain,1.0348470211029053,0.17884960770606995,0.03650272637605667,0.8519004583358765,0.27206164598464966,0.41366061568260193,583755.9375,1645.68505859375,4.220407962799072,0.0,0.0,0.0,536.2296033417028,767.2491039421291
PINN20260414,1,49,pretrain,0.9973660707473755,0.15961864590644836,0.03322211652994156,0.843177318572998,0.2619020938873291,0.4010050296783447,350527.34375,876.1948852539062,3.9303410053253174,0.0,0.0,0.0,507.48883916299087,735.6362467279599
PINN20260414,1,51,pretrain,0.9666646122932434,0.14652632176876068,0.03101193718612194,0.833008885383606,0.2527785301208496,0.38882389664649963,203973.25,912.3640747070312,3.747486114501953,0.0,0.0,0.0,503.09613271222827,705.9490066569964
PINN20260414,1,52,pretrain,0.9551610350608826,0.14442691206932068,0.0300314761698246,0.8264932632446289,0.24797385931015015,0.38324689865112305,178195.125,1040.3004150390625,3.655808210372925,0.0,0.0,0.0,503.31572471958395,694.5333865265226
PINN20260414,1,54,pretrain,0.9306988716125488,0.1403215527534485,0.028031304478645325,0.8103035688400269,0.237306147813797,0.3736952841281891,163576.578125,1427.4876708984375,3.5426557064056396,0.0,0.0,0.0,493.8540713105441,676.5455453995688
PINN20260414,1,56,pretrain,0.9040334224700928,0.13332368433475494,0.026358194649219513,0.7931332588195801,0.22691436111927032,0.36595481634140015,161452.03125,2247.269287109375,3.7714550495147705,0.0,0.0,0.0,482.2285019832403,665.7625092703854
PINN20260414,1,58,pretrain,0.8817484378814697,0.12967891991138458,0.025485670194029808,0.7770523428916931,0.21597322821617126,0.3581203818321228,186879.34375,2876.702880859375,4.085687637329102,0.0,0.0,0.0,476.94596457565297,665.4201914955692
PINN20260414,1,60,pretrain,0.8594413995742798,0.12709946930408478,0.02505403198301792,0.7595868110656738,0.20396481454372406,0.34992140531539917,228970.6875,2609.025634765625,3.9100663661956787,0.0,0.0,0.0,471.25858745491314,675.064302492733
PINN20260414,1,62,pretrain,0.8360465168952942,0.12337332963943481,0.0245060995221138,0.7416417002677917,0.19281835854053497,0.3419119119644165,254721.0625,1991.3424072265625,3.2882864475250244,0.0,0.0,0.0,465.8035731400093,680.0814519232237
PINN20260414,1,64,pretrain,0.81383216381073,0.12029425799846649,0.023955367505550385,0.7242660522460938,0.1822088360786438,0.3338609039783478,258783.875,1681.7210693359375,2.724208354949951,0.0,0.0,0.0,460.7145096206543,674.1601256378191
PINN20260414,1,66,pretrain,0.7908804416656494,0.1165025606751442,0.023527229204773903,0.7059727907180786,0.17197184264659882,0.3263673186302185,257961.3125,1619.7542724609375,2.4824893474578857,0.0,0.0,0.0,451.8794432699943,669.2798601855579
PINN20260414,1,68,pretrain,0.7685152292251587,0.11189722269773483,0.02324714884161949,0.6868551969528198,0.16413439810276031,0.3205067813396454,264676.09375,1397.82958984375,2.3600125312805176,0.0,0.0,0.0,442.0276610405733,668.5636656295345
PINN20260414,1,70,pretrain,0.7458623051643372,0.1075613796710968,0.022984353825449944,0.6664178371429443,0.15764309465885162,0.31401094794273376,294291.4375,1148.204345703125,2.256385564804077,0.0,0.0,0.0,432.1489362766036,666.8622655766331
PINN20260414,1,71,pretrain,0.733820378780365,0.10540833324193954,0.022843409329652786,0.6552959680557251,0.15454240143299103,0.31028541922569275,318044.125,1073.9443359375,2.2215816974639893,0.0,0.0,0.0,427.2321529332735,667.5773363438876
PINN20260414,1,73,pretrain,0.7103493809700012,0.10132943093776703,0.02259611338376999,0.6323758363723755,0.14952939748764038,0.303411602973938,372036.40625,1033.563720703125,2.1962475776672363,0.0,0.0,0.0,418.22491332415865,671.9058946385275
PINN20260414,1,75,pretrain,0.6881815195083618,0.09770604968070984,0.022360030561685562,0.6096169352531433,0.1452770233154297,0.2974128723144531,424396.75,962.127197265625,2.2092437744140625,0.0,0.0,0.0,409.6050307918593,671.2713218215121
PINN20260414,1,77,pretrain,0.6657105684280396,0.09430943429470062,0.022133145481348038,0.5869413018226624,0.14006488025188446,0.2910078167915344,465059.53125,800.9143676757812,2.209686279296875,0.0,0.0,0.0,401.2996269933477,668.8919709115964
PINN20260414,1,79,pretrain,0.6442149877548218,0.09101657569408417,0.02192794717848301,0.5648049116134644,0.13546349108219147,0.2851754128932953,480886.90625,695.705322265625,2.176701784133911,0.0,0.0,0.0,393.18332238282943,671.243994386542
PINN20260414,1,81,pretrain,0.6224552392959595,0.0877394899725914,0.021656261757016182,0.5423392057418823,0.13098251819610596,0.27918845415115356,489632.40625,682.8046264648438,2.180293560028076,0.0,0.0,0.0,384.8438806841029,676.5508341950367
PINN20260414,1,83,pretrain,0.6008924245834351,0.08435723185539246,0.02133738063275814,0.5201019644737244,0.12704497575759888,0.27317214012145996,507983.96875,707.0973510742188,2.2260794639587402,0.00023334063007496297,0.0,0.0,375.67285468875707,687.014328453199
PINN20260414,1,85,pretrain,0.579532265663147,0.08060161769390106,0.021013746038079262,0.49859097599983215,0.12344103306531906,0.2671772837638855,532642.75,700.8268432617188,2.210622787475586,0.002179650356993079,0.0,0.0,365.95813882874637,697.8828474393106
PINN20260414,1,87,pretrain,0.5582369565963745,0.07682815194129944,0.02067764289677143,0.4778796434402466,0.11961496621370316,0.26058584451675415,565717.4375,650.5706787109375,2.158153533935547,0.006262002047151327,0.0,0.0,356.711740239931,704.4220813901279
PINN20260414,1,89,pretrain,0.5370845794677734,0.07323677092790604,0.020294034853577614,0.45747286081314087,0.11582484841346741,0.25359782576560974,590898.0625,615.0841064453125,2.116061210632324,0.012319228611886501,0.0,0.0,347.64006844364184,709.2800707407476
PINN20260414,1,91,pretrain,0.5159835815429688,0.06980521976947784,0.019831132143735886,0.4374118447303772,0.11175541579723358,0.24632829427719116,603419.5625,617.8028564453125,2.087973117828369,0.020312676206231117,0.0,0.0,338.8318512736074,711.6065670368705
PINN20260414,1,92,pretrain,0.5057064890861511,0.06816595792770386,0.019596042111516,0.4277423918247223,0.10978049039840698,0.2426121085882187,608655.8125,623.3499755859375,2.0829505920410156,0.025165045633912086,0.0,0.0,334.3941349665092,712.5548224522798
PINN20260414,1,94,pretrain,0.48552387952804565,0.06486159563064575,0.019149314612150192,0.4091050326824188,0.10595078766345978,0.23499900102615356,615536.9375,633.0889892578125,2.0943126678466797,0.03772507235407829,0.0,0.0,325.1605853266967,715.4705400993112
PINN20260414,1,96,pretrain,0.4659741222858429,0.06155949831008911,0.018737293779850006,0.3916897177696228,0.10215651988983154,0.22709660232067108,622998.8125,629.3883056640625,2.123781204223633,0.053857915103435516,0.0,0.0,315.9538756883669,718.8028024082822
PINN20260414,1,98,pretrain,0.4468163251876831,0.05838145315647125,0.01833469048142433,0.3748445510864258,0.0983249694108963,0.21906086802482605,630480.75,599.9222412109375,2.1037333011627197,0.07217396795749664,0.0,0.0,307.06213744126774,723.5675288112368
PINN20260414,1,100,pretrain,0.4283287525177002,0.055370133370161057,0.01794954389333725,0.35887545347213745,0.09442408382892609,0.21100813150405884,629352.1875,539.9578247070312,2.033325433731079,0.09252779185771942,0.0,0.0,298.59550136849015,725.431294127845
PINN20260414,1,102,pretrain,0.41025325655937195,0.052497655153274536,0.017585333436727524,0.3433074355125427,0.09049610793590546,0.20300884544849396,622832.5625,480.78338623046875,1.981760025024414,0.11385074257850647,0.0,0.0,290.2499192506348,723.0736693103961
PINN20260414,1,104,pretrain,0.392665833234787,0.049674391746520996,0.017230913043022156,0.3284047245979309,0.08644458651542664,0.19517208635807037,612845.625,474.9888916015625,1.959838628768921,0.13466927409172058,0.0,0.0,281.5620352382402,718.4293197663915
PINN20260414,1,106,pretrain,0.37546634674072266,0.04683771729469299,0.01690259762108326,0.31407177448272705,0.08223123848438263,0.18754199147224426,605036.625,510.20452880859375,1.9603979587554932,0.153726264834404,0.0,0.0,272.79569679065685,713.2138529221091
PINN20260414,1,108,pretrain,0.3587702810764313,0.04407660663127899,0.016615387052297592,0.3002850413322449,0.07795682549476624,0.18009518086910248,598055.8125,546.8500366210938,1.9674978256225586,0.17268308997154236,0.0,0.0,264.5860268891764,706.7792485988818
PINN20260414,1,110,pretrain,0.34258508682250977,0.041483741253614426,0.016349630430340767,0.2868471145629883,0.07362444698810577,0.1729271560907364,593008.0,562.0081787109375,1.9476871490478516,0.19032102823257446,0.0,0.0,256.8793491116014,700.6145962653076
PINN20260414,1,111,pretrain,0.334615558385849,0.04024508595466614,0.01621791534125805,0.2801777720451355,0.0714033991098404,0.16945619881153107,589212.75,564.0493774414062,1.9253156185150146,0.19827882945537567,0.0,0.0,253.13721421148256,697.3672140630072
PINN20260414,1,113,pretrain,0.31892138719558716,0.03788740932941437,0.015965955331921577,0.2668514847755432,0.06691771745681763,0.1627664417028427,582732.75,556.68701171875,1.876065731048584,0.21260200440883636,0.0,0.0,245.91511175098614,690.1297885180729
PINN20260414,1,115,pretrain,0.303437203168869,0.03570916876196861,0.015711529180407524,0.253349632024765,0.06246473640203476,0.1563262641429901,577496.375,548.2734375,1.8331549167633057,0.2278473675251007,0.0,0.0,238.98350001882974,682.7324009082914
PINN20260414,1,117,pretrain,0.28816407918930054,0.033693667501211166,0.015462519600987434,0.23960749804973602,0.058076001703739166,0.15021100640296936,574116.6875,554.22802734375,1.805816888809204,0.24284608662128448,0.0,0.0,232.22159911117225,674.9474053583731
PINN20260414,1,119,pretrain,0.2731671631336212,0.03181009739637375,0.01520860567688942,0.22575747966766357,0.05384188890457153,0.14439789950847626,571414.625,567.1806030273438,1.7892988920211792,0.25649672746658325,0.0,0.0,225.5630455105623,665.3557788882576
PINN20260414,1,121,pretrain,0.25854989886283875,0.03001371957361698,0.014916546642780304,0.21201467514038086,0.04993709921836853,0.13883855938911438,565418.5,562.783203125,1.7619328498840332,0.26865142583847046,0.0,0.0,219.0106928753708,656.3773923970874
PINN20260414,1,123,pretrain,0.24448207020759583,0.028307195752859116,0.014609971083700657,0.19849365949630737,0.04638056084513664,0.13367696106433868,553846.5625,544.8446044921875,1.727945327758789,0.2773095965385437,0.0,0.0,212.62479791289633,648.9064840175355
PINN20260414,1,125,pretrain,0.23113614320755005,0.026695240288972855,0.01428198628127575,0.1854153573513031,0.04324524849653244,0.1289360076189041,539111.375,524.244873046875,1.7037638425827026,0.28320199251174927,0.0,0.0,206.29259976729654,643.700265069077
PINN20260414,1,127,pretrain,0.21862447261810303,0.025155097246170044,0.013934572227299213,0.17296990752220154,0.040557559579610825,0.12463350594043732,519800.5625,511.7173767089844,1.6925292015075684,0.2882354259490967,0.0,0.0,200.06760576115263,640.6850093844869
PINN20260414,1,129,pretrain,0.20702379941940308,0.023697085678577423,0.013588832691311836,0.1612514853477478,0.038294512778520584,0.12077389657497406,497088.09375,506.5129699707031,1.690641164779663,0.29057976603507996,0.0,0.0,194.00446998716293,637.5921011900947
PINN20260414,1,131,pretrain,0.19635474681854248,0.022309869527816772,0.013245567679405212,0.15034374594688416,0.03648616373538971,0.11729542911052704,471348.21875,479.3475341796875,1.6822335720062256,0.2912147045135498,0.0,0.0,187.9776935735993,635.0643914202717
PINN20260414,1,132,pretrain,0.19135648012161255,0.02163681946694851,0.01308207493275404,0.14518329501152039,0.035714343190193176,0.11571655422449112,457160.75,460.5182189941406,1.6724658012390137,0.2914043962955475,0.0,0.0,184.9705107409016,633.6818010642249
PINN20260414,1,134,pretrain,0.18198049068450928,0.020334187895059586,0.012773106805980206,0.13540613651275635,0.03439991548657417,0.11284831166267395,430110.78125,425.3193359375,1.6512595415115356,0.2908080220222473,0.0,0.0,178.9334231547449,630.2134559020459
PINN20260414,1,136,pretrain,0.17333805561065674,0.019080473110079765,0.012486204504966736,0.12628352642059326,0.03337536007165909,0.11029670387506485,406075.34375,399.357666015625,1.6383041143417358,0.29023557901382446,0.0,0.0,172.93123181629164,626.8432569231322
PINN20260414,1,138,pretrain,0.16531702876091003,0.017893902957439423,0.012221009470522404,0.11767575889825821,0.0325617641210556,0.10803230106830597,384519.75,387.3127746582031,1.6309654712677002,0.290351003408432,0.0,0.0,166.96683451549592,622.352417244442
PINN20260414,1,140,pretrain,0.15803438425064087,0.016777299344539642,0.011967227794229984,0.1097453236579895,0.03199738264083862,0.10607431828975677,364267.40625,379.2211608886719,1.617056131362915,0.2922680974006653,0.0,0.0,161.6895293649221,614.5364360638025
PINN20260414,1,142,pretrain,0.1569141447544098,0.016281381249427795,0.011733632534742355,0.10785733908414841,0.03312607482075691,0.10656203329563141,338985.125,395.23223876953125,1.5918151140213013,0.3022914528846741,0.0,0.0,168.18007346108217,599.4291555304931
PINN20260414,1,144,pretrain,0.17648237943649292,0.018167108297348022,0.011572306044399738,0.12589876353740692,0.04032251983880997,0.1147783100605011,311269.28125,436.4183349609375,1.5943093299865723,0.32022741436958313,0.0,0.0,157.04537560845273,593.78155179325
PINN20260414,1,146,pretrain,0.14430737495422363,0.014347631484270096,0.011158761568367481,0.09451669454574585,0.03210914880037308,0.10295809060335159,326248.65625,308.4457702636719,1.518110752105713,0.2831328511238098,0.0,0.0,164.95686581080824,615.7312471768831
PINN20260414,1,148,pretrain,0.13780929148197174,0.013367265462875366,0.010865417309105396,0.088064044713974,0.03115238808095455,0.10090060532093048,309991.46875,291.67425537109375,1.4630441665649414,0.28778699040412903,0.0,0.0,147.53944123098069,577.5206435704268
PINN20260414,1,150,pretrain,0.14362260699272156,0.01402665488421917,0.010622899048030376,0.09340469539165497,0.033527158200740814,0.10328790545463562,276511.78125,326.3380126953125,1.431095838546753,0.31898266077041626,0.0,0.0,138.70328605516164,577.1441544363072
PINN20260414,1,151,pretrain,0.12760713696479797,0.012056864798069,0.010417028330266476,0.07764945924282074,0.02956695854663849,0.09760037809610367,284018.6875,274.3811950683594,1.3825526237487793,0.29819515347480774,0.0,0.0,145.3949295775991,564.398130755232
PINN20260414,1,153,pretrain,0.1291915476322174,0.012332949787378311,0.01014663279056549,0.07898403704166412,0.030562859028577805,0.09825146198272705,261505.96875,280.11431884765625,1.3426616191864014,0.3142135441303253,0.0,0.0,136.77985420238244,572.8591668115297
PINN20260414,1,155,pretrain,0.12917189300060272,0.012183405458927155,0.009867965243756771,0.07910493016242981,0.031292203813791275,0.09822855144739151,272244.75,250.1309814453125,1.2879962921142578,0.2842681407928467,0.0,0.0,133.0270326146156,563.8090323859667
PINN20260414,1,157,pretrain,0.12181346118450165,0.011304556392133236,0.009582926519215107,0.071839839220047,0.029791822656989098,0.09564385563135147,239911.421875,248.10458374023438,1.2449536323547363,0.3140777051448822,0.0,0.0,134.02966526808532,548.4970658535923
PINN20260414,1,159,pretrain,0.11395731568336487,0.010217776522040367,0.009304182603955269,0.06396821141242981,0.028474396094679832,0.09305102378129959,239106.734375,210.52713012695312,1.1887520551681519,0.2966565787792206,0.0,0.0,134.3952673669166,562.3021318650677
PINN20260414,1,161,pretrain,0.11174854636192322,0.009978985413908958,0.009053612127900124,0.06175205111503601,0.02838405780494213,0.09224364161491394,230559.578125,188.90110778808594,1.145460844039917,0.29222503304481506,0.0,0.0,128.1709978407752,542.7146752668477
PINN20260414,1,163,pretrain,0.11176246404647827,0.010091478936374187,0.008822816424071789,0.06194888800382614,0.028621112927794456,0.0919899120926857,209385.234375,170.35983276367188,1.1063904762268066,0.30771657824516296,0.0,0.0,124.59139074766563,545.0815879297337
PINN20260414,1,165,pretrain,0.1082756370306015,0.009589768946170807,0.008577261120080948,0.058595895767211914,0.0282122939825058,0.09076321125030518,211220.203125,147.8596649169922,1.0776996612548828,0.2830440402030945,0.0,0.0,125.19716871673856,548.7795550127573
PINN20260414,1,167,pretrain,0.10317955166101456,0.00898226909339428,0.008337905630469322,0.05359826982021332,0.027248580008745193,0.08893712610006332,192439.609375,127.13818359375,1.0399892330169678,0.29200613498687744,0.0,0.0,123.90788933341774,535.578133888978
PINN20260414,1,169,pretrain,0.10128384828567505,0.008798934519290924,0.008113029412925243,0.051899537444114685,0.026995094493031502,0.0881134495139122,180635.96875,112.35475158691406,1.0073955059051514,0.28959015011787415,0.0,0.0,120.98801028536877,544.0473612195909
PINN20260414,1,171,pretrain,0.10050215572118759,0.008732812479138374,0.007893199101090431,0.0513797290623188,0.02698572911322117,0.08766530454158783,177535.828125,101.63429260253906,0.9872113466262817,0.27191492915153503,0.0,0.0,119.0057566556656,541.6287358514132
PINN20260414,1,172,pretrain,0.09765278548002243,0.008380001410841942,0.007781566120684147,0.04865974187850952,0.026372158899903297,0.08660564571619034,166543.375,94.98017883300781,0.9689394235610962,0.28001511096954346,0.0,0.0,119.15670485751106,543.4098361273929
PINN20260414,1,174,pretrain,0.09695325791835785,0.00832175463438034,0.007572332862764597,0.04833926260471344,0.026286449283361435,0.08611098676919937,161584.46875,87.460693359375,0.9515260457992554,0.2660309076309204,0.0,0.0,116.8751128007477,540.0142648578832
PINN20260414,1,176,pretrain,0.09432043135166168,0.008052575401961803,0.0073711685836315155,0.046022091060876846,0.02568650245666504,0.08496613055467606,147284.109375,79.33533477783203,0.9227561950683594,0.2722296118736267,0.0,0.0,116.61900858806209,533.731820533496
PINN20260414,1,178,pretrain,0.09193165600299835,0.0077939704060554504,0.0071729193441569805,0.04392097145318985,0.025173500180244446,0.08395472168922424,140339.953125,72.54925537109375,0.9031480550765991,0.26463332772254944,0.0,0.0,115.0411653564171,540.1069627860763
PINN20260414,1,180,pretrain,0.0910688042640686,0.007731561549007893,0.006984875537455082,0.04348880052566528,0.024936147034168243,0.08336320519447327,135912.9375,67.70629119873047,0.8893386721611023,0.25397467613220215,0.0,0.0,113.31511993661746,537.0813485869716
PINN20260414,1,182,pretrain,0.08884768187999725,0.0075052520260214806,0.006803948897868395,0.04166030138731003,0.02434614859521389,0.08232925087213516,125494.7421875,62.59827423095703,0.8677142262458801,0.25763264298439026,0.0,0.0,112.80976883813076,531.508672318712
PINN20260414,1,184,pretrain,0.08722144365310669,0.007360717747360468,0.006627881899476051,0.04043424874544144,0.023892495781183243,0.08148175477981567,119305.7421875,57.95988845825195,0.8527892827987671,0.2535969913005829,0.0,0.0,111.24265249613117,535.3779914695784
PINN20260414,1,186,pretrain,0.08604742586612701,0.007267645560204983,0.006455626804381609,0.03969218581914902,0.02353377267718315,0.08077290654182434,115995.359375,53.74645233154297,0.8429131507873535,0.2439640462398529,0.0,0.0,110.5545547244097,535.737050706781
PINN20260414,1,188,pretrain,0.08410479128360748,0.007076576352119446,0.006292915903031826,0.038160908967256546,0.022976892068982124,0.0798131674528122,108528.8984375,49.00933837890625,0.8255113363265991,0.24459685385227203,0.0,0.0,109.46638592936874,530.6938559565203
PINN20260414,1,190,pretrain,0.08305872976779938,0.007016707677394152,0.006138735916465521,0.037607692182064056,0.02257329411804676,0.0790741965174675,101923.4296875,44.449466705322266,0.8104029893875122,0.24434448778629303,0.0,0.0,108.41597859200691,531.2114103631435
PINN20260414,1,191,pretrain,0.08209089934825897,0.006917099002748728,0.0060578687116503716,0.036812733858823776,0.022328509017825127,0.0786169171333313,100777.828125,41.678531646728516,0.808068037033081,0.23842129111289978,0.0,0.0,108.00919105132905,530.9643055328672
PINN20260414,1,193,pretrain,0.08098030090332031,0.006847606506198645,0.005911825690418482,0.03619547188282013,0.021905994042754173,0.07784711569547653,94316.0234375,37.361488342285156,0.7929928302764893,0.23949973285198212,0.0,0.0,107.32398835564443,530.0972788083335
PINN20260414,1,195,pretrain,0.07943753898143768,0.006711026653647423,0.005763871129602194,0.03506939485669136,0.021447395905852318,0.07698964327573776,90286.5390625,32.6396598815918,0.7832093834877014,0.23436279594898224,0.0,0.0,106.54717631758244,533.0462866862501
PINN20260414,1,197,pretrain,0.07839202880859375,0.006646598689258099,0.0056212847121059895,0.03449409455060959,0.021069791167974472,0.07624804228544235,86534.046875,28.329797744750977,0.7748516201972961,0.2292272001504898,0.0,0.0,105.8287005834783,533.1798184008843
PINN20260414,1,199,pretrain,0.07699345052242279,0.006532142870128155,0.005484924651682377,0.03355049341917038,0.02061583660542965,0.07539346069097519,81309.0625,25.307876586914062,0.7629356384277344,0.22922423481941223,0.0,0.0,105.07101857939944,530.7183221823042
PINN20260414,1,201,pretrain,0.07596480846405029,0.006469779647886753,0.005353119224309921,0.03301811218261719,0.02022387459874153,0.07462423294782639,76612.8359375,23.058380126953125,0.7525732517242432,0.22886145114898682,0.0,0.0,104.39690544832975,531.0952715850518
PINN20260414,1,203,pretrain,0.07469508796930313,0.006371103227138519,0.005221581552177668,0.03219107165932655,0.019817566499114037,0.07381010055541992,73125.171875,20.09100914001465,0.7459335327148438,0.22510524094104767,0.0,0.0,103.76957646632273,533.542055512028
PINN20260414,1,205,pretrain,0.07368914783000946,0.006309268064796925,0.005094619933515787,0.03166086599230766,0.019453957676887512,0.07305216044187546,69822.40625,17.509462356567383,0.7398109436035156,0.22163760662078857,0.0,0.0,103.17574509059773,533.990431796301
PINN20260414,1,207,pretrain,0.07252885401248932,0.0062246620655059814,0.004972910974174738,0.030970681458711624,0.019059764221310616,0.07223910093307495,65968.828125,15.875493049621582,0.7316598892211914,0.22121058404445648,0.0,0.0,102.50220557840451,532.7536074490721
PINN20260414,1,209,pretrain,0.07153725624084473,0.00616424810141325,0.004855578299611807,0.030471254140138626,0.018693597987294197,0.07145670801401138,62309.203125,14.516127586364746,0.7240108847618103,0.22130869328975677,0.0,0.0,101.9882231252707,532.4812790136382
PINN20260414,1,210,pretrain,0.0710287094116211,0.006130024790763855,0.0047955201007425785,0.030187975615262985,0.018525274470448494,0.07107875496149063,61277.70703125,13.20529842376709,0.7234339714050293,0.21817639470100403,0.0,0.0,101.67696914585672,534.372499994152
PINN20260414,1,212,pretrain,0.06996698677539825,0.006057207938283682,0.0046826922334730625,0.029604695737361908,0.01815851777791977,0.07027480006217957,57976.37109375,12.004820823669434,0.7163971066474915,0.21822282671928406,0.0,0.0,101.11265279225691,533.5156394146286
PINN20260414,1,214,pretrain,0.0690278708934784,0.006001494824886322,0.004573283717036247,0.029156487435102463,0.01781630888581276,0.06949466466903687,54976.22265625,10.864380836486816,0.7099056243896484,0.2182205617427826,0.0,0.0,100.61577015122927,533.5868895971864
PINN20260414,1,216,pretrain,0.06804349273443222,0.005937432870268822,0.004465796053409576,0.028644684702157974,0.01748010143637657,0.06870914250612259,52463.78515625,9.555901527404785,0.7053635716438293,0.21692638099193573,0.0,0.0,100.06545221285167,534.7928045046979
PINN20260414,1,218,pretrain,0.06710173189640045,0.005878251977264881,0.004361229948699474,0.028175588697195053,0.01715720072388649,0.06793252378702164,50259.17578125,8.25747299194336,0.7018567323684692,0.21521125733852386,0.0,0.0,99.60806984439061,535.8116506758695
PINN20260414,1,220,pretrain,0.0662028044462204,0.005824611522257328,0.004260556772351265,0.027755800634622574,0.016843337565660477,0.06715786457061768,48123.5546875,7.163048267364502,0.6980944871902466,0.2142973691225052,0.0,0.0,99.11206863161267,536.0044601027122
PINN20260414,1,222,pretrain,0.06528032571077347,0.0057658301666378975,0.004163856618106365,0.027311256155371666,0.01652914099395275,0.06636999547481537,45998.9375,6.243468284606934,0.693710446357727,0.21448415517807007,0.0,0.0,98.60221338476637,535.6389292237823
PINN20260414,1,224,pretrain,0.06440062820911407,0.0057119824923574924,0.004070676863193512,0.026913536712527275,0.016225913539528847,0.06558724492788315,44026.62109375,5.422650337219238,0.6896474957466125,0.21493622660636902,0.0,0.0,98.1412257683411,535.4507447002012
PINN20260414,1,226,pretrain,0.06354442238807678,0.005659925285726786,0.003980505280196667,0.026537219062447548,0.0159332025796175,0.06480896472930908,42263.796875,4.60075044631958,0.6865306496620178,0.2150639146566391,0.0,0.0,97.66400469210753,535.8080054926392
PINN20260414,1,228,pretrain,0.06268106400966644,0.005604778416454792,0.0038930545561015606,0.026146547868847847,0.01564718410372734,0.06403007358312607,40702.8046875,3.810249090194702,0.6843514442443848,0.21468967199325562,0.0,0.0,97.1793153708005,536.4730014175923
PINN20260414,1,230,pretrain,0.06183730065822601,0.00555106345564127,0.0038086920976638794,0.02577408403158188,0.015369844622910023,0.06325379014015198,39287.83203125,3.0768096446990967,0.6826295852661133,0.21418637037277222,0.0,0.0,96.71728088544984,537.1932845820022
PINN20260414,1,231,pretrain,0.06142608821392059,0.0055254604667425156,0.0037682768888771534,0.02560265362262726,0.01523268036544323,0.06286267936229706,38563.33984375,2.793694019317627,0.6812251806259155,0.21459905803203583,0.0,0.0,96.4844142206398,536.67500640518
PINN20260414,1,233,pretrain,0.06061327084898949,0.005474155768752098,0.003689252771437168,0.02526557818055153,0.01496572233736515,0.06208415329456329,37261.6953125,2.226210832595825,0.6792306303977966,0.2148527204990387,0.0,0.0,96.02173622740322,536.9123822841116
PINN20260414,1,235,pretrain,0.05980372056365013,0.005422019399702549,0.003613114356994629,0.024927373975515366,0.014705871231853962,0.06130487099289894,36090.05078125,1.7048040628433228,0.6776980757713318,0.21490901708602905,0.0,0.0,95.54989902205548,537.3690828936849
PINN20260414,1,237,pretrain,0.059000998735427856,0.005369284190237522,0.00353982113301754,0.024593200534582138,0.01445325743407011,0.06052526831626892,35034.5703125,1.247841715812683,0.6764907836914062,0.2148430347442627,0.0,0.0,95.080542543217,537.9004612844276
PINN20260414,1,239,pretrain,0.058211103081703186,0.0053172605112195015,0.0034695130307227373,0.0242701955139637,0.01420829351991415,0.05974559113383293,34082.40234375,0.8646584153175354,0.6754543781280518,0.21479842066764832,0.0,0.0,94.61742456466462,538.4506709068157
PINN20260414,1,241,pretrain,0.057434309273958206,0.0052660005167126656,0.0034021707251667976,0.023958982899785042,0.013970893807709217,0.05896564573049545,33229.0859375,0.5590336918830872,0.6745755076408386,0.21482330560684204,0.0,0.0,94.1587391805057,538.940018694103
PINN20260414,1,243,pretrain,0.05666820704936981,0.005215256009250879,0.0033377530053257942,0.02365674450993538,0.013741007074713707,0.05818459391593933,32466.357421875,0.3265407979488373,0.6738393902778625,0.21493788063526154,0.0,0.0,93.70294131422716,539.4217100284341
PINN20260414,1,245,pretrain,0.055911485105752945,0.005164891481399536,0.003276178380474448,0.023361850529909134,0.013518682681024075,0.05740213394165039,31791.98828125,0.1603841781616211,0.6732123494148254,0.215116947889328,0.0,0.0,93.2494868451028,539.8871120428788
PINN20260414,1,247,pretrain,0.05516505986452103,0.005115163512527943,0.003217323450371623,0.023074738681316376,0.01330428384244442,0.056618962436914444,31204.162109375,0.054963886737823486,0.6727297306060791,0.21531885862350464,0.0,0.0,92.80401371135572,540.4200044872506
PINN20260414,1,249,pretrain,0.05443345755338669,0.005066665355116129,0.0031610934529453516,0.022800413891673088,0.01309878844767809,0.055836305022239685,30702.568359375,0.005145133472979069,0.6724783182144165,0.2154843807220459,0.0,0.0,92.37793360531236,541.0651243149941
PINN20260414,1,250,pretrain,0.05407705903053284,0.005044428166002035,0.0031357461120933294,0.022684462368488312,0.012994322925806046,0.05543125793337822,30443.626953125,0.001355588436126709,0.6703078746795654,0.2176179587841034,0.0,0.0,92.16647535675594,539.1519382326285
PINN20260414,1,252,pretrain,0.05340483784675598,0.0050040353089571,0.003084294032305479,0.022477682679891586,0.012804253958165646,0.05465010926127434,30076.611328125,0.0,0.6693099141120911,0.21875101327896118,0.0,0.0,91.86290843051128,538.7497389790551
PINN20260414,1,254,pretrain,0.05287893861532211,0.0049844542518258095,0.0030361858662217855,0.022439753636717796,0.012637544423341751,0.0538933239877224,29820.802734375,0.0,0.6678181886672974,0.22053493559360504,0.0,0.0,91.94496698093376,537.6494850271876
PINN20260414,1,256,pretrain,0.05287109687924385,0.005040769465267658,0.0029927866999059916,0.023002201691269875,0.01253802515566349,0.053239136934280396,29752.5546875,0.0,0.6653758883476257,0.2236044853925705,0.0,0.0,93.43399868021811,535.2920055913407
PINN20260414,1,258,pretrain,0.054702386260032654,0.005366681143641472,0.0029580756090581417,0.02568524330854416,0.012666306458413601,0.05298314988613129,30144.365234375,0.0,0.6614989638328552,0.2291010171175003,0.0,0.0,99.31150683896101,531.1542854952787
PINN20260414,1,260,pretrain,0.06106163561344147,0.006364292465150356,0.002939151367172599,0.03348056226968765,0.013380845077335835,0.05381069704890251,31582.431640625,0.0,0.6569440364837646,0.2377469688653946,0.0,0.0,109.88997071645119,527.0004447341577
PINN20260414,1,262,pretrain,0.06463182717561722,0.006979540456086397,0.002913122996687889,0.037668898701667786,0.013883499428629875,0.054334092885255814,32824.53125,0.0,0.6559174656867981,0.24288149178028107,0.0,0.0,101.93618752987086,529.9940152963993
PINN20260414,1,264,pretrain,0.050543248653411865,0.0049112760461866856,0.0028252778574824333,0.022283384576439857,0.012009957805275917,0.05039547383785248,30478.544921875,0.0,0.6649318337440491,0.22968028485774994,0.0,0.0,89.95384015913385,546.8331555419807
PINN20260414,1,266,pretrain,0.05388708412647247,0.0054601323790848255,0.0027843310963362455,0.026388734579086304,0.012451575137674809,0.05077122896909714,30580.505859375,0.0,0.6844918727874756,0.2119811326265335,0.0,0.0,99.75536483066963,557.7911795645392
PINN20260414,1,268,pretrain,0.05181777477264404,0.005200980231165886,0.0027511215303093195,0.024315351620316505,0.012212821282446384,0.04988311231136322,30133.853515625,0.0,0.6819450259208679,0.21483004093170166,0.0,0.0,88.17946012252513,544.8243696366748
PINN20260414,1,270,pretrain,0.04874555021524429,0.004800949711352587,0.0027245874516665936,0.021773552522063255,0.011628234758973122,0.04809901490807533,30955.248046875,0.0,0.6642723679542542,0.23328626155853271,0.0,0.0,94.39816044453674,534.0064372271181
PINN20260414,1,271,pretrain,0.051402412354946136,0.0052167088724672794,0.002702876226976514,0.02454013004899025,0.012083646841347218,0.048931729048490524,30297.0234375,0.0,0.6827080845832825,0.2154514193534851,0.0,0.0,92.79340607466405,553.6975144426783
PINN20260414,1,273,pretrain,0.04677137732505798,0.004564437083899975,0.002668068977072835,0.020159447565674782,0.011360659264028072,0.04686509817838669,29993.03125,0.0,0.6731985807418823,0.22407929599285126,0.0,0.0,87.66722859056284,540.9206850361705
PINN20260414,1,275,pretrain,0.048240695148706436,0.004845560062676668,0.002658448414877057,0.02214564010500908,0.011546052061021328,0.046725139021873474,31648.853515625,0.0,0.661867082118988,0.23778845369815826,0.0,0.0,90.44728264298492,537.237232281978
PINN20260414,1,277,pretrain,0.04562842845916748,0.004492555744946003,0.002621088642627001,0.01977064646780491,0.01115830335766077,0.045426588505506516,31383.693359375,0.0,0.6664690971374512,0.2341495007276535,0.0,0.0,86.3114421097371,546.9047849031858
PINN20260414,1,279,pretrain,0.04593264311552048,0.00459243543446064,0.0025882346089929342,0.02048955112695694,0.011214821599423885,0.044979922473430634,30772.5234375,0.0,0.67713862657547,0.2244681864976883,0.0,0.0,88.49686611682924,552.0625530680378
PINN20260414,1,281,pretrain,0.044428057968616486,0.004394926596432924,0.0025646521244198084,0.01918001100420952,0.011022942140698433,0.044128455221652985,30932.4765625,0.0,0.6732674241065979,0.228394016623497,0.0,0.0,85.28960887946725,544.5968118709474
PINN20260414,1,283,pretrain,0.044031158089637756,0.004411912523210049,0.002549536060541868,0.01944286748766899,0.010888415388762951,0.043117061257362366,32573.060546875,0.0,0.6651546955108643,0.2380983978509903,0.0,0.0,86.8037027580045,540.6829015236195
PINN20260414,1,285,pretrain,0.04325183480978012,0.004314538091421127,0.0025271351914852858,0.018687527626752853,0.01085946336388588,0.04271857440471649,33416.6875,0.0,0.6671943664550781,0.23763057589530945,0.0,0.0,84.45145263145271,546.3713251992641
PINN20260414,1,287,pretrain,0.042421113699674606,0.004260714631527662,0.0024969656951725483,0.018569428473711014,0.010657836683094501,0.04151606932282448,32844.7421875,0.0,0.6725059151649475,0.23160994052886963,0.0,0.0,85.26816613631374,550.8411465658679
PINN20260414,1,289,pretrain,0.04202462360262871,0.00422379607334733,0.0024787632282823324,0.018132919445633888,0.010732311755418777,0.041290283203125,32122.822265625,0.0,0.6698240041732788,0.2329675257205963,0.0,0.0,83.71574042742799,547.3110404514055
PINN20260414,1,290,pretrain,0.04140296205878258,0.004146289080381393,0.0024703063536435366,0.017770439386367798,0.010593181475996971,0.040761783719062805,33884.4609375,0.0,0.668857216835022,0.23749104142189026,0.0,0.0,83.68466434702955,548.439804126214
PINN20260414,1,292,pretrain,0.04101815074682236,0.004163139965385199,0.0024466775357723236,0.01806045137345791,0.010491781868040562,0.03972936421632767,33454.24609375,0.0,0.671596884727478,0.23459316790103912,0.0,0.0,83.57995213229964,549.4996019106839
PINN20260414,1,294,pretrain,0.040241897106170654,0.004071924835443497,0.002431300235912204,0.017322899773716927,0.010491959750652313,0.039268821477890015,32809.79296875,0.0,0.6666113138198853,0.2384393960237503,0.0,0.0,82.7143374578661,546.2090087594675
PINN20260414,1,296,pretrain,0.03991984575986862,0.004058976657688618,0.0024171448312699795,0.017525140196084976,0.010395284742116928,0.038507912307977676,33045.76953125,0.0,0.6615392565727234,0.24368181824684143,0.0,0.0,82.64042558824495,544.9121775570812
PINN20260414,1,298,pretrain,0.03911003842949867,0.004000593442469835,0.002398714190348983,0.017044179141521454,0.010329972952604294,0.03766395151615143,33684.9765625,0.0,0.6629557013511658,0.24385036528110504,0.0,0.0,81.88889731768434,547.5217176057951
PINN20260414,1,300,pretrain,0.038542263209819794,0.003962036222219467,0.002378949197009206,0.016793398186564445,0.010278956964612007,0.036978885531425476,34456.25390625,0.0,0.6676340699195862,0.24178721010684967,0.0,0.0,81.76103709897521,549.7055177547338
PINN20260414,1,302,physics,6087441.5,0.09358122944831848,0.18269196152687073,0.0621558353304863,0.09952604025602341,0.16126416623592377,12163954.0,27115.185546875,136.63180541992188,0.38382843136787415,0.0,0.0,578.5678168978983,674.0499796009195
PINN20260414,1,304,physics,3528999.75,0.07525265216827393,0.14101730287075043,0.5051548480987549,0.22104324400424957,0.3092176020145416,7015330.0,89611.3515625,60.04115676879883,0.06909811496734619,0.0,67874.5625,475.33713364831914,767.2162341869468
PINN20260414,1,306,physics,837495.1875,1.1272737979888916,0.17555932700634003,1.5667462348937988,0.5828770995140076,1.1166505813598633,1674417.5,255.5654754638672,218.61692810058594,0.6555891633033752,0.0,3333.318359375,1769.0877592702968,2032.831461287433
PINN20260414,1,308,physics,1545708.0,1.1831251382827759,0.12332333624362946,3.461254358291626,0.3186336159706116,0.8012308478355408,3085881.5,12629.5068359375,791.4489135742188,0.7246010899543762,0.0,0.004168169107288122,788.3075621228049,1117.5557592353055
PINN20260414,1,310,physics,530611.25,0.5930463075637817,0.1756373941898346,6.093338489532471,0.29328879714012146,0.6810022592544556,1055148.75,12405.1259765625,1763.013427734375,0.19974909722805023,443.1193542480469,0.026900367811322212,610.0010245893035,719.2435044892654
PINN20260414,1,311,physics,910829.75,0.7352442741394043,0.20901821553707123,9.330541610717773,0.5495197772979736,1.001113772392273,1805722.625,34190.6796875,2268.025146484375,0.13034877181053162,8852.5576171875,0.05153609439730644,601.4604101684499,725.5325199465562
PINN20260414,1,313,physics,661943.9375,0.6999708414077759,0.22084105014801025,16.35871124267578,0.6234611868858337,1.045611023902893,1318986.375,8848.958984375,1626.2764892578125,0.36798524856567383,3630.7138671875,0.1920895129442215,655.9882096882535,1005.2037728739382
PINN20260414,1,315,physics,149367.140625,0.9186861515045166,0.2001887410879135,22.32638931274414,0.29728934168815613,0.6120558977127075,298024.25,93.2584457397461,1070.9053955078125,1.5342776775360107,0.0,0.6185850501060486,1282.5789449386732,1646.0747249137871
PINN20260414,1,317,physics,560915.5625,1.2674403190612793,0.2015703022480011,28.221923828125,0.11504052579402924,0.36428555846214294,1120095.0,2278.03125,1311.2247314453125,4.230160236358643,0.0,1.3481601476669312,1367.7251185819466,1699.8559497792746
PINN20260414,1,319,physics,322101.15625,1.0684852600097656,0.2017555683851242,36.27933120727539,0.13543051481246948,0.3237314522266388,643239.5625,84.56631469726562,1469.359375,3.5803065299987793,0.0,2.0443203449249268,949.0062565652557,1208.2892348274895
PINN20260414,1,321,physics,124306.2265625,0.816787600517273,0.17505525052547455,46.155372619628906,0.175181046128273,0.2913256287574768,247761.875,0.0,1320.4576416015625,1.5615520477294922,0.0,2.5085201263427734,692.0588396227593,835.2164390144629
PINN20260414,1,323,physics,233815.75,0.8050147294998169,0.12539887428283691,54.01819610595703,0.18177154660224915,0.27335911989212036,466805.21875,0.0,1264.50830078125,1.1035786867141724,0.0,2.932781457901001,712.0837819386143,791.87838397067
PINN20260414,1,325,physics,187537.0625,0.827826738357544,0.07838813215494156,58.38911437988281,0.15369516611099243,0.26622265577316284,374167.71875,0.0,1389.3096923828125,1.1358014345169067,0.0,3.541255474090576,743.4261900148528,850.0833782635677
PINN20260414,1,327,physics,146812.703125,0.8423550128936768,0.05578412488102913,60.23866271972656,0.11180459707975388,0.24151824414730072,292480.0625,22.841772079467773,1768.43115234375,1.4997450113296509,0.0,4.292080402374268,802.7542821436707,957.374045240417
PINN20260414,1,329,physics,111860.6640625,0.8874870538711548,0.05687737464904785,61.00748062133789,0.09674066305160522,0.21728543937206268,221648.8125,1420.636962890625,2379.889892578125,2.2508888244628906,0.0,4.929619789123535,869.5693258734464,1049.0909159839293
PINN20260414,1,330,physics,84984.4453125,0.9158156514167786,0.06359066069126129,61.46643829345703,0.10173416137695312,0.20989388227462769,167115.109375,2901.03076171875,2693.967041015625,2.4847984313964844,0.0,5.120883941650391,885.9771794465138,1065.8628546862865
PINN20260414,1,332,physics,81487.0390625,0.9482833743095398,0.08088209480047226,63.05204772949219,0.1165698692202568,0.2019813507795334,158980.65625,5173.6767578125,3074.943603515625,2.4274051189422607,0.0,5.156625747680664,875.1565217148302,1036.0944696310273
PINN20260414,1,334,physics,105071.703125,0.9344984292984009,0.08809495717287064,65.3160171508789,0.11660569906234741,0.19518983364105225,207179.328125,2651.422119140625,3036.60205078125,1.975522518157959,0.0,4.769803047180176,839.3180639662178,969.7640821354439
PINN20260414,1,336,physics,58121.37109375,0.9095484614372253,0.07841066271066666,67.66875457763672,0.10529089719057083,0.18448112905025482,114416.1953125,183.501708984375,2781.664306640625,1.584977149963379,0.0,4.129015922546387,819.5936874451877,922.7728932408017
PINN20260414,1,338,physics,23720.1796875,0.9009190797805786,0.06382078677415848,69.90455627441406,0.09221851825714111,0.17301112413406372,45902.28515625,0.0,2419.02685546875,1.3794547319412231,0.0,3.443551778793335,817.9152232964001,898.9586336422827
PINN20260414,1,340,physics,45873.99609375,0.9062105417251587,0.056387390941381454,72.22795104980469,0.07813751697540283,0.1630002111196518,90476.9453125,0.0,1969.4986572265625,1.2797439098358154,0.0,2.780672550201416,811.38500417496,871.8087519634108
PINN20260414,1,342,physics,43501.27734375,0.9199659824371338,0.05804717168211937,74.80547332763672,0.0686904564499855,0.15238939225673676,86002.109375,0.0,1513.474609375,1.2059352397918701,0.0,2.0841732025146484,794.5053099256165,837.5181714446559
PINN20260414,1,344,physics,21670.580078125,0.9488130807876587,0.06565236300230026,77.52588653564453,0.06898688524961472,0.14272718131542206,42553.81640625,0.0,1152.89404296875,1.1845307350158691,0.0,1.3569425344467163,788.2255387895016,824.8923793441178
PINN20260414,1,346,physics,20250.921875,1.0030757188796997,0.07346230745315552,80.22200775146484,0.07087099552154541,0.13872212171554565,39860.14453125,0.0,904.6356811523438,1.285407543182373,0.0,0.7338681221008301,810.8386861762332,855.9769637671332
PINN20260414,1,348,physics,23142.322265625,1.0768613815307617,0.07552951574325562,83.0440444946289,0.06620071828365326,0.1400434821844101,45747.609375,0.0,724.2940673828125,1.4968668222427368,0.0,0.3657694160938263,847.1931597929719,903.8440476653038
PINN20260414,1,350,physics,21568.294921875,1.137543797492981,0.0710991695523262,86.41432189941406,0.05919785052537918,0.1403896063566208,42673.3125,20.742542266845703,580.6021118164062,1.6562049388885498,0.0,0.1668926328420639,856.7497446746045,911.5945507735333
PINN20260414,1,351,physics,19627.056640625,1.1517127752304077,0.06772899627685547,88.37784576416016,0.057007621973752975,0.13855203986167908,38784.7421875,111.7891616821289,526.111083984375,1.650307059288025,0.0,0.10771152377128601,844.6086741799423,891.7148857678669
PINN20260414,1,353,physics,13054.0869140625,1.146594762802124,0.06163391098380089,92.64105224609375,0.05567683279514313,0.13148319721221924,25563.193359375,378.5947570800781,465.8542785644531,1.4566516876220703,0.0,0.03047369420528412,800.3530470985913,823.1272304449659
PINN20260414,1,355,physics,10928.8623046875,1.102552890777588,0.05818232148885727,96.74344635009766,0.05561831220984459,0.12419624626636505,21384.65625,185.53562927246094,466.7608947753906,1.1911700963974,0.0,0.0005718260654248297,762.5942974478631,763.2698163166156
PINN20260414,1,357,physics,14538.6025390625,1.05769681930542,0.056947238743305206,100.31417083740234,0.05508271977305412,0.12018866837024689,28655.4765625,0.0,497.951171875,1.0490169525146484,0.0,0.0,751.6275257732383,747.4895066153102
PINN20260414,1,359,physics,12209.0869140625,1.046340823173523,0.05657952278852463,103.64149475097656,0.054037198424339294,0.11912298947572708,23977.064453125,0.0,523.6290283203125,1.0853056907653809,0.0,0.0,766.6785098722933,775.390990081778
PINN20260414,1,361,physics,8162.455078125,1.056400179862976,0.05653730779886246,107.16705322265625,0.051918044686317444,0.11955244839191437,15870.37890625,0.0,538.8603515625,1.2507500648498535,0.0,0.0,793.4305656451609,819.5276459644299
PINN20260414,1,363,physics,9391.4208984375,1.0661847591400146,0.05686124786734581,111.10284423828125,0.049383148550987244,0.12008462101221085,18323.05859375,0.0,539.6536865234375,1.414781093597412,0.0,0.0,805.8726248607778,840.3428243877614
PINN20260414,1,365,physics,9451.8076171875,1.0568925142288208,0.057259488850831985,115.3714828491211,0.04806622490286827,0.11943326890468597,18450.69140625,0.0,519.709716796875,1.4483816623687744,0.0,0.0,793.5267796363271,823.5091833124874
PINN20260414,1,367,physics,7216.38623046875,1.0318334102630615,0.05712864175438881,119.68185424804688,0.04760817810893059,0.11744698882102966,13997.720703125,0.0,481.41583251953125,1.3685541152954102,0.0,0.0,772.4765368605056,791.3054088024421
PINN20260414,1,369,physics,6402.79052734375,1.0083622932434082,0.056175995618104935,123.64607238769531,0.046464987099170685,0.11510976403951645,12393.6572265625,0.0,435.053955078125,1.2891117334365845,0.0,0.0,761.3515531605619,772.0998963864715
PINN20260414,1,370,physics,6352.2890625,1.0010242462158203,0.05548449978232384,125.38166809082031,0.045606717467308044,0.11411838233470917,12304.576171875,0.0,411.74603271484375,1.2755850553512573,0.0,0.0,761.1287259721578,770.6709738922311
PINN20260414,1,372,physics,6247.51611328125,0.9958020448684692,0.054163701832294464,128.17881774902344,0.04405945912003517,0.11268741637468338,12117.65234375,0.0,368.4639892578125,1.3051793575286865,0.0,0.0,767.2521179508076,778.903516168723
PINN20260414,1,374,physics,5963.70751953125,0.9981513023376465,0.05359861999750137,129.92672729492188,0.04309752583503723,0.1118067055940628,11569.8466796875,0.0,331.92242431640625,1.371877670288086,0.0,0.0,773.6583952236284,789.2425957840846
PINN20260414,1,376,physics,5148.94384765625,1.00065279006958,0.054066404700279236,130.5324249267578,0.04230263829231262,0.1111275926232338,9957.1181640625,0.0,302.6881103515625,1.4211286306381226,0.0,0.0,774.1964786150864,791.8903017463972
PINN20260414,1,378,physics,4735.93603515625,0.9996284246444702,0.054956283420324326,129.95668029785156,0.04155902937054634,0.11040766537189484,9145.5146484375,0.0,279.8189697265625,1.4341721534729004,0.0,0.0,770.4888870061657,788.0555976579318
PINN20260414,1,380,physics,4884.30712890625,0.9961456060409546,0.055198147892951965,128.20187377929688,0.040990374982357025,0.10952425748109818,9455.173828125,0.0,261.8141174316406,1.4323999881744385,0.0,0.0,767.3545057533709,783.9129017307981
PINN20260414,2,1,pretrain,5.900539875030518,2.9441215991973877,0.989012598991394,2.0419981479644775,1.080774188041687,1.0153990983963013,95766232.0,193654.5,35.593597412109375,0.051950011402368546,0.0,0.0,1930.40889450914,1923.111736223353
PINN20260414,2,3,pretrain,5.229226112365723,2.5962870121002197,0.8036014437675476,1.8724030256271362,1.021761178970337,0.9158240556716919,76947536.0,98988.5625,22.28316879272461,0.07285353541374207,0.0,0.0,1801.4370652343089,1788.7570405172414
PINN20260414,2,5,pretrain,4.544765949249268,2.208279848098755,0.6370328068733215,1.7124865055084229,0.9584126472473145,0.8320052623748779,58973768.0,52604.046875,15.143125534057617,0.08467667549848557,0.0,0.0,1643.149567142322,1622.0094019456237
PINN20260414,2,7,pretrain,3.8560233116149902,1.8116263151168823,0.4801471531391144,1.5546907186508179,0.877751886844635,0.7527278065681458,41627136.0,30517.44140625,15.227187156677246,0.07978993654251099,0.0,0.0,1485.0631299712481,1459.455977410761
PINN20260414,2,10,pretrain,3.1336522102355957,1.4503827095031738,0.2956296503543854,1.3708807229995728,0.7306494116783142,0.6639554500579834,20615714.0,12653.646484375,44.20589065551758,0.021314091980457306,0.0,0.0,1389.1958105321223,1396.4759217401495
PINN20260414,2,12,pretrain,2.942122459411621,1.4092938899993896,0.2273169457912445,1.290185809135437,0.6399116516113281,0.6417975425720215,11594548.0,1540.1038818359375,96.24860382080078,0.0005391517770476639,0.0,0.0,1368.928093436613,1410.9852054504329
PINN20260414,2,14,pretrain,2.7334656715393066,1.3036397695541382,0.1925869584083557,1.2247295379638672,0.5650423765182495,0.6298030018806458,6555211.0,571.5523071289062,101.78312683105469,0.0,0.0,0.0,1288.2752520327324,1372.758536669869
PINN20260414,2,16,pretrain,2.4397079944610596,1.1217341423034668,0.1634158492088318,1.1475043296813965,0.49899983406066895,0.5982771515846252,4324885.5,2063.875,40.9509162902832,0.0,0.0,0.0,1194.2835195212233,1344.9522761049925
PINN20260414,2,18,pretrain,2.1730616092681885,0.9824106693267822,0.1316843181848526,1.0447123050689697,0.44417211413383484,0.561614453792572,3613173.5,2574.0673828125,19.028404235839844,0.0,0.0,0.0,1138.7010692012193,1360.1997555506323
PINN20260414,2,20,pretrain,2.02799916267395,0.9068413972854614,0.12343966960906982,0.968252420425415,0.41391322016716003,0.5517785549163818,3981960.5,2365.72314453125,18.51058006286621,0.0,0.0,0.0,1095.6730808046714,1359.3280509133915
PINN20260414,2,22,pretrain,1.945632815361023,0.8144124150276184,0.14519906044006348,0.9547581672668457,0.40773677825927734,0.5582230091094971,5202372.0,1923.0811767578125,17.822547912597656,0.0,0.0,0.0,1016.5845697727268,1282.3990701025948
PINN20260414,2,24,pretrain,1.809972882270813,0.6779334545135498,0.15679402649402618,0.9527831077575684,0.4062251150608063,0.544888436794281,6163276.5,1423.69677734375,13.74190902709961,0.0,0.0,0.0,913.4271317406769,1147.51116552302
PINN20260414,2,27,pretrain,1.5495500564575195,0.4981458783149719,0.13269232213497162,0.8970352411270142,0.40113332867622375,0.4931517243385315,5748998.0,3944.175048828125,8.079270362854004,0.0,0.0,0.0,787.4451965057632,944.4460347208834
PINN20260414,2,29,pretrain,1.4295878410339355,0.4320102632045746,0.11557609587907791,0.8594411611557007,0.3940727710723877,0.4636456370353699,4664990.5,8699.3583984375,8.933889389038086,0.0,0.0,0.0,736.9213831881933,847.7711218247529
PINN20260414,2,31,pretrain,1.3593182563781738,0.39267468452453613,0.10785423964262009,0.8380361199378967,0.385234534740448,0.4468895196914673,3360294.75,9897.9580078125,9.866134643554688,0.0,0.0,0.0,701.6633362945508,803.3458937468965
PINN20260414,2,33,pretrain,1.2916799783706665,0.3577686846256256,0.10016768425703049,0.8102098703384399,0.372578501701355,0.4372396767139435,2278076.75,5668.03125,7.841092586517334,0.0,0.0,0.0,676.1755504305077,778.8826131067505
PINN20260414,2,35,pretrain,1.216334342956543,0.32896938920021057,0.08745026588439941,0.7790603637695312,0.3467634320259094,0.422526478767395,1663966.75,1778.4940185546875,5.5277485847473145,0.0,0.0,0.0,641.86157483526,721.9771464527115
PINN20260414,2,37,pretrain,1.138638973236084,0.289665162563324,0.07807113975286484,0.760455846786499,0.32024461030960083,0.40429097414016724,1255351.375,547.2676391601562,3.9676461219787598,0.0,0.0,0.0,600.4840235176953,668.6337515785455
PINN20260414,2,39,pretrain,1.0707862377166748,0.24891966581344604,0.0750098004937172,0.7425707578659058,0.3033301532268524,0.38996851444244385,839242.3125,485.8825988769531,3.1397666931152344,0.0,0.0,0.0,552.1035625224673,651.0096485460105
PINN20260414,2,41,pretrain,1.004096508026123,0.20778349041938782,0.0749647244811058,0.722998857498169,0.287637859582901,0.3749736547470093,494585.75,664.4193115234375,2.5529227256774902,0.0,0.0,0.0,503.48001449908617,655.5794669603373
PINN20260414,2,44,pretrain,0.9301195740699768,0.16666528582572937,0.07422538101673126,0.7094434499740601,0.26298004388809204,0.3464317321777344,247555.265625,613.3136596679688,2.3441145420074463,0.0,0.0,0.0,463.3575664376271,668.2980715967988
PINN20260414,2,46,pretrain,0.8926160335540771,0.15283074975013733,0.07137567549943924,0.6994917988777161,0.24684782326221466,0.3285009264945984,196473.71875,586.4484252929688,2.7030961513519287,0.0,0.0,0.0,446.2163852885727,667.8551021741168
PINN20260414,2,48,pretrain,0.8605836033821106,0.13997817039489746,0.06801895797252655,0.6944451928138733,0.23130705952644348,0.3140006363391876,189211.1875,791.1881103515625,2.8338327407836914,0.0,0.0,0.0,428.30271858815,659.9787165128888
PINN20260414,2,50,pretrain,0.8283762335777283,0.1276383101940155,0.06577958911657333,0.6847597360610962,0.21619738638401031,0.30155888199806213,233345.84375,746.1246337890625,2.43349289894104,0.0,0.0,0.0,405.7534272806577,632.6841629122702
PINN20260414,2,52,pretrain,0.7935065031051636,0.1154700443148613,0.06468013674020767,0.6679484844207764,0.20124958455562592,0.2900468409061432,297036.65625,552.5448608398438,2.158766508102417,0.0,0.0,0.0,389.26754135170324,600.5431916190541
PINN20260414,2,54,pretrain,0.768218994140625,0.1096775233745575,0.06361281126737595,0.6530786156654358,0.18903155624866486,0.2803828716278076,346781.21875,532.9940185546875,2.2561633586883545,0.0,0.0,0.0,380.992207925569,582.2167766390796
PINN20260414,2,56,pretrain,0.7464087605476379,0.10611943900585175,0.06170537695288658,0.6383383870124817,0.1801842302083969,0.2716965973377228,344330.21875,365.4835205078125,2.1841845512390137,0.0,0.0,0.0,376.7345509440301,576.3255373484677
PINN20260414,2,59,pretrain,0.7185969948768616,0.1027308776974678,0.05835310369729996,0.6175879240036011,0.1694815456867218,0.261676549911499,295851.3125,87.0111312866211,1.7489570379257202,0.0,0.0,0.0,369.5605921225909,567.7154877225034
PINN20260414,2,61,pretrain,0.6985830664634705,0.09795281291007996,0.05673637241125107,0.6036900877952576,0.16207805275917053,0.2563917636871338,267237.6875,29.379074096679688,1.7825658321380615,0.0,0.0,0.0,360.2194860428847,569.3148568674455
PINN20260414,2,63,pretrain,0.6787317991256714,0.0928383320569992,0.055172793567180634,0.5894836783409119,0.15522024035453796,0.25195378065109253,267647.65625,16.991954803466797,1.8330612182617188,0.0,0.0,0.0,351.07191882504645,567.6423004410436
PINN20260414,2,65,pretrain,0.6599528789520264,0.08845461905002594,0.0530950203537941,0.5757943391799927,0.14938415586948395,0.24758391082286835,317583.1875,18.638084411621094,1.7455201148986816,0.0,0.0,0.0,344.18586003785805,562.4478586944749
PINN20260414,2,67,pretrain,0.6421175003051758,0.08500878512859344,0.051664818078279495,0.5607701539993286,0.14437411725521088,0.24313026666641235,398111.1875,25.582504272460938,1.5779531002044678,0.0,0.0,0.0,337.6566418901011,556.6446914325152
PINN20260414,2,69,pretrain,0.6254019141197205,0.08198782056570053,0.050995513796806335,0.5452234745025635,0.14089074730873108,0.23825451731681824,473039.625,41.47275924682617,1.4132014513015747,0.0,0.0,0.0,330.6424144752152,543.78341851329
PINN20260414,2,71,pretrain,0.6077489852905273,0.07846806943416595,0.05022578313946724,0.5291347503662109,0.13793198764324188,0.23289325833320618,491912.09375,74.11602020263672,1.3731807470321655,0.0,0.0,0.0,321.99275758547736,525.3529468366957
PINN20260414,2,73,pretrain,0.5899787545204163,0.07479323446750641,0.0491112656891346,0.5138855576515198,0.13457030057907104,0.22747407853603363,446164.125,108.12084197998047,1.4205832481384277,0.0,0.0,0.0,314.80259191277315,513.503225403697
PINN20260414,2,76,pretrain,0.5651850700378418,0.07161097228527069,0.04802779480814934,0.4910520911216736,0.12822546064853668,0.2184607833623886,381621.59375,114.8254165649414,1.3256430625915527,0.0,0.0,0.0,308.37861013290143,509.19970910243063
PINN20260414,2,78,pretrain,0.5499420762062073,0.07028308510780334,0.04759842902421951,0.4765743613243103,0.12300419062376022,0.2128678411245346,370564.46875,86.53141021728516,1.2242810726165771,0.00015932573296595365,0.0,0.0,304.7397070657186,514.8764414886352
PINN20260414,2,80,pretrain,0.5345655083656311,0.06849142163991928,0.04718775302171707,0.46225255727767944,0.11782249808311462,0.20768660306930542,377495.9375,67.28697967529297,1.144066572189331,0.0007955808541737497,0.0,0.0,299.83180180727993,519.097654589192
PINN20260414,2,82,pretrain,0.5192468762397766,0.06609178334474564,0.04676118493080139,0.4483778476715088,0.11329969763755798,0.20279906690120697,401675.6875,66.67410278320312,1.0838782787322998,0.001918613794259727,0.0,0.0,294.497599204985,524.9543730173128
PINN20260414,2,84,pretrain,0.5039724707603455,0.06367342919111252,0.04637030139565468,0.43435555696487427,0.10892374813556671,0.1980399191379547,413089.65625,72.01224517822266,1.0354955196380615,0.003716416656970978,0.0,0.0,289.2627752148555,537.1776358896561
PINN20260414,2,86,pretrain,0.48933035135269165,0.06146252900362015,0.04590342193841934,0.42066478729248047,0.10483115166425705,0.1936274915933609,397713.71875,78.07867431640625,1.0184662342071533,0.006089453585445881,0.0,0.0,284.4627199871716,545.5028929804131
PINN20260414,2,88,pretrain,0.47508540749549866,0.05929113179445267,0.04540629684925079,0.4073777198791504,0.1005084216594696,0.18967850506305695,368443.0,81.49852752685547,1.015223741531372,0.008685043081641197,0.0,0.0,279.7104808994472,550.4567989406617
PINN20260414,2,90,pretrain,0.46103110909461975,0.05714394152164459,0.04495382681488991,0.3944597542285919,0.09609652310609818,0.1856192946434021,336125.0625,81.37924194335938,0.9568051099777222,0.011633088812232018,0.0,0.0,274.5955264111198,555.8559840462276
PINN20260414,2,93,pretrain,0.4404977858066559,0.05396304652094841,0.04432472214102745,0.37539416551589966,0.0896579921245575,0.1799505203962326,312485.0625,82.38032531738281,0.8491080403327942,0.015952492132782936,0.0,0.0,266.81228771366585,558.7259502654231
PINN20260414,2,95,pretrain,0.42717328667640686,0.051935285329818726,0.04391786828637123,0.36276280879974365,0.0856923833489418,0.1763380616903305,308258.34375,81.65972900390625,0.8067327737808228,0.0189321618527174,0.0,0.0,261.76405764543,559.5971207038149
PINN20260414,2,97,pretrain,0.41410815715789795,0.05002244561910629,0.04349210485816002,0.3501151204109192,0.08195740729570389,0.17287996411323547,306928.0625,76.82452392578125,0.7845751047134399,0.02217658795416355,0.0,0.0,256.868719509597,562.5899372544802
PINN20260414,2,99,pretrain,0.4013235867023468,0.04816100746393204,0.043059494346380234,0.3374902009963989,0.07856452465057373,0.16959011554718018,301878.0,71.8766098022461,0.780091404914856,0.02572058141231537,0.0,0.0,251.84461665380104,567.6214352453578
PINN20260414,2,101,pretrain,0.3888370394706726,0.046288132667541504,0.04263412952423096,0.3250735402107239,0.0753801241517067,0.1664908528327942,290779.21875,66.95598602294922,0.7826337218284607,0.02957013249397278,0.0,0.0,246.69637525204945,570.3046883026651
PINN20260414,2,103,pretrain,0.3767433762550354,0.04445565119385719,0.0422324538230896,0.31295114755630493,0.07257681339979172,0.16340067982673645,276636.21875,58.56829071044922,0.7630553245544434,0.03363803029060364,0.0,0.0,241.70791224895805,573.1460601365065
PINN20260414,2,105,pretrain,0.36504969000816345,0.04276423901319504,0.04186137765645981,0.3010067343711853,0.06997918337583542,0.16040122509002686,260742.375,54.811424255371094,0.730141282081604,0.03784579783678055,0.0,0.0,236.8890909397265,574.6615851960178
PINN20260414,2,108,pretrain,0.34826526045799255,0.040351685136556625,0.04136190563440323,0.28356659412384033,0.0664544403553009,0.15620462596416473,247310.796875,59.53874588012695,0.713692307472229,0.04385221377015114,0.0,0.0,229.7370779826365,575.4515075138826
PINN20260414,2,110,pretrain,0.33760979771614075,0.03883157670497894,0.0410500168800354,0.2722722589969635,0.06441628932952881,0.15361668169498444,241098.5625,65.89269256591797,0.7075786590576172,0.04806813970208168,0.0,0.0,225.1512599204144,577.7452401361694
PINN20260414,2,112,pretrain,0.32736313343048096,0.03740592673420906,0.04072047770023346,0.2612171173095703,0.06260575354099274,0.1512165069580078,236462.265625,75.15983581542969,0.7048628330230713,0.05193221941590309,0.0,0.0,220.77089722719342,582.7850697298276
PINN20260414,2,114,pretrain,0.3175206780433655,0.03607023507356644,0.04039166495203972,0.25041744112968445,0.060974620282649994,0.148993581533432,227076.9375,87.73855590820312,0.7155178785324097,0.05619721859693527,0.0,0.0,216.61497380144337,587.2103009144168
PINN20260414,2,116,pretrain,0.30815601348876953,0.034825704991817474,0.04006155952811241,0.2399720847606659,0.05950057506561279,0.14699512720108032,217742.671875,104.12025451660156,0.738021969795227,0.060242410749197006,0.0,0.0,212.64470257039088,590.4672143734994
PINN20260414,2,118,pretrain,0.29929137229919434,0.033664122223854065,0.03973805159330368,0.22995039820671082,0.05820412561297417,0.14516979455947876,209416.921875,125.00679016113281,0.7708036303520203,0.06427333503961563,0.0,0.0,208.84866680206508,592.3683661793564
PINN20260414,2,120,pretrain,0.29090213775634766,0.0325809083878994,0.03942431882023811,0.22035643458366394,0.057073887437582016,0.14347675442695618,203940.109375,149.37014770507812,0.8071421384811401,0.06830845028162003,0.0,0.0,205.25745076306,591.9705968204839
PINN20260414,2,122,pretrain,0.28301361203193665,0.03157878667116165,0.039120033383369446,0.211248978972435,0.05605419725179672,0.14193546772003174,201074.171875,175.0111083984375,0.8349769711494446,0.07205254584550858,0.0,0.0,201.92665747741182,591.1437536674138
PINN20260414,2,125,pretrain,0.27211499214172363,0.03024762123823166,0.03867936506867409,0.19857333600521088,0.054654963314533234,0.13983574509620667,194263.96875,205.99549865722656,0.866394579410553,0.07735507190227509,0.0,0.0,197.48458207224684,591.1046068590567
PINN20260414,2,127,pretrain,0.2654307782649994,0.029469266533851624,0.038388557732105255,0.19073663651943207,0.053837090730667114,0.13854771852493286,189397.296875,222.55641174316406,0.8799854516983032,0.07987211644649506,0.0,0.0,194.88666578296218,592.6441280397537
PINN20260414,2,129,pretrain,0.2591947019100189,0.028769828379154205,0.03810916095972061,0.18340763449668884,0.05310274288058281,0.1373036950826645,185290.84375,233.1702423095703,0.8932071924209595,0.08170407265424728,0.0,0.0,192.55156573954417,593.2634585494037
PINN20260414,2,131,pretrain,0.2533683180809021,0.02811114490032196,0.03782600909471512,0.17664127051830292,0.05238921940326691,0.1361117959022522,182741.921875,239.86634826660156,0.9076969623565674,0.08260313421487808,0.0,0.0,190.37707237873997,592.863891420282
PINN20260414,2,133,pretrain,0.24790902435779572,0.02749853953719139,0.0375455878674984,0.17039601504802704,0.05169020965695381,0.1349206268787384,179720.28125,241.4832763671875,0.9260929226875305,0.08299553394317627,0.0,0.0,188.3540549072411,591.8104901486623
PINN20260414,2,135,pretrain,0.242788165807724,0.02692251466214657,0.037268903106451035,0.16462114453315735,0.051010727882385254,0.13374707102775574,176643.921875,238.20599365234375,0.9512520432472229,0.08266405016183853,0.0,0.0,186.45595785265218,590.3178169427042
PINN20260414,2,137,pretrain,0.2379525601863861,0.026389576494693756,0.036991238594055176,0.15921509265899658,0.05035528168082237,0.1325976401567459,173303.03125,232.39442443847656,0.9815527200698853,0.08173993229866028,0.0,0.0,184.7317100215878,589.4697299268216
PINN20260414,2,139,pretrain,0.2333613932132721,0.02589305303990841,0.036709658801555634,0.15413811802864075,0.04970486834645271,0.13147155940532684,170237.171875,227.98301696777344,1.0117380619049072,0.08061192184686661,0.0,0.0,183.0725500826107,588.0347300542716
PINN20260414,2,142,pretrain,0.22683271765708923,0.025192968547344208,0.03628847002983093,0.14704230427742004,0.04870576784014702,0.12980252504348755,167958.34375,224.89166259765625,1.0540094375610352,0.07883624732494354,0.0,0.0,180.75025393308582,583.8755753583121
PINN20260414,2,144,pretrain,0.22267304360866547,0.024751149117946625,0.036014240235090256,0.14258208870887756,0.04803287237882614,0.12869617342948914,167800.15625,221.96556091308594,1.0807652473449707,0.07772478461265564,0.0,0.0,179.2634234862204,580.2243100732682
PINN20260414,2,146,pretrain,0.21865200996398926,0.024338044226169586,0.03574352338910103,0.1382955014705658,0.04735124856233597,0.1276026964187622,167968.28125,216.84835815429688,1.1054739952087402,0.07690183818340302,0.0,0.0,177.85308741521752,576.6941076081843
PINN20260414,2,148,pretrain,0.21482354402542114,0.023957159370183945,0.03547907620668411,0.13424497842788696,0.046659696847200394,0.1265445053577423,168374.90625,213.075439453125,1.1279683113098145,0.0765010342001915,0.0,0.0,176.59433894345256,571.6251776732722
PINN20260414,2,150,pretrain,0.21189482510089874,0.02371148392558098,0.03523034602403641,0.1314041018486023,0.04595061019062996,0.1255527138710022,168230.6875,218.63819885253906,1.14955735206604,0.0771523267030716,0.0,0.0,176.62418170369537,564.205027007027
PINN20260414,2,152,pretrain,0.2168039232492447,0.024700220674276352,0.035070158541202545,0.13921284675598145,0.04526405408978462,0.12482848763465881,165319.5,251.53395080566406,1.1876273155212402,0.08049018681049347,0.0,0.0,183.09167785565788,554.1632769319887
PINN20260414,2,154,pretrain,0.21604613959789276,0.0249626487493515,0.03489556163549423,0.1390150487422943,0.04460852965712547,0.1238291785120964,164896.171875,242.45697021484375,1.2022018432617188,0.08251865208148956,0.0,0.0,172.83674671673555,560.7296585699744
PINN20260414,2,157,pretrain,0.2099403440952301,0.024242335930466652,0.03456384688615799,0.13229776918888092,0.04369140416383743,0.12238340079784393,165786.734375,223.72537231445312,1.2087957859039307,0.08462430536746979,0.0,0.0,171.35406851567603,555.8267771977165
PINN20260414,2,159,pretrain,0.20128268003463745,0.022764597088098526,0.03426486626267433,0.12214677035808563,0.043276600539684296,0.12101496756076813,182887.625,154.14967346191406,1.180429220199585,0.07798505574464798,0.0,0.0,174.28591474392013,566.9624656888673
PINN20260414,2,161,pretrain,0.19497406482696533,0.021869629621505737,0.03402606397867203,0.11464232951402664,0.04259935021400452,0.12011688947677612,177685.5625,155.24139404296875,1.1772429943084717,0.08295457810163498,0.0,0.0,170.84314694881678,547.249628825822
PINN20260414,2,163,pretrain,0.19671478867530823,0.02240201085805893,0.03389937803149223,0.11782225221395493,0.04196983203291893,0.11942397803068161,168756.40625,171.10523986816406,1.1853032112121582,0.09129709750413895,0.0,0.0,167.69904800900034,551.3590311675324
PINN20260414,2,165,pretrain,0.1932062953710556,0.021860677748918533,0.03367108851671219,0.1144561842083931,0.04153481870889664,0.11824219673871994,184378.578125,122.25375366210938,1.16521418094635,0.08739935606718063,0.0,0.0,168.4630372570642,557.046283983656
PINN20260414,2,167,pretrain,0.1874888688325882,0.021016420796513557,0.033448703587055206,0.10774308443069458,0.04090314358472824,0.1174127459526062,174461.796875,126.57742309570312,1.1560899019241333,0.096032053232193,0.0,0.0,167.29923836123703,543.0215235144921
PINN20260414,2,169,pretrain,0.18637926876544952,0.020933762192726135,0.033276308327913284,0.10732971131801605,0.040350597351789474,0.1165727972984314,172011.875,125.51925659179688,1.1511635780334473,0.1021847352385521,0.0,0.0,164.70731617022966,550.3465385554814
PINN20260414,2,171,pretrain,0.1852797269821167,0.020823245868086815,0.03308802470564842,0.10711343586444855,0.03989734873175621,0.11551811546087265,184617.546875,101.06963348388672,1.1391109228134155,0.10166022926568985,0.0,0.0,163.8291733693209,550.3251879570842
PINN20260414,2,174,pretrain,0.1813962757587433,0.020351964980363846,0.03279547765851021,0.1034906655550003,0.039108872413635254,0.11413995176553726,185125.921875,92.85842895507812,1.124894142150879,0.11023721098899841,0.0,0.0,161.95612108299582,547.694428947383
PINN20260414,2,176,pretrain,0.17806394398212433,0.01992083340883255,0.032599400728940964,0.09997089207172394,0.03855142369866371,0.1133209690451622,175880.640625,97.32718658447266,1.1146562099456787,0.12124154716730118,0.0,0.0,161.47327686222573,540.8083937495793
PINN20260414,2,178,pretrain,0.1755036562681198,0.019577451050281525,0.032401181757450104,0.09766238927841187,0.03806707635521889,0.11236198991537094,178698.203125,89.15865325927734,1.1052155494689941,0.12638071179389954,0.0,0.0,160.0570027853358,546.5442571283684
PINN20260414,2,180,pretrain,0.1743551641702652,0.019456714391708374,0.03221956640481949,0.09731917083263397,0.0376153327524662,0.11137031018733978,186366.28125,78.5731430053711,1.097642421722412,0.12960779666900635,0.0,0.0,158.78462343887395,543.8055144074948
PINN20260414,2,182,pretrain,0.1717536747455597,0.019146699458360672,0.03203459084033966,0.09480099380016327,0.03710728883743286,0.11051158607006073,179737.203125,78.84148406982422,1.0856502056121826,0.14048318564891815,0.0,0.0,158.16697194934537,538.1545723581655
PINN20260414,2,184,pretrain,0.16953617334365845,0.018869152292609215,0.031844884157180786,0.09293002635240555,0.03664657846093178,0.10954894125461578,181960.40625,70.88865661621094,1.0745272636413574,0.14685387909412384,0.0,0.0,156.91535213093397,541.7633535502379
PINN20260414,2,186,pretrain,0.1681312769651413,0.01870693266391754,0.031661294400691986,0.09221382439136505,0.03620839864015579,0.10856730490922928,188181.9375,61.97519302368164,1.0657758712768555,0.15129238367080688,0.0,0.0,155.89039869809173,539.7849108672824
PINN20260414,2,188,pretrain,0.1657595932483673,0.018422598019242287,0.03147659823298454,0.09003698825836182,0.035737428814172745,0.10767708718776703,183252.828125,59.302555084228516,1.052180290222168,0.16189108788967133,0.0,0.0,155.07546046199573,534.3870027891771
PINN20260414,2,191,pretrain,0.16296660900115967,0.018087103962898254,0.031198637560009956,0.08793270587921143,0.03506659343838692,0.10626868158578873,185137.78125,51.33916091918945,1.0337803363800049,0.173398956656456,0.0,0.0,153.58621866072488,532.4215611242655
PINN20260414,2,193,pretrain,0.16145552694797516,0.01792314276099205,0.031021924689412117,0.08696888387203217,0.03461851924657822,0.10537220537662506,183392.609375,47.44594192504883,1.019734501838684,0.18322323262691498,0.0,0.0,152.52537570638862,532.4378778317711
PINN20260414,2,195,pretrain,0.1595812439918518,0.017686419188976288,0.03083047829568386,0.08558586239814758,0.03418591991066933,0.1044091135263443,188088.390625,41.12677764892578,1.0072319507598877,0.18950949609279633,0.0,0.0,151.77686515696323,533.1969910361461
PINN20260414,2,197,pretrain,0.15788491070270538,0.01748373545706272,0.030648015439510345,0.08439178764820099,0.03374671936035156,0.10349798947572708,188091.328125,36.82863998413086,0.9926669001579285,0.19882823526859283,0.0,0.0,150.7306553715932,529.8172149430405
PINN20260414,2,199,pretrain,0.1562873125076294,0.01730118878185749,0.03047267161309719,0.08329057693481445,0.033303212374448776,0.10262469947338104,184520.03125,33.43715286254883,0.9757667183876038,0.21048687398433685,0.0,0.0,149.9403136459638,527.3348675177851
PINN20260414,2,201,pretrain,0.15457534790039062,0.017092745751142502,0.03028908744454384,0.08207700401544571,0.0328688845038414,0.10171514749526978,185489.46875,29.09783935546875,0.9601555466651917,0.2197830229997635,0.0,0.0,149.02196120664564,528.0337347177735
PINN20260414,2,203,pretrain,0.15309260785579681,0.01691240258514881,0.030107028782367706,0.08118870109319687,0.03243984282016754,0.10081084817647934,188011.78125,24.863771438598633,0.945225715637207,0.2283717840909958,0.0,0.0,148.23050699206624,527.3908062338592
PINN20260414,2,206,pretrain,0.15071788430213928,0.016627460718154907,0.029840830713510513,0.07957623898983002,0.03179492428898811,0.09950810670852661,185818.59375,19.80240249633789,0.9191513061523438,0.24514240026474,0.0,0.0,146.9998472044274,525.6355082183851
PINN20260414,2,208,pretrain,0.14930807054042816,0.016458481550216675,0.029664551839232445,0.07874204963445663,0.031372666358947754,0.09864731878042221,185871.1875,16.78377914428711,0.9027606844902039,0.2555500864982605,0.0,0.0,146.17171382273315,524.051345289753
PINN20260414,2,210,pretrain,0.14780133962631226,0.016278762370347977,0.029492396861314774,0.07773701846599579,0.03095199167728424,0.09781132638454437,182775.6875,14.070188522338867,0.8844315409660339,0.2680440843105316,0.0,0.0,145.40288183827374,521.853727111343
PINN20260414,2,212,pretrain,0.14646343886852264,0.016119925305247307,0.029323143884539604,0.0769575908780098,0.030538029968738556,0.09699046611785889,180236.125,11.544150352478027,0.8667222261428833,0.28025415539741516,0.0,0.0,144.64785498971287,520.8796346086109
PINN20260414,2,214,pretrain,0.14504866302013397,0.01594782993197441,0.029149768874049187,0.07607609033584595,0.030131405219435692,0.09616560488939285,179683.890625,9.250558853149414,0.8505595922470093,0.29127004742622375,0.0,0.0,143.90240562183106,520.8316066638046
PINN20260414,2,216,pretrain,0.1437559425830841,0.01579095423221588,0.02897927351295948,0.07534881681203842,0.02973109669983387,0.0953596904873848,179313.828125,7.359543323516846,0.8351458311080933,0.302184522151947,0.0,0.0,143.20470624467967,520.2982918480513
PINN20260414,2,218,pretrain,0.14246416091918945,0.015635306015610695,0.02881305105984211,0.07459352910518646,0.029335685074329376,0.09457602351903915,177336.53125,5.660236835479736,0.8191992044448853,0.31421756744384766,0.0,0.0,142.47799309235444,518.9117217793408
PINN20260414,2,220,pretrain,0.1411934792995453,0.015483072027564049,0.02865075320005417,0.07384322583675385,0.028945377096533775,0.09381145238876343,174295.296875,4.098288059234619,0.8029629588127136,0.3270438313484192,0.0,0.0,141.79431901966313,517.4450755877381
PINN20260414,2,223,pretrain,0.1394105851650238,0.015267031267285347,0.028407100588083267,0.07287612557411194,0.028374170884490013,0.09268505126237869,172306.9375,2.4567270278930664,0.7812111377716064,0.34454256296157837,0.0,0.0,140.79969704335304,517.0006346707903
PINN20260414,2,225,pretrain,0.1382279098033905,0.015124601311981678,0.028249822556972504,0.0722069963812828,0.028001027181744576,0.091957688331604,169544.734375,1.5267263650894165,0.7664704322814941,0.3572772145271301,0.0,0.0,140.1447424205596,515.8241282161973
PINN20260414,2,227,pretrain,0.1371019333600998,0.014989323914051056,0.02809583768248558,0.07159683108329773,0.027635030448436737,0.09124764055013657,166549.703125,0.8124299049377441,0.7521777153015137,0.3701639473438263,0.0,0.0,139.52146172273999,514.8450616447632
PINN20260414,2,229,pretrain,0.13601867854595184,0.014859164133667946,0.02794382907450199,0.07102921605110168,0.027276596054434776,0.09055257588624954,163763.96875,0.34992271661758423,0.7386437654495239,0.38288456201553345,0.0,0.0,138.91121686845523,514.171633552455
PINN20260414,2,231,pretrain,0.13495047390460968,0.014729972928762436,0.027792930603027344,0.07046716660261154,0.026925547048449516,0.08987127244472504,161293.0,0.13133884966373444,0.7258384227752686,0.39530831575393677,0.0,0.0,138.3089414363728,513.7823286665279
PINN20260414,2,233,pretrain,0.1339065432548523,0.01460380107164383,0.027643823996186256,0.06992077827453613,0.026581937447190285,0.08920487761497498,158927.296875,0.11306434124708176,0.7137383222579956,0.40760520100593567,0.0,0.0,137.72367460562108,513.5059335100228
PINN20260414,2,235,pretrain,0.13289885222911835,0.014481943100690842,0.02749728411436081,0.0694054663181305,0.02624579705297947,0.08855497092008591,156478.6875,0.12080896645784378,0.7022234797477722,0.41986894607543945,0.0,0.0,137.15783420707328,513.2874742773294
PINN20260414,2,238,pretrain,0.13145017623901367,0.014307569712400436,0.027285249903798103,0.06867719441652298,0.025754624977707863,0.08761247992515564,151684.328125,0.06804190576076508,0.6852149367332458,0.43913644552230835,0.0,0.0,136.3354734767331,512.3249091152996
PINN20260414,2,240,pretrain,0.13051985204219818,0.014195549301803112,0.02714669518172741,0.06821882724761963,0.0254361592233181,0.08700237423181534,148589.296875,0.050187479704618454,0.6746087670326233,0.45184093713760376,0.0,0.0,135.80679779791953,511.937496184837
PINN20260414,2,242,pretrain,0.1296188235282898,0.014087118208408356,0.02701079100370407,0.06778281927108765,0.025124765932559967,0.08640693128108978,145445.375,0.034043099731206894,0.6645680665969849,0.4645123779773712,0.0,0.0,135.29587802063668,511.5604039358402
PINN20260414,2,244,pretrain,0.12875673174858093,0.013983519747853279,0.02687803842127323,0.06738241016864777,0.024820247665047646,0.08582647889852524,142175.625,0.01682928577065468,0.6550455689430237,0.47723138332366943,0.0,0.0,134.81297809372805,511.10314211027895
PINN20260414,2,246,pretrain,0.1279677152633667,0.013889150694012642,0.026749709621071815,0.06706415116786957,0.024522297084331512,0.08526275306940079,138654.375,0.0019493140280246735,0.6459352374076843,0.4901701509952545,0.0,0.0,134.3925279265927,510.43135863208875
PINN20260414,2,248,pretrain,0.1273762434720993,0.013818313367664814,0.026629550382494926,0.06699848175048828,0.024231040850281715,0.08472555875778198,134684.203125,0.0,0.6370909810066223,0.5036185383796692,0.0,0.0,134.16208422557395,509.2999637983494
PINN20260414,2,250,pretrain,0.1274457573890686,0.0138261578977108,0.02652992680668831,0.06782008707523346,0.023947006091475487,0.0842495933175087,129962.953125,0.0,0.6286033391952515,0.5181888937950134,0.0,0.0,134.5848869556868,507.2931074585974
PINN20260414,2,252,pretrain,0.12961769104003906,0.014084577560424805,0.02648651786148548,0.07150328159332275,0.023672601208090782,0.08394578844308853,124481.0625,0.0,0.6213923096656799,0.5347028374671936,0.0,0.0,136.6852494670694,504.31076108883497
PINN20260414,2,255,pretrain,0.13488775491714478,0.01474444754421711,0.026371851563453674,0.07985608279705048,0.02328985370695591,0.0836324542760849,144190.78125,3.1434438228607178,0.6350085735321045,0.524832546710968,0.0,0.0,136.57381246051528,521.3962924206501
PINN20260414,2,257,pretrain,0.12510070204734802,0.013562265783548355,0.026078088209033012,0.06706875562667847,0.023003971204161644,0.0824662521481514,128765.796875,0.6632504463195801,0.614772617816925,0.5448474884033203,0.0,0.0,131.89958301677834,510.0541944244749
PINN20260414,2,259,pretrain,0.12586887180805206,0.013677231967449188,0.026051759719848633,0.06868819892406464,0.022737976163625717,0.08208423107862473,115074.6640625,0.0,0.6010869741439819,0.5714897513389587,0.0,0.0,134.72234902986585,504.3885221235709
PINN20260414,2,261,pretrain,0.1257287710905075,0.013664488680660725,0.0259554386138916,0.06912703812122345,0.02248462289571762,0.0816597193479538,111994.390625,0.0,0.5957785844802856,0.5828403830528259,0.0,0.0,131.32748456863476,509.2482971252825
PINN20260414,2,263,pretrain,0.12187554687261581,0.013165008276700974,0.02572242170572281,0.06458202004432678,0.02224128134548664,0.08097374439239502,117108.6484375,0.21798309683799744,0.5956624746322632,0.5789210200309753,0.0,0.0,132.4489730754829,518.036979857616
PINN20260414,2,265,pretrain,0.12372022867202759,0.01341463252902031,0.02565588802099228,0.06771160662174225,0.022005263715982437,0.08070362359285355,118698.390625,0.7394548654556274,0.5960031747817993,0.583472728729248,0.0,0.0,130.91593647022123,515.9973352644372
PINN20260414,2,267,pretrain,0.1200646460056305,0.012948362156748772,0.025500833988189697,0.06333187967538834,0.02175554819405079,0.08002853393554688,107325.9375,0.0,0.5836085677146912,0.6040652990341187,0.0,0.0,130.70932535353015,509.34814346378056
PINN20260414,2,269,pretrain,0.12148059159517288,0.01315908320248127,0.025462601333856583,0.06581175327301025,0.021518930792808533,0.0797136127948761,101114.328125,0.0,0.5780032277107239,0.6216223835945129,0.0,0.0,130.21583645048707,510.3542887054051
PINN20260414,2,272,pretrain,0.11898379027843475,0.012843132019042969,0.025248292833566666,0.06332151591777802,0.021175827831029892,0.07895755767822266,98682.359375,0.0,0.5741958618164062,0.6326349377632141,0.0,0.0,129.89114282496325,510.75536891451276
PINN20260414,2,274,pretrain,0.11870342493057251,0.012820429168641567,0.025153424590826035,0.06350848078727722,0.020948737859725952,0.07855133712291718,95341.328125,0.0,0.5712687969207764,0.6434801816940308,0.0,0.0,128.76985587182273,513.9189503219355
PINN20260414,2,276,pretrain,0.11736956238746643,0.012654324062168598,0.02500535175204277,0.06229430437088013,0.020729273557662964,0.07808534055948257,96697.5234375,0.008943566121160984,0.5721763372421265,0.6447671055793762,0.0,0.0,128.96953370854683,518.520581799797
PINN20260414,2,278,pretrain,0.11730852723121643,0.012662261724472046,0.02490752935409546,0.06276886910200119,0.020511429756879807,0.07770869880914688,95500.28125,0.06295882165431976,0.5714849829673767,0.6515786051750183,0.0,0.0,128.23417604620852,517.1932665841658
PINN20260414,2,280,pretrain,0.11599346995353699,0.012510515749454498,0.024800099432468414,0.06151730194687843,0.020289193838834763,0.07723362743854523,89256.484375,0.0,0.5661491751670837,0.6666696667671204,0.0,0.0,128.05853458965552,513.9886307108359
PINN20260414,2,282,pretrain,0.11593124270439148,0.012524888850748539,0.024719005450606346,0.06195483356714249,0.020074618980288506,0.07685679942369461,85146.0625,0.0,0.5633803606033325,0.6790093183517456,0.0,0.0,127.67718616568702,514.9447482497516
PINN20260414,2,284,pretrain,0.11478325724601746,0.01238878071308136,0.02458767406642437,0.06094297021627426,0.019865714013576508,0.07642453908920288,84107.15625,0.0,0.5633931159973145,0.6835637092590332,0.0,0.0,127.35685898784564,518.7131613425671
PINN20260414,2,287,pretrain,0.11419519037008286,0.012342650443315506,0.024446606636047363,0.060913629829883575,0.019555263221263885,0.07584995031356812,78986.7421875,0.0,0.5604392290115356,0.6997295618057251,0.0,0.0,126.85611004697408,517.6180420928158
PINN20260414,2,289,pretrain,0.11337633430957794,0.012251099571585655,0.02432568557560444,0.060323603451251984,0.019354045391082764,0.07545781135559082,77978.0234375,0.0,0.5610170364379883,0.7044286727905273,0.0,0.0,126.69746661585226,520.7312166559635
PINN20260414,2,291,pretrain,0.11303044855594635,0.012223596684634686,0.024223092943429947,0.060359738767147064,0.019155921414494514,0.07510033994913101,76390.578125,0.0,0.5608679056167603,0.7111358642578125,0.0,0.0,126.38883532698804,521.2671759760057
PINN20260414,2,293,pretrain,0.11225007474422455,0.01214104425162077,0.024120403453707695,0.0597912035882473,0.01895715482532978,0.07471025735139847,72829.6328125,0.0,0.5584290027618408,0.7222194671630859,0.0,0.0,126.0595872246534,520.266998761213
PINN20260414,2,295,pretrain,0.11183733493089676,0.012107182294130325,0.02402789145708084,0.059712003916502,0.01876196265220642,0.07435169816017151,69471.109375,0.0,0.5564039349555969,0.733424961566925,0.0,0.0,125.8629548295983,520.5614457006973
PINN20260414,2,297,pretrain,0.1112176924943924,0.012043701484799385,0.02392139844596386,0.059354864060878754,0.018570827320218086,0.07399123162031174,67369.9765625,0.0,0.5559418797492981,0.7410486936569214,0.0,0.0,125.52922344020136,522.6765550988489
PINN20260414,2,299,pretrain,0.11067093908786774,0.011988278478384018,0.02381283789873123,0.0590936578810215,0.018383245915174484,0.07364579290151596,65937.1875,0.0,0.5563521385192871,0.7468082904815674,0.0,0.0,125.35086304923273,524.6885087840213
PINN20260414,2,301,physics,31900.265625,0.011943766847252846,0.023711325600743294,0.05892040953040123,0.018197884783148766,0.07330495864152908,63799.828125,0.0,0.5560307502746582,0.7543275952339172,0.0,0.0,422.8790828948625,826.3849738469353
PINN20260414,2,304,physics,539673.1875,0.09376761317253113,0.040182605385780334,0.3890751004219055,0.033168211579322815,0.1146179810166359,1076318.5,7272.7255859375,196.3347625732422,0.6383215188980103,0.0,0.0,515.6645287878545,581.0840623352184
PINN20260414,2,306,physics,844362.125,0.2718929648399353,0.10315492749214172,0.7860298156738281,0.05750156566500664,0.4093369245529175,1685130.875,4562.4482421875,243.2550506591797,0.641274094581604,0.0,16201.62890625,483.5471473910274,557.129192826942
PINN20260414,2,308,physics,435182.25,0.48044535517692566,0.08965019881725311,1.956252932548523,0.054850272834300995,0.34743252396583557,866391.25,9478.7763671875,296.1766662597656,1.4046183824539185,0.0,0.0,871.4373543175666,997.8425163822195
PINN20260414,2,310,physics,258362.875,0.6106240749359131,0.12400949746370316,3.623868465423584,0.07842659950256348,0.25830864906311035,516327.375,319.6470947265625,440.2807312011719,1.423962116241455,0.0,0.0007986481650732458,652.425857856661,845.1685852538534
PINN20260414,2,312,physics,190214.890625,0.7333337068557739,0.21516041457653046,7.041996479034424,0.08954357355833054,0.26053386926651,378094.15625,4549.3046875,822.076904296875,0.9455498456954956,0.0,118.70152282714844,784.9074786240733,883.1587838548627
PINN20260414,2,314,physics,149528.171875,1.032261848449707,0.23894621431827545,10.372892379760742,0.04486110433936119,0.22258692979812622,297542.03125,293.8037109375,1803.358154296875,1.0115232467651367,2696.764404296875,297.65283203125,997.8593650910934,1266.3973507552832
PINN20260414,2,316,physics,204189.34375,1.3765380382537842,0.23961502313613892,13.331198692321777,0.1159164160490036,0.21966196596622467,406171.9375,0.0,3469.505126953125,1.3976424932479858,1053.0675048828125,0.19704143702983856,1075.5138887992102,1311.4082602302
PINN20260414,2,318,physics,86505.6171875,1.4238841533660889,0.26969069242477417,19.24423599243164,0.1182960718870163,0.23295705020427704,169541.0625,7202.7236328125,936.7605590820312,1.4370779991149902,0.0,0.3347891569137573,850.591301683717,913.7760598199102
PINN20260414,2,321,physics,72377.4609375,0.9685391783714294,0.30435338616371155,28.900148391723633,0.060862451791763306,0.18035784363746643,144180.25,0.0,890.0363159179688,1.177091121673584,0.0,30.992902755737305,872.6716521693597,885.5688496666987
PINN20260414,2,323,physics,58018.6015625,1.0174779891967773,0.295879602432251,34.01542663574219,0.07772017270326614,0.16307395696640015,115382.4765625,0.0,1018.0731811523438,1.2378212213516235,0.0,0.8049262762069702,996.9384697663141,1010.084835546005
PINN20260414,2,325,physics,61211.50390625,0.9851120710372925,0.294955313205719,41.33115768432617,0.07965988665819168,0.1853117197751999,121573.734375,118.44068908691406,1248.7578125,1.2165858745574951,0.0,1.067179560661316,919.4641782038058,892.3456098956278
PINN20260414,2,327,physics,41320.9609375,0.9386008381843567,0.3062186539173126,49.94993591308594,0.08371663838624954,0.20117613673210144,81752.8125,39.46940612792969,1350.6510009765625,1.0843863487243652,0.0,1.3332873582839966,867.8695898578311,793.7607479587284
PINN20260414,2,329,physics,39980.71875,0.9288522005081177,0.3064155578613281,55.66130828857422,0.07943137735128403,0.17651787400245667,79012.2734375,38.432621002197266,1440.076904296875,1.0213130712509155,0.0,1.566070795059204,879.8812064705098,865.1361887009467
PINN20260414,2,331,physics,19988.3125,0.9444409608840942,0.2910912334918976,59.05946350097656,0.06480082869529724,0.1598583161830902,38610.90234375,857.8092041015625,1581.3006591796875,1.0233267545700073,0.0,1.7584702968597412,923.5904124664786,950.8525122225844
PINN20260414,2,333,physics,34876.66015625,0.9602129459381104,0.27933260798454285,64.95755004882812,0.050735026597976685,0.15746359527111053,68554.6328125,0.06320219486951828,1862.933837890625,0.9651175737380981,0.0,1.928912878036499,879.5710247046568,879.1404893417206
PINN20260414,2,336,physics,25681.115234375,0.9636819958686829,0.2841309905052185,77.98143005371094,0.05276371166110039,0.13763785362243652,50097.87109375,0.0,1946.379638671875,0.8570798635482788,0.0,2.1812551021575928,874.5404864841879,828.1603860364247
PINN20260414,2,338,physics,16613.330078125,0.9923173189163208,0.2954026460647583,83.56671142578125,0.0504351481795311,0.1348404586315155,31981.994140625,0.0,1902.236083984375,0.9020034074783325,0.0,2.3322510719299316,932.9488530996756,944.5031431922289
PINN20260414,2,340,physics,15006.2255859375,1.042891025543213,0.2990646958351135,88.38912200927734,0.041524115949869156,0.13570192456245422,28819.28515625,0.0,1806.548095703125,0.9696080684661865,0.0,2.429370880126953,971.9428352531851,1006.2910240084625
PINN20260414,2,342,physics,12237.3359375,1.0399328470230103,0.293699711561203,96.4278793334961,0.04221038892865181,0.12856043875217438,23455.259765625,0.0,1500.9161376953125,0.9569864273071289,0.0,2.4612536430358887,929.5310645696571,929.2763313460641
PINN20260414,2,344,physics,10137.41015625,1.0106632709503174,0.28490790724754333,106.21651458740234,0.0467640645802021,0.12251997739076614,19440.185546875,0.0,1173.5155029296875,0.9108678698539734,0.0,2.451519012451172,905.3006061524536,865.9971853302989
PINN20260414,2,346,physics,10428.203125,1.0157058238983154,0.2772330045700073,113.36859130859375,0.04345027357339859,0.1243264302611351,20139.16015625,0.0,963.5704956054688,0.9308338165283203,0.0,2.4145700931549072,928.1809494920697,904.0253729846304
PINN20260414,2,348,physics,7259.63037109375,1.045602560043335,0.27068647742271423,117.72976684570312,0.040889594703912735,0.1259576678276062,13896.615234375,0.4798906147480011,796.770751953125,0.994636058807373,0.0,2.3220326900482178,955.2491167229625,967.759203004549
PINN20260414,2,350,physics,7762.458984375,1.0581202507019043,0.26381924748420715,122.48008728027344,0.04192999377846718,0.1232813149690628,14875.4892578125,270.30291748046875,652.0382080078125,1.0011587142944336,0.0,2.1395347118377686,933.8443392771624,959.7159410471413
PINN20260414,2,353,physics,5047.498046875,1.0355467796325684,0.2525051534175873,131.1097412109375,0.03922334685921669,0.12027940154075623,9601.74609375,0.0,554.8955688476562,0.9020594954490662,0.0,1.7379894256591797,905.3483790784628,918.3279302623872
PINN20260414,2,355,physics,4863.203125,1.0545666217803955,0.2467328906059265,133.71234130859375,0.03855792433023453,0.12041780352592468,9265.2978515625,0.0,496.12750244140625,0.8821990489959717,0.0,1.4436471462249756,930.0552738950519,955.1874815971993
PINN20260414,2,357,physics,4587.10302734375,1.091037392616272,0.2439727634191513,133.4326629638672,0.038251958787441254,0.11933121830224991,8751.7265625,0.0,432.238037109375,0.9041468501091003,0.0,1.1409788131713867,948.2816696530625,989.7396753692357
PINN20260414,2,359,physics,4290.38232421875,1.0995049476623535,0.24263206124305725,132.57603454589844,0.03609686717391014,0.11650092154741287,8197.1171875,0.0,369.263671875,0.9075329303741455,0.0,0.8349266648292542,929.0300721720477,970.7704736445171
PINN20260414,2,361,physics,3357.82421875,1.075415849685669,0.2403407096862793,131.46417236328125,0.033925287425518036,0.11366167664527893,6360.634765625,0.0,323.91436767578125,0.8810155987739563,0.0,0.5560070276260376,904.1242309550165,937.5151332111925
PINN20260414,2,363,physics,3444.642578125,1.0634548664093018,0.2371065318584442,128.68934631347656,0.033268366008996964,0.11177138984203339,6555.39990234375,0.00014966817980166525,294.3450927734375,0.8644545674324036,0.0,0.3362773060798645,906.1515808627164,938.821335505324
PINN20260414,2,365,physics,2927.779541015625,1.0769288539886475,0.23534949123859406,123.98516082763672,0.03318271413445473,0.1105768084526062,5539.232421875,2.917854070663452,272.5294189453125,0.872196614742279,0.0,0.17877580225467682,923.0480418158093,960.5009109834306
PINN20260414,2,367,physics,3093.580078125,1.0906498432159424,0.2360934168100357,118.46064758300781,0.032934024930000305,0.11024117469787598,5882.896484375,11.716821670532227,257.5745849609375,0.8753450512886047,0.0,0.08205126225948334,926.4159770319162,965.7885379315702
PINN20260414,2,370,physics,2651.096923828125,1.0588631629943848,0.23730286955833435,109.92220306396484,0.032435093075037,0.10989019274711609,5023.6337890625,8.196105003356934,234.28652954101562,0.8455884456634521,0.0,0.010809713043272495,911.0650703983772,955.5638060851824
PINN20260414,2,372,physics,2430.89111328125,1.0301568508148193,0.23533128201961517,103.78993225097656,0.03163450211286545,0.10889092832803726,4602.17041015625,0.0,220.5438995361328,0.8316466808319092,0.0,0.0,911.0994388649353,964.5666449240301
PINN20260414,2,374,physics,2254.72314453125,1.014318585395813,0.23249901831150055,97.34976959228516,0.030596937984228134,0.10801046341657639,4262.0263671875,0.17584939301013947,213.05091857910156,0.8301999568939209,0.0,0.0,915.0551212905154,972.9456241229517
PINN20260414,2,376,physics,2173.232421875,0.9999495148658752,0.2308424413204193,90.93305969238281,0.029970407485961914,0.10738424211740494,4108.80810546875,0.435792475938797,209.49432373046875,0.8269197940826416,0.0,0.0,912.3257367848394,967.305632930978
PINN20260414,2,378,physics,2071.011962890625,0.9822783470153809,0.2302849292755127,84.73155975341797,0.02967597357928753,0.1066320613026619,3913.46142578125,0.32287970185279846,206.88092041015625,0.8184286952018738,0.0,0.0,906.469042494006,959.8533091050945
PINN20260414,2,380,physics,2069.8623046875,0.9677419662475586,0.2295723557472229,78.86578369140625,0.02924232929944992,0.10590824484825134,3919.73681640625,0.6188635230064392,204.17713928222656,0.8144388198852539,0.0,0.0,905.3042996694537,963.3345732402632
PINN20260414,2,382,physics,1892.948974609375,0.9596682786941528,0.22851121425628662,73.49787139892578,0.02880476787686348,0.10543254017829895,3573.8876953125,1.1489137411117554,201.29420471191406,0.8165814876556396,0.0,0.0,907.5333671551697,969.5015794210962
PINN20260414,2,385,physics,1805.7015380859375,0.9508143663406372,0.22825749218463898,66.61009216308594,0.02848179079592228,0.1048307716846466,3410.0390625,4.492748260498047,195.1289520263672,0.8137927055358887,0.0,0.0,907.3422383533128,964.1317985628314
PINN20260414,2,387,physics,1776.1370849609375,0.946128249168396,0.22899137437343597,62.85477066040039,0.028193719685077667,0.10441245883703232,3355.652587890625,9.705551147460938,191.27670288085938,0.8091909885406494,0.0,0.0,907.8572299651527,962.6043449933103
PINN20260414,2,389,physics,1728.275146484375,0.9442518949508667,0.22924786806106567,59.81142044067383,0.027832547202706337,0.10400956869125366,3268.795166015625,0.12662410736083984,188.97915649414062,0.8096075654029846,0.0,0.0,910.1212144544264,968.2271492268743
PINN20260414,2,391,physics,1664.656005859375,0.9420336484909058,0.22870071232318878,57.44667434692383,0.027498045936226845,0.10358432680368423,3146.100830078125,0.0,186.22885131835938,0.8117586970329285,0.0,0.0,910.4810198461031,971.9037053638596
PINN20260414,2,393,physics,1618.10498046875,0.9370406866073608,0.22810369729995728,55.64615249633789,0.027207110077142715,0.10314434766769409,3057.389404296875,0.23804861307144165,182.37332153320312,0.8095962405204773,0.0,0.0,908.8783953313007,970.2513527431951
PINN20260414,2,395,physics,1567.3807373046875,0.932753324508667,0.22810380160808563,54.312843322753906,0.026957929134368896,0.10275890678167343,2959.873291015625,1.3538541793823242,177.75860595703125,0.8054066896438599,0.0,0.0,909.9472855610923,971.2677926298185
PINN20260414,2,397,physics,1530.8203125,0.9324936866760254,0.22851333022117615,53.38423156738281,0.026747677475214005,0.10241678357124329,2890.95556640625,1.0000298023223877,172.84780883789062,0.804610013961792,0.0,0.0,914.318154418909,978.4734602941461
PINN20260414,2,399,physics,1493.09326171875,0.9330174922943115,0.22880342602729797,52.75858688354492,0.026549367234110832,0.1020519956946373,2819.255859375,0.9277470111846924,167.88790893554688,0.8055375218391418,0.0,0.0,917.052445337779,984.3033069130673
PINN20260414,2,402,physics,1441.41455078125,0.9275585412979126,0.22886647284030914,52.09169387817383,0.026263343170285225,0.10149526596069336,2720.015380859375,2.861405372619629,161.09225463867188,0.8012633323669434,0.0,0.0,915.0322740209768,982.3706975984168
PINN20260414,2,404,physics,1416.8270263671875,0.9242054224014282,0.22901538014411926,51.71910095214844,0.02609388343989849,0.10116115212440491,2673.946044921875,2.242603302001953,157.08592224121094,0.7986754179000854,0.0,0.0,915.5344067810887,982.7324788567843
PINN20260414,2,406,physics,1378.73095703125,0.9243941307067871,0.22924722731113434,51.37412643432617,0.025915496051311493,0.1008448600769043,2601.260009765625,0.16045011579990387,153.31961059570312,0.800059974193573,0.0,0.0,918.2437040350454,986.679722605061
PINN20260414,2,408,physics,1357.61328125,0.9244155287742615,0.22932076454162598,51.00181198120117,0.02573023922741413,0.1005338802933693,2561.7138671875,0.0,149.6888885498047,0.8015163540840149,0.0,0.0,919.2374217252037,988.593287201567
PINN20260414,2,410,physics,1329.4017333984375,0.9210702180862427,0.22916533052921295,50.540313720703125,0.025562580674886703,0.1002134457230568,2507.9619140625,0.0,146.1729278564453,0.7991970181465149,0.0,0.0,917.85023969055,987.2026134487287
PINN20260414,2,412,physics,1306.964599609375,0.9166339635848999,0.22896382212638855,49.976383209228516,0.025408724322915077,0.09989926218986511,2465.793701171875,0.0,142.80812072753906,0.7953976988792419,0.0,0.0,917.3353394479033,987.1943514323813
PINN20260414,2,414,physics,1280.7188720703125,0.9142829179763794,0.22889308631420135,49.323974609375,0.02526044100522995,0.0996149554848671,2415.960693359375,0.07466495037078857,139.6417694091797,0.793615996837616,0.0,0.0,918.810372166096,990.1892180285544
PINN20260414,2,416,physics,1259.058837890625,0.9131489396095276,0.22890658676624298,48.573062896728516,0.0251206886023283,0.0993407592177391,2375.02734375,0.636944055557251,136.7955322265625,0.792587399482727,0.0,0.0,919.8667022998495,992.4300982940814
PINN20260414,2,419,physics,1226.978515625,0.909146785736084,0.22875462472438812,47.23664093017578,0.024912029504776,0.09889720380306244,2314.36083984375,0.7292675971984863,133.5996856689453,0.7873530983924866,0.0,0.0,918.7746255203177,991.6250866633014
PINN20260414,2,421,physics,1208.8482666015625,0.9063382148742676,0.22856508195400238,46.2557487487793,0.024774251505732536,0.09860732406377792,2280.180908203125,0.9219149947166443,131.97735595703125,0.7837690711021423,0.0,0.0,918.885908315064,992.3729137778802
PINN20260414,2,423,physics,1188.4661865234375,0.9050973653793335,0.2284931242465973,45.255645751953125,0.02464347891509533,0.09834197163581848,2241.609375,0.6628078818321228,130.5012969970703,0.7820709347724915,0.0,0.0,920.0095108204046,994.4934326077774
PINN20260414,2,425,physics,1170.9058837890625,0.904332160949707,0.22857555747032166,44.24758529663086,0.02451830357313156,0.09808321297168732,2208.67919921875,0.246148020029068,129.14845275878906,0.7804017066955566,0.0,0.0,920.6082907512837,995.5852550133515
PINN20260414,3,1,pretrain,5.964090824127197,3.0251517295837402,1.0632721185684204,2.0142323970794678,1.0076158046722412,0.953472375869751,98880840.0,38.606380462646484,1.3827520608901978,0.0,0.0,0.0,2113.555889963641,1918.3401679577062
PINN20260414,3,3,pretrain,5.3181233406066895,2.7361299991607666,0.8237341642379761,1.8602359294891357,0.9435333013534546,0.8589017391204834,78521872.0,10.210278511047363,1.1371127367019653,0.0,0.0,0.0,1999.2564867970293,1962.20399041486
PINN20260414,3,5,pretrain,4.659037113189697,2.410602331161499,0.6077284812927246,1.7194178104400635,0.8709949254989624,0.7644074559211731,59657656.0,336.7635498046875,1.129089117050171,0.0,0.0,0.0,1859.72874366129,2021.2820189176966
PINN20260414,3,7,pretrain,3.994906425476074,2.0510222911834717,0.41305890679359436,1.5963451862335205,0.7909418940544128,0.6785065531730652,41721952.0,2564.5078125,1.2930006980895996,0.0,0.0,0.0,1701.2919355595618,2081.985950961245
PINN20260414,3,9,pretrain,3.424670934677124,1.7168974876403809,0.2697502672672272,1.4878660440444946,0.7136627435684204,0.6275771856307983,26598392.0,5753.451171875,1.689651608467102,0.0,0.0,0.0,1557.7550352991962,2077.1470819371457
PINN20260414,3,11,pretrain,3.0307745933532715,1.4767762422561646,0.19708338379859924,1.3734111785888672,0.6573702096939087,0.6186738014221191,15893313.0,5495.400390625,2.487248420715332,0.0,0.0,0.0,1476.6940272107827,1917.727365920401
PINN20260414,3,14,pretrain,2.8106260299682617,1.3671592473983765,0.16873297095298767,1.2350056171417236,0.6461127996444702,0.6180640459060669,7940321.5,2602.4130859375,5.339868545532227,0.0,0.0,0.0,1455.6700347262768,1537.535365446922
PINN20260414,3,16,pretrain,2.703782081604004,1.3149971961975098,0.14962303638458252,1.197081446647644,0.6396092772483826,0.5899875164031982,5854161.0,1522.1463623046875,5.066488742828369,0.0,0.0,0.0,1386.8032484819178,1453.6989027993384
PINN20260414,3,18,pretrain,2.459418773651123,1.1462981700897217,0.12297334522008896,1.1720939874649048,0.5966910123825073,0.5456185936927795,4611054.0,2449.3583984375,3.9542579650878906,0.0,0.0,0.0,1271.9654574712317,1482.8339421526607
PINN20260414,3,20,pretrain,2.1978697776794434,0.9635227918624878,0.09913457185029984,1.1267147064208984,0.5504311919212341,0.5176756381988525,3849909.25,2575.0498046875,4.806906223297119,0.0,0.0,0.0,1180.8554632130047,1509.6333992065756
PINN20260414,3,22,pretrain,2.020465135574341,0.8539786338806152,0.08229994773864746,1.0641155242919922,0.5213899612426758,0.5072425007820129,3478345.0,1472.2587890625,6.29219913482666,0.0,0.0,0.0,1131.9669275204112,1449.2479083993876
PINN20260414,3,24,pretrain,1.9075807332992554,0.7889876365661621,0.0716034322977066,1.0277395248413086,0.49755531549453735,0.491288959980011,3374228.75,1217.6201171875,7.483394622802734,0.0,0.0,0.0,1086.2866219373227,1309.4015331440544
PINN20260414,3,26,pretrain,1.7924857139587402,0.7010638117790222,0.06727822124958038,1.0353670120239258,0.4660283029079437,0.45993563532829285,3383699.0,1673.15771484375,7.68746280670166,0.0,0.0,0.0,1005.4420980344914,1151.1279251238761
PINN20260414,3,28,pretrain,1.6488003730773926,0.5807715654373169,0.06709647923707962,1.0508447885513306,0.431043416261673,0.4228547215461731,3320641.25,2276.171875,6.944417953491211,0.0,0.0,0.0,904.2334115149694,1015.9230716446989
PINN20260414,3,30,pretrain,1.528087854385376,0.4931572377681732,0.06502165645360947,1.0458177328109741,0.39978861808776855,0.39101463556289673,3043056.25,2317.400634765625,5.5076799392700195,0.0,0.0,0.0,843.2299508437778,891.410224027075
PINN20260414,3,32,pretrain,1.4513936042785645,0.46023136377334595,0.056857943534851074,1.0273475646972656,0.3690193295478821,0.3633190989494324,2398407.0,1627.088623046875,3.94032621383667,0.0,0.0,0.0,816.8645466048823,766.1885782886612
PINN20260414,3,35,pretrain,1.326115369796753,0.39976203441619873,0.04194836691021919,0.9969993829727173,0.3285011351108551,0.3263891041278839,1082890.75,1841.7823486328125,4.062798976898193,0.0,0.0,0.0,751.0738978289686,690.8828591013096
PINN20260414,3,37,pretrain,1.2580652236938477,0.3582776188850403,0.038895972073078156,0.9769260287284851,0.3152310252189636,0.31284546852111816,584304.75,4561.66943359375,4.6636576652526855,0.0,0.0,0.0,722.1973630871273,674.5357199585504
PINN20260414,3,39,pretrain,1.215510606765747,0.33614373207092285,0.03814074024558067,0.9575986862182617,0.3048067092895508,0.3047446012496948,421940.28125,5289.9541015625,3.6673622131347656,0.0,0.0,0.0,687.5922210874699,622.4044354356739
PINN20260414,3,41,pretrain,1.1525076627731323,0.2966383695602417,0.03472020477056503,0.938901424407959,0.2884901762008667,0.2987124025821686,382883.84375,3545.253173828125,3.011821746826172,0.0,0.0,0.0,629.008073278873,594.2977999286217
PINN20260414,3,43,pretrain,1.084515929222107,0.24737700819969177,0.031064918264746666,0.9219722747802734,0.27560126781463623,0.2977260947227478,309630.21875,2541.031982421875,3.854212760925293,0.0,0.0,0.0,571.5367168870256,605.9130506929191
PINN20260414,3,45,pretrain,1.036985158920288,0.21501488983631134,0.029922405257821083,0.9044460654258728,0.26837775111198425,0.29602715373039246,234747.265625,2651.49560546875,5.055649280548096,0.0,0.0,0.0,528.2924142934479,619.2929183754648
PINN20260414,3,47,pretrain,0.9943171739578247,0.19471769034862518,0.030042635276913643,0.8864935636520386,0.25414013862609863,0.28402620553970337,191532.703125,2326.8759765625,5.201643466949463,0.0,0.0,0.0,505.16321619848765,636.9520684478542
PINN20260414,3,49,pretrain,0.9627305865287781,0.1892673522233963,0.029822301119565964,0.8678998351097107,0.23738254606723785,0.26782485842704773,181323.296875,1493.166748046875,4.9128851890563965,0.0,0.0,0.0,503.16367863747877,678.6650499325864
PINN20260414,3,51,pretrain,0.9435135126113892,0.19074200093746185,0.029283585026860237,0.8482124209403992,0.2265036702156067,0.25963133573532104,188199.296875,792.1717529296875,5.225564956665039,0.0,0.0,0.0,499.85304090302384,722.1030700322497
PINN20260414,3,53,pretrain,0.9182991981506348,0.18521803617477417,0.028929194435477257,0.8291374444961548,0.21496543288230896,0.25293827056884766,186453.296875,499.704833984375,5.6417012214660645,0.0,0.0,0.0,486.6358687458211,752.5147008530797
PINN20260414,3,55,pretrain,0.8881826996803284,0.17820921540260315,0.028709717094898224,0.809638261795044,0.19997310638427734,0.24246694147586823,179342.578125,421.12677001953125,5.500516414642334,0.0,0.0,0.0,476.5211990300117,775.8026488740549
PINN20260414,3,58,pretrain,0.8445600271224976,0.16879774630069733,0.028473669663071632,0.7800403833389282,0.17936673760414124,0.22642475366592407,159920.3125,454.67303466796875,4.823950290679932,0.0,0.0,0.0,462.2851021015062,767.4157527051423
PINN20260414,3,60,pretrain,0.816742479801178,0.16387523710727692,0.028198501095175743,0.7584559917449951,0.16706939041614532,0.21681416034698486,148394.21875,618.0079345703125,4.773211479187012,0.0,0.0,0.0,459.03174250262913,749.0155205334534
PINN20260414,3,62,pretrain,0.793246328830719,0.1631164848804474,0.02805323153734207,0.736275315284729,0.155757337808609,0.20723818242549896,144520.890625,903.6034545898438,4.942803859710693,0.0,0.0,0.0,457.4914616689584,737.0988739646805
PINN20260414,3,64,pretrain,0.7692566514015198,0.16091495752334595,0.02799944393336773,0.7135412693023682,0.14603400230407715,0.1988074630498886,150242.921875,1259.970947265625,5.050464153289795,0.0,0.0,0.0,452.80942459273086,729.6427207887433
PINN20260414,3,66,pretrain,0.7454139590263367,0.15823018550872803,0.028059959411621094,0.6907163858413696,0.13652609288692474,0.1913909912109375,178102.640625,1514.1973876953125,5.090130805969238,0.0,0.0,0.0,449.40512764097383,730.5642511100581
PINN20260414,3,68,pretrain,0.7233953475952148,0.15594463050365448,0.028171567246317863,0.6682966947555542,0.12905509769916534,0.18462683260440826,237564.046875,1495.7724609375,5.128825664520264,0.0,0.0,0.0,445.96960728843396,729.3309005520059
PINN20260414,3,70,pretrain,0.700701117515564,0.15268972516059875,0.028270479291677475,0.6440926790237427,0.1239013522863388,0.1787576824426651,337045.875,1314.4654541015625,5.206899642944336,0.0,0.0,0.0,440.6512226239705,718.8502756137748
PINN20260414,3,72,pretrain,0.6780286431312561,0.14893196523189545,0.028218213468790054,0.6198430061340332,0.11912809312343597,0.17393015325069427,413490.25,1114.61083984375,5.136857986450195,0.0,0.0,0.0,433.4497700137814,707.0435364954551
PINN20260414,3,74,pretrain,0.655015766620636,0.14440561830997467,0.028083443641662598,0.5953108072280884,0.11494943499565125,0.16995421051979065,438754.53125,938.7777709960938,4.718402862548828,0.0,0.0,0.0,424.3772459439832,691.0551036277787
PINN20260414,3,76,pretrain,0.6322296261787415,0.13961003720760345,0.02800705097615719,0.5700979828834534,0.11178173869848251,0.1668848842382431,449816.1875,766.2596435546875,4.248263835906982,0.0,0.0,0.0,415.5335049668077,679.1007381088612
PINN20260414,3,79,pretrain,0.5968773365020752,0.13319025933742523,0.027170363813638687,0.5311475396156311,0.10659944266080856,0.16124483942985535,401507.875,602.02978515625,3.994749069213867,0.0,0.0,0.0,403.27692873508147,658.6473828992263
PINN20260414,3,81,pretrain,0.5732932686805725,0.12914028763771057,0.026347540318965912,0.5047558546066284,0.10357838869094849,0.15758013725280762,376989.78125,575.3609008789062,3.95894718170166,0.0,0.0,0.0,394.730921008223,642.7708086868911
PINN20260414,3,83,pretrain,0.5498689413070679,0.12464306503534317,0.025661198422312737,0.4781063199043274,0.10129676759243011,0.15462875366210938,371797.53125,538.2158813476562,3.7543413639068604,0.0,0.0,0.0,385.68113448806383,630.0159720197576
PINN20260414,3,85,pretrain,0.52675861120224,0.12035194039344788,0.025014566257596016,0.45123523473739624,0.0992506742477417,0.15190723538398743,378280.3125,508.3558654785156,3.500417470932007,0.0,0.0,0.0,376.9296394885921,614.0903078945311
PINN20260414,3,87,pretrain,0.5036382079124451,0.11603660136461258,0.024170514196157455,0.4242278039455414,0.09728985279798508,0.14962516725063324,373514.53125,517.3622436523438,3.3726582527160645,0.0,0.0,0.0,367.7189611306439,598.7479645059346
PINN20260414,3,89,pretrain,0.48054951429367065,0.1117723137140274,0.02312237024307251,0.3974218964576721,0.09535570442676544,0.1473677158355713,364785.125,548.3407592773438,3.3087925910949707,0.0,0.0,0.0,358.4409600966385,584.0787885636663
PINN20260414,3,91,pretrain,0.4575839638710022,0.10742838680744171,0.022063743323087692,0.3708460330963135,0.09366319328546524,0.14506343007087708,341598.09375,593.3502197265625,3.201979875564575,0.0,0.0,0.0,348.7670470744047,570.891462976983
PINN20260414,3,93,pretrain,0.4346776604652405,0.10311521589756012,0.020895183086395264,0.3443496823310852,0.09214284271001816,0.14275871217250824,317835.25,646.917724609375,3.0783562660217285,0.0,0.0,0.0,339.63122233902465,562.9202319156774
PINN20260414,3,95,pretrain,0.4118194878101349,0.09925538301467896,0.019491424784064293,0.31791818141937256,0.09029115736484528,0.1402071714401245,292818.28125,710.0492553710938,3.0408647060394287,0.0,0.0,0.0,330.7589875007178,556.2118526245193
PINN20260414,3,97,pretrain,0.38935425877571106,0.09553900361061096,0.018041769042611122,0.29213258624076843,0.08841551840305328,0.13747213780879974,274135.375,745.4488525390625,3.0703063011169434,0.0,0.0,0.0,321.32528300773345,544.5882332092752
PINN20260414,3,99,pretrain,0.3676351308822632,0.09170182049274445,0.01673552393913269,0.26774677634239197,0.08649235963821411,0.13459976017475128,256042.703125,702.1039428710938,3.080841064453125,0.0,0.0,0.0,311.73127951009343,532.5974382683416
PINN20260414,3,102,pretrain,0.33746087551116943,0.08625830709934235,0.01486217137426138,0.23489835858345032,0.08320924639701843,0.13018015027046204,237803.875,632.6581420898438,3.1370370388031006,0.0,0.0,0.0,297.3999700529575,517.6743063935083
PINN20260414,3,104,pretrain,0.319031298160553,0.08275783061981201,0.013820466585457325,0.21550188958644867,0.08074069023132324,0.12723933160305023,226069.03125,614.2770385742188,3.1698009967803955,0.0,0.0,0.0,288.3803098774256,513.2640950329567
PINN20260414,3,106,pretrain,0.3020004630088806,0.07940983027219772,0.012950808741152287,0.19800949096679688,0.0781213566660881,0.12435147166252136,211820.03125,628.8696899414062,3.1595287322998047,0.0,0.0,0.0,279.5491068220394,509.98900110688663
PINN20260414,3,108,pretrain,0.2863861918449402,0.0761675238609314,0.012161199003458023,0.18259918689727783,0.07535851001739502,0.1215735450387001,198017.953125,708.1219482421875,3.154513359069824,0.0,0.0,0.0,270.78036821841425,506.73048186387996
PINN20260414,3,110,pretrain,0.27214232087135315,0.07307086884975433,0.011472187004983425,0.1690821647644043,0.07256217300891876,0.11883905529975891,184405.65625,802.3743896484375,3.1243512630462646,0.0,0.0,0.0,262.3464878505142,500.38188541353094
PINN20260414,3,112,pretrain,0.2590615749359131,0.07011139392852783,0.010872035287320614,0.15706346929073334,0.06986726820468903,0.11613509058952332,171107.453125,862.9422607421875,3.095728874206543,0.0,0.0,0.0,253.86427537662718,494.9838696866798
PINN20260414,3,114,pretrain,0.24688562750816345,0.0672268271446228,0.010365525260567665,0.14617380499839783,0.06724797934293747,0.11352581530809402,158535.484375,862.82177734375,3.0859432220458984,0.0,0.0,0.0,245.48869468623192,488.4241400923996
PINN20260414,3,116,pretrain,0.23550274968147278,0.06447072327136993,0.009934498928487301,0.13609924912452698,0.06482156366109848,0.11099246144294739,150301.328125,808.5658569335938,3.0667476654052734,0.0,0.0,0.0,237.4712564843375,480.1711771597708
PINN20260414,3,118,pretrain,0.22494535148143768,0.061925455927848816,0.009560265578329563,0.12667620182037354,0.06261693686246872,0.10863833874464035,145196.640625,731.2793579101562,3.05580997467041,0.0,0.0,0.0,230.20055793807276,472.8227403054976
PINN20260414,3,120,pretrain,0.21636982262134552,0.0597439743578434,0.00923136156052351,0.11940622329711914,0.06087169051170349,0.10649669915437698,146057.859375,650.421630859375,3.015705108642578,0.0,0.0,0.0,225.13075193928972,468.0309818804734
PINN20260414,3,123,pretrain,0.23679327964782715,0.059924736618995667,0.0094385901466012,0.15513283014297485,0.06010479852557182,0.10439209640026093,123295.5234375,743.5430908203125,2.935840129852295,0.0,0.0,0.0,218.34912375310785,450.1395790474328
PINN20260414,3,125,pretrain,0.1991717517375946,0.055521249771118164,0.0085105299949646,0.10494359582662582,0.057307589799165726,0.10190574824810028,144545.671875,584.7364501953125,2.8470003604888916,0.0,0.0,0.0,218.50048269397485,459.4819603368559
PINN20260414,3,127,pretrain,0.19494514167308807,0.05429701879620552,0.008265617303550243,0.10221982002258301,0.05619193613529205,0.10045390576124191,143472.140625,557.9136962890625,2.779439687728882,0.0,0.0,0.0,206.85639077932788,438.6618144995071
PINN20260414,3,129,pretrain,0.19922718405723572,0.05413872003555298,0.008247590623795986,0.11133857071399689,0.05523291975259781,0.0991881862282753,114777.078125,623.5623779296875,2.7023651599884033,0.0,0.0,0.0,200.2518824037617,436.7198580039612
PINN20260414,3,131,pretrain,0.1909869760274887,0.05263455957174301,0.007879134267568588,0.10223595052957535,0.05427923798561096,0.09799168258905411,145175.78125,461.11871337890625,2.68064546585083,0.0,0.0,0.0,198.90839796562136,439.37811165327753
PINN20260414,3,133,pretrain,0.17866259813308716,0.050707899034023285,0.007595025468617678,0.08817293494939804,0.05212704464793205,0.09624817222356796,115371.8125,464.9908752441406,2.592966079711914,0.0,0.0,0.0,195.98756338094518,427.1506430698659
PINN20260414,3,135,pretrain,0.17157717049121857,0.04931218922138214,0.00733840512111783,0.0809040516614914,0.050879593938589096,0.09499996155500412,120285.3359375,381.74017333984375,2.5505905151367188,0.0,0.0,0.0,192.59974080005924,435.03749838376
PINN20260414,3,137,pretrain,0.1698950082063675,0.04864635318517685,0.0071779340505599976,0.08074861764907837,0.050112128257751465,0.09402456134557724,125540.75,315.9787902832031,2.513761281967163,0.0,0.0,0.0,186.13644818721022,422.98140103910004
PINN20260414,3,139,pretrain,0.1689392477273941,0.04818131402134895,0.007080902345478535,0.08161352574825287,0.049151405692100525,0.09292906522750854,105753.9375,321.6502685546875,2.425658702850342,0.0,0.0,0.0,181.7518483399825,423.50237971586415
PINN20260414,3,141,pretrain,0.16533511877059937,0.04725392907857895,0.006875732447952032,0.07863110303878784,0.04842427372932434,0.09206448495388031,123821.9921875,233.44259643554688,2.4129226207733154,0.0,0.0,0.0,179.0081778421729,423.7467551498182
PINN20260414,3,143,pretrain,0.1596447378396988,0.046190667897462845,0.006718609482049942,0.07306869328022003,0.04711228236556053,0.09078609943389893,104166.2421875,238.43670654296875,2.335920810699463,0.0,0.0,0.0,176.6903795750493,419.0774838857368
PINN20260414,3,146,pretrain,0.1559944599866867,0.04525122791528702,0.006524506490677595,0.07079379260540009,0.04594661667943001,0.08933740854263306,99763.171875,182.03384399414062,2.2873170375823975,0.0,0.0,0.0,171.08110969288808,419.7513773056617
PINN20260414,3,148,pretrain,0.15158571302890778,0.044331103563308716,0.006343440618366003,0.06661257147789001,0.04509121924638748,0.08835162967443466,110252.1640625,120.83856201171875,2.288242816925049,0.0,0.0,0.0,169.28638133721802,422.64272737147627
PINN20260414,3,150,pretrain,0.14782088994979858,0.04357963800430298,0.006211315281689167,0.06327088922262192,0.044180259108543396,0.08727512508630753,102161.6015625,106.19820404052734,2.245417356491089,0.0,0.0,0.0,166.67075515818604,417.48480511271305
PINN20260414,3,152,pretrain,0.1458580195903778,0.04311150684952736,0.006111231166869402,0.06215351074934006,0.043513648211956024,0.0863199234008789,96902.0,92.5426254272461,2.2091543674468994,0.0,0.0,0.0,163.6522310705693,419.30332845089606
PINN20260414,3,154,pretrain,0.14421305060386658,0.04268447309732437,0.005994374863803387,0.06137949600815773,0.04296349361538887,0.08543997257947922,102881.1796875,64.62191772460938,2.1988577842712402,0.0,0.0,0.0,161.23619732592616,417.52702008373063
PINN20260414,3,156,pretrain,0.1414327323436737,0.04215923324227333,0.005915135145187378,0.059120118618011475,0.04220300912857056,0.0843762457370758,91610.34375,68.6490478515625,2.1551599502563477,0.0,0.0,0.0,159.693633688463,415.1773152822779
PINN20260414,3,158,pretrain,0.13856008648872375,0.04161050543189049,0.005799917504191399,0.05670105665922165,0.04150933772325516,0.08337052911520004,93507.078125,51.61646270751953,2.1451354026794434,0.0,0.0,0.0,157.7500495245564,416.5354876838227
PINN20260414,3,160,pretrain,0.1368151307106018,0.04124365746974945,0.00571436807513237,0.055692315101623535,0.04094957932829857,0.08240950852632523,93214.7421875,41.22523880004883,2.134394407272339,0.0,0.0,0.0,155.43498062895947,413.483165467471
PINN20260414,3,162,pretrain,0.13511790335178375,0.04091157391667366,0.005653920583426952,0.05471893772482872,0.04038800299167633,0.0813932716846466,85232.3203125,42.936119079589844,2.1036217212677,0.0,0.0,0.0,153.65510282772908,412.0280823257075
PINN20260414,3,164,pretrain,0.13273537158966064,0.04046887531876564,0.005555066745728254,0.052862897515296936,0.03978155553340912,0.08038417994976044,87137.90625,32.210540771484375,2.095550060272217,0.0,0.0,0.0,152.11615370745474,411.84624330567834
PINN20260414,3,167,pretrain,0.12999731302261353,0.039957109838724136,0.005443155765533447,0.05109564587473869,0.038979627192020416,0.07887287437915802,83085.546875,27.133487701416016,2.067389726638794,0.0,0.0,0.0,149.5236642537729,408.2893237337954
PINN20260414,3,169,pretrain,0.1281915307044983,0.039627742022275925,0.0053729405626654625,0.04991522058844566,0.03846580162644386,0.07785998284816742,80255.7421875,24.55891990661621,2.051485538482666,0.0,0.0,0.0,147.73333635938437,404.306736896629
PINN20260414,3,171,pretrain,0.1267155408859253,0.0393604151904583,0.005317240487784147,0.049121662974357605,0.038004737347364426,0.07685288786888123,75381.171875,24.552967071533203,2.0332412719726562,0.0,0.0,0.0,146.14269567788875,401.6521932904139
PINN20260414,3,173,pretrain,0.12486135214567184,0.03902096301317215,0.00524184200912714,0.0478588305413723,0.03750833123922348,0.07585656642913818,75503.109375,18.987255096435547,2.0285377502441406,0.0,0.0,0.0,144.73389509933395,399.77607013176765
PINN20260414,3,175,pretrain,0.12331811338663101,0.038743942975997925,0.005180182866752148,0.0469522625207901,0.03706064447760582,0.0748688131570816,73537.7265625,16.61644744873047,2.0180459022521973,0.0,0.0,0.0,143.12340337537393,395.7329828937689
PINN20260414,3,177,pretrain,0.12183664739131927,0.038492120802402496,0.005128451623022556,0.046087294816970825,0.03663402050733566,0.07387155294418335,69635.546875,17.08380126953125,1.9998542070388794,0.0,0.0,0.0,141.76795245664655,392.1871962150218
PINN20260414,3,179,pretrain,0.12021148949861526,0.03820933401584625,0.005067328456789255,0.04504004865884781,0.03619414195418358,0.07289321720600128,68822.1875,14.609533309936523,1.990673542022705,0.0,0.0,0.0,140.3463210909,389.7870612590931
PINN20260414,3,181,pretrain,0.11886042356491089,0.037972696125507355,0.005011999048292637,0.044318802654743195,0.03579455614089966,0.07193804532289505,68283.6875,12.509014129638672,1.9822955131530762,0.0,0.0,0.0,138.94476757870373,386.3108164095331
PINN20260414,3,183,pretrain,0.11735770851373672,0.037726473063230515,0.004963355604559183,0.043375421315431595,0.035385556519031525,0.07096214592456818,65951.0546875,12.888603210449219,1.9693008661270142,0.0,0.0,0.0,137.66126196891776,382.4032148792685
PINN20260414,3,185,pretrain,0.11601219326257706,0.03750214725732803,0.004914719145745039,0.04262170195579529,0.03499685972929001,0.07001300156116486,64731.14453125,12.368322372436523,1.9589779376983643,0.0,0.0,0.0,136.28770980447945,379.5679287031506
PINN20260414,3,187,pretrain,0.114641472697258,0.03727197274565697,0.004862429574131966,0.041827354580163956,0.03460313752293587,0.06908377259969711,64635.83203125,10.508488655090332,1.9513581991195679,0.0,0.0,0.0,135.0423544670338,376.8958534860791
PINN20260414,3,190,pretrain,0.11264937371015549,0.0369478277862072,0.004792322870343924,0.0406758189201355,0.03403354436159134,0.06769755482673645,62867.73046875,10.101236343383789,1.9339531660079956,0.0,0.0,0.0,133.1530413542064,372.1044040319867
PINN20260414,3,192,pretrain,0.11141462624073029,0.03674542158842087,0.00474470853805542,0.040012042969465256,0.03366545960307121,0.06680005043745041,62349.171875,9.220865249633789,1.9249091148376465,0.0,0.0,0.0,131.93758882043434,369.04632161830307
PINN20260414,3,194,pretrain,0.11012817919254303,0.0365394651889801,0.004700321238487959,0.03926217183470726,0.033299222588539124,0.06590292602777481,61102.61328125,9.390952110290527,1.9144679307937622,0.0,0.0,0.0,130.76174809792425,365.7625168739957
PINN20260414,3,196,pretrain,0.10893413424491882,0.03634755313396454,0.004657062701880932,0.038615673780441284,0.03294647857546806,0.06502585858106613,60026.66015625,9.557109832763672,1.9050966501235962,0.0,0.0,0.0,129.59848601787368,363.0043904693165
PINN20260414,3,198,pretrain,0.10770925879478455,0.036150068044662476,0.004611180163919926,0.03791964054107666,0.032587870955467224,0.06416664272546768,59502.015625,9.110593795776367,1.897780418395996,0.0,0.0,0.0,128.43974298528084,360.65907551314996
PINN20260414,3,200,pretrain,0.10655131191015244,0.035963475704193115,0.004566243849694729,0.03729427978396416,0.032239533960819244,0.06332491338253021,59036.21484375,8.729752540588379,1.8905057907104492,0.0,0.0,0.0,127.32581545487938,358.10498417014526
PINN20260414,3,202,pretrain,0.10538594424724579,0.035777632147073746,0.004522899631410837,0.036643195897340775,0.031896598637104034,0.06249086558818817,58291.578125,8.902159690856934,1.8819122314453125,0.0,0.0,0.0,126.21803818813893,355.28507479909706
PINN20260414,3,204,pretrain,0.10425522923469543,0.03559759631752968,0.004480659496039152,0.03602199628949165,0.03156237676739693,0.06166992336511612,57518.03515625,9.281793594360352,1.8732447624206543,0.0,0.0,0.0,125.14777202871012,352.6094355834795
PINN20260414,3,206,pretrain,0.10314816236495972,0.0354209840297699,0.004437640774995089,0.03541989251971245,0.031231338158249855,0.060865189880132675,56989.28125,9.406291961669922,1.865787386894226,0.0,0.0,0.0,124.0680650515071,350.2474683170458
PINN20260414,3,208,pretrain,0.10204610973596573,0.03524523600935936,0.004393674898892641,0.034813784062862396,0.030900826677680016,0.06007466837763786,56659.87890625,9.28785514831543,1.8595561981201172,0.0,0.0,0.0,123.00422375877993,348.0506877596997
PINN20260414,3,211,pretrain,0.10045204311609268,0.03499118983745575,0.004330137278884649,0.033956192433834076,0.030420659109950066,0.058909524232149124,55906.28125,9.644062042236328,1.8494086265563965,0.0,0.0,0.0,121.44868949349556,344.3284337845192
PINN20260414,3,213,pretrain,0.09940013289451599,0.03482367843389511,0.004287141840904951,0.03338608890771866,0.03010152094066143,0.058148957788944244,55557.62109375,9.681675910949707,1.843824863433838,0.0,0.0,0.0,120.41021194493845,342.1963183795232
PINN20260414,3,215,pretrain,0.09837247431278229,0.03466005623340607,0.0042443484999239445,0.032836802303791046,0.029786281287670135,0.057400695979595184,55252.25,9.690160751342773,1.8390958309173584,0.0,0.0,0.0,119.39105340356329,340.0731768678618
PINN20260414,3,217,pretrain,0.09736562520265579,0.034499816596508026,0.0042022340930998325,0.032303400337696075,0.029475614428520203,0.05666346848011017,54923.1796875,9.827531814575195,1.8348311185836792,0.0,0.0,0.0,118.38129850587676,337.8863066920588
PINN20260414,3,219,pretrain,0.09636937081813812,0.03434132784605026,0.004160747397691011,0.031772781163454056,0.029168544337153435,0.055936701595783234,54562.51171875,10.124216079711914,1.830793023109436,0.0,0.0,0.0,117.3781532457169,335.6683165715823
PINN20260414,3,221,pretrain,0.0953889936208725,0.034185294061899185,0.004119744058698416,0.03125232458114624,0.028864916414022446,0.05522109568119049,54200.46484375,10.516448974609375,1.8270070552825928,0.0,0.0,0.0,116.38671396469616,333.4614740678449
PINN20260414,3,223,pretrain,0.09442825615406036,0.034032247960567474,0.004079083446413279,0.03074740618467331,0.02856445498764515,0.05451703071594238,53864.203125,10.927248001098633,1.8235989809036255,0.0,0.0,0.0,115.40520917483535,331.3115508852657
PINN20260414,3,225,pretrain,0.09348411858081818,0.03388183191418648,0.004038651008158922,0.030254323035478592,0.028266368433833122,0.053824447095394135,53560.015625,11.288494110107422,1.820765495300293,0.0,0.0,0.0,114.43046384021827,329.2296287357807
PINN20260414,3,227,pretrain,0.09255389869213104,0.03373367711901665,0.003998391330242157,0.029769614338874817,0.027970338240265846,0.053143203258514404,53280.546875,11.58907413482666,1.8185266256332397,0.0,0.0,0.0,113.4623810523228,327.2028589995815
PINN20260414,3,229,pretrain,0.09163767099380493,0.03358779847621918,0.003958362154662609,0.029293496161699295,0.027676360681653023,0.05247309058904648,53016.578125,11.848077774047852,1.8168001174926758,0.0,0.0,0.0,112.50263451776362,325.2139199819097
PINN20260414,3,232,pretrain,0.09029117971658707,0.03337373211979866,0.0038983908016234636,0.02859857678413391,0.027237383648753166,0.05148926004767418,52695.43359375,11.995460510253906,1.8154184818267822,0.0,0.0,0.0,111.07630840580947,322.44111623287125
PINN20260414,3,234,pretrain,0.08941234648227692,0.03323381766676903,0.003859141143038869,0.02814745530486107,0.026948774233460426,0.05084647983312607,52435.625,12.23185920715332,1.8144934177398682,0.0,0.0,0.0,110.14189622794544,320.5048264067173
PINN20260414,3,236,pretrain,0.08854877203702927,0.03309640288352966,0.003820130368694663,0.027706967666745186,0.026661952957510948,0.05021459981799126,52185.53125,12.422603607177734,1.8139935731887817,0.0,0.0,0.0,109.21778880120674,318.61612384654984
PINN20260414,3,238,pretrain,0.08770151436328888,0.03296171501278877,0.003781390842050314,0.02727847546339035,0.02637701854109764,0.049593593925237656,51946.66796875,12.560440063476562,1.8140130043029785,0.0,0.0,0.0,108.30599464739936,316.7949356444954
PINN20260414,3,240,pretrain,0.08687514811754227,0.032830409705638885,0.00374292372725904,0.02686816081404686,0.02609427273273468,0.048983581364154816,51723.66015625,12.632035255432129,1.8145462274551392,0.0,0.0,0.0,107.4134098937372,315.09051278957924
PINN20260414,3,242,pretrain,0.08608940243721008,0.03270517289638519,0.0037048766389489174,0.026502132415771484,0.02581564337015152,0.04838556796312332,51531.34375,12.592729568481445,1.8156745433807373,0.0,0.0,0.0,106.57607134988135,313.6051832121083
PINN20260414,3,244,pretrain,0.0854346752166748,0.03259822726249695,0.003668078687041998,0.02629978209733963,0.02555065043270588,0.04780371114611626,51414.80078125,12.310579299926758,1.8178123235702515,0.0,0.0,0.0,105.96858411959886,312.614104168382
PINN20260414,3,246,pretrain,0.08535835891962051,0.032568465918302536,0.003637277754023671,0.02685171738266945,0.025349421426653862,0.047258537262678146,51509.46484375,11.505687713623047,1.822379469871521,0.0,0.0,0.0,106.48100347743959,312.93431069874714
PINN20260414,3,248,pretrain,0.08805572241544724,0.03290313482284546,0.003637713845819235,0.031050102785229683,0.025467902421951294,0.04685038700699806,52284.875,9.789831161499023,1.8337677717208862,0.0,0.0,0.0,111.87273478851985,316.8042327289836
PINN20260414,3,250,pretrain,0.10029466450214386,0.03450183942914009,0.003753338009119034,0.04773453623056412,0.0267320703715086,0.04691321402788162,54893.484375,7.27425479888916,1.8617702722549438,0.0,0.0,0.0,124.57255039734878,324.5928098210125
PINN20260414,3,252,pretrain,0.10585537552833557,0.035318370908498764,0.0038073339965194464,0.05525045841932297,0.027340995147824287,0.046808935701847076,55790.44140625,6.927350044250488,1.8801519870758057,0.0,0.0,0.0,110.50535991666875,313.7578933270046
PINN20260414,3,255,pretrain,0.08901004493236542,0.03296995162963867,0.0035653940867632627,0.03430485725402832,0.02502226084470749,0.045191921293735504,51305.87890625,9.92786979675293,1.8607488870620728,0.0,0.0,0.0,114.17058235377448,314.1472708977431
PINN20260414,3,257,pretrain,0.08658961951732635,0.03269307687878609,0.0035091107711195946,0.03149953484535217,0.024630259722471237,0.04467485100030899,50701.37109375,10.79362964630127,1.858252763748169,0.0,0.0,0.0,100.40256859886604,298.62154665228024
PINN20260414,3,259,pretrain,0.08627653121948242,0.03259862959384918,0.003497682511806488,0.03166431933641434,0.024493884295225143,0.044167228043079376,50015.25390625,22.250673294067383,1.825456142425537,0.0,0.0,0.0,108.27209557262434,293.2859632679341
PINN20260414,3,261,pretrain,0.08087605237960815,0.031830884516239166,0.0033988640643656254,0.025245558470487595,0.0236290842294693,0.04345422238111496,49321.16015625,18.678003311157227,1.8293263912200928,0.0,0.0,0.0,100.17641665145045,298.59479493537725
PINN20260414,3,263,pretrain,0.08466081321239471,0.032397009432315826,0.003405940253287554,0.03052932769060135,0.023962758481502533,0.043272703886032104,50603.9765625,11.152717590332031,1.8605530261993408,0.0,0.0,0.0,102.04915616230004,300.0547476086656
PINN20260414,3,265,pretrain,0.07811906933784485,0.03144280984997749,0.003304421901702881,0.022776484489440918,0.022909194231033325,0.04240630194544792,49118.0546875,15.538911819458008,1.8392046689987183,0.0,0.0,0.0,101.05479349868813,289.45862722503193
PINN20260414,3,267,pretrain,0.08136800676584244,0.03189149498939514,0.0033315031323581934,0.027270060032606125,0.023295024409890175,0.042262520641088486,49360.4296875,20.244075775146484,1.8300899267196655,0.0,0.0,0.0,97.70363350459388,289.7468183604438
PINN20260414,3,269,pretrain,0.07784077525138855,0.03140551969408989,0.0032444223761558533,0.023341551423072815,0.02258022502064705,0.0416053906083107,49188.015625,13.212688446044922,1.8519562482833862,0.0,0.0,0.0,99.58017341569555,295.43811481848445
PINN20260414,3,271,pretrain,0.07765880972146988,0.03138293698430061,0.0032161781564354897,0.023547466844320297,0.02240738458931446,0.041222989559173584,49085.78125,12.897531509399414,1.8564739227294922,0.0,0.0,0.0,95.95224337040015,288.19221016536864
PINN20260414,3,273,pretrain,0.07755310833454132,0.03134822100400925,0.003202390158548951,0.023824160918593407,0.02228907123208046,0.0408656969666481,48649.25,18.289859771728516,1.8410896062850952,0.0,0.0,0.0,97.10449127904693,285.0227238747816
PINN20260414,3,276,pretrain,0.07565893977880478,0.031064923852682114,0.003138098167255521,0.022110475227236748,0.021784484386444092,0.040206920355558395,48238.65234375,17.03107452392578,1.847385048866272,0.0,0.0,0.0,95.99974568651211,283.5854285969221
PINN20260414,3,278,pretrain,0.07490528374910355,0.030954815447330475,0.003103508846834302,0.021597206592559814,0.021518126130104065,0.03980417177081108,48044.53125,16.58315658569336,1.8495599031448364,0.0,0.0,0.0,93.81300487039364,285.977968447746
PINN20260414,3,280,pretrain,0.0748683363199234,0.03095461055636406,0.00307242083363235,0.0219622440636158,0.02135530486702919,0.03947263956069946,47940.61328125,13.092199325561523,1.8627660274505615,0.0,0.0,0.0,93.89874658042567,286.6057151166041
PINN20260414,3,282,pretrain,0.07342883199453354,0.030736785382032394,0.0030337998177856207,0.020563337951898575,0.0210051778703928,0.03904986009001732,47679.1796875,14.582862854003906,1.8556729555130005,0.0,0.0,0.0,92.97173839734847,281.7503881984903
PINN20260414,3,284,pretrain,0.07363715767860413,0.030751507729291916,0.003017309121787548,0.0212132278829813,0.020910967141389847,0.038758955895900726,47777.3984375,16.735210418701172,1.8489820957183838,0.0,0.0,0.0,92.22242452862265,281.0373084663316
PINN20260414,3,286,pretrain,0.07244034111499786,0.030586326494812965,0.0029742158949375153,0.020093727856874466,0.020582491531968117,0.03837081789970398,47532.28125,14.20881462097168,1.8568774461746216,0.0,0.0,0.0,91.83252100461198,283.03839735096017
PINN20260414,3,288,pretrain,0.0723315179347992,0.03056500479578972,0.0029476794879883528,0.020345836877822876,0.020423082634806633,0.03806326910853386,47490.890625,13.146080017089844,1.861466884613037,0.0,0.0,0.0,90.79570668023075,280.56153235520367
PINN20260414,3,290,pretrain,0.07155914604663849,0.03044561669230461,0.0029202084988355637,0.019725117832422256,0.02018536813557148,0.03773628547787666,47419.87890625,15.12525463104248,1.8547496795654297,0.0,0.0,0.0,90.62375537938438,277.7548098143397
PINN20260414,3,292,pretrain,0.07116613537073135,0.030381852760910988,0.0028934592846781015,0.01959838531911373,0.01998739317059517,0.037431057542562485,47330.109375,15.324907302856445,1.8554754257202148,0.0,0.0,0.0,89.62142056136747,278.11332840678455
PINN20260414,3,294,pretrain,0.07065841555595398,0.030308982357382774,0.002861912129446864,0.019312415271997452,0.019770421087741852,0.037128571420907974,47138.78125,13.59365463256836,1.862805724143982,0.0,0.0,0.0,89.30407205248957,278.508219133655
PINN20260414,3,296,pretrain,0.07014826685190201,0.03022673912346363,0.002834896557033062,0.019023817032575607,0.019556548446416855,0.03683340176939964,47068.37890625,13.725326538085938,1.8629775047302246,0.0,0.0,0.0,88.49262305942513,275.94215030056574
PINN20260414,3,299,pretrain,0.06956534087657928,0.030132699757814407,0.0027962620370090008,0.018799282610416412,0.01926606148481369,0.03641927242279053,46987.4140625,13.502666473388672,1.8645954132080078,0.0,0.0,0.0,87.67076250185264,275.220309479515
PINN20260414,3,301,physics,23516.5859375,0.030040193349123,0.002770954743027687,0.018395259976387024,0.019049901515245438,0.03614263981580734,47026.12109375,14.494048118591309,1.8614845275878906,0.0,0.0,0.0,219.31241984894518,294.01620916201205
PINN20260414,3,303,physics,509354.375,0.10959699749946594,0.024068834260106087,0.1702379733324051,0.03776523843407631,0.06733996421098709,1011307.1875,17900.333984375,105.47809600830078,0.0,0.0,1775.627685546875,289.1748092633589,339.09046543658525
PINN20260414,3,305,physics,1322839.625,0.35242947936058044,0.11353680491447449,1.8018662929534912,0.17783460021018982,0.0778517946600914,2641133.5,2706.61767578125,529.48876953125,0.0,0.0,31420.40625,827.9331192795707,921.4099589759164
PINN20260414,3,307,physics,891072.625,0.4646960496902466,0.03381221741437912,6.208051681518555,0.11744944006204605,0.08958462625741959,1484494.5,1917.4638671875,494770.65625,0.0,127.14546203613281,0.002489920472726226,585.1500341792693,578.1668498366193
PINN20260414,3,309,physics,1265859.75,1.0700085163116455,0.03659040108323097,9.224041938781738,0.6952066421508789,0.6140673160552979,2510975.75,51218.42578125,403.3778076171875,0.0,0.0,0.0006186625105328858,1585.5579459609794,1319.6328087767445
PINN20260414,3,311,physics,1063591.125,1.9048432111740112,0.042643602937459946,10.55696964263916,1.0710874795913696,0.5932153463363647,2037727.75,222524.53125,711.2508544921875,0.0,0.0,0.0001870179403340444,1941.4379335945819,1351.873745954111
PINN20260414,3,313,physics,807474.8125,2.451862096786499,0.09991814941167831,10.167207717895508,0.8563840389251709,0.4325297474861145,1610152.625,11343.9033203125,401.85369873046875,0.022142961621284485,0.0,0.0,2074.8262577864202,1232.6871054732421
PINN20260414,3,315,physics,985336.0,3.2655720710754395,0.259176641702652,9.331463813781738,0.5942832827568054,0.4753775894641876,1943941.625,66100.640625,451.6920166015625,0.03361790254712105,0.0,0.0,2104.1977093419714,1156.7076661801805
PINN20260414,3,317,physics,707526.5,3.599172592163086,0.2693762183189392,9.271728515625,0.3082554042339325,0.5055426955223083,1381264.875,83599.71875,547.966796875,0.03232704848051071,0.0,0.0,2046.9402165183037,1080.2232408164527
PINN20260414,3,320,physics,507141.65625,3.530357837677002,0.18365508317947388,10.170538902282715,0.5771641135215759,0.6976925134658813,1003167.0625,26613.181640625,750.5145263671875,0.016015753149986267,0.0,0.0,1966.7171886166043,957.7794305057924
PINN20260414,3,322,physics,290465.40625,3.503941535949707,0.2124941051006317,10.955638885498047,0.6738667488098145,0.5302068591117859,575964.125,11015.0595703125,898.572021484375,0.005916192661970854,0.0,0.0,1888.6266835984288,909.3713144255212
PINN20260414,3,324,physics,266677.65625,3.3546676635742188,0.2065047174692154,11.986510276794434,0.592279851436615,0.42789319157600403,532242.4375,1158.7420654296875,1045.077880859375,0.0032332877162843943,0.0,0.0,1796.1208199895684,888.5316890803614
PINN20260414,3,326,physics,165565.578125,3.1761629581451416,0.1728510856628418,13.248392105102539,0.4572410583496094,0.4756447374820709,330150.625,605.3329467773438,1191.70556640625,0.0020476751960814,0.0,0.0,1708.0206380486156,903.9573759309673
PINN20260414,3,328,physics,221845.96875,3.0565788745880127,0.17876669764518738,15.012365341186523,0.3265759348869324,0.5565546751022339,441970.53125,2359.795166015625,1253.7862548828125,0.0012493227841332555,0.0,0.0,1628.443582074614,957.7160657000592
PINN20260414,3,330,physics,202133.453125,2.96553373336792,0.1995498687028885,17.67485237121582,0.36021485924720764,0.5532243251800537,401962.5,3831.1171875,1239.41650390625,0.0006577341118827462,0.0,0.0,1580.203388807909,987.5534162768108
PINN20260414,3,332,physics,193852.671875,2.8856940269470215,0.18555232882499695,21.297657012939453,0.417481929063797,0.40625348687171936,386321.6875,1499.8328857421875,1252.25732421875,0.0003721692191902548,0.0,0.0,1579.5630724982145,942.1673152895934
PINN20260414,3,334,physics,132150.765625,2.839493989944458,0.14925645291805267,25.85637664794922,0.3651933968067169,0.3327276408672333,263447.75,87.63264465332031,1301.9403076171875,0.0002791771839838475,0.0,0.0,1597.932961672673,886.9317547026941
PINN20260414,3,336,physics,148154.734375,2.803598403930664,0.13700374960899353,31.34813690185547,0.3118821978569031,0.377490371465683,295484.78125,0.0,1301.027099609375,0.00019827712094411254,0.0,0.0,1590.7083327876296,873.9028836203712
PINN20260414,3,338,physics,96226.046875,2.7544455528259277,0.14619506895542145,37.3856201171875,0.29126888513565063,0.362893670797348,191663.125,0.0,1229.6177978515625,0.00012352185149211437,0.0,0.0,1564.2582107823503,878.7906462861334
PINN20260414,3,340,physics,92328.2421875,2.7090327739715576,0.1591808944940567,43.47666549682617,0.277869313955307,0.336153119802475,183904.65625,0.0,1155.69970703125,0.00010411306720925495,0.0,0.009647000581026077,1551.2053377938073,850.597179927138
PINN20260414,3,343,physics,56950.24609375,2.6758203506469727,0.15719108283519745,52.62882995605469,0.2884008288383484,0.30838048458099365,113162.7265625,0.0,1114.1033935546875,0.00011201118468306959,0.0,0.10266492515802383,1560.4775711300692,754.2070339104508
PINN20260414,3,345,physics,51526.47265625,2.667858600616455,0.15909409523010254,58.76464080810547,0.2940525710582733,0.28955698013305664,102311.9140625,0.0,1107.2958984375,0.00012248317943885922,0.0,0.23187169432640076,1568.4153627148646,698.3018688217868
PINN20260414,3,347,physics,39019.10546875,2.6659843921661377,0.16456308960914612,64.86725616455078,0.2713252604007721,0.281532347202301,77291.296875,0.0,1104.890380859375,0.00013338288408704102,0.0,0.38155224919319153,1579.5595113828413,649.608776495515
PINN20260414,3,349,physics,42878.06640625,2.6695258617401123,0.16366393864154816,71.02059936523438,0.2503616213798523,0.2800324261188507,84997.2109375,0.0,1112.609375,0.00014321322669275105,0.0,0.5428742170333862,1595.8561182011365,607.1828904868779
PINN20260414,3,351,physics,35213.82421875,2.6714110374450684,0.1575409173965454,77.15805053710938,0.23896436393260956,0.2798749506473541,69659.2890625,0.0,1116.059814453125,0.00015036329568829387,0.0,0.7137085795402527,1602.8647010898956,582.7353333632688
PINN20260414,3,353,physics,35898.95703125,2.6621012687683105,0.15731048583984375,82.9771499633789,0.23074258863925934,0.278575599193573,71039.3359375,0.0,1088.1322021484375,0.0001529813598608598,0.0,0.8535334467887878,1590.3112116815375,578.1672011624319
PINN20260414,3,355,physics,25979.65234375,2.644244432449341,0.16377942264080048,88.39215850830078,0.23488731682300568,0.2782303988933563,51226.77734375,0.0,1033.9112548828125,0.0001503009261796251,0.0,0.9262209534645081,1570.4836834555142,583.6779666477055
PINN20260414,3,357,physics,28254.994140625,2.62764048576355,0.16846826672554016,93.68376159667969,0.24144843220710754,0.2771937847137451,55799.08984375,0.0,987.3079833984375,0.00014993041986599565,0.0,0.9579217433929443,1559.37142785162,580.2519926721493
PINN20260414,3,359,physics,22446.677734375,2.6149539947509766,0.165312260389328,99.05703735351562,0.23066051304340363,0.27033355832099915,44188.546875,0.0,966.4926147460938,0.0001494746102252975,0.0,0.9699548482894897,1557.1251555350327,563.2304146617084
PINN20260414,3,361,physics,21629.568359375,2.602781295776367,0.16075299680233002,104.37003326416016,0.21471716463565826,0.26537024974823,42550.76953125,0.0,961.8794555664062,0.00015201930364128202,0.0,0.937414288520813,1554.9446131615107,544.7263934765783
PINN20260414,3,364,physics,16385.60546875,2.580627679824829,0.1607014387845993,111.91696166992188,0.199426531791687,0.2574583888053894,32057.673828125,0.0,955.5394287109375,0.00015435156819876283,0.0,0.7872377634048462,1546.899641217878,524.2539341769407
PINN20260414,3,366,physics,16627.048828125,2.565333366394043,0.16122399270534515,116.75004577636719,0.19260849058628082,0.25130602717399597,32539.046875,0.0,948.4832153320312,0.0001553108886582777,0.0,0.6687588691711426,1542.8335943970108,512.6869476103327
PINN20260414,3,368,physics,14506.0966796875,2.5516154766082764,0.16029152274131775,121.46354675292969,0.1885404884815216,0.24673520028591156,28298.666015625,0.0,936.5958251953125,0.00015739099762868136,0.0,0.5584224462509155,1538.5113746735835,504.9413022817603
PINN20260414,3,370,physics,14697.0068359375,2.539663791656494,0.1607217937707901,126.01787567138672,0.18450607359409332,0.24374325573444366,28688.66796875,0.0,913.91845703125,0.0001588602171977982,0.0,0.4496155083179474,1532.1683164717901,503.22228873033833
PINN20260414,3,372,physics,13249.806640625,2.530756711959839,0.16274406015872955,130.45777893066406,0.1799769550561905,0.24167227745056152,25807.20703125,0.0,883.5213012695312,0.00015910073125269264,0.0,0.34971389174461365,1527.7499795450824,503.7826292162126
PINN20260414,3,374,physics,13249.8310546875,2.5266785621643066,0.16317567229270935,134.8726806640625,0.17625856399536133,0.23678727447986603,25818.158203125,0.0,856.56201171875,0.00016165543638635427,0.0,0.2754970192909241,1529.6390914199335,500.41538995118844
PINN20260414,3,376,physics,11872.90625,2.526669502258301,0.16056720912456512,139.24951171875,0.17126649618148804,0.22976620495319366,23070.037109375,0.0,838.2941284179688,0.00016831942775752395,0.0,0.22445066273212433,1535.8932254554677,493.3710887861185
PINN20260414,3,378,physics,11772.1552734375,2.5272884368896484,0.1580304503440857,143.4725799560547,0.1657661497592926,0.22460970282554626,22872.20703125,0.0,823.7572021484375,0.00017688266234472394,0.0,0.1845882385969162,1540.8597437794265,486.8777278485842
PINN20260414,3,380,physics,10977.7314453125,2.5255143642425537,0.15814216434955597,147.44981384277344,0.16166715323925018,0.2197476327419281,21288.419921875,0.0,807.3880615234375,0.0001837212039390579,0.0,0.14992864429950714,1542.4591566715794,481.526576369363
PINN20260414,3,382,physics,10563.0556640625,2.5211830139160156,0.15980426967144012,151.1691131591797,0.15855062007904053,0.21492831408977509,20464.873046875,0.0,790.304931640625,0.0001893698499770835,0.0,0.12202721834182739,1543.102151511688,475.247616380135
PINN20260414,3,384,physics,9848.7236328125,2.5158278942108154,0.1607629954814911,154.65518188476562,0.1549798548221588,0.21080940961837769,19040.75,0.0,775.796142578125,0.00019614750635810196,0.0,0.1018567830324173,1544.541113081811,467.8699238303313
PINN20260414,3,387,physics,9490.4013671875,2.508012294769287,0.1612919121980667,159.48660278320312,0.14897002279758453,0.20461906492710114,18329.541015625,0.0,757.1195068359375,0.00020640833827201277,0.0,0.08142976462841034,1546.504607170635,458.8815547066585
PINN20260414,3,389,physics,9016.423828125,2.50350284576416,0.16199608147144318,162.45504760742188,0.14527352154254913,0.20074574649333954,17385.662109375,0.0,744.4132080078125,0.0002109603665303439,0.0,0.0716037005186081,1547.7482837981117,454.7104160891853
PINN20260414,3,391,physics,8797.0390625,2.4998059272766113,0.1619470715522766,165.21505737304688,0.14189615845680237,0.19705963134765625,16950.638671875,0.0,732.6744384765625,0.00021547096548601985,0.0,0.06480176001787186,1549.9318533406558,450.79216732880354
PINN20260414,3,393,physics,8408.1005859375,2.4963274002075195,0.16079935431480408,167.73858642578125,0.13851384818553925,0.1933726668357849,16176.0693359375,0.0,722.14306640625,0.00022116482432466,0.0,0.060742996633052826,1551.9272695587251,447.135011769376
PINN20260414,3,395,physics,8217.775390625,2.491879463195801,0.15994268655776978,169.9944610595703,0.1351546049118042,0.18981000781059265,15799.5078125,0.0,710.8427734375,0.00022634907509200275,0.0,0.058008115738630295,1551.9292026378007,444.2315696795985
PINN20260414,3,397,physics,7881.06298828125,2.4859602451324463,0.16028918325901031,171.976318359375,0.13212765753269196,0.18667975068092346,15131.3603515625,0.0,698.1119995117188,0.00022964498202782124,0.0,0.05551927536725998,1550.2930368159434,441.7487089681191
PINN20260414,3,399,physics,7668.3779296875,2.4792566299438477,0.16096237301826477,173.70913696289062,0.1295175999403,0.18385685980319977,14711.0712890625,0.0,686.2096557617188,0.00023250161029864103,0.0,0.05328349024057388,1548.9845867535287,438.82337349439354
PINN20260414,3,401,physics,7401.81005859375,2.4727108478546143,0.1608748435974121,175.228271484375,0.12689591944217682,0.18079803884029388,14181.5693359375,0.0,677.1447143554688,0.00023655999393668026,0.0,0.051369503140449524,1548.840614782554,435.3912931203379
PINN20260414,3,403,physics,7194.22265625,2.46669602394104,0.16032254695892334,176.55624389648438,0.12406717240810394,0.17770077288150787,13769.00390625,0.0,670.170654296875,0.0002411159803159535,0.0,0.049190960824489594,1549.0953811821917,432.25381360376684
PINN20260414,3,405,physics,6963.37939453125,2.461155652999878,0.16004909574985504,177.69998168945312,0.12119521200656891,0.17473657429218292,13310.0087890625,0.0,663.4251098632812,0.0002447907463647425,0.0,0.04619447886943817,1549.1549309220172,429.7704510840642
PINN20260414,3,408,physics,6705.29541015625,2.453592538833618,0.15982075035572052,179.0718536376953,0.11710896342992783,0.17036542296409607,12798.7197265625,0.0,652.590087890625,0.00024952113744802773,0.0,0.040407080203294754,1549.3676129311598,426.53610266306885
PINN20260414,3,410,physics,6513.1103515625,2.4489104747772217,0.15943722426891327,179.76101684570312,0.11456038802862167,0.1676110476255417,12418.08203125,0.0,645.0169677734375,0.00025311639183200896,0.0,0.03594561293721199,1549.4558722338627,424.55184091580617
PINN20260414,3,412,physics,6353.888671875,2.444349527359009,0.15934979915618896,180.27978515625,0.11217372864484787,0.16500960290431976,12103.90625,0.0,636.8892211914062,0.000256460189120844,0.0,0.03092573583126068,1549.1744575740977,422.8742794850498
PINN20260414,3,414,physics,6182.74658203125,2.439974784851074,0.15968966484069824,180.64593505859375,0.1099129468202591,0.16246484220027924,11766.15234375,0.0,628.628173828125,0.00025943154469132423,0.0,0.025495117530226707,1549.0077469141333,421.2918562291467
PINN20260414,3,416,physics,6040.2578125,2.4359936714172363,0.15993306040763855,180.8800048828125,0.10768470168113708,0.15990768373012543,11485.2841796875,0.0,621.3326416015625,0.00026297266595065594,0.0,0.020053496584296227,1549.5813144201243,419.4583933478981
PINN20260414,3,418,physics,5884.4111328125,2.432424783706665,0.15977877378463745,180.99520874023438,0.10545243322849274,0.15744049847126007,11177.03125,0.0,615.3873291015625,0.0002675701689440757,0.0,0.014912057667970657,1550.692506591813,417.4224666030807
PINN20260414,4,1,pretrain,5.978938102722168,2.9629101753234863,1.062673568725586,2.055518865585327,1.019020438194275,1.0499396324157715,97162032.0,30476.8125,5.067694187164307,0.0690697431564331,0.0,0.0,1627.6317918988925,2589.674400383183
PINN20260414,4,3,pretrain,5.327973365783691,2.6788625717163086,0.7992026209831238,1.9299848079681396,0.9517303109169006,0.9421324133872986,72494128.0,11473.3349609375,1.7907543182373047,0.034634798765182495,0.0,0.0,1549.5589695135839,2458.912157845416
PINN20260414,4,4,pretrain,5.006749629974365,2.5292341709136963,0.6823296546936035,1.869222640991211,0.9116445779800415,0.8909206986427307,61375644.0,11313.01171875,2.7100143432617188,0.027080969884991646,0.0,0.0,1504.5613148024245,2379.270581501818
PINN20260414,4,6,pretrain,4.35698127746582,2.21742582321167,0.46796828508377075,1.7388567924499512,0.8148847818374634,0.7918254137039185,40871620.0,12548.87890625,5.837906360626221,0.018403463065624237,0.0,0.0,1404.826679701094,2185.3007802131037
PINN20260414,4,7,pretrain,4.05005407333374,2.0643935203552246,0.378692626953125,1.6692571640014648,0.7646835446357727,0.7505571246147156,31971312.0,12843.412109375,6.956170082092285,0.017807986587285995,0.0,0.0,1353.2312718083335,2073.4456829152773
PINN20260414,4,9,pretrain,3.54469895362854,1.7952895164489746,0.25930914282798767,1.5283771753311157,0.6826350092887878,0.7037633061408997,17959378.0,11763.392578125,6.590937614440918,0.011222532019019127,0.0,0.0,1258.7403922175533,1843.257578310747
PINN20260414,4,10,pretrain,3.364694118499756,1.6902790069580078,0.23209349811077118,1.462195634841919,0.6565760970115662,0.6975853443145752,13069295.0,10459.05859375,4.729328155517578,0.005229983013123274,0.0,0.0,1221.7613821855723,1739.1610764963664
PINN20260414,4,12,pretrain,3.150430202484131,1.569214105606079,0.21613548696041107,1.3584375381469727,0.6261343359947205,0.6855825781822205,7197005.5,11841.6142578125,1.9706692695617676,7.053569424897432e-05,0.0,0.0,1180.8348212175995,1583.180975125712
PINN20260414,4,13,pretrain,3.094533681869507,1.552401065826416,0.20948654413223267,1.3257358074188232,0.6129356026649475,0.6678551435470581,5708056.0,13102.0498046875,4.785182476043701,0.0,0.0,0.0,1169.6738327414187,1534.3110017203162
PINN20260414,4,15,pretrain,2.9358551502227783,1.487727403640747,0.1765585094690323,1.281646490097046,0.5785189270973206,0.6129710078239441,4098831.5,12905.2470703125,23.130821228027344,0.0,0.0,0.0,1125.3718274419348,1473.9263889353497
PINN20260414,4,16,pretrain,2.8045570850372314,1.4103202819824219,0.1525244414806366,1.2622586488723755,0.5571838021278381,0.5839772820472717,3617522.0,12136.33984375,30.23253059387207,0.0,0.0,0.0,1090.0133026711187,1454.2739597476123
PINN20260414,4,18,pretrain,2.509793996810913,1.2192857265472412,0.10537631809711456,1.2191168069839478,0.5119966268539429,0.5398770570755005,3033746.5,9909.1611328125,23.694456100463867,0.0,0.0,0.0,1010.0757706726758,1428.525944811644
PINN20260414,4,19,pretrain,2.377316951751709,1.1312110424041748,0.08892668783664703,1.1908023357391357,0.4919731914997101,0.5273875594139099,2898074.75,7134.2919921875,16.009963989257812,0.0,0.0,0.0,971.6763864579606,1420.259923394306
PINN20260414,4,21,pretrain,2.1744918823242188,0.9945743083953857,0.07827293872833252,1.1217979192733765,0.46554702520370483,0.516002893447876,2776448.75,1758.511474609375,5.037611484527588,0.0,0.0,0.0,906.761752060595,1399.7808310589198
PINN20260414,4,22,pretrain,2.1028475761413574,0.9434806108474731,0.08175846934318542,1.089908242225647,0.4592426121234894,0.512636125087738,2706116.75,957.5753173828125,3.059154748916626,0.0,0.0,0.0,878.5424363683294,1378.574354178983
PINN20260414,4,24,pretrain,1.9864803552627563,0.8464116454124451,0.09224380552768707,1.0559930801391602,0.452751100063324,0.5031546950340271,2416952.25,925.2959594726562,4.4253153800964355,0.0,0.0,0.0,817.0570283034104,1296.8482467120045
PINN20260414,4,25,pretrain,1.9296225309371948,0.7904247045516968,0.09519172459840775,1.0569227933883667,0.45057275891304016,0.4973233640193939,2215455.0,1289.494873046875,6.414769172668457,0.0,0.0,0.0,781.7258151039915,1237.6809463670352
PINN20260414,4,27,pretrain,1.8167288303375244,0.6698107719421387,0.09550786763429642,1.0771431922912598,0.4504089057445526,0.488124281167984,1860997.625,2598.608154296875,10.134779930114746,0.0,0.0,0.0,713.4314963610732,1114.039328300397
PINN20260414,4,28,pretrain,1.7651997804641724,0.6162001490592957,0.09366724640130997,1.0842571258544922,0.45249509811401367,0.4850267469882965,1761434.875,3006.70654296875,10.889397621154785,0.0,0.0,0.0,688.729332720772,1070.7050247383731
PINN20260414,4,30,pretrain,1.6842765808105469,0.5489612221717834,0.08623702079057693,1.0747740268707275,0.4560110569000244,0.47811397910118103,1711731.75,2894.91455078125,8.569860458374023,0.0,0.0,0.0,669.9357711751179,1049.2991708754944
PINN20260414,4,31,pretrain,1.6570953130722046,0.5370265245437622,0.08083652704954147,1.0598948001861572,0.4564075171947479,0.47379904985427856,1680669.125,2507.384521484375,6.034854412078857,0.0,0.0,0.0,665.834626615348,1053.318031270708
PINN20260414,4,33,pretrain,1.6001768112182617,0.5130340456962585,0.0698496401309967,1.0264344215393066,0.4564417898654938,0.46565142273902893,1380695.125,1609.8037109375,3.374422550201416,0.0,0.0,0.0,637.1162570520391,1029.852902117579
PINN20260414,4,34,pretrain,1.564781904220581,0.48963046073913574,0.06611979007720947,1.0131947994232178,0.4575648307800293,0.46262550354003906,1144777.375,1662.64013671875,5.223598480224609,0.0,0.0,0.0,616.3019754957792,1002.3287883723584
PINN20260414,4,36,pretrain,1.4973101615905762,0.4382040500640869,0.06389155238866806,0.9892240762710571,0.4623427987098694,0.4590424597263336,738840.5625,3516.30810546875,11.271506309509277,0.0,0.0,0.0,577.1999761781007,948.367182319169
PINN20260414,4,37,pretrain,1.4653527736663818,0.41466325521469116,0.06441239267587662,0.9742120504379272,0.4640774726867676,0.45800259709358215,607937.6875,4220.3623046875,12.244728088378906,0.0,0.0,0.0,556.3177486832502,925.8095781530886
PINN20260414,4,39,pretrain,1.3874614238739014,0.35912227630615234,0.06514675170183182,0.9387903213500977,0.4621647298336029,0.45616328716278076,434585.3125,3753.77099609375,10.192219734191895,0.0,0.0,0.0,503.8669064098177,879.9170415442583
PINN20260414,4,40,pretrain,1.3437535762786865,0.3287171423435211,0.06450845301151276,0.920901894569397,0.45837971568107605,0.4550732374191284,371077.6875,2861.720458984375,8.218242645263672,0.0,0.0,0.0,480.14179220830175,858.1245538964608
PINN20260414,4,42,pretrain,1.27411687374115,0.28675299882888794,0.0613001324236393,0.8888733386993408,0.44715023040771484,0.4522794187068939,300203.75,1415.622314453125,4.258452415466309,0.0,0.0,0.0,449.2349747070012,824.1910048647704
PINN20260414,4,43,pretrain,1.2488410472869873,0.2748437821865082,0.059453606605529785,0.8749159574508667,0.44065964221954346,0.450441837310791,294012.875,1315.43798828125,3.068211317062378,0.0,0.0,0.0,438.4455852782646,813.4801011702745
PINN20260414,4,45,pretrain,1.2013272047042847,0.2539762258529663,0.057136282324790955,0.8478279113769531,0.4265958368778229,0.4446136951446533,325819.3125,1532.6807861328125,2.5212209224700928,0.0,0.0,0.0,417.43607295009855,810.6424921011728
PINN20260414,4,46,pretrain,1.176382064819336,0.24296040832996368,0.05680207908153534,0.8340146541595459,0.4187517464160919,0.44014105200767517,361016.5,1491.175048828125,2.608508586883545,0.0,0.0,0.0,408.2372739902617,819.107784421562
PINN20260414,4,48,pretrain,1.1306235790252686,0.22488272190093994,0.0567854680120945,0.808675229549408,0.40183594822883606,0.4287460148334503,459224.90625,1134.83203125,2.4888916015625,0.0,0.0,0.0,390.83948111724845,835.7933356996812
PINN20260414,4,49,pretrain,1.1092208623886108,0.21665576100349426,0.05664367973804474,0.7977681159973145,0.3933705985546112,0.4224820137023926,506630.0625,909.7338256835938,2.2206673622131348,0.0,0.0,0.0,378.8943000692937,831.722647581512
PINN20260414,4,51,pretrain,1.0628279447555542,0.19622330367565155,0.05557204782962799,0.776843786239624,0.37770795822143555,0.40991511940956116,556785.75,556.2412109375,1.8799059391021729,0.0,0.0,0.0,349.81636923891944,790.0849637855413
PINN20260414,4,52,pretrain,1.039332628250122,0.18575382232666016,0.054762713611125946,0.7662862539291382,0.3704983592033386,0.4035950303077698,559203.8125,524.3310546875,2.2037625312805176,0.0,0.0,0.0,339.2218807432681,761.6578135882281
PINN20260414,4,54,pretrain,0.9998561143875122,0.17181290686130524,0.05325837433338165,0.7468589544296265,0.3557906150817871,0.3900098502635956,559969.875,911.3702392578125,4.113284587860107,0.0,0.0,0.0,327.9110612079135,719.5234534050992
PINN20260414,4,55,pretrain,0.9825350642204285,0.1671932339668274,0.05267966911196709,0.737385630607605,0.34819504618644714,0.38297736644744873,570227.625,1194.285400390625,5.141762733459473,0.0,0.0,0.0,323.6558019331648,712.2590162644485
PINN20260414,4,57,pretrain,0.9508188366889954,0.16026002168655396,0.0518936850130558,0.7171587347984314,0.33423393964767456,0.37011006474494934,603935.625,1411.033935546875,5.601804256439209,0.0,0.0,0.0,319.37501223091954,723.7111604431702
PINN20260414,4,58,pretrain,0.9380210638046265,0.15883047878742218,0.05166902020573616,0.7074270248413086,0.32817113399505615,0.3642614483833313,621416.8125,1335.6318359375,5.053378582000732,0.0,0.0,0.0,318.35652184304314,735.0537820459126
PINN20260414,4,60,pretrain,0.9125053286552429,0.15540175139904022,0.05144296586513519,0.6878007650375366,0.31737619638442993,0.3526364862918854,635436.875,1206.6236572265625,3.8266119956970215,0.0,0.0,0.0,312.16623426069003,751.2131022552788
PINN20260414,4,61,pretrain,0.8980541825294495,0.15253546833992004,0.05145784467458725,0.6767581701278687,0.31239134073257446,0.34668198227882385,626043.0625,1237.98681640625,3.547239303588867,0.0,0.0,0.0,308.3048663660695,758.499546802765
PINN20260414,4,63,pretrain,0.8698229789733887,0.14739614725112915,0.05156592279672623,0.6539540886878967,0.3029597997665405,0.3352355360984802,619856.4375,1343.648193359375,3.5073533058166504,0.0,0.0,0.0,299.3859209907841,790.3017224452949
PINN20260414,4,64,pretrain,0.8551008105278015,0.14448422193527222,0.051405515521764755,0.6419425010681152,0.2984597086906433,0.3298856019973755,648398.9375,1300.568603515625,3.5089924335479736,0.0,0.0,0.0,294.2682263896325,815.8798548193232
PINN20260414,4,66,pretrain,0.8250706791877747,0.13829630613327026,0.0507318377494812,0.617252767086029,0.28990045189857483,0.31975415349006653,767611.0,970.963623046875,3.3056697845458984,0.0,0.0,0.0,287.2316274585722,869.6669261849619
PINN20260414,4,67,pretrain,0.8114096522331238,0.1362563967704773,0.05043096840381622,0.6050419807434082,0.28585538268089294,0.3148822784423828,844160.75,802.2332763671875,3.2412269115448,0.0,0.0,0.0,285.2325394524615,889.3964596848809
PINN20260414,4,69,pretrain,0.7845690250396729,0.1331465244293213,0.05007928982377052,0.5790778398513794,0.27819570899009705,0.3052681088447571,984417.3125,663.3439331054688,3.3868114948272705,0.0,0.0,0.0,280.2629345810823,906.6992679494122
PINN20260414,4,70,pretrain,0.770665168762207,0.1315382719039917,0.04997856542468071,0.5656203031539917,0.2743701636791229,0.30004748702049255,1027844.25,652.7578735351562,3.4798035621643066,0.0,0.0,0.0,277.65548853300197,908.6580421148541
PINN20260414,4,72,pretrain,0.7426466941833496,0.1287376582622528,0.04979662224650383,0.5385544300079346,0.2667657136917114,0.28846555948257446,1064520.625,617.7265625,3.383927822113037,0.0,0.0,0.0,273.1923114996101,913.4428006175318
PINN20260414,4,73,pretrain,0.7288850545883179,0.1273951232433319,0.04968827962875366,0.525431752204895,0.2630038261413574,0.2825573980808258,1068415.125,570.369140625,3.184873580932617,0.0,0.0,0.0,270.96318361541296,916.6870376524367
PINN20260414,4,75,pretrain,0.7015687227249146,0.12458443641662598,0.04941626265645027,0.5004686117172241,0.2545957565307617,0.27066364884376526,1040475.625,423.71014404296875,2.7052948474884033,0.0,0.0,0.0,267.10284477612737,915.2942832772419
PINN20260414,4,76,pretrain,0.6886991262435913,0.12344607710838318,0.0493270568549633,0.48840272426605225,0.2505103051662445,0.2650912404060364,1015349.625,346.88250732421875,2.503727674484253,0.0,0.0,0.0,265.4488827910187,907.9269656751031
PINN20260414,4,78,pretrain,0.6640825867652893,0.12146472185850143,0.04942091926932335,0.46416983008384705,0.24305322766304016,0.25471577048301697,961485.625,233.95526123046875,2.2428457736968994,0.0,0.0,0.0,262.2869522345708,883.2061268469553
PINN20260414,4,79,pretrain,0.6521646976470947,0.12050215154886246,0.049612969160079956,0.4521292448043823,0.23945164680480957,0.24982793629169464,923855.3125,205.4313507080078,2.1713738441467285,0.0,0.0,0.0,261.20268710332977,871.010368767215
PINN20260414,4,81,pretrain,0.630024790763855,0.11903344839811325,0.05012623593211174,0.42869502305984497,0.23271790146827698,0.2411724179983139,853273.8125,200.8977508544922,2.1020030975341797,0.0,0.0,0.0,259.69731479647606,857.1372410530299
PINN20260414,4,82,pretrain,0.6195183992385864,0.11836650222539902,0.05031312629580498,0.4174671769142151,0.22945933043956757,0.23727470636367798,838110.5,211.6097412109375,2.101473808288574,0.0,0.0,0.0,258.53671765341187,854.2552677625114
PINN20260414,4,84,pretrain,0.5987852811813354,0.11682340502738953,0.05046682804822922,0.39510753750801086,0.22309722006320953,0.2305699735879898,826333.3125,233.49647521972656,2.189539909362793,0.0,0.0,0.0,256.11781651712556,850.9431899369076
PINN20260414,4,85,pretrain,0.588814914226532,0.11615008115768433,0.05047448351979256,0.38410449028015137,0.2199718952178955,0.22766759991645813,820345.3125,246.42062377929688,2.2580018043518066,0.0,0.0,0.0,254.8982716815671,849.561688460585
PINN20260414,4,87,pretrain,0.5695766806602478,0.11448416858911514,0.05042506009340286,0.3632649779319763,0.21383036673069,0.22252261638641357,807972.375,272.0048828125,2.3388006687164307,0.0,0.0,0.0,252.10300629157518,845.2047459048015
PINN20260414,4,88,pretrain,0.5604305267333984,0.11351315677165985,0.05038533732295036,0.353626012802124,0.2107745110988617,0.2202472984790802,805395.5,285.05621337890625,2.346728563308716,0.0,0.0,0.0,250.78078855097732,843.1126111024553
PINN20260414,4,90,pretrain,0.5428034067153931,0.11179215461015701,0.05020483210682869,0.33512553572654724,0.2043907791376114,0.21603155136108398,814352.8125,318.33526611328125,2.3291354179382324,0.0,0.0,0.0,248.44362413835458,842.8903398426156
PINN20260414,4,91,pretrain,0.5342502593994141,0.11102841049432755,0.050017986446619034,0.3262523114681244,0.20111803710460663,0.21401771903038025,814634.5625,341.0950927734375,2.313581943511963,0.0,0.0,0.0,247.24556840062877,844.2312701505435
PINN20260414,4,93,pretrain,0.5177305936813354,0.10956700146198273,0.049493588507175446,0.309619665145874,0.19445154070854187,0.2100326269865036,798996.5,385.28955078125,2.28810977935791,0.0,0.0,0.0,244.9169183110877,845.1972402936489
PINN20260414,4,94,pretrain,0.5097899436950684,0.10886193811893463,0.049215398728847504,0.30177977681159973,0.19112767279148102,0.2080734819173813,788829.0625,389.5904541015625,2.2817938327789307,0.0,0.0,0.0,243.71065387565642,843.6889977948035
PINN20260414,4,96,pretrain,0.4943421483039856,0.10741778463125229,0.04867270216345787,0.28686559200286865,0.18453240394592285,0.20410774648189545,776476.1875,345.59515380859375,2.2787973880767822,0.0,0.0,0.0,241.13387749339577,838.2996555528339
PINN20260414,4,97,pretrain,0.4868200123310089,0.10667595267295837,0.048375822603702545,0.2796475887298584,0.18132716417312622,0.20224790275096893,772832.375,306.3482666015625,2.27412486076355,0.0,0.0,0.0,239.8152283529968,836.1208794187596
PINN20260414,4,99,pretrain,0.47206035256385803,0.1051984429359436,0.047666970640420914,0.2656795382499695,0.1750546395778656,0.1985975056886673,753806.1875,226.72946166992188,2.246013879776001,0.0,0.0,0.0,237.2333124399902,838.1210383948132
PINN20260414,4,100,pretrain,0.4648887515068054,0.10446994006633759,0.0472722202539444,0.2589982748031616,0.1719147115945816,0.19687236845493317,745836.9375,193.90478515625,2.2249670028686523,0.0,0.0,0.0,235.98756091423547,841.9361985922686
PINN20260414,4,102,pretrain,0.4509390592575073,0.10301177948713303,0.04643477499485016,0.2461620420217514,0.16571108996868134,0.19359557330608368,715471.8125,146.13604736328125,2.168743133544922,0.0,0.0,0.0,233.5521723031066,852.3439373281187
PINN20260414,4,104,pretrain,0.43754926323890686,0.10158134996891022,0.045510344207286835,0.23378640413284302,0.15989667177200317,0.19065821170806885,675283.9375,132.15133666992188,2.093891143798828,0.0,0.0,0.0,231.0036779333827,866.2972570082396
PINN20260414,4,105,pretrain,0.4310067594051361,0.10085348784923553,0.04503994435071945,0.22771865129470825,0.15716834366321564,0.1892455369234085,659485.625,137.437255859375,2.0645225048065186,0.0,0.0,0.0,229.61890132075365,873.8354393133756
PINN20260414,4,107,pretrain,0.41813740134239197,0.09917984902858734,0.04414326325058937,0.21600376069545746,0.1520535945892334,0.1864384263753891,640991.75,150.60614013671875,2.02823543548584,0.0,0.0,0.0,226.64985384950063,888.7296411170272
PINN20260414,4,108,pretrain,0.4118450880050659,0.09831705689430237,0.043700363487005234,0.21027728915214539,0.149669349193573,0.18506726622581482,635741.125,154.70606994628906,2.019655704498291,0.0,0.0,0.0,225.19880973542024,896.3799417657671
PINN20260414,4,110,pretrain,0.39952126145362854,0.0967160239815712,0.04280577227473259,0.19889315962791443,0.14507028460502625,0.18239323794841766,631210.875,145.81732177734375,2.007211685180664,0.0,0.0,0.0,222.46271632848953,911.5621207575488
PINN20260414,4,111,pretrain,0.3934873640537262,0.09595797210931778,0.042374249547719955,0.19330182671546936,0.14279328286647797,0.18106310069561005,630438.5,131.5403594970703,1.995711088180542,0.0,0.0,0.0,221.23988324327962,918.9564053860227
PINN20260414,4,113,pretrain,0.3817133903503418,0.09461253136396408,0.04155465215444565,0.18220996856689453,0.1383112072944641,0.17841333150863647,632081.875,107.4155044555664,1.9613220691680908,0.0,0.0,0.0,218.93427060136108,929.8148673257489
PINN20260414,4,114,pretrain,0.3759869933128357,0.09399818629026413,0.041172634810209274,0.1767599880695343,0.13610784709453583,0.17710307240486145,632844.8125,99.91730499267578,1.934927225112915,0.0,0.0,0.0,217.7466453530341,931.9768639832214
PINN20260414,4,116,pretrain,0.36492639780044556,0.09275896847248077,0.04047095403075218,0.16633495688438416,0.13184522092342377,0.1745031774044037,626565.5625,89.3948974609375,1.8656023740768433,0.0,0.0,0.0,215.40112472141365,932.6204345820437
PINN20260414,4,117,pretrain,0.35961151123046875,0.0921851247549057,0.04013410955667496,0.161351278424263,0.12977074086666107,0.1732000857591629,621356.25,86.52217864990234,1.828269600868225,0.0,0.0,0.0,214.28876727735872,932.4760050532132
PINN20260414,4,119,pretrain,0.3494246006011963,0.09112758934497833,0.03946956619620323,0.15193118155002594,0.1257234513759613,0.17054656147956848,609574.5625,82.19661712646484,1.7614428997039795,0.0,0.0,0.0,212.11878489716557,931.2085561247814
PINN20260414,4,120,pretrain,0.3445795476436615,0.09061508625745773,0.03915465623140335,0.1475374400615692,0.12376074492931366,0.1692279428243637,605176.9375,79.00841522216797,1.736872911453247,0.0,0.0,0.0,211.00834921277405,929.7485211066485
PINN20260414,4,122,pretrain,0.335369348526001,0.08960084617137909,0.03857668116688728,0.1393517404794693,0.11994260549545288,0.16663813591003418,600803.0625,70.73137664794922,1.7049520015716553,0.0,0.0,0.0,208.71685739896526,925.9755328841038
PINN20260414,4,123,pretrain,0.3310048580169678,0.08909308910369873,0.03830932080745697,0.1355839967727661,0.11806774139404297,0.16537363827228546,599879.5,66.28589630126953,1.6951204538345337,0.0,0.0,0.0,207.52034915279995,924.2058753329801
PINN20260414,4,125,pretrain,0.322759211063385,0.08803451806306839,0.037801336497068405,0.12877020239830017,0.11443263292312622,0.16289685666561127,590436.6875,59.10405731201172,1.6840258836746216,0.0,0.0,0.0,205.05556602113975,921.4820603245621
PINN20260414,4,126,pretrain,0.3189446032047272,0.08747060596942902,0.037554338574409485,0.1258678287267685,0.11268997192382812,0.16166771948337555,571504.0,56.97023010253906,1.6848667860031128,0.0,0.0,0.0,203.86702927398534,921.9760368360991
PINN20260414,4,128,pretrain,0.31384867429733276,0.08661961555480957,0.037135761231184006,0.12355638295412064,0.109354667365551,0.15928952395915985,536394.75,55.619598388671875,1.6866868734359741,0.0,0.0,0.0,204.98691840883407,924.8314373441249
PINN20260414,4,129,pretrain,0.3178741931915283,0.08782409131526947,0.03704052418470383,0.13032513856887817,0.10767839848995209,0.15830248594284058,602923.625,58.21900939941406,1.627458095550537,0.0,0.0,0.0,210.91292449432774,916.4376001670818
PINN20260414,4,131,pretrain,0.3346913158893585,0.0920475572347641,0.036953236907720566,0.15487253665924072,0.10484205931425095,0.15644164383411407,635917.75,64.28932189941406,1.595272183418274,0.0,0.0,0.0,199.51578101744232,919.8487307704457
PINN20260414,4,132,pretrain,0.30389291048049927,0.08499821275472641,0.036402665078639984,0.11808590590953827,0.10334643721580505,0.15516486763954163,503143.28125,56.03900146484375,1.6486965417861938,0.0,0.0,0.0,199.99060524809659,919.1551487643421
PINN20260414,4,134,pretrain,0.3168714940547943,0.08858278393745422,0.03630160912871361,0.1369151771068573,0.10062399506568909,0.1536974161863327,592809.375,60.80859375,1.5775021314620972,0.0,0.0,0.0,195.03751642312307,920.1741682964155
PINN20260414,4,135,pretrain,0.2941456735134125,0.0828876718878746,0.035880234092473984,0.11105865240097046,0.09912745654582977,0.15253525972366333,500854.96875,52.92159652709961,1.6065500974655151,0.0,0.0,0.0,198.00761506820893,917.77894261091
PINN20260414,4,137,pretrain,0.30114296078681946,0.0850386992096901,0.035681433975696564,0.12222516536712646,0.09661628305912018,0.1511549949645996,555253.0,55.82518768310547,1.5574142932891846,0.0,0.0,0.0,191.25131739742343,920.323788131112
PINN20260414,4,138,pretrain,0.2864542305469513,0.08118660002946854,0.03539447486400604,0.10652357339859009,0.09496592730283737,0.15010306239128113,506574.5625,49.73459243774414,1.56338369846344,0.0,0.0,0.0,196.25236861627937,914.455097312055
PINN20260414,4,140,pretrain,0.2866622805595398,0.08145001530647278,0.03513692691922188,0.1096271425485611,0.09241870790719986,0.14871786534786224,516431.9375,50.01302719116211,1.5389803647994995,0.0,0.0,0.0,190.3094827347024,918.9299823708006
PINN20260414,4,141,pretrain,0.28421998023986816,0.08082322031259537,0.03499352186918259,0.1082664430141449,0.09111876785755157,0.14798912405967712,509440.375,49.84090042114258,1.5331839323043823,0.0,0.0,0.0,191.93149616139087,911.4250174863536
PINN20260414,4,143,pretrain,0.277487188577652,0.07903622835874557,0.03470797836780548,0.10340140759944916,0.08849237859249115,0.1464935541152954,482712.34375,50.837650299072266,1.5304417610168457,0.0,0.0,0.0,189.52217878127087,918.3484156353732
PINN20260414,4,144,pretrain,0.28235864639282227,0.08048367500305176,0.0346258208155632,0.11043323576450348,0.08734536170959473,0.14595244824886322,504432.96875,53.78867721557617,1.5173896551132202,0.0,0.0,0.0,186.266431741605,911.268312573196
PINN20260414,4,146,pretrain,0.27398356795310974,0.07812264561653137,0.03435663878917694,0.1037406325340271,0.08479715883731842,0.14442473649978638,454949.46875,55.43061065673828,1.5277988910675049,0.0,0.0,0.0,186.20942301277344,915.7013022814808
PINN20260414,4,147,pretrain,0.27663546800613403,0.07901731133460999,0.03422689437866211,0.10815037041902542,0.08348928391933441,0.14390142261981964,486053.90625,57.95599365234375,1.5092148780822754,0.0,0.0,0.0,182.21204808889559,910.3034521520832
PINN20260414,4,149,pretrain,0.27150410413742065,0.07751769572496414,0.03401973843574524,0.10519160330295563,0.08111855387687683,0.14241647720336914,433538.21875,61.25218200683594,1.5260334014892578,0.0,0.0,0.0,181.90476560552227,910.9944429029191
PINN20260414,4,150,pretrain,0.2687890827655792,0.07708252966403961,0.033826034516096115,0.10308413207530975,0.07966307550668716,0.1418600231409073,459550.28125,62.91902542114258,1.50510573387146,0.0,0.0,0.0,179.94263408792258,908.4040607020645
PINN20260414,4,152,pretrain,0.2668848931789398,0.07648327946662903,0.03365517035126686,0.10381751507520676,0.07739165425300598,0.14046062529087067,415390.03125,66.9855728149414,1.514182209968567,0.0,0.0,0.0,178.230325220275,905.7764279887173
PINN20260414,4,153,pretrain,0.2621988356113434,0.07545368373394012,0.03345848619937897,0.09947001188993454,0.07592030614614487,0.13985644280910492,428505.5,67.75325012207031,1.4958797693252563,0.0,0.0,0.0,178.23505372120266,905.8016477132287
PINN20260414,4,155,pretrain,0.2608753442764282,0.07511832565069199,0.03327736631035805,0.10064761340618134,0.07370004057884216,0.1385331153869629,395433.59375,70.47154235839844,1.490898609161377,2.3567672542412765e-05,0.0,0.0,175.58372513205774,901.7665648603302
PINN20260414,4,156,pretrain,0.2576143741607666,0.07431580126285553,0.03312111645936966,0.09821677207946777,0.07232286781072617,0.13788491487503052,395588.25,71.47537994384766,1.4792039394378662,3.901077070622705e-05,0.0,0.0,176.03586837098,903.6438042724578
PINN20260414,4,158,pretrain,0.2552291750907898,0.07378759980201721,0.032911550253629684,0.09794770926237106,0.07005888223648071,0.13664034008979797,374944.625,73.11387634277344,1.464519739151001,0.0002400894882157445,0.0,0.0,173.54985662447262,899.2740822463417
PINN20260414,4,159,pretrain,0.2539016008377075,0.0734570175409317,0.03279900550842285,0.09779828786849976,0.06884384900331497,0.13597777485847473,366861.28125,74.58052825927734,1.4601209163665771,0.00038044608663767576,0.0,0.0,173.3635709553048,901.675558335702
PINN20260414,4,161,pretrain,0.2505643367767334,0.07270665466785431,0.03256511688232422,0.09633748978376389,0.06653837859630585,0.13477547466754913,356187.0625,75.6599349975586,1.443008303642273,0.0006912319222465158,0.0,0.0,171.55169023322097,897.3403757772187
PINN20260414,4,162,pretrain,0.2501310706138611,0.0726298913359642,0.03247590735554695,0.09707842767238617,0.06549447029829025,0.13415122032165527,343641.9375,76.87682342529297,1.4426653385162354,0.001032013911753893,0.0,0.0,170.71598993284138,899.3169977822058
PINN20260414,4,164,pretrain,0.2465752214193344,0.07181698828935623,0.03223227709531784,0.09536238014698029,0.06317572295665741,0.13296937942504883,338438.59375,76.843505859375,1.4269673824310303,0.001405414892360568,0.0,0.0,169.44188600925983,894.9527920510668
PINN20260414,4,165,pretrain,0.246149480342865,0.0717734545469284,0.03215009346604347,0.09593161195516586,0.06224304437637329,0.1323995292186737,324208.375,77.14741516113281,1.4276763200759888,0.0019662806298583746,0.0,0.0,168.2749099316354,896.1246425581655
PINN20260414,4,167,pretrain,0.24286030232906342,0.07102584838867188,0.031903043389320374,0.094508096575737,0.059972118586301804,0.13123664259910583,321207.53125,76.0995101928711,1.4171096086502075,0.0024226191453635693,0.0,0.0,167.28141637858343,891.8230275676896
PINN20260414,4,168,pretrain,0.24215537309646606,0.07090996950864792,0.0318194143474102,0.09466087818145752,0.05910621955990791,0.1307017207145691,306836.8125,75.65237426757812,1.4180302619934082,0.0031891916878521442,0.0,0.0,166.0870441967103,892.3296406037401
PINN20260414,4,170,pretrain,0.2392442524433136,0.07026571035385132,0.0315743125975132,0.09360594302415848,0.056935012340545654,0.12956303358078003,303640.75,74.510986328125,1.4119688272476196,0.0037824397440999746,0.0,0.0,165.17999178926,888.6593132353928
PINN20260414,4,171,pretrain,0.23832079768180847,0.0700882151722908,0.03148592263460159,0.09346045553684235,0.056098584085702896,0.12905628979206085,290003.4375,74.45977783203125,1.4127660989761353,0.004712859634310007,0.0,0.0,164.11825838210385,888.8549516090912
PINN20260414,4,173,pretrain,0.23571741580963135,0.06953081488609314,0.031248223036527634,0.09265206754207611,0.05405811220407486,0.12794709205627441,286153.53125,74.13040161132812,1.4100700616836548,0.0054759616032242775,0.0,0.0,163.23988411422314,885.4430388229387
PINN20260414,4,174,pretrain,0.23471032083034515,0.06933999061584473,0.031156647950410843,0.0923563688993454,0.05325639247894287,0.12745726108551025,273784.5625,74.58654022216797,1.4107215404510498,0.006531315390020609,0.0,0.0,162.31171784563185,885.2359148837105
PINN20260414,4,176,pretrain,0.23231416940689087,0.06884027272462845,0.03092728927731514,0.09166637063026428,0.05134507268667221,0.12638841569423676,269299.75,73.85833740234375,1.411109209060669,0.007460319437086582,0.0,0.0,161.45292464058988,881.9381001521592
PINN20260414,4,177,pretrain,0.23131996393203735,0.06865303963422775,0.030835136771202087,0.09133552014827728,0.050585418939590454,0.1259266585111618,258304.0625,73.9598617553711,1.4121906757354736,0.00860687717795372,0.0,0.0,160.6462960104434,881.7474128116282
PINN20260414,4,179,pretrain,0.2290607988834381,0.0681954026222229,0.030613087117671967,0.09067796170711517,0.048800159245729446,0.12489615380764008,252989.734375,72.30227661132812,1.4146578311920166,0.009713858366012573,0.0,0.0,159.82209347427533,879.0610758075915
PINN20260414,4,180,pretrain,0.22812333703041077,0.06802555173635483,0.030521666631102562,0.09035628288984299,0.04809290170669556,0.12445903569459915,243305.609375,72.57566833496094,1.4153975248336792,0.010911455377936363,0.0,0.0,159.12298702575941,879.0251702880868
PINN20260414,4,182,pretrain,0.22597305476665497,0.06760071963071823,0.030308188870549202,0.08969107270240784,0.04643351212143898,0.12347546219825745,236963.34375,71.45640563964844,1.4165339469909668,0.012192181311547756,0.0,0.0,158.32433088442218,876.5667758362737
PINN20260414,4,183,pretrain,0.22509175539016724,0.06744992733001709,0.030217736959457397,0.08938823640346527,0.04576719552278519,0.12305564433336258,228543.75,72.35179138183594,1.4166418313980103,0.013409776613116264,0.0,0.0,157.73299977731355,876.5679523003337
PINN20260414,4,185,pretrain,0.2230663299560547,0.06705798208713531,0.03001348488032818,0.08870473504066467,0.04426613077521324,0.12213651835918427,221261.96875,71.33370971679688,1.416110634803772,0.014902493916451931,0.0,0.0,156.93830271598773,874.3715600361211
PINN20260414,4,186,pretrain,0.22220765054225922,0.06691719591617584,0.029922515153884888,0.0884152501821518,0.04362046718597412,0.12171021103858948,214266.359375,72.42391204833984,1.4172759056091309,0.01610732451081276,0.0,0.0,156.4474564849969,874.400258748818
PINN20260414,4,188,pretrain,0.2203511893749237,0.06656739115715027,0.029728854075074196,0.08772256970405579,0.042312007397413254,0.1208847388625145,206380.015625,71.05294799804688,1.4175277948379517,0.017847547307610512,0.0,0.0,155.65089518494585,872.4092717870437
PINN20260414,4,189,pretrain,0.21948227286338806,0.06642383337020874,0.029635652899742126,0.08743713796138763,0.04167162999510765,0.12043797224760056,200930.296875,72.47168731689453,1.4216349124908447,0.01899312436580658,0.0,0.0,155.24850920177946,872.2205498037753
PINN20260414,4,191,pretrain,0.21780098974704742,0.06612446159124374,0.02945229411125183,0.08674869686365128,0.04054822772741318,0.119692362844944,192682.84375,71.23651885986328,1.422974944114685,0.021009691059589386,0.0,0.0,154.48405181644156,870.4037138018197
PINN20260414,4,192,pretrain,0.21695013344287872,0.06597799062728882,0.02935684099793434,0.08645390719175339,0.0399591363966465,0.11926132440567017,188615.78125,72.94951629638672,1.4295581579208374,0.022073213011026382,0.0,0.0,154.1293148726906,869.9363123240689
PINN20260414,4,194,pretrain,0.21535027027130127,0.06571503728628159,0.029181569814682007,0.08578060567378998,0.0389162115752697,0.11851028352975845,180384.59375,72.04350280761719,1.4318692684173584,0.024356000125408173,0.0,0.0,153.4367617090181,868.5204013147878
PINN20260414,4,195,pretrain,0.2145838588476181,0.06557808071374893,0.029086884111166,0.08547034859657288,0.0384494811296463,0.11814852803945541,177152.03125,73.24436950683594,1.4391965866088867,0.02539442479610443,0.0,0.0,153.10549620686385,867.8025769148188
PINN20260414,4,197,pretrain,0.2130180448293686,0.06533144414424896,0.0289154015481472,0.08481153845787048,0.03745781630277634,0.1173684224486351,169378.75,72.7737808227539,1.4445369243621826,0.027872195467352867,0.0,0.0,152.47306370716763,866.5296806803561
PINN20260414,4,198,pretrain,0.21229231357574463,0.06521063297986984,0.02882656455039978,0.084483802318573,0.03704412281513214,0.1170249730348587,166265.109375,72.83438873291016,1.4496694803237915,0.029000720009207726,0.0,0.0,152.1734721461004,865.6975150131829
PINN20260414,4,200,pretrain,0.2108769565820694,0.0649808943271637,0.028656134381890297,0.08383159339427948,0.0362556129693985,0.11633991450071335,159297.359375,73.4659423828125,1.4586659669876099,0.031576529145240784,0.0,0.0,151.58509496525375,864.290677376541
PINN20260414,4,202,pretrain,0.20945408940315247,0.064764603972435,0.02849034033715725,0.08316099643707275,0.0354708768427372,0.11562451720237732,152971.546875,72.95337677001953,1.4645992517471313,0.034159015864133835,0.0,0.0,151.0297401900533,862.8162101513856
PINN20260414,4,203,pretrain,0.20879602432250977,0.06466025859117508,0.028406571596860886,0.0828339159488678,0.0351475290954113,0.11530230194330215,149835.65625,73.8061752319336,1.470217227935791,0.03554189205169678,0.0,0.0,150.7614915810732,862.0359258754822
PINN20260414,4,205,pretrain,0.20749187469482422,0.0644598975777626,0.02824164554476738,0.08216924965381622,0.03452342748641968,0.11465547233819962,144238.140625,74.18901062011719,1.4790561199188232,0.03822091221809387,0.0,0.0,150.25828674111455,860.4405484982678
PINN20260414,4,206,pretrain,0.20684009790420532,0.06436687707901001,0.02816450223326683,0.08182718604803085,0.034209027886390686,0.11432339251041412,141138.078125,73.89572143554688,1.4807313680648804,0.039733219891786575,0.0,0.0,149.99584629665583,859.8803695863745
PINN20260414,4,208,pretrain,0.2055761069059372,0.06417881697416306,0.028002699837088585,0.08117100596427917,0.033644139766693115,0.1136697307229042,135932.421875,75.0423583984375,1.4917203187942505,0.04258760064840317,0.0,0.0,149.51480121128478,858.174916610827
PINN20260414,4,209,pretrain,0.2049652487039566,0.06408728659152985,0.027923310175538063,0.0808401107788086,0.033389121294021606,0.11335918307304382,133555.515625,74.97154998779297,1.4958713054656982,0.04396749660372734,0.0,0.0,149.28262703467877,857.4376799511438
PINN20260414,4,211,pretrain,0.20378437638282776,0.06391849368810654,0.027767842635512352,0.08017342537641525,0.032930999994277954,0.11275029927492142,128455.2265625,76.26568603515625,1.5054495334625244,0.04706859216094017,0.0,0.0,148.8380516702634,855.8435531684514
PINN20260414,4,212,pretrain,0.20320388674736023,0.06383231282234192,0.027685726061463356,0.07986399531364441,0.03271288052201271,0.11243888735771179,126585.5390625,76.894287109375,1.512984037399292,0.04836585000157356,0.0,0.0,148.63545353271203,854.6882838204815
PINN20260414,4,214,pretrain,0.20204976201057434,0.06366769224405289,0.027531737461686134,0.07920275628566742,0.03230230137705803,0.11182820051908493,121963.1796875,78.24756622314453,1.5227105617523193,0.05151687562465668,0.0,0.0,148.19700254222417,852.9597001031174
PINN20260414,4,215,pretrain,0.2014830857515335,0.06358957290649414,0.027458198368549347,0.07886788249015808,0.0321066752076149,0.11152709275484085,119551.0234375,78.48904418945312,1.5250654220581055,0.0532044991850853,0.0,0.0,147.98733713775985,852.1056639290694
PINN20260414,4,217,pretrain,0.20037409663200378,0.06343530863523483,0.027305638417601585,0.0782288908958435,0.031743597239255905,0.11091899126768112,115440.1015625,79.58285522460938,1.5349172353744507,0.05635958909988403,0.0,0.0,147.58769903433688,850.187442567814
PINN20260414,4,218,pretrain,0.19982844591140747,0.06336112320423126,0.027229122817516327,0.07790694385766983,0.03157932311296463,0.11061622202396393,113412.6875,80.7983627319336,1.5414773225784302,0.05803566798567772,0.0,0.0,147.39116085055778,849.206247033075
PINN20260414,4,220,pretrain,0.1987561136484146,0.06321626156568527,0.027079343795776367,0.07727144658565521,0.03126303106546402,0.1100165843963623,109602.65625,81.80463409423828,1.5509811639785767,0.06129361689090729,0.0,0.0,147.01616885992507,847.2069183499389
PINN20260414,4,221,pretrain,0.19823049008846283,0.0631478875875473,0.027006695047020912,0.07695050537586212,0.031115755438804626,0.10972126573324203,107639.5390625,82.34811401367188,1.5545949935913086,0.06305260956287384,0.0,0.0,146.82249061366585,846.3480371572914
PINN20260414,4,223,pretrain,0.197196826338768,0.06301247328519821,0.026859518140554428,0.07632465660572052,0.030840469524264336,0.10913147777318954,104063.6953125,83.59857177734375,1.5640532970428467,0.06647757440805435,0.0,0.0,146.4600321440119,844.361000994243
PINN20260414,4,224,pretrain,0.19668886065483093,0.06294338405132294,0.026783637702465057,0.076026052236557,0.03071163222193718,0.10883654654026031,102542.9765625,84.13231658935547,1.5707077980041504,0.06802316755056381,0.0,0.0,146.29539893653526,843.1690592639177
PINN20260414,4,226,pretrain,0.19570617377758026,0.06281440705060959,0.02663722075521946,0.07541254162788391,0.03049192577600479,0.1082754135131836,99276.046875,85.40470123291016,1.581043004989624,0.0714956521987915,0.0,0.0,145.95678405781624,841.0922957678307
PINN20260414,4,227,pretrain,0.19525094330310822,0.0627567395567894,0.026569873094558716,0.0750933364033699,0.030414313077926636,0.10803314298391342,97476.109375,85.15895080566406,1.5803768634796143,0.07343433052301407,0.0,0.0,145.7834974371242,840.4050734616017
PINN20260414,4,229,pretrain,0.19459331035614014,0.06265047192573547,0.026429906487464905,0.07448776066303253,0.03052751161158085,0.10779048502445221,94355.1015625,85.44667053222656,1.5852798223495483,0.07708659023046494,0.0,0.0,145.55961514960117,838.6449636169051
PINN20260414,4,230,pretrain,0.19462724030017853,0.06260383129119873,0.02634410373866558,0.07424779236316681,0.030975526198744774,0.10801845043897629,93560.890625,88.1469497680664,1.6067701578140259,0.07830288261175156,0.0,0.0,145.66543832314858,836.5285036984693
PINN20260414,4,232,pretrain,0.19679373502731323,0.06266419589519501,0.02620208077132702,0.07373013347387314,0.033974528312683105,0.11067994683980942,91443.28125,90.17554473876953,1.6273216009140015,0.08134326338768005,0.0,0.0,146.53554522922076,834.0186223940086
PINN20260414,4,233,pretrain,0.1987052857875824,0.0628652572631836,0.026191065087914467,0.07328344136476517,0.03614059090614319,0.11292175203561783,88552.125,85.46843719482422,1.581695318222046,0.08534540235996246,0.0,0.0,146.85467279550556,836.0960994407282
PINN20260414,4,235,pretrain,0.19518445432186127,0.06297819316387177,0.026060283184051514,0.07295473664999008,0.03270076960325241,0.10900973528623581,86387.6875,88.83102416992188,1.5961805582046509,0.08958299458026886,0.0,0.0,145.48365592266714,833.7625936080366
PINN20260414,4,236,pretrain,0.1920921504497528,0.0625917837023735,0.02593967691063881,0.07361012697219849,0.029539277777075768,0.1055336445569992,86476.75,85.93638610839844,1.6277549266815186,0.08757970482110977,0.0,0.0,144.6399152313254,831.0549395196446
PINN20260414,4,238,pretrain,0.1937752664089203,0.0621308796107769,0.025804568082094193,0.0736924260854721,0.03185644373297691,0.10808539390563965,83176.3046875,83.45738220214844,1.6074094772338867,0.0922117605805397,0.0,0.0,144.06636383104836,829.8558233211357
PINN20260414,4,239,pretrain,0.1919606775045395,0.06207730993628502,0.02571830525994301,0.07235871255397797,0.031106263399124146,0.10690198093652725,82427.75,93.30099487304688,1.6451727151870728,0.09491018950939178,0.0,0.0,143.9142539847947,828.5444315183103
PINN20260414,4,241,pretrain,0.18964126706123352,0.06198235601186752,0.025594906881451607,0.0717402771115303,0.02941516786813736,0.10474549233913422,80297.2421875,85.35511779785156,1.623885989189148,0.09761597961187363,0.0,0.0,143.66909407993774,826.5613634207687
PINN20260414,4,242,pretrain,0.19092418253421783,0.06196127459406853,0.025520602241158485,0.07237948477268219,0.03049616701900959,0.10584056377410889,79496.8125,94.36825561523438,1.649429440498352,0.10094839334487915,0.0,0.0,143.4947257850441,826.3000363064255
PINN20260414,4,244,pretrain,0.18813210725784302,0.06199082359671593,0.025404788553714752,0.07110654562711716,0.02870146930217743,0.10334587097167969,77658.484375,92.18071746826172,1.6390135288238525,0.10487845540046692,0.0,0.0,143.82337122100498,824.9758329793667
PINN20260414,4,245,pretrain,0.18821392953395844,0.062003497034311295,0.025325309485197067,0.07036754488945007,0.029426205903291702,0.10391835123300552,77110.75,88.42044067382812,1.6539998054504395,0.10390446335077286,0.0,0.0,143.848111898888,822.4021598342262
PINN20260414,4,247,pretrain,0.18716983497142792,0.061788223683834076,0.025187665596604347,0.06968015432357788,0.029257647693157196,0.10344064235687256,75038.3125,90.10643005371094,1.6589945554733276,0.10797242820262909,0.0,0.0,142.7484333867626,821.0677499451552
PINN20260414,4,248,pretrain,0.18588078022003174,0.061654143035411835,0.025126514956355095,0.06940019130706787,0.028360828757286072,0.10228194296360016,73818.78125,90.67152404785156,1.6483180522918701,0.11101436614990234,0.0,0.0,142.614215466499,820.0665369346563
PINN20260414,4,250,pretrain,0.1860933154821396,0.061594408005476,0.024986058473587036,0.06898624449968338,0.02918485924601555,0.10288872569799423,72180.4453125,91.43819427490234,1.6664927005767822,0.11374342441558838,0.0,0.0,142.49887609205905,817.7159500706831
PINN20260414,4,251,pretrain,0.18507830798625946,0.06157254800200462,0.024935759603977203,0.06862862408161163,0.028515921905636787,0.10194722563028336,71167.2421875,89.72256469726562,1.6463830471038818,0.11668860167264938,0.0,0.0,142.20083728656454,817.3694849943935
PINN20260414,4,253,pretrain,0.1845659762620926,0.06144943833351135,0.02479301206767559,0.06873771548271179,0.028333008289337158,0.1014125868678093,69582.2734375,92.45773315429688,1.665441870689392,0.12036311626434326,0.0,0.0,141.8697892765581,815.2044988835623
PINN20260414,4,254,pretrain,0.1844179928302765,0.06139864772558212,0.02473083697259426,0.06875268369913101,0.02832121215760708,0.1013091504573822,68799.4765625,86.23693084716797,1.6514976024627686,0.1205463707447052,0.0,0.0,141.9419376783162,813.439994713808
PINN20260414,4,256,pretrain,0.18309828639030457,0.06142862141132355,0.024600038304924965,0.06796464323997498,0.027808809652924538,0.10017464309930801,67469.7265625,87.23629760742188,1.6680723428726196,0.12361591309309006,0.0,0.0,142.26826003188484,811.1381664056994
PINN20260414,4,257,pretrain,0.18312877416610718,0.06151316687464714,0.024555718526244164,0.06749595701694489,0.028186287730932236,0.10039789229631424,66837.421875,90.92890930175781,1.6541671752929688,0.12839706242084503,0.0,0.0,142.08533417457272,811.7210881823879
PINN20260414,4,259,pretrain,0.18221741914749146,0.0614340603351593,0.02442559227347374,0.06732100248336792,0.027755677700042725,0.0994960218667984,65610.296875,91.70165252685547,1.6603704690933228,0.13211269676685333,0.0,0.0,141.50315395115757,809.5183367286994
PINN20260414,4,260,pretrain,0.18185436725616455,0.06131162866950035,0.024344924837350845,0.06764876842498779,0.02743339166045189,0.09900839626789093,64831.41015625,86.0513916015625,1.670457363128662,0.13038985431194305,0.0,0.0,141.48159939988662,807.0871622693548
PINN20260414,4,262,pretrain,0.18182431161403656,0.06127794459462166,0.02422104775905609,0.06808660924434662,0.027408242225646973,0.09870854020118713,63726.8046875,84.4422607421875,1.6679601669311523,0.1336231231689453,0.0,0.0,141.8184014307558,804.7682896337305
PINN20260414,4,263,pretrain,0.18157273530960083,0.06143002584576607,0.02417546696960926,0.06795617192983627,0.027294093742966652,0.09822200238704681,63612.453125,93.24775695800781,1.671292781829834,0.14004912972450256,0.0,0.0,142.1851098700212,805.9604518833415
PINN20260414,4,265,pretrain,0.1820487082004547,0.061928436160087585,0.02409084141254425,0.06809142231941223,0.02756970003247261,0.09792973101139069,63400.6015625,93.14112854003906,1.66273033618927,0.14480526745319366,0.0,0.0,143.71568204487986,804.4995338718352
PINN20260414,4,266,pretrain,0.18254268169403076,0.06210414692759514,0.024019349366426468,0.06892861425876617,0.027552630752325058,0.09768964350223541,62649.36328125,81.66728973388672,1.6909459829330444,0.13856148719787598,0.0,0.0,144.46555601595836,800.156000414919
PINN20260414,4,268,pretrain,0.18315784633159637,0.06226436793804169,0.023912018164992332,0.07105366885662079,0.02693965658545494,0.09671157598495483,61857.5625,80.03131103515625,1.6884617805480957,0.14141185581684113,0.0,0.0,144.02610033644945,798.1111294800994
PINN20260414,4,269,pretrain,0.18320587277412415,0.06226613000035286,0.023870054632425308,0.07135261595249176,0.026915406808257103,0.096531942486763,62279.47265625,96.38745880126953,1.6770542860031128,0.15311725437641144,0.0,0.0,142.91730290188798,800.2674162428457
PINN20260414,4,271,pretrain,0.18054848909378052,0.06167786195874214,0.023717008531093597,0.06869195401668549,0.026774991303682327,0.09594370424747467,60560.51171875,93.98883056640625,1.67733895778656,0.15549799799919128,0.0,0.0,140.77125033853682,797.216956041453
PINN20260414,4,272,pretrain,0.178336501121521,0.061168015003204346,0.02361965738236904,0.06639833003282547,0.026648029685020447,0.09554906189441681,58603.90234375,82.04708862304688,1.6843912601470947,0.14998973906040192,0.0,0.0,139.82719524917175,794.3691679565616
PINN20260414,4,274,pretrain,0.17597605288028717,0.06060723960399628,0.023474520072340965,0.0639461800456047,0.026649776846170425,0.09512313455343246,57342.078125,85.44244384765625,1.6819452047348022,0.15617376565933228,0.0,0.0,139.16430262463143,793.0297125581109
PINN20260414,4,275,pretrain,0.17599081993103027,0.06064872816205025,0.0234207920730114,0.06439097225666046,0.026477636769413948,0.09475965052843094,56924.296875,82.08189392089844,1.6755410432815552,0.15658614039421082,0.0,0.0,140.03471946717357,790.8285212357986
PINN20260414,4,277,pretrain,0.17684140801429749,0.06114068627357483,0.02333407662808895,0.06568650901317596,0.0264222864061594,0.09410525858402252,56649.3515625,79.2855224609375,1.687904953956604,0.15785636007785797,0.0,0.0,141.08103140349874,788.7788821970324
PINN20260414,4,278,pretrain,0.17679062485694885,0.061293039470911026,0.02329869009554386,0.06550094485282898,0.026521891355514526,0.09389860928058624,57293.61328125,89.01740264892578,1.6699522733688354,0.16675792634487152,0.0,0.0,140.26091757863273,790.1018130595576
PINN20260414,4,280,pretrain,0.17487043142318726,0.06079075112938881,0.023152833804488182,0.06412865221500397,0.02622193656861782,0.09318289160728455,55741.1796875,87.94833374023438,1.6767017841339111,0.16899098455905914,0.0,0.0,138.41762695959284,787.5172220339058
PINN20260414,4,281,pretrain,0.17378245294094086,0.06045950949192047,0.023071693256497383,0.06331446766853333,0.02608202025294304,0.09288819879293442,54526.140625,81.78450775146484,1.6840237379074097,0.16651234030723572,0.0,0.0,138.03251994548242,785.9687493787524
PINN20260414,4,283,pretrain,0.17274372279644012,0.06033577769994736,0.022956132888793945,0.06239849328994751,0.026061827316880226,0.09235841780900955,54069.21875,83.67243194580078,1.6783088445663452,0.17225007712841034,0.0,0.0,138.07750173136463,784.2395998672855
PINN20260414,4,284,pretrain,0.1726367473602295,0.060375478118658066,0.022898633033037186,0.06262195110321045,0.02595493569970131,0.09197442978620529,53648.484375,80.3868179321289,1.6890690326690674,0.1716712862253189,0.0,0.0,138.30817181434003,782.0497506552892
PINN20260414,4,286,pretrain,0.17261309921741486,0.06042394042015076,0.022791773080825806,0.06324347853660583,0.02578025870025158,0.0913950726389885,53262.10546875,77.9236831665039,1.6865954399108887,0.17435240745544434,0.0,0.0,138.14443443593737,779.7278371329319
PINN20260414,4,287,pretrain,0.1724308431148529,0.060435950756073,0.02273818850517273,0.06317274272441864,0.025799337774515152,0.09116189926862717,53369.328125,85.18314361572266,1.6862258911132812,0.18084834516048431,0.0,0.0,137.74788025819126,779.901956979209
PINN20260414,4,289,pretrain,0.17137207090854645,0.06029997020959854,0.022619547322392464,0.06244324892759323,0.02566433697938919,0.09048955887556076,52674.7265625,84.74179077148438,1.6881039142608643,0.18396328389644623,0.0,0.0,137.2351284065053,777.8259766811597
PINN20260414,4,290,pretrain,0.17068342864513397,0.06017881631851196,0.022556722164154053,0.06196592375636101,0.02555154822766781,0.09011811763048172,51958.09765625,78.85462188720703,1.691499948501587,0.18183444440364838,0.0,0.0,137.0546409625555,776.0375715775622
PINN20260414,4,292,pretrain,0.1695403754711151,0.06001640483736992,0.022436819970607758,0.061066556721925735,0.02547067403793335,0.08949261158704758,51403.078125,79.80131530761719,1.6942647695541382,0.18627828359603882,0.0,0.0,136.50182433533627,774.0684724234673
PINN20260414,4,293,pretrain,0.16912321746349335,0.05996418744325638,0.02238043211400509,0.06081225723028183,0.025418579578399658,0.08919978886842728,51298.85546875,80.26148986816406,1.6885470151901245,0.18911923468112946,0.0,0.0,136.36183770120584,772.9166352201252
PINN20260414,4,295,pretrain,0.16853868961334229,0.05991704389452934,0.022268356755375862,0.06069917976856232,0.02527528628706932,0.08855467289686203,50782.28515625,77.64728546142578,1.6927423477172852,0.1915285438299179,0.0,0.0,136.35456853136606,770.4586296486009
PINN20260414,4,296,pretrain,0.16834042966365814,0.05995247885584831,0.02221693843603134,0.06067299842834473,0.025239933282136917,0.08822926133871078,50838.8125,80.34223937988281,1.6907148361206055,0.19553972780704498,0.0,0.0,136.27093445825122,770.0887124221468
PINN20260414,4,298,pretrain,0.1679956018924713,0.059995803982019424,0.0221130158752203,0.06075422465801239,0.025138821452856064,0.0876026451587677,50576.61328125,80.71122741699219,1.6914381980895996,0.19975657761096954,0.0,0.0,136.2258436154829,768.1059090385909
PINN20260414,4,299,pretrain,0.1678212434053421,0.059963103383779526,0.02205803617835045,0.060900550335645676,0.025041813030838966,0.08730929344892502,49977.5078125,74.69719696044922,1.7002202272415161,0.1971409022808075,0.0,0.0,136.32746507719932,766.0822410159369
PINN20260414,4,301,physics,24832.611328125,0.0599474161863327,0.02195289358496666,0.06112806499004364,0.02493436075747013,0.08679722249507904,49634.3984375,73.57778930664062,1.7004096508026123,0.2002377212047577,0.0,0.0,482.90193750905576,849.9901470017168
PINN20260414,5,1,pretrain,5.99375581741333,3.0374178886413574,1.0465044975280762,2.0235495567321777,1.022918939590454,0.9916730523109436,66329752.0,16562.908203125,5.800039768218994,0.8802359104156494,0.0,0.0,2216.0567456633416,1773.739341053245
PINN20260414,5,3,pretrain,5.410284996032715,2.6826093196868896,0.9177283644676208,1.8856987953186035,0.9731014370918274,0.9456666111946106,55742224.0,7751.65478515625,6.490412712097168,0.4348021149635315,0.0,0.0,2093.180952521783,1676.775327824214
PINN20260414,5,4,pretrain,5.127900123596191,2.5129549503326416,0.8598251342773438,1.8128838539123535,0.946390688419342,0.921596884727478,51161664.0,8646.5244140625,7.637418746948242,0.2880795896053314,0.0,0.0,2019.3776268939894,1616.5740007806633
PINN20260414,5,6,pretrain,4.516109943389893,2.1434807777404785,0.7412357926368713,1.6500310897827148,0.8858726620674133,0.8705452084541321,42097028.0,10889.921875,13.104816436767578,0.04286171495914459,0.0,0.0,1841.5190061468277,1464.0035860611817
PINN20260414,5,7,pretrain,4.193018913269043,1.9489814043045044,0.6779502034187317,1.5639995336532593,0.8529424071311951,0.844200611114502,37448828.0,11804.2548828125,18.637340545654297,0.012230739928781986,0.0,0.0,1744.5876303585326,1375.9116068992223
PINN20260414,5,9,pretrain,3.584254503250122,1.5885624885559082,0.5444087386131287,1.4121919870376587,0.7882750034332275,0.7950791716575623,28201936.0,15214.25,41.37089538574219,0.002673616399988532,0.0,0.0,1572.5570736860395,1201.8357832915444
PINN20260414,5,10,pretrain,3.335542917251587,1.4461841583251953,0.47657662630081177,1.3594987392425537,0.7604280114173889,0.7764536142349243,23891378.0,18455.86328125,62.430152893066406,0.0008093559299595654,0.0,0.0,1515.2862765827454,1130.1241635324855
PINN20260414,5,12,pretrain,2.9953815937042236,1.2671834230422974,0.3479342460632324,1.3006949424743652,0.7204403877258301,0.7625155448913574,16563770.0,23250.814453125,122.47809600830078,0.0,0.0,0.0,1459.5121616485421,1036.9243583791442
PINN20260414,5,13,pretrain,2.87716007232666,1.211578130722046,0.291766881942749,1.277153730392456,0.7075088620185852,0.7657452821731567,13585840.0,19803.880859375,137.55343627929688,0.0,0.0,0.0,1431.0123165088412,998.4655414685076
PINN20260414,5,15,pretrain,2.608161687850952,1.0648006200790405,0.20437176525592804,1.204899787902832,0.6846665740013123,0.7661144137382507,8685978.0,6957.0068359375,59.1332893371582,0.0,0.0,0.0,1307.47213163417,876.7276159104377
PINN20260414,5,16,pretrain,2.4360296726226807,0.956505298614502,0.1724906861782074,1.1588268280029297,0.6706711649894714,0.7559342384338379,6737167.5,8885.5302734375,22.565982818603516,0.0,0.0,0.0,1218.8179724634847,796.3498759967255
PINN20260414,5,18,pretrain,2.08658766746521,0.727799117565155,0.12300746887922287,1.0748445987701416,0.6376651525497437,0.7208198308944702,3950163.75,25873.2734375,26.204692840576172,0.0,0.0,0.0,1056.5980787413916,664.6003498343948
PINN20260414,5,19,pretrain,1.950077772140503,0.640586793422699,0.10304456204175949,1.045579195022583,0.6212795376777649,0.7023921608924866,3083243.25,32318.634765625,31.86729621887207,0.0,0.0,0.0,1007.1032407355266,637.9351456065107
PINN20260414,5,21,pretrain,1.7944241762161255,0.5448957681655884,0.07899852842092514,1.0185761451721191,0.5940899848937988,0.6750957369804382,2076181.625,36054.73828125,33.20782470703125,0.0,0.0,0.0,955.8123508304336,638.6461021175969
PINN20260414,5,22,pretrain,1.7557997703552246,0.5161519050598145,0.07873819768428802,1.0171610116958618,0.5835012197494507,0.6659204959869385,1764966.25,35735.9375,31.82459831237793,0.0,0.0,0.0,925.2670560438213,633.1048244564245
PINN20260414,5,24,pretrain,1.6680731773376465,0.434231698513031,0.09339641779661179,1.017531394958496,0.5637356638908386,0.6462223529815674,1236406.0,33196.796875,28.737863540649414,0.0,0.0,0.0,816.5876024652836,568.2630882786599
PINN20260414,5,25,pretrain,1.601848840713501,0.3785260319709778,0.09925657510757446,1.0115913152694702,0.5523497462272644,0.6320456266403198,994262.5625,30283.8828125,27.132415771484375,0.0,0.0,0.0,751.219633329694,520.6036760338905
PINN20260414,5,27,pretrain,1.4633591175079346,0.2875277101993561,0.09649830311536789,0.9865142107009888,0.5245696306228638,0.5937926173210144,636549.625,21131.744140625,22.327301025390625,0.0,0.0,0.0,671.6165433117324,477.4032460876235
PINN20260414,5,28,pretrain,1.4154870510101318,0.2702542543411255,0.09025472402572632,0.973233163356781,0.5083494186401367,0.5714985132217407,549660.25,15962.7275390625,18.7938289642334,0.0,0.0,0.0,667.5397226008351,501.235348913063
PINN20260414,5,30,pretrain,1.3591587543487549,0.26913267374038696,0.07887180149555206,0.9569834470748901,0.47236499190330505,0.5275850296020508,491508.53125,7797.4892578125,11.645010948181152,0.0,0.0,0.0,664.7779939573812,587.129963253452
PINN20260414,5,31,pretrain,1.329759955406189,0.2619367837905884,0.07520323991775513,0.9527649879455566,0.45386946201324463,0.5089074969291687,460520.34375,5228.9169921875,9.161811828613281,0.0,0.0,0.0,647.6914533556854,629.6952884133722
PINN20260414,5,33,pretrain,1.254122257232666,0.22602835297584534,0.06789840757846832,0.9399317502975464,0.4216141700744629,0.48234108090400696,346523.78125,2664.33056640625,6.389676094055176,0.0,0.0,0.0,605.5172633790056,700.540840172791
PINN20260414,5,34,pretrain,1.218714714050293,0.20966017246246338,0.06314677000045776,0.9289509057998657,0.40983846783638,0.4744621813297272,293524.25,2162.816650390625,5.632993698120117,0.0,0.0,0.0,591.2384776889947,720.2530588272431
PINN20260414,5,36,pretrain,1.1668281555175781,0.18897077441215515,0.054418694227933884,0.9056318998336792,0.39441078901290894,0.4663577675819397,264582.34375,1856.00244140625,4.440183162689209,0.0,0.0,0.0,559.3413258020545,704.6950803361692
PINN20260414,5,37,pretrain,1.1451797485351562,0.17749924957752228,0.05198927968740463,0.89780592918396,0.3885958194732666,0.46393439173698425,280037.8125,1866.8045654296875,3.866133213043213,0.0,0.0,0.0,533.2515529747664,670.86632424053
PINN20260414,5,39,pretrain,1.0993422269821167,0.14669321477413177,0.05003603175282478,0.8900810480117798,0.3762665390968323,0.456129789352417,303253.96875,2445.2568359375,3.276409149169922,0.0,0.0,0.0,477.29400006704464,586.0929427147199
PINN20260414,5,40,pretrain,1.076715111732483,0.13335737586021423,0.04888138175010681,0.8863277435302734,0.3695680797100067,0.4492573142051697,296688.78125,3043.66796875,3.3721566200256348,0.0,0.0,0.0,459.6449886869213,551.4378081434025
PINN20260414,5,42,pretrain,1.0387593507766724,0.12122312188148499,0.0450027771294117,0.8725391626358032,0.3566812574863434,0.43067601323127747,255283.640625,4408.037109375,3.7033324241638184,0.0,0.0,0.0,448.2819983001771,513.2895442632745
PINN20260414,5,43,pretrain,1.0240362882614136,0.12049461901187897,0.04348262399435043,0.8637475967407227,0.35045790672302246,0.4206477701663971,229360.515625,4902.0869140625,3.6327788829803467,0.0,0.0,0.0,447.1314998129745,506.2296909506593
PINN20260414,5,45,pretrain,1.0000940561294556,0.12027912586927414,0.043545644730329514,0.8483824133872986,0.336509644985199,0.40269017219543457,185081.421875,4888.9169921875,3.165907621383667,0.0,0.0,0.0,442.3680947468974,504.7402487913957
PINN20260414,5,46,pretrain,0.9887174367904663,0.11904504895210266,0.04424669221043587,0.8420186042785645,0.32855963706970215,0.3952801525592804,170983.3125,4414.1259765625,2.9975719451904297,0.0,0.0,0.0,439.00021355347883,508.3388848740572
PINN20260414,5,48,pretrain,0.9645633697509766,0.11498534679412842,0.043918218463659286,0.8295730352401733,0.3128640651702881,0.383107990026474,162120.40625,3147.059814453125,2.892273426055908,0.0,0.0,0.0,432.4805812114574,520.3846834314015
PINN20260414,5,49,pretrain,0.953055739402771,0.11264625936746597,0.043220605701208115,0.8240364193916321,0.30613911151885986,0.3779110014438629,167138.4375,2584.925048828125,2.9140613079071045,0.0,0.0,0.0,428.8598984516972,526.64720757828
PINN20260414,5,51,pretrain,0.9341204166412354,0.10746137797832489,0.043274249881505966,0.816317081451416,0.2951526641845703,0.36837661266326904,190457.96875,1806.835693359375,3.0231199264526367,2.2141261979413684e-06,0.0,0.0,419.5475241256942,536.9741031930683
PINN20260414,5,52,pretrain,0.9255540370941162,0.10473097860813141,0.04393186420202255,0.8129645586013794,0.29007983207702637,0.36373382806777954,202218.578125,1574.7894287109375,3.0732882022857666,2.8643236873904243e-05,0.0,0.0,414.05424991780967,541.4702785010458
PINN20260414,5,54,pretrain,0.9058972001075745,0.09965954720973969,0.044237107038497925,0.8036220073699951,0.27897095680236816,0.3541727066040039,207622.109375,1272.28662109375,3.0947554111480713,0.00022357088164426386,0.0,0.0,402.98028410208855,549.3128946693314
PINN20260414,5,55,pretrain,0.8950994610786438,0.0975421741604805,0.043578069657087326,0.7980999946594238,0.2730121910572052,0.3492598831653595,200770.671875,1180.7442626953125,3.0671756267547607,0.00041789995157159865,0.0,0.0,398.4660627017061,551.4856072464629
PINN20260414,5,57,pretrain,0.8751003742218018,0.09460844844579697,0.042034804821014404,0.7874844074249268,0.2616557478904724,0.3394222557544708,185209.109375,1182.24609375,3.0142829418182373,0.0010648963507264853,0.0,0.0,393.29795480017435,548.2971650938932
PINN20260414,5,58,pretrain,0.8658115267753601,0.09374783933162689,0.04163987934589386,0.7815625667572021,0.2564769685268402,0.33444687724113464,183096.359375,1299.64306640625,3.0287656784057617,0.0015524245100095868,0.0,0.0,392.1093398211779,542.6572928653959
PINN20260414,5,60,pretrain,0.8458223342895508,0.09241609275341034,0.041297852993011475,0.7661998271942139,0.246432363986969,0.324150025844574,194387.625,1663.062744140625,3.1794424057006836,0.0029184436425566673,0.0,0.0,389.5692132022242,528.9976961197468
PINN20260414,5,61,pretrain,0.8351317644119263,0.0915776938199997,0.04111853986978531,0.7576843500137329,0.24133625626564026,0.31902822852134705,206362.921875,1841.133056640625,3.2925899028778076,0.0037893224507570267,0.0,0.0,387.26589702683606,524.0596936418599
PINN20260414,5,63,pretrain,0.8139606714248657,0.08900856971740723,0.04083630442619324,0.7414253354072571,0.2313828468322754,0.30974939465522766,233575.90625,2046.5074462890625,3.467381477355957,0.005861205980181694,0.0,0.0,380.12117722510544,520.608238025485
PINN20260414,5,64,pretrain,0.803200364112854,0.08733808994293213,0.04074832797050476,0.7329891920089722,0.22672094404697418,0.30556347966194153,243531.125,2047.122802734375,3.485414981842041,0.007079878821969032,0.0,0.0,375.8626120339718,521.0471727684549
PINN20260414,5,66,pretrain,0.7802706956863403,0.08381445705890656,0.04049292206764221,0.7141326665878296,0.2175852507352829,0.2970964014530182,249720.59375,1856.907470703125,3.382709503173828,0.010027271695435047,0.0,0.0,367.6696462179058,522.9610406139257
PINN20260414,5,67,pretrain,0.7686294317245483,0.08213630318641663,0.0403890497982502,0.7045978307723999,0.2127784788608551,0.2926235795021057,248290.140625,1693.7713623046875,3.302591323852539,0.011812280863523483,0.0,0.0,364.09710672429134,523.7572493531712
PINN20260414,5,69,pretrain,0.746016263961792,0.07911963015794754,0.04042324423789978,0.6863255500793457,0.20259059965610504,0.2834530174732208,247792.140625,1338.369384765625,3.1968536376953125,0.016078989952802658,0.0,0.0,358.17081949469303,523.9773074761921
PINN20260414,5,70,pretrain,0.7347260117530823,0.07779446244239807,0.040488019585609436,0.6768001914024353,0.1974620372056961,0.27895236015319824,252004.0,1194.0885009765625,3.1900877952575684,0.018579328432679176,0.0,0.0,355.6349515303579,523.1521348995911
PINN20260414,5,72,pretrain,0.7120182514190674,0.07533441483974457,0.04041467607021332,0.6569274663925171,0.18750163912773132,0.2703898847103119,270486.5625,1028.5499267578125,3.22981858253479,0.024348948150873184,0.0,0.0,350.36728496679024,521.2443644779289
PINN20260414,5,73,pretrain,0.7007114291191101,0.07404940575361252,0.04018328711390495,0.6471385955810547,0.18273216485977173,0.26627877354621887,282705.09375,999.4043579101562,3.2393758296966553,0.027883414179086685,0.0,0.0,347.21317974336745,521.6668896431898
PINN20260414,5,75,pretrain,0.6773432493209839,0.07115381956100464,0.0392957404255867,0.6266488432884216,0.17391081154346466,0.2583984434604645,306701.15625,1029.6337890625,3.167604684829712,0.036743272095918655,0.0,0.0,340.018152088973,527.185273409643
PINN20260414,5,76,pretrain,0.6651524305343628,0.06963053345680237,0.038739096373319626,0.615584135055542,0.1696890890598297,0.25460895895957947,317850.625,1081.67333984375,3.0902981758117676,0.04215007275342941,0.0,0.0,336.3351425661612,530.860710309211
PINN20260414,5,78,pretrain,0.6404920220375061,0.06665345281362534,0.0376717671751976,0.592843234539032,0.1610693335533142,0.24713493883609772,341348.59375,1202.9462890625,2.9093570709228516,0.05592295154929161,0.0,0.0,328.716752121032,533.4258383318154
PINN20260414,5,79,pretrain,0.6278921365737915,0.06516478955745697,0.03720146790146828,0.5809454917907715,0.15673719346523285,0.2434079498052597,354126.28125,1225.4637451171875,2.8131210803985596,0.06481348723173141,0.0,0.0,324.7988800781185,531.3760732757921
PINN20260414,5,81,pretrain,0.6021437644958496,0.062253594398498535,0.036346372216939926,0.5557433366775513,0.14831601083278656,0.23608125746250153,375899.65625,1120.6392822265625,2.589143991470337,0.08706694841384888,0.0,0.0,317.53476679727527,524.4691363655253
PINN20260414,5,82,pretrain,0.5893245339393616,0.06089140474796295,0.03589456155896187,0.5428996682167053,0.14429417252540588,0.23252001404762268,380304.59375,1017.5255126953125,2.462507724761963,0.10103306174278259,0.0,0.0,314.21658533565665,521.2705931183918
PINN20260414,5,84,pretrain,0.5633196234703064,0.0583152137696743,0.0347810797393322,0.5164700746536255,0.13650546967983246,0.22539064288139343,370074.125,816.33740234375,2.2131378650665283,0.13589534163475037,0.0,0.0,307.7099765810332,516.2299027565141
PINN20260414,5,85,pretrain,0.5501385927200317,0.057043008506298065,0.0341481938958168,0.5030140280723572,0.13267014920711517,0.2218010574579239,358776.65625,740.8016357421875,2.104619026184082,0.15713369846343994,0.0,0.0,304.38099326748375,514.3748025516024
PINN20260414,5,87,pretrain,0.523715078830719,0.05443362891674042,0.0328453928232193,0.47607165575027466,0.12520988285541534,0.21455633640289307,339315.6875,644.4528198242188,1.9374144077301025,0.20809629559516907,0.0,0.0,297.5961766807497,512.7979012242542
PINN20260414,5,88,pretrain,0.5103179812431335,0.053103089332580566,0.032176703214645386,0.46229416131973267,0.12165254354476929,0.21087203919887543,334049.25,621.8890380859375,1.874784231185913,0.237674742937088,0.0,0.0,294.20628126792263,512.9043526818621
PINN20260414,5,90,pretrain,0.48367732763290405,0.05043671280145645,0.030889054760336876,0.43463730812072754,0.11495811492204666,0.20352745056152344,324694.625,629.356689453125,1.7731753587722778,0.3041161000728607,0.0,0.0,287.52377619077,513.0639275470455
PINN20260414,5,91,pretrain,0.47042375802993774,0.04911811649799347,0.03025989979505539,0.42071062326431274,0.11179061979055405,0.19991016387939453,315848.9375,657.56005859375,1.7348041534423828,0.34039998054504395,0.0,0.0,284.2311174467004,512.7717876892215
PINN20260414,5,93,pretrain,0.4443187415599823,0.04653872922062874,0.028923053294420242,0.3932553231716156,0.1057526096701622,0.19277459383010864,289703.40625,712.1653442382812,1.6797561645507812,0.41681134700775146,0.0,0.0,277.7968007375175,510.79447921840347
PINN20260414,5,94,pretrain,0.43156862258911133,0.0452948734164238,0.028213178738951683,0.37980303168296814,0.10291201621294022,0.1893131285905838,275463.75,712.9874877929688,1.646077275276184,0.45665621757507324,0.0,0.0,274.66132554475155,508.52504240204337
PINN20260414,5,96,pretrain,0.4068260192871094,0.042905136942863464,0.02673305571079254,0.3536386489868164,0.09765506535768509,0.182578444480896,248017.0,662.0958862304688,1.5397218465805054,0.5401459336280823,0.0,0.0,268.5068667650792,503.2153490306113
PINN20260414,5,97,pretrain,0.3949539065361023,0.041744280606508255,0.025971416383981705,0.3411199152469635,0.09522081911563873,0.17934441566467285,235317.4375,631.979248046875,1.4781054258346558,0.5821641087532043,0.0,0.0,265.42786802632463,502.01721210532213
PINN20260414,5,99,pretrain,0.372209370136261,0.03944602608680725,0.0244024395942688,0.3173559010028839,0.09064006060361862,0.1731436401605606,214874.84375,591.09765625,1.3654966354370117,0.6599345207214355,0.0,0.0,259.13641135027706,501.71867116941144
PINN20260414,5,100,pretrain,0.36146634817123413,0.038312651216983795,0.023597845807671547,0.30629676580429077,0.08850270509719849,0.17019255459308624,207089.484375,576.5443725585938,1.3155497312545776,0.6956250071525574,0.0,0.0,255.8489315616737,500.4422731444657
PINN20260414,5,102,pretrain,0.3411453068256378,0.03604067489504814,0.02200169861316681,0.2857409119606018,0.0843750461935997,0.1646174043416977,192013.453125,546.8069458007812,1.2308263778686523,0.763186514377594,0.0,0.0,248.83589126420247,495.6834612431607
PINN20260414,5,104,pretrain,0.32251766324043274,0.033745016902685165,0.020481133833527565,0.2674371004104614,0.08044593781232834,0.15949423611164093,174707.8125,506.5744934082031,1.168838620185852,0.8185643553733826,0.0,0.0,241.26169822673884,493.07731074852757
PINN20260414,5,105,pretrain,0.3138306736946106,0.03259323164820671,0.019774388521909714,0.25907793641090393,0.07855924963951111,0.15709492564201355,166359.46875,476.7975769042969,1.1392979621887207,0.8394749760627747,0.0,0.0,237.3071009393735,492.3048788606507
PINN20260414,5,107,pretrain,0.29752635955810547,0.030332349240779877,0.018486760556697845,0.24355629086494446,0.07494229078292847,0.15258778631687164,153294.125,394.8916320800781,1.0745614767074585,0.8714349269866943,0.0,0.0,229.01954747357266,489.54460662436065
PINN20260414,5,108,pretrain,0.28985950350761414,0.029216066002845764,0.017897706478834152,0.2363046407699585,0.07321912795305252,0.15050965547561646,148540.5,352.4118957519531,1.0412787199020386,0.8829309940338135,0.0,0.0,224.71714860019028,488.249503968002
PINN20260414,5,110,pretrain,0.2752929925918579,0.027015767991542816,0.016824612393975258,0.22256675362586975,0.0698857307434082,0.14664636552333832,141469.234375,291.02362060546875,0.9764202833175659,0.8903734683990479,0.0,0.0,215.9472320527633,489.1803412341915
PINN20260414,5,111,pretrain,0.2683265209197998,0.025945480912923813,0.01634441316127777,0.21597665548324585,0.06824837625026703,0.14484034478664398,138880.171875,274.6638488769531,0.9482119083404541,0.8844048976898193,0.0,0.0,211.58185842009235,491.340608692178
PINN20260414,5,113,pretrain,0.25484251976013184,0.023927977308630943,0.015477855689823627,0.2030099332332611,0.06503215432167053,0.14142684638500214,134667.734375,265.437255859375,0.9049574136734009,0.8589966893196106,0.0,0.0,203.05272752723613,497.04665273996164
PINN20260414,5,114,pretrain,0.24831029772758484,0.022994279861450195,0.015085168182849884,0.1965687870979309,0.06346570700407028,0.13984063267707825,132933.9375,265.0072021484375,0.8888981342315674,0.8420445919036865,0.0,0.0,198.9655866915181,500.8551749258462
PINN20260414,5,116,pretrain,0.2356339991092682,0.02130238711833954,0.014390332624316216,0.18371334671974182,0.06045408174395561,0.13681940734386444,130631.8671875,260.2581481933594,0.8669652938842773,0.7982780337333679,0.0,0.0,191.3427879487492,510.05713527996056
PINN20260414,5,117,pretrain,0.2295149564743042,0.020543254911899567,0.014085851609706879,0.17734284698963165,0.05901962146162987,0.1353788822889328,129898.4296875,254.4861602783203,0.862066924571991,0.7715312838554382,0.0,0.0,187.84282201151578,514.7015215151399
PINN20260414,5,119,pretrain,0.21782150864601135,0.019181739538908005,0.013559220358729362,0.16487540304660797,0.05634221434593201,0.13266049325466156,128638.8671875,241.84625244140625,0.8664579391479492,0.7113180160522461,0.0,0.0,181.59094011334926,524.2504172625903
PINN20260414,5,120,pretrain,0.21228837966918945,0.01857874169945717,0.013335870578885078,0.15884935855865479,0.05509119853377342,0.13138969242572784,128010.296875,236.87603759765625,0.8746853470802307,0.6789587736129761,0.0,0.0,178.8407221698962,529.4087208858577
PINN20260414,5,122,pretrain,0.20196563005447388,0.017515620216727257,0.012961613945662975,0.1474406123161316,0.05283225700259209,0.12896689772605896,126776.8671875,230.73561096191406,0.8984353542327881,0.6127092242240906,0.0,0.0,173.92613037759736,540.5831631210872
PINN20260414,5,123,pretrain,0.19719329476356506,0.017040124163031578,0.012811030261218548,0.14211979508399963,0.05183374136686325,0.1277979612350464,126272.8828125,227.41058349609375,0.9125324487686157,0.5801932215690613,0.0,0.0,171.72949522796017,546.0968320728476
PINN20260414,5,125,pretrain,0.18842598795890808,0.016178181394934654,0.012577231973409653,0.13229751586914062,0.05009261891245842,0.12554091215133667,125391.015625,215.23806762695312,0.9421125054359436,0.5205757021903992,0.0,0.0,167.77797596451686,556.8285193845588
PINN20260414,5,126,pretrain,0.18440473079681396,0.01578349433839321,0.012487937696278095,0.1277965009212494,0.049328021705150604,0.12444356083869934,125114.3515625,205.18861389160156,0.9568867683410645,0.49377912282943726,0.0,0.0,165.91764829464344,562.7480841815457
PINN20260414,5,128,pretrain,0.1769755482673645,0.015035232529044151,0.012350996024906635,0.11955045908689499,0.047991931438446045,0.12226492166519165,125238.0859375,180.30990600585938,0.982990026473999,0.44581109285354614,0.0,0.0,162.2616701792971,575.5815537350029
PINN20260414,5,129,pretrain,0.1735215187072754,0.014674459584057331,0.012297993525862694,0.11574395000934601,0.04741034284234047,0.12119631469249725,125551.9375,168.28622436523438,0.9931032657623291,0.42482298612594604,0.0,0.0,160.4796217105929,581.6695260197151
PINN20260414,5,131,pretrain,0.16702595353126526,0.013960986398160458,0.012202373705804348,0.10865366458892822,0.046361807733774185,0.11913229525089264,125858.3515625,149.05706787109375,1.0075136423110962,0.38905754685401917,0.0,0.0,156.92608729908486,591.3672452461329
PINN20260414,5,132,pretrain,0.16394934058189392,0.013600251637399197,0.01215414609760046,0.1053398847579956,0.04587596282362938,0.11814290285110474,125601.6171875,141.53323364257812,1.0118598937988281,0.3741225600242615,0.0,0.0,155.10674877523866,595.6229931760525
PINN20260414,5,134,pretrain,0.15811213850975037,0.01288444921374321,0.01206402387470007,0.09909439086914062,0.04500148445367813,0.11623847484588623,124935.734375,125.32190704345703,1.014513373374939,0.3495914936065674,0.0,0.0,151.43840280374724,604.091725237153
PINN20260414,5,135,pretrain,0.15534746646881104,0.012538520619273186,0.012022934854030609,0.09613517671823502,0.04461203143000603,0.11532935500144958,124692.4375,115.31358337402344,1.0128846168518066,0.3403395712375641,0.0,0.0,149.59755256813193,608.1571034691611
PINN20260414,5,137,pretrain,0.15014514327049255,0.011869186535477638,0.01194419339299202,0.09056933224201202,0.04390460625290871,0.11363428831100464,123975.1484375,94.3319091796875,1.0062785148620605,0.326802521944046,0.0,0.0,145.94315433371654,615.7540093251525
PINN20260414,5,138,pretrain,0.14771458506584167,0.01154860109090805,0.011904453858733177,0.08796872198581696,0.043573345988988876,0.1128636971116066,123201.0546875,85.56095886230469,1.0021624565124512,0.3213510513305664,0.0,0.0,144.16159823701318,619.6621811519564
PINN20260414,5,140,pretrain,0.1432097852230072,0.010947728529572487,0.011825057677924633,0.08312874287366867,0.042954716831445694,0.11148575693368912,120927.9921875,72.93809509277344,0.9932374954223633,0.3113178610801697,0.0,0.0,140.77564153645332,627.1376692959848
PINN20260414,5,141,pretrain,0.1411372423171997,0.010667738504707813,0.011784815229475498,0.08089639246463776,0.04267047345638275,0.11087124794721603,119489.7578125,68.06581115722656,0.9880819320678711,0.3072073459625244,0.0,0.0,139.16022549340383,630.5198747858785
PINN20260414,5,143,pretrain,0.13734102249145508,0.010144862346351147,0.011702513322234154,0.07680843770503998,0.0421501062810421,0.10977809131145477,116397.4296875,58.10350036621094,0.9780356884002686,0.3002251088619232,0.0,0.0,136.08160465323738,636.8170851979397
PINN20260414,5,144,pretrain,0.13560838997364044,0.009903013706207275,0.01165910717099905,0.07494539022445679,0.04190456122159958,0.10929805785417557,114822.1875,53.07002258300781,0.9743243455886841,0.29663681983947754,0.0,0.0,134.61542445054354,639.8123504200274
PINN20260414,5,146,pretrain,0.1324467808008194,0.00945627223700285,0.011564931832253933,0.07156588137149811,0.04142605885863304,0.10845723003149033,111532.4296875,44.55658721923828,0.9701828360557556,0.288899302482605,0.0,0.0,131.83046493271198,645.245834934252
PINN20260414,5,147,pretrain,0.13100282847881317,0.00925005879253149,0.011512640863656998,0.07003550231456757,0.041192322969436646,0.10808885097503662,109821.828125,41.70200729370117,0.9694392681121826,0.2847435772418976,0.0,0.0,130.51004211841325,647.9557517685911
PINN20260414,5,149,pretrain,0.12835633754730225,0.008868121542036533,0.011395479552447796,0.06726662069559097,0.0407368466258049,0.1074342355132103,106415.6875,38.436744689941406,0.9704615473747253,0.2753159999847412,0.0,0.0,127.97232137873604,653.4113367550336
PINN20260414,5,150,pretrain,0.12714187800884247,0.008689545094966888,0.011330259963870049,0.06601995974779129,0.04051533713936806,0.10714001208543777,104764.6875,37.08457946777344,0.9716566801071167,0.2702895998954773,0.0,0.0,126.75218424523302,655.9054333514855
PINN20260414,5,152,pretrain,0.12490572035312653,0.008355727419257164,0.011185052804648876,0.06377491354942322,0.04008334130048752,0.1066073402762413,101634.03125,33.51732635498047,0.9734302759170532,0.26084277033805847,0.0,0.0,124.4069329295498,660.3349055592927
PINN20260414,5,153,pretrain,0.1238744854927063,0.008199594914913177,0.011105423793196678,0.06276769936084747,0.03987085074186325,0.10636316984891891,100119.703125,31.678247451782227,0.9739964008331299,0.25640127062797546,0.0,0.0,123.26480799735585,662.3120724024287
PINN20260414,5,155,pretrain,0.1219635009765625,0.007903983816504478,0.010933354496955872,0.06096615269780159,0.039453767240047455,0.1059032678604126,96985.3671875,29.556615829467773,0.9747970104217529,0.24793541431427002,0.0,0.0,121.06066886844381,666.08579120861
PINN20260414,5,156,pretrain,0.1210746169090271,0.0077652037143707275,0.010841218754649162,0.060158684849739075,0.039247576147317886,0.10568438470363617,95449.8125,29.382749557495117,0.9749588966369629,0.244174987077713,0.0,0.0,120.00595281458958,667.9107350537196
PINN20260414,5,158,pretrain,0.11940696835517883,0.007505152374505997,0.010646680369973183,0.05870092660188675,0.03883249685168266,0.10526183992624283,92604.1796875,29.2600040435791,0.9738356471061707,0.23821401596069336,0.0,0.0,117.94437248126762,671.2063766085658
PINN20260414,5,159,pretrain,0.11861913651227951,0.00738191045820713,0.010544818826019764,0.05804072320461273,0.03862197324633598,0.10505630075931549,91219.7890625,28.865009307861328,0.9723812341690063,0.2360173463821411,0.0,0.0,116.93588404148018,672.7247301088314
PINN20260414,5,161,pretrain,0.1171163022518158,0.007147279568016529,0.010333086363971233,0.05683334916830063,0.03818972408771515,0.10465329885482788,88460.328125,27.533119201660156,0.9677202105522156,0.23331232368946075,0.0,0.0,114.97020673852857,675.6560238020527
PINN20260414,5,162,pretrain,0.11639513075351715,0.007035222835838795,0.010224062018096447,0.056278329342603683,0.03796667233109474,0.10445397347211838,87071.21875,26.844974517822266,0.9644792079925537,0.2329079657793045,0.0,0.0,114.01101149532663,677.0699049950456
PINN20260414,5,164,pretrain,0.11500242352485657,0.006821030285209417,0.010001972317695618,0.055249787867069244,0.03750033304095268,0.1040596142411232,84248.203125,25.864694595336914,0.9571194648742676,0.23342099785804749,0.0,0.0,112.15341142966851,679.8676341759475
PINN20260414,5,165,pretrain,0.11432775110006332,0.0067193456925451756,0.009889754466712475,0.054770782589912415,0.03725363686680794,0.10386534780263901,82838.453125,25.46103286743164,0.9531054496765137,0.234138622879982,0.0,0.0,111.25918150314607,681.2181414569051
PINN20260414,5,167,pretrain,0.11301761865615845,0.0065278904512524605,0.00966478418558836,0.05387084558606148,0.0367361456155777,0.10348187386989594,80043.25,24.181339263916016,0.9436179399490356,0.23680417239665985,0.0,0.0,109.56104266714743,684.0094571714634
PINN20260414,5,168,pretrain,0.1123812273144722,0.006438667885959148,0.009552646428346634,0.053446002304553986,0.03646629676222801,0.10329263657331467,78654.171875,23.341999053955078,0.9381935596466064,0.2386859655380249,0.0,0.0,108.76642296970606,685.5888436227649
PINN20260414,5,170,pretrain,0.11114544421434402,0.006273186299949884,0.009330696426331997,0.05264092609286308,0.03590548783540726,0.10292190313339233,75859.1015625,21.609481811523438,0.9267225861549377,0.24285981059074402,0.0,0.0,107.27363066447178,688.5847124718933
PINN20260414,5,171,pretrain,0.11054657399654388,0.006196850910782814,0.009221695363521576,0.052258506417274475,0.03561663627624512,0.10274122655391693,74507.4140625,20.698957443237305,0.9210027456283569,0.2449478805065155,0.0,0.0,106.57185167910193,689.5825956692933
PINN20260414,5,173,pretrain,0.10939072072505951,0.006057065911591053,0.009007245302200317,0.05153479427099228,0.035028938204050064,0.10239081084728241,71840.75,19.258983612060547,0.9094212055206299,0.24944652616977692,0.0,0.0,105.26698293060602,691.5459583426108
PINN20260414,5,174,pretrain,0.10884010046720505,0.005993778817355633,0.008899753913283348,0.051201626658439636,0.03473760187625885,0.10222099721431732,70226.5390625,19.294694900512695,0.9027166962623596,0.2525967061519623,0.0,0.0,104.6969725192066,694.4417722170808
PINN20260414,5,176,pretrain,0.10790742188692093,0.005886527244001627,0.0086917569860816,0.050712574273347855,0.03419502452015877,0.101923868060112,67277.3359375,19.26589584350586,0.8902487754821777,0.2584175765514374,0.0,0.0,103.91678987897,699.3121173696335
PINN20260414,5,177,pretrain,0.10779687762260437,0.005860461853444576,0.008607798255980015,0.05085796117782593,0.034008633345365524,0.10186389833688736,67798.984375,15.645167350769043,0.8908247947692871,0.2553296983242035,0.0,0.0,104.12590035625142,688.707031327545
PINN20260414,5,179,pretrain,0.1123364269733429,0.006192206870764494,0.008467430248856544,0.05649743974208832,0.035073455423116684,0.10288485884666443,68446.7421875,11.043851852416992,0.8909624814987183,0.25156834721565247,0.0,0.0,110.84513760761001,678.3343801179475
PINN20260414,5,180,pretrain,0.11932537704706192,0.006811583414673805,0.008367587812244892,0.0645550787448883,0.037207216024398804,0.10440757870674133,59407.3125,29.59711456298828,0.8625634908676147,0.28372809290885925,0.0,0.0,112.79541508440181,721.8708766116001
PINN20260414,5,182,pretrain,0.10937416553497314,0.0060363709926605225,0.008144553750753403,0.0538589246571064,0.03387591242790222,0.10191287100315094,58395.86328125,24.2161865234375,0.8576282262802124,0.2807716429233551,0.0,0.0,101.19079094401329,693.1825832708147
PINN20260414,5,183,pretrain,0.10539062321186066,0.005625918973237276,0.008039544336497784,0.04971638694405556,0.032527755945920944,0.10098427534103394,58508.53125,20.907495498657227,0.8556019067764282,0.27565550804138184,0.0,0.0,107.5614831445253,717.7913171667655
PINN20260414,5,185,pretrain,0.10983722656965256,0.006035841070115566,0.00789868924766779,0.055139683187007904,0.03363291546702385,0.1018909141421318,55204.58984375,26.4921875,0.8454630374908447,0.28679123520851135,0.0,0.0,99.24998524086791,698.8981506628845
PINN20260414,5,186,pretrain,0.10333895683288574,0.0054235514253377914,0.007790961768478155,0.04813656955957413,0.03154108300805092,0.10036852210760117,56674.03515625,18.834497451782227,0.8463661670684814,0.27548548579216003,0.0,0.0,103.24771108237702,714.3921585865847
PINN20260414,5,188,pretrain,0.10735319554805756,0.005834415089339018,0.007652934640645981,0.05306240916252136,0.032531674951314926,0.1010926365852356,52854.5390625,25.235395431518555,0.8340483903884888,0.29008373618125916,0.0,0.0,98.08066275392923,700.7156163523116
PINN20260414,5,189,pretrain,0.10224685072898865,0.005314487032592297,0.0075574349611997604,0.04759538918733597,0.03088275156915188,0.09995216131210327,54212.546875,18.718517303466797,0.8354598879814148,0.27862033247947693,0.0,0.0,101.40366907347337,713.7881119421926
PINN20260414,5,191,pretrain,0.10470825433731079,0.005572587251663208,0.007419655565172434,0.050802379846572876,0.031369950622320175,0.10034105181694031,50768.09375,23.616846084594727,0.8258766531944275,0.29111576080322266,0.0,0.0,97.07282724358295,699.9809149183998
PINN20260414,5,192,pretrain,0.10128364711999893,0.005222596228122711,0.007335832342505455,0.04716814309358597,0.03028198517858982,0.09955739974975586,51585.46484375,18.614662170410156,0.8260107040405273,0.2832641005516052,0.0,0.0,99.54311153810443,713.1176051325616
PINN20260414,5,194,pretrain,0.10242959856987,0.005334184505045414,0.007200349122285843,0.048880286514759064,0.030430331826210022,0.09966966509819031,48841.859375,21.20770263671875,0.8187296390533447,0.291231632232666,0.0,0.0,96.15372620184826,699.9853346678058
PINN20260414,5,195,pretrain,0.10046543926000595,0.00514135742560029,0.007128160446882248,0.04688148573040962,0.029749246314167976,0.09918592125177383,48981.265625,17.954181671142578,0.8177675008773804,0.2867540419101715,0.0,0.0,98.01724776474292,712.8022166071034
PINN20260414,5,197,pretrain,0.10060077905654907,0.005169146228581667,0.006999949924647808,0.04741982743144035,0.029593225568532944,0.09908498078584671,46900.125,18.049821853637695,0.8123259544372559,0.29176729917526245,0.0,0.0,95.39021933779426,699.879677158867
PINN20260414,5,198,pretrain,0.09971559047698975,0.005077334586530924,0.006935139652341604,0.04662317410111427,0.029253339394927025,0.09882980585098267,46522.5390625,16.470134735107422,0.8108565807342529,0.29012271761894226,0.0,0.0,96.6781770715346,712.6505761942525
PINN20260414,5,200,pretrain,0.09917424619197845,0.005027840845286846,0.006812332663685083,0.046404801309108734,0.028922757133841515,0.0985691025853157,44999.76953125,15.411896705627441,0.8070390224456787,0.2912133038043976,0.0,0.0,94.62126912228825,700.0093302949612
PINN20260414,5,202,pretrain,0.09963878989219666,0.005079559050500393,0.00671552587300539,0.047281261533498764,0.028867192566394806,0.09854235500097275,45854.62890625,9.867953300476074,0.8090927600860596,0.2806341052055359,0.0,0.0,93.77111741329256,702.380750554854
PINN20260414,5,203,pretrain,0.09804460406303406,0.004931336268782616,0.006637251935899258,0.04566899687051773,0.028350338339805603,0.09812386333942413,43077.64453125,12.914266586303711,0.8020039796829224,0.2905848026275635,0.0,0.0,93.8038907608581,701.0208850312521
PINN20260414,5,205,pretrain,0.09836502373218536,0.004977822303771973,0.006541220471262932,0.0463639572262764,0.028265472501516342,0.09805932641029358,43365.6953125,8.826822280883789,0.8035183548927307,0.28188860416412354,0.0,0.0,92.91708123039058,704.5112889443292
PINN20260414,5,206,pretrain,0.0970991849899292,0.0048548635095357895,0.006471536122262478,0.04511475935578346,0.027856532484292984,0.0977112427353859,41137.890625,10.878472328186035,0.7976396083831787,0.28983715176582336,0.0,0.0,93.07022298377714,702.2477750053752
PINN20260414,5,208,pretrain,0.09724147617816925,0.004882886540144682,0.006376212928444147,0.04560178145766258,0.02773614600300789,0.0976041853427887,41058.08984375,7.867587089538574,0.7980597019195557,0.2830364406108856,0.0,0.0,92.160928373959,706.2704421820299
PINN20260414,5,209,pretrain,0.09625642001628876,0.004789671394973993,0.006312641315162182,0.04466209560632706,0.027400903403759003,0.09731801599264145,39253.875,9.382180213928223,0.7933081388473511,0.2890271842479706,0.0,0.0,92.25653135754129,703.627476012698
PINN20260414,5,211,pretrain,0.09624779224395752,0.004801876377314329,0.006217618007212877,0.04497447982430458,0.02724786102771759,0.0971759706735611,38886.30859375,7.022935390472412,0.7931928634643555,0.2838353216648102,0.0,0.0,91.4741521295087,707.288528466283
PINN20260414,5,212,pretrain,0.09546969830989838,0.004732018336653709,0.006158638745546341,0.044257521629333496,0.02697310782968998,0.09693402796983719,37373.78515625,8.096575736999512,0.78901606798172,0.2889747619628906,0.0,0.0,91.49855915873758,704.892057339278
PINN20260414,5,214,pretrain,0.09535288065671921,0.004734728019684553,0.0060644508339464664,0.0444411039352417,0.026796791702508926,0.09676641970872879,36875.8046875,6.201787948608398,0.7887395024299622,0.2847316861152649,0.0,0.0,90.80013788019542,707.9161541100754
PINN20260414,5,215,pretrain,0.09471845626831055,0.004676277749240398,0.006008341908454895,0.043886542320251465,0.026560481637716293,0.09655876457691193,35547.10546875,7.02866268157959,0.7848873138427734,0.2894802689552307,0.0,0.0,90.76078728070014,705.847208147769
PINN20260414,5,217,pretrain,0.0945281982421875,0.004669083748012781,0.005915454123169184,0.04398536682128906,0.026365548372268677,0.0963786169886589,35046.296875,5.452572822570801,0.7843847870826721,0.28620272874832153,0.0,0.0,90.14160680475887,708.2213416369208
PINN20260414,5,218,pretrain,0.09399586915969849,0.004622173495590687,0.005861685145646334,0.0435408353805542,0.026160556823015213,0.09619123488664627,33858.46875,6.159478187561035,0.7805200815200806,0.2907346785068512,0.0,0.0,90.02310358839836,706.7923139084069
PINN20260414,5,220,pretrain,0.09375110268592834,0.004609014373272657,0.005770479794591665,0.04357299208641052,0.025953765958547592,0.0960008054971695,33343.50390625,4.715116024017334,0.7793899178504944,0.28801655769348145,0.0,0.0,89.50686568027199,708.1390444326594
PINN20260414,5,221,pretrain,0.09330067038536072,0.004569784738123417,0.005718751810491085,0.04322005808353424,0.025769159197807312,0.09583235532045364,32237.11328125,5.29693603515625,0.7754995822906494,0.29272183775901794,0.0,0.0,89.34030685915232,707.5587873102842
PINN20260414,5,223,pretrain,0.09300508350133896,0.004551143851131201,0.0056296964175999165,0.04318901151418686,0.02554965764284134,0.09563381969928741,31751.162109375,4.02161169052124,0.7740507125854492,0.29033777117729187,0.0,0.0,88.90087582614836,708.1916672059903
PINN20260414,5,224,pretrain,0.09263075888156891,0.004519121255725622,0.005579892545938492,0.042920611798763275,0.025387780740857124,0.09548048675060272,30707.267578125,4.581911087036133,0.7704198956489563,0.29500508308410645,0.0,0.0,88.6922292167555,708.4684626008416
PINN20260414,5,226,pretrain,0.09227897226810455,0.004494710359722376,0.005493078846484423,0.04281938821077347,0.025156229734420776,0.09527134895324707,30219.919921875,3.4447433948516846,0.768839955329895,0.2929469645023346,0.0,0.0,88.3264790112866,708.1471201311208
PINN20260414,5,227,pretrain,0.0919804722070694,0.004470877815037966,0.0054452368058264256,0.04263594001531601,0.025011999532580376,0.09513408690690994,29242.408203125,3.910623788833618,0.7652982473373413,0.29760703444480896,0.0,0.0,88.09169638879847,709.2690119059199
PINN20260414,5,229,pretrain,0.09156882762908936,0.00444075558334589,0.0053605628199875355,0.04245991259813309,0.024767139926552773,0.09491363912820816,28735.1875,2.901186466217041,0.7638353705406189,0.29579758644104004,0.0,0.0,87.76978220303813,708.0904559094128
PINN20260414,5,230,pretrain,0.09134046733379364,0.0044234683737158775,0.005314762704074383,0.042355019599199295,0.02464221976697445,0.09479057043790817,27850.84765625,3.2575254440307617,0.7605727910995483,0.3002415597438812,0.0,0.0,87.53740272020869,709.9248199633536
PINN20260414,5,232,pretrain,0.09087911248207092,0.0043884930200874805,0.005232096184045076,0.0421164333820343,0.024388233199715614,0.09455956518650055,27312.16796875,2.4314067363739014,0.7589470744132996,0.2989916503429413,0.0,0.0,87.21833852016874,708.1337267776476
PINN20260414,5,233,pretrain,0.09070034325122833,0.0043760864064097404,0.005188386887311935,0.04206545650959015,0.02427579089999199,0.09444791078567505,26543.005859375,2.6610002517700195,0.7560480237007141,0.3028133511543274,0.0,0.0,87.01669817752654,710.4154154436684
PINN20260414,5,235,pretrain,0.0902203917503357,0.004339272156357765,0.005107584875077009,0.041800737380981445,0.02402064949274063,0.09421270340681076,25945.478515625,2.0118298530578613,0.7539198398590088,0.3023633658885956,0.0,0.0,86.67100600114205,708.3166223518971
PINN20260414,5,236,pretrain,0.09005661308765411,0.004328264854848385,0.005065931007266045,0.04176219552755356,0.023913279175758362,0.09410594403743744,25327.095703125,2.081376791000366,0.7514630556106567,0.30524176359176636,0.0,0.0,86.51049882095236,710.608234190964
PINN20260414,5,238,pretrain,0.0896008312702179,0.0042933514341712,0.004986857529729605,0.04152299463748932,0.023667683824896812,0.0938742384314537,24652.33203125,1.6353013515472412,0.7488851547241211,0.30570143461227417,0.0,0.0,86.13045950584207,708.5869962467558
PINN20260414,5,239,pretrain,0.08941894769668579,0.004280307330191135,0.004947178065776825,0.041458502411842346,0.023557277396321297,0.09376576542854309,24186.6796875,1.5769834518432617,0.7470672726631165,0.30728620290756226,0.0,0.0,86.00068415879754,710.4305912613843
PINN20260414,5,241,pretrain,0.08901429176330566,0.0042502013966441154,0.004869912285357714,0.04127644747495651,0.023327626287937164,0.09354247897863388,23444.857421875,1.3149914741516113,0.7440618276596069,0.308756560087204,0.0,0.0,85.61697327797363,708.9821709676485
PINN20260414,5,242,pretrain,0.08880624175071716,0.004234411288052797,0.004832086153328419,0.041176505386829376,0.023212341591715813,0.09343064576387405,23119.78125,1.1645816564559937,0.7427524328231812,0.3090316653251648,0.0,0.0,85.48279420718973,709.9326992750791
PINN20260414,5,244,pretrain,0.08843928575515747,0.004207378253340721,0.004756662528961897,0.041035935282707214,0.022995445877313614,0.09321366995573044,22322.173828125,1.0137805938720703,0.7393385767936707,0.31129729747772217,0.0,0.0,85.13245940609991,709.2832649936131
PINN20260414,5,245,pretrain,0.08822780847549438,0.004191067069768906,0.004720497410744429,0.04092783480882645,0.022881099954247475,0.09310238808393478,22093.265625,0.8397629857063293,0.7383692264556885,0.3106430172920227,0.0,0.0,84.96710645707255,709.1083970381397
PINN20260414,5,247,pretrain,0.08785916864871979,0.004163488745689392,0.004647082183510065,0.04078146070241928,0.02266782894730568,0.09288401156663895,21278.912109375,0.7535122632980347,0.7348772883415222,0.31324124336242676,0.0,0.0,84.65943665560118,709.2762596478187
PINN20260414,5,248,pretrain,0.08766873180866241,0.004148978739976883,0.0046122209168970585,0.04069550335407257,0.022560570389032364,0.09277687966823578,21082.017578125,0.6174288392066956,0.7339842915534973,0.31230297684669495,0.0,0.0,84.4758598561595,708.2230624951435
PINN20260414,5,250,pretrain,0.08728350698947906,0.0041195484809577465,0.004541144706308842,0.04052469879388809,0.022347191348671913,0.09255468845367432,20311.970703125,0.5432637333869934,0.7305314540863037,0.314683198928833,0.0,0.0,84.17691446998695,708.8261643379144
PINN20260414,5,251,pretrain,0.08710778504610062,0.004106242675334215,0.004507098346948624,0.0404551699757576,0.02224533073604107,0.09244925528764725,20072.484375,0.4570770263671875,0.7293864488601685,0.3142813444137573,0.0,0.0,84.00403694261514,707.5347606301757
PINN20260414,5,253,pretrain,0.08673204481601715,0.004077396355569363,0.004438677337020636,0.04028967767953873,0.022038396447896957,0.09222908318042755,19391.396484375,0.38227617740631104,0.7262030839920044,0.3158724009990692,0.0,0.0,83.69169787361677,708.0170592930654
PINN20260414,5,254,pretrain,0.08655048906803131,0.004063439555466175,0.0044051269069314,0.0402129665017128,0.02193746156990528,0.09212036430835724,19072.033203125,0.3466561436653137,0.7247098088264465,0.31647181510925293,0.0,0.0,83.5342369929839,707.1945232748908
PINN20260414,5,256,pretrain,0.08619819581508636,0.004036337602883577,0.004339346196502447,0.04006941616535187,0.021740177646279335,0.09190531075000763,18477.849609375,0.2813500761985779,0.7219338417053223,0.3171754777431488,0.0,0.0,83.2230976614966,707.1358161626379
PINN20260414,5,257,pretrain,0.08601503819227219,0.004022079985588789,0.004306432791054249,0.03999015688896179,0.02164117991924286,0.09179449081420898,18104.146484375,0.26994407176971436,0.7201759815216064,0.31854039430618286,0.0,0.0,83.07027098712872,707.18515521043
PINN20260414,5,259,pretrain,0.0856643095612526,0.003994666039943695,0.0042429398745298386,0.03984376788139343,0.021448567509651184,0.09157919883728027,17560.783203125,0.22176507115364075,0.71750807762146,0.3188559114933014,0.0,0.0,82.76584180875888,706.5402279771478
PINN20260414,5,260,pretrain,0.08549202233552933,0.00398115674033761,0.004211107734590769,0.03977547958493233,0.02135414257645607,0.09147007018327713,17203.15625,0.21353334188461304,0.7157808542251587,0.3201908767223358,0.0,0.0,82.61983188734864,707.1344241019525
PINN20260414,5,262,pretrain,0.08514076471328735,0.003953122533857822,0.004149497952312231,0.03962533921003342,0.02116575837135315,0.09125307202339172,16662.6875,0.17784231901168823,0.7130742073059082,0.320701003074646,0.0,0.0,82.30830000674294,706.3466747992801
PINN20260414,5,263,pretrain,0.0849701538681984,0.003939441405236721,0.004119049292057753,0.03955581784248352,0.021073829382658005,0.09114489704370499,16376.0712890625,0.1647578477859497,0.7116542458534241,0.32125401496887207,0.0,0.0,82.16426715351997,706.6744078781968
PINN20260414,5,265,pretrain,0.08463308215141296,0.003912139218300581,0.004059143830090761,0.03942003846168518,0.020893020555377007,0.09092878550291061,15819.212890625,0.1408875733613968,0.7088121175765991,0.3222890794277191,0.0,0.0,81.85889333462033,706.2638494217299
PINN20260414,5,266,pretrain,0.08446262031793594,0.0038981675170361996,0.004029995761811733,0.03934770077466965,0.020803164690732956,0.09082113951444626,15595.994140625,0.12487882375717163,0.7076139450073242,0.3220899701118469,0.0,0.0,81.70418428984375,705.8854590158378
PINN20260414,5,268,pretrain,0.08412814885377884,0.0038706117775291204,0.0039719026535749435,0.039212003350257874,0.02062716893851757,0.09060388803482056,15050.4443359375,0.10877812653779984,0.7046942710876465,0.3233291506767273,0.0,0.0,81.40822934253944,705.8667765591465
PINN20260414,5,269,pretrain,0.08396400511264801,0.0038569497410207987,0.003943639807403088,0.03914577141404152,0.020540829747915268,0.09049669653177261,14830.56640625,0.09689628332853317,0.7034525871276855,0.323235422372818,0.0,0.0,81.25225357451632,705.2102301796252
PINN20260414,5,271,pretrain,0.0836343988776207,0.003829356748610735,0.003887566039338708,0.03901201859116554,0.02036997117102146,0.09027957916259766,14332.615234375,0.08324053883552551,0.7006824016571045,0.32408463954925537,0.0,0.0,80.95325920419295,705.1279804049758
PINN20260414,5,272,pretrain,0.08347059786319733,0.0038155624642968178,0.003859899938106537,0.03894583135843277,0.020285863429307938,0.09017053991556168,14077.8837890625,0.07854240387678146,0.6992469429969788,0.32469844818115234,0.0,0.0,80.80343626665886,704.9293404306562
PINN20260414,5,274,pretrain,0.0831485167145729,0.003788228379562497,0.0038058192003518343,0.03881716728210449,0.020120728760957718,0.08995407819747925,13628.2509765625,0.06604054570198059,0.6966204643249512,0.3251308500766754,0.0,0.0,80.50519502355888,704.5342654903309
PINN20260414,5,275,pretrain,0.08298853784799576,0.003774575423449278,0.003778973827138543,0.038754358887672424,0.020039502531290054,0.0898447334766388,13373.4296875,0.06373290717601776,0.6951375007629395,0.32593512535095215,0.0,0.0,80.3603183276345,704.775274466975
PINN20260414,5,277,pretrain,0.08266907185316086,0.0037471246905624866,0.0037266076542437077,0.03862597420811653,0.019878976047039032,0.0896269679069519,12938.416015625,0.05424872040748596,0.6925205588340759,0.3264596164226532,0.0,0.0,80.06069474935875,704.3253198984117
PINN20260414,5,278,pretrain,0.0825108140707016,0.0037334435619413853,0.003700876608490944,0.03856273740530014,0.019800014793872833,0.08951804041862488,12728.8623046875,0.049779780209064484,0.6912335753440857,0.3266652822494507,0.0,0.0,79.91390631094816,704.2803507836918
PINN20260414,5,280,pretrain,0.08219796419143677,0.003706257790327072,0.003650098107755184,0.03843984752893448,0.019644981250166893,0.08929944783449173,12298.00390625,0.04378892481327057,0.688581109046936,0.3274540901184082,0.0,0.0,79.61948077417988,704.0752134892977
PINN20260414,5,281,pretrain,0.08204247057437897,0.0036926448810845613,0.003625301644206047,0.03837810456752777,0.01956856995820999,0.08919058740139008,12112.095703125,0.039183564484119415,0.6873795986175537,0.3273927867412567,0.0,0.0,79.46856259808811,703.6360920248477
PINN20260414,5,283,pretrain,0.08173266053199768,0.003665400668978691,0.003576206974685192,0.03825601190328598,0.01941806450486183,0.08897092938423157,11706.7568359375,0.03442631661891937,0.6847622394561768,0.3280564248561859,0.0,0.0,79.17432186124172,703.4774783175365
PINN20260414,5,284,pretrain,0.08157885074615479,0.0036518084816634655,0.003552019130438566,0.03819580376148224,0.019344044849276543,0.0888606533408165,11503.783203125,0.03287316858768463,0.6834368705749512,0.3284955322742462,0.0,0.0,79.02728650104817,703.347820249697
PINN20260414,5,286,pretrain,0.08127399533987045,0.0036246944218873978,0.0035045973490923643,0.03807675838470459,0.019198458641767502,0.08864036947488785,11130.73046875,0.028498737141489983,0.6809024214744568,0.3289259374141693,0.0,0.0,78.73307419792683,703.004467446687
PINN20260414,5,287,pretrain,0.08112268149852753,0.003611177671700716,0.003481167135760188,0.03801843896508217,0.019126923754811287,0.08852948248386383,10934.9267578125,0.027753964066505432,0.6795721650123596,0.3294244408607483,0.0,0.0,78.5887796639094,703.1060330775152
PINN20260414,5,289,pretrain,0.08082157373428345,0.003584139049053192,0.0034352336078882217,0.03790171444416046,0.01898593083024025,0.088307686150074,10575.900390625,0.024873480200767517,0.6770225763320923,0.329969197511673,0.0,0.0,78.29517715431136,702.8169880914945
PINN20260414,5,290,pretrain,0.0806717798113823,0.003570615779608488,0.003412731923162937,0.03784329071640968,0.018916495144367218,0.08819680660963058,10413.3671875,0.022754093632102013,0.6758097410202026,0.3299809694290161,0.0,0.0,78.14709062682692,702.5349413018544
PINN20260414,5,292,pretrain,0.08037400990724564,0.0035436491016298532,0.0033682675566524267,0.03772846609354019,0.018779953941702843,0.08797337114810944,10071.4833984375,0.02083149366080761,0.6732684373855591,0.33056679368019104,0.0,0.0,77.85540358374298,702.3487826571638
PINN20260414,5,293,pretrain,0.0802261158823967,0.0035302024334669113,0.003346404992043972,0.03767169639468193,0.01871279627084732,0.0878613069653511,9906.3310546875,0.01993544027209282,0.6720094084739685,0.3308398127555847,0.0,0.0,77.70908351123599,702.1774392915227
PINN20260414,5,295,pretrain,0.07993219792842865,0.003503387561067939,0.0033034379594027996,0.0375591516494751,0.018580665811896324,0.08763659745454788,9590.7431640625,0.018058910965919495,0.6695309281349182,0.33125758171081543,0.0,0.0,77.41725673662818,701.8835150863711
PINN20260414,5,296,pretrain,0.0797860398888588,0.0034900119062513113,0.003282245248556137,0.037503696978092194,0.018515702337026596,0.08752346783876419,9429.3857421875,0.017844704911112785,0.668258547782898,0.33166050910949707,0.0,0.0,77.27338023516734,701.9263227006094
PINN20260414,5,298,pretrain,0.07949531823396683,0.003463330212980509,0.00324065238237381,0.03739320486783981,0.01838778704404831,0.08729685097932816,9129.7216796875,0.016693241894245148,0.6657801270484924,0.33214259147644043,0.0,0.0,76.9827655479215,701.6835112784111
PINN20260414,5,299,pretrain,0.07935062050819397,0.0034500104375183582,0.003220271086320281,0.03733794018626213,0.01832478493452072,0.08718343079090118,8994.1640625,0.015535863116383553,0.6645940542221069,0.3321353495121002,0.0,0.0,76.83583224764017,701.3667015192552
PINN20260414,5,301,physics,4357.0380859375,0.0034234593622386456,0.0031800377182662487,0.037229035049676895,0.018200863152742386,0.08695495873689651,8713.4482421875,0.014799377880990505,0.6621465682983398,0.33258000016212463,0.0,0.0,281.35063477358636,488.67814369480453
PINN20260414,6,1,pretrain,5.952720642089844,3.0706162452697754,0.9523028135299683,2.001617193222046,1.0206483602523804,1.022064208984375,67033704.0,478.85687255859375,14.361797332763672,0.0127690639346838,0.0,0.0,2191.3447925874193,2039.1431411257033
PINN20260414,6,3,pretrain,5.2808732986450195,2.757849931716919,0.6738619208335876,1.8756818771362305,0.964475154876709,0.945469856262207,47977744.0,610.1005859375,9.704212188720703,4.0144892409443855e-05,0.0,0.0,2068.2588087567765,1904.5690457423696
PINN20260414,6,5,pretrain,4.605854034423828,2.4263508319854736,0.4388452470302582,1.745301365852356,0.8874679803848267,0.8525184988975525,32555748.0,415.731689453125,7.848629474639893,5.552319066737255e-07,0.0,0.0,1915.092817593967,1735.2350705307913
PINN20260414,6,7,pretrain,3.9197070598602295,2.046786308288574,0.27054277062416077,1.607574701309204,0.7892358303070068,0.7524948716163635,20858702.0,419.480224609375,8.642192840576172,6.94953923812136e-05,0.0,0.0,1733.587970078242,1526.8399555945607
PINN20260414,6,10,pretrain,3.133049726486206,1.5316474437713623,0.19979409873485565,1.4260802268981934,0.6501460075378418,0.651720404624939,10520487.0,2030.693115234375,11.973274230957031,0.0,0.0,0.0,1518.5866784612592,1208.7040580721155
PINN20260414,6,12,pretrain,2.9107871055603027,1.3692348003387451,0.20609050989151,1.3541041612625122,0.6098043322563171,0.6405912041664124,7345383.5,3402.6953125,13.210440635681152,0.0,0.0,0.0,1479.054512179994,1073.8816275549182
PINN20260414,6,14,pretrain,2.7798666954040527,1.309981107711792,0.1677284985780716,1.310567855834961,0.5955707430839539,0.6222671866416931,5567789.5,3611.6865234375,12.87438678741455,0.0,0.0,0.0,1444.2081307761703,991.6540160257508
PINN20260414,6,16,pretrain,2.575326919555664,1.2066874504089355,0.12341449409723282,1.2509617805480957,0.5679975152015686,0.5842634439468384,4339307.0,2534.921142578125,6.826765060424805,0.0,0.0,0.0,1351.7284768029413,901.3265224101641
PINN20260414,6,18,pretrain,2.339240550994873,1.0414643287658691,0.1181592121720314,1.1787828207015991,0.537956953048706,0.5615927577018738,3615933.5,3172.353515625,3.061321973800659,0.0,0.0,0.0,1242.3248367476197,819.5518592499196
PINN20260414,6,20,pretrain,2.185358762741089,0.8989919424057007,0.1368933916091919,1.138578176498413,0.5279056429862976,0.5650858879089355,3583082.75,5896.68212890625,4.10091495513916,0.0,0.0,0.0,1166.2609056296108,781.2553999813377
PINN20260414,6,22,pretrain,2.0997464656829834,0.8044179677963257,0.14694096148014069,1.1321343183517456,0.530070960521698,0.572933554649353,4111589.5,7192.16796875,5.500904083251953,0.0,0.0,0.0,1111.1764036371542,754.7149296257495
PINN20260414,6,24,pretrain,1.9854390621185303,0.7171153426170349,0.13647416234016418,1.1085798740386963,0.527036190032959,0.5663638710975647,4657252.5,5872.81689453125,6.21994686126709,0.0,0.0,0.0,1042.3956182755182,700.1473059292595
PINN20260414,6,27,pretrain,1.7292675971984863,0.5567517280578613,0.10532788932323456,1.024237871170044,0.5090041160583496,0.5402184128761292,4844992.0,3954.02001953125,7.005361557006836,0.0,0.0,0.0,905.5812014943773,605.2189428215214
PINN20260414,6,29,pretrain,1.5809826850891113,0.4582841694355011,0.09121673554182053,0.9807720184326172,0.4948728084564209,0.5266254544258118,4570655.5,4512.74609375,8.108092308044434,0.0,0.0,0.0,825.7152959707117,603.3205253014354
PINN20260414,6,31,pretrain,1.4846497774124146,0.39326241612434387,0.08450090140104294,0.9557550549507141,0.47929447889328003,0.5172316431999207,3957427.75,5499.5302734375,9.04837703704834,0.0,0.0,0.0,774.2671535071083,653.2488758122742
PINN20260414,6,33,pretrain,1.4109833240509033,0.3491770625114441,0.08116414397954941,0.9320019483566284,0.46001943945884705,0.5073317289352417,3042043.5,5507.32470703125,8.625609397888184,0.0,0.0,0.0,730.9402762880152,700.1431773216104
PINN20260414,6,35,pretrain,1.3304067850112915,0.30382463335990906,0.07836661487817764,0.9019618034362793,0.4378547668457031,0.49513953924179077,2047839.0,4474.9111328125,6.849316120147705,0.0,0.0,0.0,682.9613138750979,712.4717099646834
PINN20260414,6,37,pretrain,1.253361701965332,0.26269516348838806,0.07576342672109604,0.8711400032043457,0.4159926772117615,0.48194923996925354,1244370.375,3068.65771484375,4.798326015472412,0.0,0.0,0.0,636.6258222064198,704.245651388775
PINN20260414,6,39,pretrain,1.1907951831817627,0.22715319693088531,0.07311446219682693,0.8531704545021057,0.39733633399009705,0.46862727403640747,745936.3125,1991.999267578125,3.3263912200927734,0.0,0.0,0.0,586.6697591064329,704.9637623665488
PINN20260414,6,41,pretrain,1.13699209690094,0.1896040141582489,0.06950531154870987,0.8500282764434814,0.38355356454849243,0.4566906988620758,489323.53125,1340.6748046875,3.3662469387054443,0.0,0.0,0.0,530.543353553694,706.7476344141521
PINN20260414,6,44,pretrain,1.0575690269470215,0.14077666401863098,0.06414858251810074,0.8265988826751709,0.36998531222343445,0.44304001331329346,297888.6875,1086.5006103515625,4.108569145202637,0.0,0.0,0.0,455.00971830280724,643.7335192065115
PINN20260414,6,46,pretrain,1.0137615203857422,0.1166328638792038,0.06184038892388344,0.8068804740905762,0.36483845114707947,0.43518519401550293,217049.453125,1160.9044189453125,4.165785789489746,0.0,0.0,0.0,419.2982045931034,571.9406656288745
PINN20260414,6,48,pretrain,0.9821966886520386,0.10157850384712219,0.05966659635305405,0.7904266119003296,0.3623609244823456,0.4273691177368164,176410.40625,1236.5782470703125,4.160309791564941,8.748362597543746e-05,0.0,0.0,399.5127696645002,516.661609518261
PINN20260414,6,50,pretrain,0.9573943018913269,0.09457764029502869,0.057467397302389145,0.7711411714553833,0.36018669605255127,0.42016658186912537,171197.046875,1278.748779296875,4.197615623474121,0.0008242989424616098,0.0,0.0,392.97733713281735,484.31846444256075
PINN20260414,6,52,pretrain,0.9381470680236816,0.09278951585292816,0.055709853768348694,0.7538905739784241,0.3548893928527832,0.41299909353256226,186890.78125,1285.126953125,4.461082935333252,0.0018061427399516106,0.0,0.0,391.8529499378561,467.14331312778097
PINN20260414,6,54,pretrain,0.9192819595336914,0.09305383265018463,0.05435100570321083,0.7362745404243469,0.3464519679546356,0.4048035144805908,213690.578125,1252.8599853515625,4.8838348388671875,0.002604956040158868,0.0,0.0,391.13308956159665,468.66454221009724
PINN20260414,6,56,pretrain,0.8979471325874329,0.09263370931148529,0.05322016775608063,0.7161247730255127,0.33739957213401794,0.39620518684387207,244745.0625,1182.6163330078125,5.028022766113281,0.003033989341929555,0.0,0.0,388.0341882489222,485.0436191725441
PINN20260414,6,59,pretrain,0.865450918674469,0.08919772505760193,0.051753826439380646,0.6872860789299011,0.32549339532852173,0.38456225395202637,261365.9375,1031.14697265625,4.208082675933838,0.0029548488091677427,0.0,0.0,378.63585326141526,509.3529749839496
PINN20260414,6,61,pretrain,0.8429319858551025,0.08456815779209137,0.05131635069847107,0.6670333743095398,0.31985658407211304,0.3782961964607239,260408.21875,885.9725952148438,3.277797222137451,0.0026883557438850403,0.0,0.0,366.44506324277313,515.5412204664143
PINN20260414,6,63,pretrain,0.8197746872901917,0.07903020083904266,0.05109790712594986,0.6460193395614624,0.31521472334861755,0.37233731150627136,277668.4375,693.2594604492188,2.7641148567199707,0.0024161189794540405,0.0,0.0,353.6595290671524,510.0486343232378
PINN20260414,6,65,pretrain,0.7981245517730713,0.07445349544286728,0.05089834704995155,0.6261429786682129,0.31036123633384705,0.3662440776824951,312468.3125,492.9930114746094,2.685101270675659,0.0020910066086798906,0.0,0.0,343.78914549837083,498.58480973651814
PINN20260414,6,67,pretrain,0.7775802612304688,0.07100339233875275,0.050722986459732056,0.6061046719551086,0.3053361773490906,0.3604024648666382,362384.5625,339.5009765625,2.884884834289551,0.001702038338407874,0.0,0.0,335.92644749260216,493.38964698299054
PINN20260414,6,69,pretrain,0.7565787434577942,0.06776507198810577,0.05056440085172653,0.5847043991088867,0.30035200715065,0.35479736328125,406860.15625,252.0408477783203,3.218755006790161,0.0012872369261458516,0.0,0.0,329.68590639425275,491.32513738358637
PINN20260414,6,71,pretrain,0.7357698082923889,0.06538429856300354,0.05022941529750824,0.5625985860824585,0.29516831040382385,0.34915098547935486,421679.625,187.71548461914062,3.520801544189453,0.000902461470104754,0.0,0.0,325.281392604926,483.88357329010455
PINN20260414,6,73,pretrain,0.7144248485565186,0.0635032206773758,0.04981129989027977,0.539120614528656,0.28972941637039185,0.3434169888496399,423410.71875,127.08336639404297,3.4486865997314453,0.0006220808136276901,0.0,0.0,321.1585716200021,470.29545234883994
PINN20260414,6,76,pretrain,0.6811990141868591,0.06084878742694855,0.049368955194950104,0.5032129287719727,0.28015196323394775,0.3337329924106598,426230.1875,80.9061508178711,2.7358968257904053,0.0003960547037422657,0.0,0.0,315.3514780169898,450.7014498257133
PINN20260414,6,78,pretrain,0.6588955521583557,0.05919007211923599,0.04927854612469673,0.47932758927345276,0.27300935983657837,0.32696467638015747,431215.5,78.490478515625,2.3516502380371094,0.0003173457516822964,0.0,0.0,310.3856849751612,448.8527911520658
PINN20260414,6,80,pretrain,0.635934591293335,0.057098180055618286,0.049292996525764465,0.4555821418762207,0.2653462290763855,0.31982848048210144,438165.34375,93.58531951904297,2.1890010833740234,0.00027267311816103756,0.0,0.0,304.4278573200882,453.4259345527117
PINN20260414,6,82,pretrain,0.613046407699585,0.05486025661230087,0.04926849529147148,0.43237602710723877,0.2573077976703644,0.3128451704978943,434312.53125,116.16358947753906,2.2235748767852783,0.0002602114400360733,0.0,0.0,298.2757349542534,456.8833617565866
PINN20260414,6,84,pretrain,0.5900385975837708,0.05251626670360565,0.04909653589129448,0.40992510318756104,0.2487552911043167,0.3055758476257324,433036.375,127.20813751220703,2.318333387374878,0.000296453305054456,0.0,0.0,291.9200313227922,455.1676373875893
PINN20260414,6,86,pretrain,0.5674099922180176,0.05035896599292755,0.0487620085477829,0.388624370098114,0.23973992466926575,0.297941654920578,422615.9375,125.0768051147461,2.3832786083221436,0.00037708861054852605,0.0,0.0,286.17545426713315,451.9430619558176
PINN20260414,6,88,pretrain,0.5452791452407837,0.048472899943590164,0.04839664697647095,0.3683732748031616,0.2302430421113968,0.2899354100227356,405943.15625,125.34527587890625,2.353388786315918,0.000488882593344897,0.0,0.0,280.4937749977707,455.04156746939066
PINN20260414,6,90,pretrain,0.5235767364501953,0.046794235706329346,0.04805948585271835,0.34894055128097534,0.22042004764080048,0.2816050946712494,392080.46875,133.23504638671875,2.2691502571105957,0.0006217950722202659,0.0,0.0,275.73307121653,458.73303783355306
PINN20260414,6,93,pretrain,0.4922143220901489,0.04454744607210159,0.047472137957811356,0.3221015930175781,0.20506837964057922,0.2688016891479492,384654.40625,151.775390625,2.1255204677581787,0.000862153188791126,0.0,0.0,268.81452713720665,455.1941378412073
PINN20260414,6,95,pretrain,0.4722833037376404,0.042871080338954926,0.047042250633239746,0.3063659071922302,0.19459782540798187,0.26023945212364197,388814.6875,167.51766967773438,2.005293369293213,0.001034826971590519,0.0,0.0,264.27911972950113,452.0802611262739
PINN20260414,6,97,pretrain,0.45323416590690613,0.04129762202501297,0.046602874994277954,0.29193300008773804,0.18412083387374878,0.2516922354698181,401994.625,196.5631866455078,1.8851103782653809,0.0012163555948063731,0.0,0.0,260.19160608098025,452.2525912031903
PINN20260414,6,99,pretrain,0.4347813129425049,0.03989271819591522,0.04614324867725372,0.27809375524520874,0.17384126782417297,0.24316242337226868,422994.84375,228.54843139648438,1.790601134300232,0.0014217603020370007,0.0,0.0,256.7587936663514,455.3382671157784
PINN20260414,6,101,pretrain,0.41675975918769836,0.03864777833223343,0.045604150742292404,0.2645999789237976,0.16383777558803558,0.234667107462883,443771.5625,238.56289672851562,1.7205544710159302,0.001656644861213863,0.0,0.0,253.19995803712132,456.326414833724
PINN20260414,6,103,pretrain,0.3991524577140808,0.03738738223910332,0.04496867209672928,0.2517605423927307,0.15410441160202026,0.22618405520915985,453836.1875,228.2314453125,1.6729029417037964,0.001913798856548965,0.0,0.0,249.19301003439082,455.6251028806468
PINN20260414,6,105,pretrain,0.382097452878952,0.03619062528014183,0.044339559972286224,0.239488422870636,0.14459699392318726,0.2178066372871399,454286.5,212.95217895507812,1.6584694385528564,0.002190607599914074,0.0,0.0,245.24555615240004,456.397253634375
PINN20260414,6,108,pretrain,0.3575824499130249,0.034494463354349136,0.04341500997543335,0.2220664620399475,0.13075153529644012,0.20563097298145294,444247.84375,189.93310546875,1.7043755054473877,0.002600157866254449,0.0,0.0,239.54047805120535,455.4360033253849
PINN20260414,6,110,pretrain,0.3419535160064697,0.0333218015730381,0.0428246334195137,0.21121276915073395,0.12184062600135803,0.19781622290611267,436788.375,177.37734985351562,1.736193060874939,0.0028484195936471224,0.0,0.0,235.8926281833538,452.2310319405337
PINN20260414,6,112,pretrain,0.32703617215156555,0.032158635556697845,0.042281705886125565,0.20105603337287903,0.11330454051494598,0.19019347429275513,431011.6875,179.14736938476562,1.7103919982910156,0.0030693160369992256,0.0,0.0,232.0233858094912,448.35806352177946
PINN20260414,6,114,pretrain,0.31298553943634033,0.030968915671110153,0.0417843833565712,0.1917840838432312,0.10530504584312439,0.18279331922531128,419680.59375,184.70379638671875,1.6476373672485352,0.0032232203520834446,0.0,0.0,227.7984563572589,444.26310124182044
PINN20260414,6,116,pretrain,0.29984980821609497,0.029804449528455734,0.04131046310067177,0.18338921666145325,0.097898468375206,0.17560815811157227,401990.75,185.48928833007812,1.593311071395874,0.0033258898183703423,0.0,0.0,223.66002031543323,440.46264739475924
PINN20260414,6,118,pretrain,0.2876826524734497,0.028721841052174568,0.040833454579114914,0.17584021389484406,0.09112706035375595,0.1686781495809555,381179.125,181.006591796875,1.5618780851364136,0.0034041162580251694,0.0,0.0,219.63682737077588,436.95183516035263
PINN20260414,6,120,pretrain,0.27659347653388977,0.027708042412996292,0.04035468026995659,0.16927693784236908,0.0849582701921463,0.16210444271564484,360217.84375,169.3596954345703,1.550461769104004,0.003462533000856638,0.0,0.0,215.89784368133462,432.2473250351007
PINN20260414,6,122,pretrain,0.26932165026664734,0.02692640945315361,0.039900604635477066,0.16747477650642395,0.07987518608570099,0.15607963502407074,349117.125,150.3841552734375,1.555321216583252,0.0035771343391388655,0.0,0.0,213.5007501450522,426.4087497636511
PINN20260414,6,125,pretrain,0.27107518911361694,0.02617127075791359,0.039453521370887756,0.1807074248790741,0.07501444965600967,0.1498217135667801,277462.03125,139.73114013671875,1.6963492631912231,0.0031283297576010227,0.0,0.0,207.6089040268986,424.8939573587744
PINN20260414,6,127,pretrain,0.2616211175918579,0.025642400607466698,0.039087362587451935,0.17317982017993927,0.07157274335622787,0.14434365928173065,315324.46875,108.4640121459961,1.5404644012451172,0.003558490192517638,0.0,0.0,205.99551534863568,419.20028029570784
PINN20260414,6,129,pretrain,0.2407343089580536,0.024149581789970398,0.038716115057468414,0.14907652139663696,0.06624553352594376,0.13933542370796204,266933.5,100.82272338867188,1.5619920492172241,0.003147457493469119,0.0,0.0,204.2739524664121,422.5710184395044
PINN20260414,6,131,pretrain,0.2392793893814087,0.02370797097682953,0.038514554500579834,0.15161997079849243,0.06425496935844421,0.1361716091632843,245834.625,92.7262191772461,1.5605021715164185,0.0029352863784879446,0.0,0.0,199.53900973556523,412.81548541691114
PINN20260414,6,133,pretrain,0.2395753115415573,0.023594051599502563,0.03827202692627907,0.15594908595085144,0.06302082538604736,0.1331717073917389,264844.9375,75.42671203613281,1.4779398441314697,0.0031218568328768015,0.0,0.0,196.89274721596527,410.1557821425903
PINN20260414,6,135,pretrain,0.23101916909217834,0.022735293954610825,0.038084726780653,0.14775729179382324,0.06015920639038086,0.13019609451293945,231994.71875,79.1590805053711,1.5396404266357422,0.0026691670063883066,0.0,0.0,195.74042122157599,408.133192873356
PINN20260414,6,137,pretrain,0.2212381362915039,0.02211124822497368,0.03781818971037865,0.1373673677444458,0.057411231100559235,0.12697483599185944,244133.71875,65.6019058227539,1.4909183979034424,0.0027199462056159973,0.0,0.0,193.47569291774096,398.6477337512406
PINN20260414,6,139,pretrain,0.21748751401901245,0.02172142080962658,0.03762774169445038,0.13506758213043213,0.05569726601243019,0.12468885630369186,244625.734375,59.02949142456055,1.4877095222473145,0.0026075909845530987,0.0,0.0,191.3067726192672,398.01909894501296
PINN20260414,6,142,pretrain,0.21098995208740234,0.021082356572151184,0.037353433668613434,0.13003604114055634,0.05305194482207298,0.12156490236520767,239673.625,53.24972152709961,1.4885456562042236,0.0023757359012961388,0.0,0.0,188.83740732770613,392.1167117389923
PINN20260414,6,144,pretrain,0.20882025361061096,0.02077566832304001,0.03719692304730415,0.12945425510406494,0.05171986296772957,0.11985307186841965,235857.328125,52.17046356201172,1.4862284660339355,0.0022158867213875055,0.0,0.0,186.36111408700583,385.1592811746849
PINN20260414,6,146,pretrain,0.20700593292713165,0.020606277510523796,0.03702123463153839,0.1291181743144989,0.05054616555571556,0.1181866005063057,249056.5,49.54306411743164,1.4383506774902344,0.002239635679870844,0.0,0.0,184.73792670293776,381.3547601971162
PINN20260414,6,148,pretrain,0.20261961221694946,0.02015056647360325,0.03688322752714157,0.12526556849479675,0.048899419605731964,0.11648668348789215,238514.15625,51.29931640625,1.443631887435913,0.0020019114017486572,0.0,0.0,183.69966359863048,378.84448078994103
PINN20260414,6,150,pretrain,0.1981862187385559,0.019825667142868042,0.03671567514538765,0.12109620124101639,0.04735252261161804,0.1147785633802414,246903.65625,49.32051086425781,1.4081997871398926,0.001966622890904546,0.0,0.0,182.04796328852458,373.60112001304276
PINN20260414,6,152,pretrain,0.19601458311080933,0.01961098611354828,0.03657211735844612,0.120016910135746,0.04619363695383072,0.1133165955543518,251546.546875,48.62197494506836,1.3845362663269043,0.001907102414406836,0.0,0.0,180.62231291253858,372.0851717013189
PINN20260414,6,154,pretrain,0.19394055008888245,0.019345642998814583,0.03643937036395073,0.11911921203136444,0.04505177214741707,0.11190234124660492,242722.359375,47.9239616394043,1.384979486465454,0.0017454585758969188,0.0,0.0,179.3424785414069,369.51978972715386
PINN20260414,6,157,pretrain,0.18967927992343903,0.018979117274284363,0.03622720390558243,0.11595609784126282,0.043242521584033966,0.1096954420208931,239167.140625,47.62014389038086,1.3586757183074951,0.0016430563991889358,0.0,0.0,177.44450056637427,365.9152480424941
PINN20260414,6,159,pretrain,0.18671481311321259,0.01876094378530979,0.03607585281133652,0.11355724930763245,0.042096592485904694,0.10824039578437805,241764.34375,49.68276596069336,1.328662395477295,0.0016357155982404947,0.0,0.0,176.31524723134413,363.4147510077157
PINN20260414,6,161,pretrain,0.18385566771030426,0.018501978367567062,0.03593580797314644,0.11133860051631927,0.040995776653289795,0.10680713504552841,234157.515625,50.68429183959961,1.318220853805542,0.001549473381601274,0.0,0.0,175.2034475884393,362.0346582165857
PINN20260414,6,163,pretrain,0.18196545541286469,0.018293187022209167,0.035799477249383926,0.11047041416168213,0.04006605222821236,0.10544804483652115,225280.875,52.38856887817383,1.3108360767364502,0.0014634393155574799,0.0,0.0,173.96032683488497,359.40268371632953
PINN20260414,6,165,pretrain,0.17955395579338074,0.01809460110962391,0.03565129637718201,0.10875844955444336,0.03911592811346054,0.10407374799251556,223706.078125,58.32499694824219,1.288067102432251,0.001449393923394382,0.0,0.0,172.91699485410624,357.2637659174241
PINN20260414,6,167,pretrain,0.17703431844711304,0.017865808680653572,0.0355089008808136,0.10690745711326599,0.038173284381628036,0.10269521176815033,214823.53125,61.56346130371094,1.2805845737457275,0.0013781985035166144,0.0,0.0,171.90254892852812,356.2257557539881
PINN20260414,6,169,pretrain,0.17516043782234192,0.017676061019301414,0.03536941856145859,0.10594777762889862,0.03734026476740837,0.10136815905570984,205700.578125,64.5693130493164,1.2764630317687988,0.0013056695461273193,0.0,0.0,170.84758832801825,354.61704696757033
PINN20260414,6,171,pretrain,0.17290657758712769,0.017491266131401062,0.03522111847996712,0.10435840487480164,0.03649730235338211,0.10004888474941254,202273.15625,71.50968170166016,1.263074517250061,0.0012791893677785993,0.0,0.0,169.92289151994797,353.1787459099146
PINN20260414,6,174,pretrain,0.16978101432323456,0.01721823960542679,0.035006698220968246,0.10231904685497284,0.03530830144882202,0.09808531403541565,193114.21875,80.1812973022461,1.2497622966766357,0.0011938014067709446,0.0,0.0,168.5630909333357,351.63002129368874
PINN20260414,6,176,pretrain,0.16783587634563446,0.017052698880434036,0.03486523777246475,0.10111364722251892,0.03456282243132591,0.09679534286260605,188142.71875,86.8440933227539,1.2394025325775146,0.0011393511667847633,0.0,0.0,167.68404068366195,350.9002484681366
PINN20260414,6,178,pretrain,0.16593822836875916,0.01688810996711254,0.034729164093732834,0.09995876252651215,0.033845204859972,0.09550688415765762,181300.9375,90.50897216796875,1.231682538986206,0.001065232791006565,0.0,0.0,166.8944218566786,350.2130936123034
PINN20260414,6,180,pretrain,0.16394935548305511,0.016732357442378998,0.03459060937166214,0.09861254692077637,0.03314395621418953,0.09423878788948059,177258.578125,96.24099731445312,1.2189502716064453,0.0010113379685208201,0.0,0.0,166.07752448969427,349.31960652101964
PINN20260414,6,182,pretrain,0.162189319729805,0.016595587134361267,0.03445445001125336,0.09756873548030853,0.03248465061187744,0.09299014508724213,173712.03125,101.60017395019531,1.2052464485168457,0.0009594830917194486,0.0,0.0,165.32479278491476,348.8649788062711
PINN20260414,6,184,pretrain,0.16028302907943726,0.01644822023808956,0.03432413935661316,0.09629397094249725,0.031834859400987625,0.09173035621643066,168054.125,103.36905670166016,1.1932029724121094,0.0008907472947612405,0.0,0.0,164.60176254941805,348.7924257348488
PINN20260414,6,186,pretrain,0.15857432782649994,0.016316760331392288,0.034197140485048294,0.09528215229511261,0.031221333891153336,0.09048404544591904,162660.234375,104.82994079589844,1.180720329284668,0.0008251570397987962,0.0,0.0,163.886232690928,348.55555735420427
PINN20260414,6,188,pretrain,0.1567678451538086,0.0161877553910017,0.03406902402639389,0.09408336132764816,0.030622391030192375,0.0892518013715744,158596.375,107.82418823242188,1.1653971672058105,0.0007713756640441716,0.0,0.0,163.20010244328893,348.37691737900775
PINN20260414,6,191,pretrain,0.15423133969306946,0.01600443571805954,0.033886563032865524,0.09251083433628082,0.029774537310004234,0.08740266412496567,150434.53125,109.99568176269531,1.143802523612976,0.0006814253865741193,0.0,0.0,162.20564084480847,348.57454143626154
PINN20260414,6,193,pretrain,0.15256954729557037,0.01588887721300125,0.033765487372875214,0.09147114306688309,0.029236076399683952,0.08618233352899551,145775.875,113.08798217773438,1.127199411392212,0.0006309018936008215,0.0,0.0,161.5822159149948,348.6168316540382
PINN20260414,6,195,pretrain,0.15093542635440826,0.01577593944966793,0.033648066222667694,0.09045682847499847,0.028718454763293266,0.08495910465717316,140427.3125,115.34181213378906,1.1114943027496338,0.0005787455593235791,0.0,0.0,160.96372965865632,348.84055723926366
PINN20260414,6,197,pretrain,0.1493123471736908,0.01566566526889801,0.03353356942534447,0.08944269269704819,0.02822084166109562,0.08373171836137772,134657.21875,116.67179870605469,1.0969500541687012,0.000526654941495508,0.0,0.0,160.37848909883456,349.09829158490595
PINN20260414,6,199,pretrain,0.1477474570274353,0.015561632812023163,0.0334199033677578,0.08849750459194183,0.027744285762310028,0.08250735700130463,129309.796875,118.22598266601562,1.0826411247253418,0.0004798352892976254,0.0,0.0,159.80992738445568,349.3067576464847
PINN20260414,6,201,pretrain,0.1461685448884964,0.015459444373846054,0.0333060547709465,0.08751090615987778,0.027284709736704826,0.08128764480352402,124517.4609375,120.54349517822266,1.0674448013305664,0.0004386263317428529,0.0,0.0,159.264410160431,349.49702699021634
PINN20260414,6,203,pretrain,0.14464572072029114,0.015361974947154522,0.03319341689348221,0.08659529685974121,0.026844322681427002,0.0800681859254837,119877.90625,122.88278198242188,1.0522387027740479,0.00040023482870310545,0.0,0.0,158.7388898671337,349.72058042814695
PINN20260414,6,206,pretrain,0.14237834513187408,0.015219124034047127,0.033028118312358856,0.0852264016866684,0.02621668018400669,0.0782284364104271,112643.5859375,124.62208557128906,1.0310616493225098,0.00034403864992782474,0.0,0.0,157.96437617584857,350.22912143338397
PINN20260414,6,208,pretrain,0.14089800417423248,0.015127288177609444,0.03291748836636543,0.08434294164180756,0.025817731395363808,0.0770077183842659,108528.6484375,126.12319946289062,1.0168516635894775,0.00031201777164824307,0.0,0.0,157.47220736926883,350.5196922963102
PINN20260414,6,210,pretrain,0.13944734632968903,0.01503787562251091,0.03280777484178543,0.083494171500206,0.025433994829654694,0.0757863000035286,104515.6015625,126.97677612304688,1.0032322406768799,0.00028177796048112214,0.0,0.0,156.98617823314893,350.797528853896
PINN20260414,6,212,pretrain,0.1380053162574768,0.014949669130146503,0.03269879147410393,0.08264798671007156,0.025064559653401375,0.07456399500370026,100590.5390625,127.18522644042969,0.9901164770126343,0.0002531618229113519,0.0,0.0,156.50390620125108,351.14855074099336
PINN20260414,6,214,pretrain,0.13657984137535095,0.01486295647919178,0.03259025514125824,0.08181679248809814,0.024708567187190056,0.07334236800670624,96841.078125,126.94815063476562,0.9774963855743408,0.00022634974448010325,0.0,0.0,156.0279484679748,351.5432383612292
PINN20260414,6,216,pretrain,0.1351792961359024,0.014777989126741886,0.032481901347637177,0.0810137465596199,0.024365246295928955,0.07212286442518234,93338.3125,126.324951171875,0.9654585123062134,0.00020161776046734303,0.0,0.0,155.55849482590142,351.9565069898552
PINN20260414,6,218,pretrain,0.1338011771440506,0.01469447836279869,0.03237345814704895,0.08023513853549957,0.0240336861461401,0.07090675085783005,90088.296875,125.40472412109375,0.9539400339126587,0.00017892173491418362,0.0,0.0,155.09443317903128,352.39673797795007
PINN20260414,6,220,pretrain,0.1324426382780075,0.014612192288041115,0.03226477652788162,0.07947678864002228,0.02371307834982872,0.0696946308016777,87053.734375,124.21128845214844,0.9429495930671692,0.00015810907643754035,0.0,0.0,154.63373434304367,352.8414901729954
PINN20260414,6,223,pretrain,0.1304492950439453,0.014490374363958836,0.03209928050637245,0.07838833332061768,0.02324865385890007,0.06789405643939972,83184.515625,122.95707702636719,0.9268536567687988,0.00013145456614438444,0.0,0.0,153.9718039325707,353.3740935609174
PINN20260414,6,225,pretrain,0.12918010354042053,0.014412306249141693,0.03198867291212082,0.0777440071105957,0.02295130304992199,0.06669984012842178,80710.1328125,121.55030822753906,0.917241632938385,0.00011518784594954923,0.0,0.0,153.5484832837824,353.7718964071341
PINN20260414,6,227,pretrain,0.1280844360589981,0.014341762289404869,0.031877242028713226,0.077358178794384,0.02266167476773262,0.06552261859178543,78522.5625,120.39645385742188,0.9084281921386719,0.0001008108738460578,0.0,0.0,153.21063294326214,354.10667751752436
PINN20260414,6,229,pretrain,0.12779179215431213,0.014305067248642445,0.031767383217811584,0.07820062339305878,0.022379018366336823,0.06440167874097824,76809.125,120.26414489746094,0.9015494585037231,8.870495366863906e-05,0.0,0.0,153.2617246738402,354.34327459400157
PINN20260414,6,231,pretrain,0.13148091733455658,0.014437930658459663,0.03167593106627464,0.08515921235084534,0.022107582539319992,0.06352735310792923,76095.140625,122.81166076660156,0.9038228988647461,7.967809506226331e-05,0.0,0.0,154.85405805749812,354.69295700647905
PINN20260414,6,233,pretrain,0.1450464129447937,0.015019737184047699,0.03164594992995262,0.107383131980896,0.02187807857990265,0.06305760890245438,76767.25,127.51311492919922,0.9305480718612671,7.334566180361435e-05,0.0,0.0,156.58807800044997,355.33694397008594
PINN20260414,6,235,pretrain,0.13407626748085022,0.014545628800988197,0.03148675337433815,0.0917777344584465,0.021717727184295654,0.061174988746643066,72909.2421875,118.55154418945312,0.9029683470726013,5.8107452787226066e-05,0.0,0.0,151.39132085839663,355.71185231167095
PINN20260414,6,238,pretrain,0.13417553901672363,0.014471730217337608,0.03132570907473564,0.09380869567394257,0.021354928612709045,0.059632085263729095,69852.6796875,114.84351348876953,0.8995347023010254,4.132418689550832e-05,0.0,0.0,152.35395799133346,355.98887359719544
PINN20260414,6,240,pretrain,0.12028609216213226,0.013846263289451599,0.03114011511206627,0.07329319417476654,0.021016160026192665,0.05829072371125221,64748.64453125,103.59695434570312,0.8739649057388306,2.4736424165894277e-05,0.0,0.0,151.09235715490377,359.17905527744796
PINN20260414,6,242,pretrain,0.12735188007354736,0.014208311215043068,0.031099235638976097,0.08537976443767548,0.02089027501642704,0.05736042931675911,61820.95703125,94.68899536132812,0.8931633234024048,1.3885120097256731e-05,0.0,0.0,150.1923701353534,359.07763784451964
PINN20260414,6,244,pretrain,0.11873141676187515,0.013730507344007492,0.030904123559594154,0.07315582782030106,0.020603664219379425,0.05628528818488121,62719.6484375,98.97855377197266,0.8730945587158203,1.430992142559262e-05,0.0,0.0,150.71557183566003,357.94998996018984
PINN20260414,6,246,pretrain,0.12124665826559067,0.013799190521240234,0.03079555556178093,0.07796257734298706,0.020340699702501297,0.05579439178109169,62382.84375,99.96958923339844,0.8787583112716675,1.0359663065173663e-05,0.0,0.0,149.1228454894655,358.32189177470025
PINN20260414,6,248,pretrain,0.11813235282897949,0.013685455545783043,0.03067702054977417,0.07449522614479065,0.020156603306531906,0.0542910136282444,58841.9921875,89.14373779296875,0.8800272345542908,4.733141395263374e-06,0.0,0.0,149.3263322914783,360.79562687898533
PINN20260414,6,250,pretrain,0.11635607481002808,0.01355484127998352,0.03053409419953823,0.07241208106279373,0.019985251128673553,0.0538652203977108,58117.9140625,89.53192138671875,0.8821421265602112,3.5562709399528103e-06,0.0,0.0,148.39063733942245,360.0077256115485
PINN20260414,6,252,pretrain,0.11663705855607986,0.013532795943319798,0.030390089377760887,0.07414107769727707,0.019688401371240616,0.052864376455545425,58351.5,92.42057800292969,0.8781533241271973,2.3198335838969797e-06,0.0,0.0,148.32795958196823,359.4337125952434
PINN20260414,6,255,pretrain,0.11362677067518234,0.01338917389512062,0.03017367608845234,0.07121925055980682,0.019356202334165573,0.05124925076961517,56320.125,87.72000885009766,0.8778849840164185,5.988483167129743e-07,0.0,0.0,147.7058481514019,360.5890146690551
PINN20260414,6,257,pretrain,0.11256755143404007,0.013307604007422924,0.030026137828826904,0.07020671665668488,0.019243784248828888,0.050834979861974716,54922.28125,84.61205291748047,0.8782029151916504,2.319560721275593e-08,0.0,0.0,146.91079351089218,362.43359305533477
PINN20260414,6,259,pretrain,0.11192616820335388,0.013279372826218605,0.0298966895788908,0.07036759704351425,0.019000479951500893,0.04981738701462746,53237.97265625,81.64759826660156,0.8887808918952942,0.0,0.0,0.0,146.61497594678042,363.9510398048067
PINN20260414,6,261,pretrain,0.11016760766506195,0.013189349323511124,0.029737571254372597,0.06878627836704254,0.018776360899209976,0.04881177842617035,52563.15234375,82.14192199707031,0.8882497549057007,0.0,0.0,0.0,146.23480823875346,363.0849375490534
PINN20260414,6,263,pretrain,0.10997229814529419,0.013139847666025162,0.029577812179923058,0.0692010447382927,0.01860724948346615,0.04841335490345955,51978.50390625,83.67533874511719,0.8881536722183228,0.0,0.0,0.0,145.9563223943211,363.3054413988318
PINN20260414,6,265,pretrain,0.108217254281044,0.01306998822838068,0.029427148401737213,0.067863330245018,0.018325740471482277,0.04711449146270752,50541.953125,82.65752410888672,0.8928611278533936,0.0,0.0,0.0,145.435035701082,364.8087041519158
PINN20260414,6,267,pretrain,0.10796177387237549,0.013038553297519684,0.02928486093878746,0.06807434558868408,0.018196500837802887,0.046744246035814285,48932.59375,81.01129913330078,0.9031036496162415,0.0,0.0,0.0,145.0948773647781,365.3901382426734
PINN20260414,6,269,pretrain,0.1064818799495697,0.012966595590114594,0.029121259227395058,0.067085862159729,0.01791641116142273,0.04560038447380066,47651.24609375,81.01638793945312,0.9041054248809814,0.0,0.0,0.0,144.7696985732857,365.1049078689576
PINN20260414,6,272,pretrain,0.1056113988161087,0.012898370623588562,0.028889352455735207,0.06692639738321304,0.0176481232047081,0.044772919267416,45206.94921875,80.07368469238281,0.9134376049041748,0.0,0.0,0.0,144.19929784849856,366.56718347391654
PINN20260414,6,274,pretrain,0.10434263944625854,0.012829010374844074,0.02871956117451191,0.06606096029281616,0.01740722358226776,0.043877020478248596,43820.171875,80.27206420898438,0.9145750403404236,0.0,0.0,0.0,143.91785715947483,366.58218723773257
PINN20260414,6,276,pretrain,0.10388854146003723,0.012779483571648598,0.028554247692227364,0.0660906583070755,0.017230462282896042,0.04343816637992859,42335.41796875,80.02729034423828,0.9179950952529907,0.0,0.0,0.0,143.5852248557455,367.1001864273566
PINN20260414,6,278,pretrain,0.10280148684978485,0.012724176980555058,0.028393855318427086,0.06537868827581406,0.01701393537223339,0.042658884078264236,40427.6953125,78.60102844238281,0.9225919246673584,0.0,0.0,0.0,143.1741795964796,368.0934196980435
PINN20260414,6,280,pretrain,0.10209881514310837,0.012679343111813068,0.02823719009757042,0.06511256098747253,0.01682015135884285,0.0420682393014431,38550.13671875,76.95271301269531,0.9287668466567993,0.0,0.0,0.0,142.82285246941402,368.78883270104586
PINN20260414,6,282,pretrain,0.10142850130796432,0.012629339471459389,0.0280745979398489,0.06479309499263763,0.016646429896354675,0.041610103100538254,36906.30078125,75.9967269897461,0.933314323425293,0.0,0.0,0.0,142.48998731270558,369.1775487485662
PINN20260414,6,284,pretrain,0.10048897564411163,0.01257311925292015,0.027906762436032295,0.06429284065961838,0.016417203471064568,0.0408957339823246,35335.5390625,75.22305297851562,0.9354119300842285,0.0,0.0,0.0,142.18458101399392,369.4303681006747
PINN20260414,6,287,pretrain,0.0995452031493187,0.012502211146056652,0.02766568772494793,0.06388996541500092,0.01614929921925068,0.04023348167538643,32919.6640625,73.11565399169922,0.9414852261543274,0.0,0.0,0.0,141.66715915968317,370.6119517096015
PINN20260414,6,289,pretrain,0.09883389621973038,0.012452658265829086,0.02750338241457939,0.06357544660568237,0.01594812609255314,0.039708033204078674,31371.779296875,71.66346740722656,0.9440109729766846,0.0,0.0,0.0,141.3456396347266,370.9902921573555
PINN20260414,6,291,pretrain,0.09804433584213257,0.012400788255035877,0.027339208871126175,0.0631684735417366,0.015737976878881454,0.03915182128548622,29899.9375,70.18391418457031,0.9450443983078003,0.0,0.0,0.0,141.03325461127955,371.3280010650961
PINN20260414,6,293,pretrain,0.09734935313463211,0.012348895892500877,0.027175268158316612,0.0628303587436676,0.015542268753051758,0.038690235465765,28522.478515625,69.05599212646484,0.9462356567382812,0.0,0.0,0.0,140.72797618544084,371.7452504740309
PINN20260414,6,295,pretrain,0.09674861282110214,0.012298503890633583,0.02701352909207344,0.06256833672523499,0.0153576685115695,0.03831042721867561,27150.162109375,67.92239379882812,0.9473588466644287,0.0,0.0,0.0,140.42010767915326,372.0989661702919
PINN20260414,6,297,pretrain,0.09619593620300293,0.012248717248439789,0.02685384638607502,0.06231600418686867,0.015185810625553131,0.038000430911779404,25792.80078125,66.40994262695312,0.9479538202285767,0.0,0.0,0.0,140.11067751290406,372.4231464342677
PINN20260414,6,299,pretrain,0.09571484476327896,0.012199219316244125,0.02669566497206688,0.06211981922388077,0.015022307634353638,0.0377565436065197,24486.69140625,64.92340087890625,0.9481885433197021,0.0,0.0,0.0,139.81495164368152,372.75723081517816
PINN20260414,6,301,physics,11635.9052734375,0.012150471098721027,0.026538657024502754,0.06210177391767502,0.014883804135024548,0.03768537566065788,23245.564453125,63.71607971191406,0.9482606649398804,0.0,0.0,0.0,270.18571448635106,417.663796461939
PINN20260414,6,304,physics,571882.625,0.09030020982027054,0.04408324882388115,0.5734224319458008,0.047926388680934906,0.20150795578956604,1140782.75,7331.59716796875,81.20660400390625,0.0,0.0,0.0,469.54589099469285,334.98535415746164
PINN20260414,6,306,physics,397925.71875,0.22569891810417175,0.08833190053701401,1.2191581726074219,0.07486618310213089,0.25598418712615967,792978.3125,6452.31982421875,204.6776123046875,0.0,0.0,1670.2032470703125,575.2841145903475,525.6338732901448
PINN20260414,6,308,physics,183058.546875,0.4564721882343292,0.10151069611310959,2.259629726409912,0.05155118927359581,0.22240599989891052,365503.21875,1.0140386819839478,1003.243408203125,0.1432301551103592,0.0,74.47869873046875,850.2140539299501,868.8982607302192
PINN20260414,6,310,physics,161538.9375,0.38397741317749023,0.12162918597459793,4.478368759155273,0.07251835614442825,0.16970497369766235,321412.6875,1579.3321533203125,1711.533447265625,0.034621186554431915,0.0,2.6309953327086077e-08,847.2974315433748,805.3532998007769
PINN20260414,6,312,physics,175373.03125,0.8094287514686584,0.16844403743743896,7.922918319702148,0.058323733508586884,0.1605532020330429,350236.1875,0.0,830.4658813476562,0.0,0.0,0.009308330714702606,998.6117238446583,863.0545680894112
PINN20260414,6,314,physics,93138.0390625,0.7910929918289185,0.15689222514629364,9.615700721740723,0.06408397108316422,0.15556038916110992,185137.640625,1454.10595703125,905.3721923828125,0.02485591173171997,0.0,0.07430601119995117,945.4554788566197,826.5603048175009
PINN20260414,6,316,physics,68514.390625,0.6623888611793518,0.10226105153560638,13.82783317565918,0.05558288097381592,0.18518497049808502,136275.9375,115.01808166503906,1147.522705078125,0.03250005841255188,0.0,0.19498595595359802,819.3933731731054,673.3884465893367
PINN20260414,6,318,physics,108194.125,0.666000247001648,0.08278831094503403,20.282909393310547,0.06406505405902863,0.18630766868591309,215035.9375,1185.61083984375,1419.983154296875,0.0003512112598400563,0.0,0.34049591422080994,792.7805891291739,638.0065879362062
PINN20260414,6,321,physics,29212.6484375,0.8020673990249634,0.09623105823993683,28.105812072753906,0.05204266309738159,0.19032599031925201,57641.875,0.0,1246.0697021484375,0.0003625729004852474,0.0,0.6266924738883972,836.454085709431,688.2350842916975
PINN20260414,6,323,physics,50445.48828125,0.9613769054412842,0.10626004636287689,34.0826301574707,0.050794295966625214,0.20134200155735016,100120.25,0.0,1212.341552734375,0.002564242109656334,0.0,0.8314495086669922,844.6213278742136,703.1322777401134
PINN20260414,6,325,physics,28408.478515625,0.9610353708267212,0.11623776704072952,44.01879119873047,0.0540420338511467,0.19994930922985077,55957.359375,0.0,1340.538818359375,0.0,0.0,1.0272542238235474,800.7684200191713,681.9067705705818
PINN20260414,6,327,physics,35834.25,0.9244933128356934,0.12393002212047577,54.838966369628906,0.04195617511868477,0.18230125308036804,70676.875,0.0,1539.0535888671875,0.0,0.0,1.2827699184417725,767.5228823950463,668.946770117025
PINN20260414,6,329,physics,16635.953125,0.8989223837852478,0.11967739462852478,62.63834762573242,0.042886748909950256,0.14449913799762726,32295.26953125,0.0,1498.5662841796875,0.0,0.0,1.6288113594055176,756.899184171842,654.8983222607918
PINN20260414,6,331,physics,17542.05859375,0.9079102873802185,0.11290507763624191,70.52456665039062,0.041074011474847794,0.14716997742652893,34207.640625,0.0,1315.79345703125,0.0,0.0,1.9434514045715332,772.3318991858358,654.673057716598
PINN20260414,6,333,physics,13403.9169921875,0.8860716223716736,0.11432735621929169,81.66787719726562,0.03641404211521149,0.14459800720214844,26006.255859375,0.0,1168.726806640625,0.0,0.0,2.106724262237549,800.0080468345303,673.4800015590663
PINN20260414,6,336,physics,15675.4716796875,0.8826953172683716,0.12497178465127945,96.8739013671875,0.03463169187307358,0.13150684535503387,30633.265625,0.0,998.4864501953125,0.0,0.0,2.123507022857666,836.8029561969771,721.9079970813456
PINN20260414,6,338,physics,6093.30126953125,0.8843487501144409,0.1304737776517868,101.83840942382812,0.034807197749614716,0.13564158976078033,11539.23828125,22.334007263183594,856.4649047851562,0.0,0.0,2.048884630203247,830.1903396209811,725.0490500648905
PINN20260414,6,340,physics,9366.57421875,0.8896456956863403,0.13638021051883698,105.64569854736328,0.03554951027035713,0.13765890896320343,18126.7265625,92.156005859375,734.06298828125,0.0,0.0,1.8452916145324707,831.6472734879854,724.2975907732954
PINN20260414,6,342,physics,7731.71337890625,0.8731142282485962,0.14136375486850739,110.81068420410156,0.034280434250831604,0.13438689708709717,14915.62109375,67.39520263671875,642.651123046875,0.0,0.0,1.4914296865463257,840.624135687288,717.6941157275849
PINN20260414,6,344,physics,6209.5400390625,0.8518162965774536,0.14232465624809265,115.42182159423828,0.03234785422682762,0.13122566044330597,11936.8701171875,1.233475923538208,568.3573608398438,0.0,0.0,1.0743904113769531,850.4827673151291,708.6530577440558
PINN20260414,6,346,physics,6309.70849609375,0.8299741744995117,0.1396946907043457,117.06776428222656,0.030380548909306526,0.1290065050125122,12177.826171875,0.0,498.338623046875,0.0,0.0,0.6888742446899414,839.6859531991707,684.3491661790785
PINN20260414,6,348,physics,4442.10595703125,0.804629921913147,0.13625827431678772,116.19486999511719,0.02677799016237259,0.12615342438220978,8478.50390625,0.0,440.4365234375,0.0,0.0,0.3693152368068695,824.1242700588303,664.8139777411423
PINN20260414,6,350,physics,4208.291015625,0.7798112034797668,0.13538981974124908,114.62985229492188,0.02630370855331421,0.12405678629875183,8038.05615234375,0.0,398.3924865722656,0.0,0.0,0.14035123586654663,816.4661658635954,659.0828855310992
PINN20260414,6,353,physics,3801.362060546875,0.7537277936935425,0.13899226486682892,111.86080932617188,0.026835452765226364,0.12089207023382187,7244.06396484375,35.65190505981445,347.15472412109375,0.0,0.0,0.012772947549819946,823.2698145201243,670.0715680059855
PINN20260414,6,355,physics,3374.39501953125,0.7488716840744019,0.1399046629667282,108.43382263183594,0.026369614526629448,0.11740419268608093,6410.39990234375,36.12740707397461,319.93084716796875,0.0,0.0,0.0,822.9139156072158,668.0260333624731
PINN20260414,6,357,physics,2662.57861328125,0.7460434436798096,0.13871459662914276,103.63294982910156,0.026330491527915,0.1167164146900177,5015.943359375,5.768547058105469,301.15771484375,0.0,0.0,0.0,818.786907565088,659.5083632904135
PINN20260414,6,359,physics,2903.253173828125,0.7401260137557983,0.13805162906646729,98.44489288330078,0.025878943502902985,0.1173090934753418,5497.22314453125,42.24860382080078,287.35076904296875,0.0,0.0,0.0,816.2763778280001,653.2227558421399
PINN20260414,6,361,physics,2255.55859375,0.7297199964523315,0.13863633573055267,93.42353820800781,0.025146109983325005,0.11574975401163101,4217.65380859375,30.844970703125,278.6666564941406,0.0,0.0,0.0,815.1091184620622,649.6525513688067
PINN20260414,6,363,physics,2270.961669921875,0.7189635038375854,0.13894174993038177,88.42902374267578,0.024749070405960083,0.11399149894714355,4263.51806640625,16.404178619384766,273.22491455078125,0.0,0.0,0.0,812.2765846680551,646.0746135315951
PINN20260414,6,365,physics,2190.9794921875,0.7101567387580872,0.13786081969738007,83.4912338256836,0.02417013980448246,0.11335359513759613,4106.708984375,26.762117385864258,270.96990966796875,0.0,0.0,0.0,807.3943042281138,641.8246693996733
PINN20260414,6,367,physics,1889.3936767578125,0.705194354057312,0.13616739213466644,79.03264617919922,0.02341838926076889,0.11246953159570694,3516.532958984375,8.174957275390625,270.6427307128906,0.0,0.0,0.0,807.4224420958337,642.5514327662806
PINN20260414,6,370,physics,1736.3709716796875,0.7024291753768921,0.13554395735263824,73.684326171875,0.022674433887004852,0.11023610085248947,3222.666259765625,0.0,266.50732421875,0.0,0.0,0.0,816.3256473368946,651.3988313621694
PINN20260414,6,372,physics,1745.2608642578125,0.7000192403793335,0.1365712732076645,70.80513763427734,0.022344153374433517,0.10860653221607208,3247.9326171875,0.0,259.7967224121094,0.0,0.0,0.0,819.0236184018139,653.6719838726455
PINN20260414,6,374,physics,1569.523681640625,0.6943449378013611,0.13754992187023163,68.32547760009766,0.02202433906495571,0.10709090530872345,2904.93798828125,0.0,250.64208984375,0.0,0.0,0.0,815.2385387112167,648.5803728143491
PINN20260414,6,376,physics,1512.7542724609375,0.6863301992416382,0.13779570162296295,66.18360137939453,0.021793482825160027,0.10587769746780396,2800.7265625,0.4295777678489685,239.1222686767578,0.0,0.0,0.0,810.566777014701,641.567928009186
PINN20260414,6,378,physics,1481.067138671875,0.6779627799987793,0.13755391538143158,64.28299713134766,0.021552152931690216,0.10481534153223038,2746.42236328125,2.4750730991363525,226.47386169433594,0.0,0.0,0.0,808.6685816822612,636.9117629232483
PINN20260414,6,380,physics,1368.278564453125,0.6700195074081421,0.13720911741256714,62.54331588745117,0.021298734471201897,0.10373305529356003,2529.013916015625,5.080808162689209,214.6309356689453,0.0,0.0,0.0,808.0792813827119,634.2947855689813
PINN20260414,6,382,physics,1377.4139404296875,0.6625049114227295,0.13674920797348022,60.948543548583984,0.021056313067674637,0.10282581299543381,2554.878662109375,5.654493808746338,204.8094940185547,0.0,0.0,0.0,805.6401569559451,630.911889648626
PINN20260414,6,385,physics,1252.1119384765625,0.6518336534500122,0.1360057294368744,58.79299545288086,0.020714443176984787,0.10198380798101425,2313.493408203125,5.380049705505371,193.97833251953125,0.0,0.0,0.0,800.643959572543,625.593867856775
PINN20260414,6,387,physics,1239.935302734375,0.646237850189209,0.1359979659318924,57.41722106933594,0.02048576809465885,0.10136166960000992,2292.379150390625,8.838709831237793,189.0457305908203,0.0,0.0,0.0,799.9660149031332,624.4492823680719
PINN20260414,6,389,physics,1200.92431640625,0.6425594091415405,0.13625071942806244,56.03474426269531,0.020311659201979637,0.1006053164601326,2218.1787109375,8.239535331726074,185.85394287109375,0.0,0.0,0.0,800.641968984889,623.9311109810121
PINN20260414,6,391,physics,1163.8463134765625,0.6400284767150879,0.13626375794410706,54.687618255615234,0.020152978599071503,0.09991499036550522,2148.303955078125,4.280757427215576,184.06161499023438,0.0,0.0,0.0,800.057302635255,621.6859637308856
PINN20260414,6,393,physics,1125.49755859375,0.6372920274734497,0.13603240251541138,53.44795227050781,0.019979024305939674,0.09931792318820953,2075.3017578125,0.8309293985366821,182.69346618652344,0.0,0.0,0.0,797.8024896551777,617.984475937705
PINN20260414,6,395,physics,1108.365966796875,0.6338919997215271,0.13599714636802673,52.335201263427734,0.01980421505868435,0.09871761500835419,2044.015869140625,0.11206251382827759,180.4485626220703,0.0,0.0,0.0,795.7115919100337,615.0618871300676
PINN20260414,6,397,physics,1073.0780029296875,0.630263090133667,0.13630974292755127,51.32640838623047,0.019608214497566223,0.0980815589427948,1976.561767578125,0.9455869197845459,176.71983337402344,0.0,0.0,0.0,794.7758724948815,613.7336301279245
PINN20260414,6,399,physics,1050.1282958984375,0.626806378364563,0.13665910065174103,50.41827392578125,0.019417978823184967,0.097471222281456,1933.48193359375,3.512089967727661,172.1378631591797,0.0,0.0,0.0,794.2389832411905,612.8979319593108
PINN20260414,6,402,physics,1011.8233032226562,0.6217677593231201,0.13667535781860352,49.251190185546875,0.01915370114147663,0.09669842571020126,1863.0831298828125,1.6248008012771606,165.39654541015625,0.0,0.0,0.0,792.9373398951521,610.8636304446353
PINN20260414,6,404,physics,994.285400390625,0.6184937953948975,0.1365065574645996,48.54011154174805,0.018994925543665886,0.09620402008295059,1830.93994140625,2.929743528366089,161.07339477539062,0.0,0.0,0.0,792.5852872088908,609.8018120668387
PINN20260414,6,406,physics,971.8847045898438,0.6155909299850464,0.13647769391536713,47.825523376464844,0.018847301602363586,0.09566226601600647,1789.017578125,3.789738655090332,157.14166259765625,0.0,0.0,0.0,792.5995994195304,609.0474119475429
PINN20260414,6,408,physics,951.158203125,0.6128779649734497,0.1366087645292282,47.11399841308594,0.01870374009013176,0.09510970115661621,1750.20068359375,3.942990303039551,154.07901000976562,0.0,0.0,0.0,792.058512674411,607.7046723121355
PINN20260414,6,410,physics,934.0970458984375,0.6100075840950012,0.1367252618074417,46.431915283203125,0.01856338419020176,0.09459655731916428,1718.2608642578125,3.519775152206421,152.0980224609375,0.0,0.0,0.0,790.7463246832071,605.5064512455668
PINN20260414,6,412,physics,916.9085083007812,0.6069003343582153,0.13674187660217285,45.77854919433594,0.01842762902379036,0.09411056339740753,1686.543701171875,1.369360327720642,150.41636657714844,0.0,0.0,0.0,789.4449394986328,603.3171585078614
PINN20260414,6,414,physics,899.1754150390625,0.6036419868469238,0.13676674664020538,45.13482666015625,0.018300078809261322,0.09361855685710907,1653.6728515625,0.3371352553367615,148.0782470703125,0.0,0.0,0.0,788.6074752372057,601.7730573064899
PINN20260414,6,416,physics,882.048095703125,0.600308895111084,0.13687948882579803,44.494380950927734,0.018176287412643433,0.09312303364276886,1621.86865234375,0.7422933578491211,145.01683044433594,0.0,0.0,0.0,787.7972058213967,600.4776223973713
PINN20260414,6,419,physics,859.740234375,0.5953414440155029,0.1370491087436676,43.549156188964844,0.01799548603594303,0.09239593148231506,1580.8521728515625,1.976357340812683,140.10345458984375,0.0,0.0,0.0,785.8842153905371,597.8796649410315
PINN20260414,6,421,physics,845.3667602539062,0.5922945737838745,0.1371145099401474,42.916770935058594,0.0178822074085474,0.09192521125078201,1554.1268310546875,2.67643404006958,137.54299926757812,0.0,0.0,0.0,784.8053898897484,596.1815998502469
PINN20260414,6,423,physics,831.353271484375,0.5895683765411377,0.13720327615737915,42.266204833984375,0.01777649112045765,0.0914621576666832,1528.1453857421875,2.2215325832366943,135.74798583984375,0.0,0.0,0.0,784.3418817709533,594.9902047513051
PINN20260414,6,425,physics,817.371826171875,0.5870163440704346,0.137304425239563,41.603431701660156,0.01767723448574543,0.09099936485290527,1502.2471923828125,1.205014944076538,134.31898498535156,0.0,0.0,0.0,784.0673201326529,593.9994476007532
PINN20260414,7,1,pretrain,5.973875522613525,3.103186845779419,1.0088056325912476,1.9776172637939453,0.9909306168556213,0.9614025354385376,55133268.0,23628.53515625,15.835494995117188,0.17214922606945038,0.0,0.0,1862.1138525879667,2683.389647442205
PINN20260414,7,3,pretrain,5.370519161224365,2.8241353034973145,0.7930615544319153,1.8007655143737793,0.9417941570281982,0.9095157980918884,42744464.0,11978.669921875,10.456357955932617,0.025024525821208954,0.0,0.0,1774.2046809768033,2608.601253545662
PINN20260414,7,5,pretrain,4.753998279571533,2.541576385498047,0.6058743596076965,1.5898845195770264,0.8815816640853882,0.8423184156417847,31880678.0,7893.97509765625,7.6650190353393555,4.850322875427082e-05,0.0,0.0,1668.150397895825,2498.238379338529
PINN20260414,7,7,pretrain,4.085722923278809,2.2237675189971924,0.436002641916275,1.3442585468292236,0.8124186396598816,0.7632615566253662,22003318.0,5807.279296875,6.922879219055176,0.0,0.0,0.0,1544.25548404401,2332.5579306846807
PINN20260414,7,10,pretrain,3.181112766265869,1.7488574981689453,0.2516011595726013,1.014754295349121,0.7248985767364502,0.6643249988555908,10261497.0,3818.2607421875,8.318016052246094,0.0,0.0,0.0,1375.9818312753987,1969.4730894328056
PINN20260414,7,12,pretrain,2.837368965148926,1.5261688232421875,0.19632525742053986,0.9254734516143799,0.6987257599830627,0.6387317180633545,5410349.5,2730.80712890625,10.252281188964844,0.0,0.0,0.0,1311.0921973682857,1694.4803038099913
PINN20260414,7,14,pretrain,2.6732101440429688,1.375152826309204,0.1752859205007553,0.9536088705062866,0.6790428757667542,0.6280921101570129,2884490.5,1752.617919921875,10.353132247924805,0.0,0.0,0.0,1242.2933429749996,1481.2502320674923
PINN20260414,7,16,pretrain,2.45066237449646,1.1880662441253662,0.1496763378381729,0.9890007376670837,0.6315245628356934,0.5936893224716187,1788908.875,938.632568359375,6.441906929016113,0.0,0.0,0.0,1120.3291926929335,1383.8248624735718
PINN20260414,7,18,pretrain,2.0956244468688965,0.9359380006790161,0.10580485314130783,0.9620513319969177,0.5673553943634033,0.5417393445968628,1232674.875,539.7051391601562,3.3302841186523438,0.0,0.0,0.0,973.5317791423143,1401.6145154784892
PINN20260414,7,20,pretrain,1.7824159860610962,0.7177051305770874,0.0683581531047821,0.9107996821403503,0.5214968919754028,0.5098914504051208,906748.3125,1565.930908203125,2.7314631938934326,0.0,0.0,0.0,882.5509546196186,1494.123488872322
PINN20260414,7,23,pretrain,1.6821132898330688,0.6250276565551758,0.07635484635829926,0.8894173502922058,0.5064365863800049,0.5195533633232117,915920.25,4490.69482421875,3.4965436458587646,0.0,0.0,0.0,873.6141883005334,1569.1715967350417
PINN20260414,7,25,pretrain,1.6675992012023926,0.6079345941543579,0.09065113216638565,0.8919574022293091,0.492354154586792,0.5100549459457397,974884.4375,7369.58056640625,5.597655773162842,0.0,0.0,0.0,843.5270446168279,1481.8883223779044
PINN20260414,7,27,pretrain,1.5726155042648315,0.5555044412612915,0.0857277661561966,0.870727002620697,0.46639877557754517,0.4790661036968231,839475.9375,11194.0546875,10.210832595825195,0.0,0.0,0.0,791.5535357763239,1337.8640158850226
PINN20260414,7,29,pretrain,1.460697054862976,0.49967753887176514,0.07048960775136948,0.8377083539962769,0.4437420964241028,0.4490117132663727,643075.6875,13316.96875,14.303169250488281,0.0,0.0,0.0,742.2270542091551,1220.7678935817407
PINN20260414,7,31,pretrain,1.3566261529922485,0.4382327198982239,0.06071103364229202,0.809677004814148,0.42631447315216064,0.4269852042198181,575947.5625,10506.18359375,11.915572166442871,0.0,0.0,0.0,688.0815267829823,1163.2702287087038
PINN20260414,7,33,pretrain,1.264949917793274,0.37093040347099304,0.06498409807682037,0.784630537033081,0.4126543402671814,0.4123842120170593,603576.75,5133.0439453125,6.3004984855651855,0.0,0.0,0.0,638.4924382872517,1157.0073465626742
PINN20260414,7,35,pretrain,1.1963846683502197,0.3256171941757202,0.06766431778669357,0.7570101022720337,0.4033798575401306,0.4021562337875366,547844.125,1744.5782470703125,2.9210047721862793,0.0,0.0,0.0,607.1968379364306,1171.8852332886527
PINN20260414,7,38,pretrain,1.1291794776916504,0.2916971743106842,0.05549848452210426,0.7298566102981567,0.39697781205177307,0.39275676012039185,376559.8125,778.7141723632812,1.715915322303772,0.0,0.0,0.0,569.4246548051814,1150.4989678396066
PINN20260414,7,40,pretrain,1.0857110023498535,0.2642136514186859,0.05282510071992874,0.7196570634841919,0.3861973285675049,0.3859281837940216,343651.5,875.6489868164062,1.6682956218719482,0.0,0.0,0.0,537.816854282199,1093.058552868967
PINN20260414,7,42,pretrain,1.033947229385376,0.23488327860832214,0.05569131299853325,0.6954246759414673,0.37116849422454834,0.3775773346424103,327162.0625,940.6314697265625,1.7741835117340088,0.0,0.0,0.0,512.2790987342739,1035.034359333061
PINN20260414,7,44,pretrain,0.9876787662506104,0.2133844643831253,0.05778103321790695,0.6663825511932373,0.358731746673584,0.36949440836906433,290236.90625,876.2120971679688,2.4537649154663086,0.0,0.0,0.0,495.36025400712157,1003.2799646658952
PINN20260414,7,46,pretrain,0.9542999863624573,0.20024079084396362,0.055435292422771454,0.6494544744491577,0.3479461371898651,0.36171963810920715,248155.609375,907.829345703125,4.083902359008789,0.0,0.0,0.0,481.5688554090682,988.8913299751393
PINN20260414,7,48,pretrain,0.9261588454246521,0.19018229842185974,0.05191897600889206,0.6366649866104126,0.33740898966789246,0.3549574315547943,226087.484375,1396.2403564453125,5.821595191955566,0.0,0.0,0.0,468.2910586643738,974.1205649199692
PINN20260414,7,50,pretrain,0.8937249779701233,0.1790003627538681,0.05045023933053017,0.6156264543533325,0.3268689811229706,0.3484818935394287,218132.453125,2189.60888671875,5.95771598815918,0.0,0.0,0.0,449.8849332051475,954.5176792495779
PINN20260414,7,53,pretrain,0.8382612466812134,0.15465375781059265,0.04960663616657257,0.5828967094421387,0.3098803758621216,0.3404640555381775,195449.078125,2429.53662109375,4.244863986968994,0.0,0.0,0.0,414.5911201111283,917.9240845516583
PINN20260414,7,55,pretrain,0.80437171459198,0.14122524857521057,0.049038875848054886,0.5641146898269653,0.29504814743995667,0.3348544239997864,180903.5625,2370.93017578125,3.530805826187134,0.0,0.0,0.0,398.9303471472182,903.3143486627454
PINN20260414,7,57,pretrain,0.7731834650039673,0.13227052986621857,0.04811853542923927,0.5439735651016235,0.2803362309932709,0.32779890298843384,170599.796875,2013.7423095703125,2.9176979064941406,0.0,0.0,0.0,388.8746785598157,900.4456882566544
PINN20260414,7,59,pretrain,0.7433986663818359,0.12505534291267395,0.04704215005040169,0.5247349739074707,0.26521533727645874,0.3195649981498718,162449.6875,1282.094970703125,2.240229845046997,0.0,0.0,0.0,377.46994913502715,898.376904478293
PINN20260414,7,61,pretrain,0.711186945438385,0.1175527423620224,0.0461701899766922,0.503993034362793,0.24753661453723907,0.31057512760162354,150832.375,613.695556640625,1.774282455444336,0.0,0.0,0.0,363.7994811706031,893.6578973522251
PINN20260414,7,63,pretrain,0.6774653196334839,0.10985914617776871,0.04549097642302513,0.48124799132347107,0.2296406626701355,0.30121666193008423,132669.625,285.18377685546875,1.709922432899475,0.0,0.0,0.0,350.5792305242853,889.2891472968732
PINN20260414,7,66,pretrain,0.6279610395431519,0.09906637668609619,0.043887920677661896,0.4481598138809204,0.20318806171417236,0.2872264087200165,106984.7578125,197.30636596679688,1.9855883121490479,0.0,0.0,0.0,334.88231374992023,887.7217680669997
PINN20260414,7,68,pretrain,0.5947399139404297,0.09306864440441132,0.04308834299445152,0.42297422885894775,0.18579457700252533,0.27819639444351196,97594.59375,270.07904052734375,1.9150092601776123,0.0,0.0,0.0,325.2688071042165,888.7683190798376
PINN20260414,7,70,pretrain,0.56218421459198,0.0869545266032219,0.04258265346288681,0.39807233214378357,0.1692584753036499,0.2692335844039917,86051.953125,391.6011657714844,1.6302158832550049,0.0,0.0,0.0,314.14673621573723,882.7153774008924
PINN20260414,7,72,pretrain,0.5303295850753784,0.08026902377605438,0.04213207960128784,0.37271153926849365,0.15445592999458313,0.26189127564430237,74258.171875,521.8294067382812,1.5106751918792725,0.0,0.0,0.0,302.81259674921057,870.8273365024779
PINN20260414,7,74,pretrain,0.5008665323257446,0.0744437426328659,0.04182323068380356,0.34725743532180786,0.1423783153295517,0.255316823720932,70207.171875,749.18408203125,1.7465147972106934,0.0,0.0,0.0,292.9473475515694,862.4374977353432
PINN20260414,7,76,pretrain,0.4735501706600189,0.06967233866453171,0.041442323476076126,0.32142752408981323,0.1325889229774475,0.24966375529766083,69727.0625,982.6636962890625,2.0171127319335938,0.0,0.0,0.0,285.09415933599905,857.9954836710972
PINN20260414,7,78,pretrain,0.4491470456123352,0.06565052270889282,0.04090489447116852,0.29723626375198364,0.12532831728458405,0.24459902942180634,68917.3828125,996.85693359375,2.0556554794311523,0.0,0.0,0.0,277.7894042705733,854.1115266755273
PINN20260414,7,81,pretrain,0.41516315937042236,0.06035057455301285,0.0397128202021122,0.26270222663879395,0.11745892465114594,0.23687481880187988,65966.0703125,707.1812133789062,1.8409960269927979,0.0,0.0,0.0,266.66808430612764,851.6318526804878
PINN20260414,7,83,pretrain,0.3942703306674957,0.05727937072515488,0.03881396725773811,0.24170765280723572,0.11330335587263107,0.23118770122528076,63103.66796875,504.36529541015625,1.6922776699066162,0.0,0.0,0.0,259.9369965732081,852.0230337262016
PINN20260414,7,85,pretrain,0.37476056814193726,0.05420312285423279,0.037980686873197556,0.2236361801624298,0.10915452241897583,0.2246587872505188,60001.41015625,352.6629333496094,1.5795683860778809,0.0,0.0,0.0,252.90129775517167,850.4403271247196
PINN20260414,7,87,pretrain,0.35670581459999084,0.05112789198756218,0.037265345454216,0.2084110677242279,0.10480349510908127,0.21759523451328278,56709.69921875,265.65460205078125,1.5176377296447754,0.0,0.0,0.0,245.89978268595522,849.7029260276794
PINN20260414,7,89,pretrain,0.34091025590896606,0.048306409269571304,0.03667595610022545,0.19605718553066254,0.10059375315904617,0.21078254282474518,52646.1484375,239.78890991210938,1.5421708822250366,0.0,0.0,0.0,238.6951834976986,846.6045785961709
PINN20260414,7,91,pretrain,0.3271312713623047,0.04552145302295685,0.036159172654151917,0.1861504167318344,0.09692253172397614,0.20444640517234802,48395.859375,270.95928955078125,1.660599946975708,0.0,0.0,0.0,231.75226704662458,839.8893528316692
PINN20260414,7,93,pretrain,0.3154485821723938,0.04312223196029663,0.0357457660138607,0.1779842972755432,0.0939369648694992,0.1987287402153015,45218.23828125,354.0237731933594,1.8408880233764648,0.0,0.0,0.0,225.67335873724662,835.6864319228833
PINN20260414,7,96,pretrain,0.30064818263053894,0.03985819220542908,0.03532753139734268,0.16812720894813538,0.09039606899023056,0.19098643958568573,43568.15234375,471.4209289550781,2.0612375736236572,0.0,0.0,0.0,217.38181056035944,828.4057354340323
PINN20260414,7,98,pretrain,0.29221466183662415,0.03808625787496567,0.0351235531270504,0.16244816780090332,0.0885360911488533,0.18629245460033417,44133.296875,481.85980224609375,2.076537847518921,0.0,0.0,0.0,212.95592633805708,825.4794818770482
PINN20260414,7,100,pretrain,0.2844693064689636,0.03656677156686783,0.03494912385940552,0.15740948915481567,0.0867450088262558,0.18159903585910797,44088.94140625,440.2630920410156,1.9947389364242554,0.0,0.0,0.0,209.19828363301644,823.1684593690406
PINN20260414,7,102,pretrain,0.27744153141975403,0.03524738550186157,0.03480073809623718,0.1530105620622635,0.08500874787569046,0.1770874261856079,44633.67578125,366.90087890625,1.8557889461517334,0.0,0.0,0.0,205.6677482160244,818.7670608909472
PINN20260414,7,104,pretrain,0.27084749937057495,0.03400692343711853,0.03467254713177681,0.14915156364440918,0.08327232301235199,0.17260530591011047,45765.78125,299.5509033203125,1.7153189182281494,0.0,0.0,0.0,202.20284910826553,814.2397143961967
PINN20260414,7,106,pretrain,0.2645237445831299,0.03284383937716484,0.03453190624713898,0.14563900232315063,0.0815577581524849,0.16809573769569397,46187.171875,263.3300476074219,1.6273703575134277,0.0,0.0,0.0,198.72907712197025,809.2912794538194
PINN20260414,7,109,pretrain,0.2553445100784302,0.031165994703769684,0.03427419811487198,0.14059218764305115,0.07893884181976318,0.16165661811828613,45556.5,249.01376342773438,1.5784209966659546,0.0,0.0,0.0,193.67325092794823,802.4286183206578
PINN20260414,7,111,pretrain,0.24947454035282135,0.030193226411938667,0.03408779203891754,0.13734014332294464,0.07708973437547684,0.15754219889640808,43744.5,240.33786010742188,1.558895468711853,0.0,0.0,0.0,190.68996843698937,798.2039213133446
PINN20260414,7,113,pretrain,0.24381601810455322,0.02933362126350403,0.03389039263129234,0.1341434121131897,0.07527878880500793,0.15354500710964203,42108.44140625,225.42874145507812,1.520486831665039,0.0,0.0,0.0,187.9735270589984,794.6263272759089
PINN20260414,7,115,pretrain,0.23840752243995667,0.028550172224640846,0.033677905797958374,0.13110293447971344,0.0735175833106041,0.14969243109226227,40784.203125,203.7288818359375,1.4682939052581787,0.0,0.0,0.0,185.40856489790323,792.5143531823256
PINN20260414,7,117,pretrain,0.23323212563991547,0.027828175574541092,0.03344382345676422,0.1282363384962082,0.07181033492088318,0.14596590399742126,40096.1875,174.88308715820312,1.4012160301208496,0.0,0.0,0.0,183.06885871510207,790.9621514333035
PINN20260414,7,119,pretrain,0.22826899588108063,0.027149558067321777,0.033202797174453735,0.12554167211055756,0.0701129287481308,0.14237403869628906,39623.56640625,143.81080627441406,1.3226217031478882,0.0,0.0,0.0,180.87305091382464,789.8828235884105
PINN20260414,7,121,pretrain,0.22351722419261932,0.026498135179281235,0.032953280955553055,0.12301963567733765,0.06847163289785385,0.13891208171844482,38490.3125,118.60052490234375,1.2527470588684082,0.0,0.0,0.0,178.65009773821845,788.5597631124733
PINN20260414,7,124,pretrain,0.21672989428043365,0.025551633909344673,0.03256673365831375,0.11946254968643188,0.06619217246770859,0.1339409351348877,36031.26171875,97.523681640625,1.1834200620651245,0.0,0.0,0.0,175.3801117394729,787.2498015242684
PINN20260414,7,126,pretrain,0.21244670450687408,0.024945775046944618,0.03230367600917816,0.11722971498966217,0.06475415080785751,0.13083699345588684,34697.8984375,89.16281127929688,1.1463162899017334,0.0,0.0,0.0,173.22668493912823,786.9335264175749
PINN20260414,7,128,pretrain,0.20834901928901672,0.024358831346035004,0.03202860429883003,0.11508980393409729,0.06336414813995361,0.1279355138540268,33849.42578125,85.31709289550781,1.1179425716400146,0.0,0.0,0.0,171.11276435438708,787.4133682507555
PINN20260414,7,130,pretrain,0.20441821217536926,0.023795217275619507,0.03174801170825958,0.11303093284368515,0.06198887899518013,0.12522095441818237,33208.21875,86.05995178222656,1.1013835668563843,0.0,0.0,0.0,169.01048760912738,787.9926633541711
PINN20260414,7,132,pretrain,0.2006286084651947,0.02325310930609703,0.031468264758586884,0.1110241562128067,0.06062551587820053,0.12267236411571503,32807.6640625,87.05762481689453,1.0840845108032227,0.0,0.0,0.0,166.94137841806926,788.0404891247657
PINN20260414,7,134,pretrain,0.19695430994033813,0.02272937446832657,0.03118843212723732,0.1090552806854248,0.05927887186408043,0.12025891244411469,32455.189453125,87.1059799194336,1.060753583908081,0.0,0.0,0.0,164.96377443244927,788.2028212966508
PINN20260414,7,136,pretrain,0.19337615370750427,0.022226780652999878,0.03090781904757023,0.10710787773132324,0.05792783573269844,0.11797453463077545,32161.501953125,87.58987426757812,1.0348212718963623,0.0,0.0,0.0,163.0767469341506,787.8465507318034
PINN20260414,7,139,pretrain,0.18818694353103638,0.02150118350982666,0.030499501153826714,0.10421629995107651,0.055926479399204254,0.11477157473564148,32178.03515625,88.31244659423828,0.9928447008132935,0.0,0.0,0.0,160.30988058288858,786.2664545178053
PINN20260414,7,141,pretrain,0.1848495453596115,0.021040551364421844,0.03023221343755722,0.10232487320899963,0.05461612343788147,0.11276371031999588,32191.25,89.86444091796875,0.971889853477478,0.0,0.0,0.0,158.55771450208596,785.2667142442751
PINN20260414,7,143,pretrain,0.18160764873027802,0.020599786192178726,0.029961710795760155,0.10047703236341476,0.05334197357296944,0.11083095520734787,31919.05078125,92.25556945800781,0.9567358493804932,0.0,0.0,0.0,156.8724352379984,784.3652290228067
PINN20260414,7,145,pretrain,0.1784605234861374,0.020178981125354767,0.02969196066260338,0.0986667349934578,0.052097633481025696,0.108977772295475,31613.955078125,94.96691131591797,0.9456169605255127,0.0,0.0,0.0,155.25484971289947,783.6989616555582
PINN20260414,7,147,pretrain,0.17540223896503448,0.019773950800299644,0.02942534163594246,0.09689721465110779,0.05088100582361221,0.10719455033540726,31482.630859375,97.42970275878906,0.9382897019386292,0.0,0.0,0.0,153.6982001155186,783.1512864702452
PINN20260414,7,149,pretrain,0.1724245697259903,0.019383441656827927,0.029163481667637825,0.09516456723213196,0.049695346504449844,0.10546691715717316,31540.482421875,98.8576889038086,0.9303689002990723,0.0,0.0,0.0,152.20536342800145,782.3247008116259
PINN20260414,7,152,pretrain,0.16809114813804626,0.018829410895705223,0.02877509966492653,0.09262864291667938,0.04795330762863159,0.10296628624200821,31805.453125,96.05057525634766,0.9101632833480835,0.0,0.0,0.0,150.05860834187422,781.414622655604
PINN20260414,7,154,pretrain,0.16528406739234924,0.01847655326128006,0.028515951707959175,0.09098312258720398,0.04681667685508728,0.10135641694068909,32051.927734375,92.40563201904297,0.8949036002159119,0.0,0.0,0.0,148.66512152947982,781.0598968709122
PINN20260414,7,156,pretrain,0.1625388264656067,0.018134813755750656,0.02825734205543995,0.08937346935272217,0.04569874331355095,0.09978912025690079,32349.06640625,90.18561553955078,0.8820469379425049,0.0,0.0,0.0,147.28950817607478,780.7122949589049
PINN20260414,7,158,pretrain,0.15985281765460968,0.017801640555262566,0.0279999952763319,0.08780026435852051,0.04460211098194122,0.09826034307479858,32614.142578125,89.8211898803711,0.8735039234161377,0.0,0.0,0.0,145.91868856275744,780.4195586349691
PINN20260414,7,160,pretrain,0.157223641872406,0.017473066225647926,0.027742337435483932,0.08626747131347656,0.04353508725762367,0.09676438570022583,32843.22265625,90.89614868164062,0.8680673837661743,0.0,0.0,0.0,144.5396585391878,780.0963482160392
PINN20260414,7,162,pretrain,0.15464915335178375,0.017147105187177658,0.027483051642775536,0.08477792143821716,0.04249577596783638,0.0953010842204094,33006.9609375,92.12568664550781,0.863603413105011,0.0,0.0,0.0,143.14896769842596,779.8701414338159
PINN20260414,7,164,pretrain,0.15212775766849518,0.01682180166244507,0.027223432436585426,0.08333146572113037,0.04148728772997856,0.09386681765317917,33157.2890625,92.83574676513672,0.8601123690605164,0.0,0.0,0.0,141.73987921320872,779.749038152661
PINN20260414,7,167,pretrain,0.14844103157520294,0.016332216560840607,0.0268337894231081,0.08123977482318878,0.04004335030913353,0.09176116436719894,33387.35546875,92.12666320800781,0.8544665575027466,0.0,0.0,0.0,139.59646082548082,779.5453402464798
PINN20260414,7,169,pretrain,0.14604388177394867,0.016003400087356567,0.026571623980998993,0.07990014553070068,0.03912883996963501,0.09038310497999191,33546.5390625,90.75041961669922,0.8510880470275879,0.0,0.0,0.0,138.1389133264049,779.5284231508175
PINN20260414,7,171,pretrain,0.14369304478168488,0.015672415494918823,0.026307381689548492,0.0786016583442688,0.038256071507930756,0.08902259916067123,33770.76171875,88.93424224853516,0.8478001356124878,0.0,0.0,0.0,136.65432410602673,779.5632190528232
PINN20260414,7,173,pretrain,0.14138683676719666,0.015338035300374031,0.026042774319648743,0.0773429125547409,0.0374239906668663,0.0876784697175026,34039.62890625,87.06359100341797,0.8452855944633484,0.0,0.0,0.0,135.14013993582736,779.6279962264055
PINN20260414,7,175,pretrain,0.13912361860275269,0.015000557526946068,0.025777682662010193,0.07612006366252899,0.03663458675146103,0.08635009080171585,34361.94140625,85.28973388671875,0.8431553840637207,0.0,0.0,0.0,133.59716735395253,779.7088398883266
PINN20260414,7,177,pretrain,0.13690155744552612,0.014659122563898563,0.02551138401031494,0.07493270188570023,0.035887427628040314,0.08503745496273041,34705.5703125,83.3144760131836,0.8414180874824524,0.0,0.0,0.0,132.02640153819613,779.7942436950916
PINN20260414,7,180,pretrain,0.13364167511463165,0.01414242573082447,0.02510821633040905,0.07321156561374664,0.034842461347579956,0.08309751003980637,35164.328125,80.17108154296875,0.8398053646087646,0.0,0.0,0.0,129.61507766990306,779.8202517247164
PINN20260414,7,182,pretrain,0.1315142810344696,0.01379401981830597,0.02483677864074707,0.07210049033164978,0.03419603407382965,0.08182424306869507,35411.171875,77.69332122802734,0.8394395112991333,0.0,0.0,0.0,127.97015414370063,779.7918792857489
PINN20260414,7,184,pretrain,0.12942150235176086,0.013443272560834885,0.02456188015639782,0.07101531326770782,0.03358941897749901,0.08056754618883133,35599.96484375,74.81602478027344,0.8392757773399353,0.0,0.0,0.0,126.28645435947396,779.804142076714
PINN20260414,7,186,pretrain,0.12736332416534424,0.013090911321341991,0.024283424019813538,0.06995617598295212,0.03302264213562012,0.07932581752538681,35730.2421875,71.71324920654297,0.8392978310585022,0.0,0.0,0.0,124.56347606867953,779.8477816215162
PINN20260414,7,188,pretrain,0.12535685300827026,0.012743337079882622,0.024001505225896835,0.06894098222255707,0.03249778598546982,0.07809720188379288,35844.078125,68.5802993774414,0.8397631645202637,0.0,0.0,0.0,122.84023223785438,780.0171873106386
PINN20260414,7,190,pretrain,0.12364260107278824,0.012456526979804039,0.023718731477856636,0.06826197355985641,0.03202433884143829,0.07688833773136139,36051.296875,65.22227478027344,0.8410758972167969,0.0,0.0,0.0,121.89848732013658,780.8203618630856
PINN20260414,7,192,pretrain,0.1252225637435913,0.012866144999861717,0.02348478138446808,0.07161521911621094,0.031675368547439575,0.07585861533880234,36969.6171875,60.22400665283203,0.8426509499549866,0.0,0.0,0.0,128.95453262439054,784.3285344802904
PINN20260414,7,195,pretrain,0.1298028528690338,0.0136680006980896,0.02329481579363346,0.07969410717487335,0.031198682263493538,0.07440613210201263,37251.7109375,67.85132598876953,0.8587691187858582,0.0,0.0,0.0,116.85054891291696,778.6004270484316
PINN20260414,7,197,pretrain,0.12381996959447861,0.012587030418217182,0.022855708375573158,0.07322448492050171,0.030742501839995384,0.07343335449695587,38102.8515625,53.44233703613281,0.8443710207939148,0.0,0.0,0.0,124.24868350031923,784.1452751244503
PINN20260414,7,199,pretrain,0.116176076233387,0.011067422106862068,0.02248634397983551,0.06497308611869812,0.030435336753726006,0.07192318141460419,36717.35546875,52.739768981933594,0.8468372821807861,0.0,0.0,0.0,116.95431382996311,778.5307877662899
PINN20260414,7,201,pretrain,0.12066517770290375,0.011848053894937038,0.022387297824025154,0.07215888798236847,0.029946718364953995,0.0712665319442749,37129.2421875,58.07737731933594,0.8582867383956909,0.0,0.0,0.0,112.27066033418971,778.8975381909999
PINN20260414,7,203,pretrain,0.11538655310869217,0.010816670954227448,0.021993909031152725,0.06643262505531311,0.029773788526654243,0.0704113245010376,38081.1328125,48.21376419067383,0.8414283990859985,0.0,0.0,0.0,114.35598800319772,782.9667936764624
PINN20260414,7,205,pretrain,0.11051544547080994,0.009913241490721703,0.021667754277586937,0.06182929873466492,0.029423732310533524,0.06880185008049011,37044.23828125,48.68608093261719,0.851226270198822,0.0,0.0,0.0,111.30581903729248,779.2070488644209
PINN20260414,7,207,pretrain,0.11161497235298157,0.010045237839221954,0.02146339602768421,0.06455883383750916,0.029062286019325256,0.06807760149240494,37169.35546875,50.75968933105469,0.8613841533660889,0.0,0.0,0.0,106.20647086277276,780.4395396185408
PINN20260414,7,210,pretrain,0.10791296511888504,0.009330668486654758,0.021010030061006546,0.061776358634233475,0.028704263269901276,0.06645350158214569,37249.640625,46.95896911621094,0.8598557710647583,0.0,0.0,0.0,103.7671860765724,781.0560159169123
PINN20260414,7,212,pretrain,0.10726785659790039,0.009239868260920048,0.02074507065117359,0.06198231875896454,0.028585797175765038,0.0656164363026619,38350.66796875,41.054080963134766,0.845088005065918,0.0,0.0,0.0,102.31992566211139,781.0612972104046
PINN20260414,7,214,pretrain,0.10386765003204346,0.008607835508883,0.02042091079056263,0.059253133833408356,0.028232987970113754,0.06415601074695587,37400.3125,42.779483795166016,0.8594315052032471,0.0,0.0,0.0,102.18232498364138,779.2491177409186
PINN20260414,7,216,pretrain,0.10204887390136719,0.008259335532784462,0.02011900767683983,0.058117032051086426,0.028041543439030647,0.0632149875164032,37363.2578125,40.193790435791016,0.8600741624832153,0.0,0.0,0.0,99.08627474958377,781.0192859334525
PINN20260414,7,218,pretrain,0.10147736966609955,0.00821510050445795,0.019853221252560616,0.05858948081731796,0.027843546122312546,0.062177158892154694,38120.34375,36.345664978027344,0.8503047227859497,0.0,0.0,0.0,96.71780088387297,779.8087906660196
PINN20260414,7,220,pretrain,0.09941478073596954,0.007816022261977196,0.019540006294846535,0.05737505853176117,0.02759385108947754,0.061008352786302567,37990.48828125,37.180728912353516,0.8620424866676331,0.0,0.0,0.0,96.26198180291635,778.638154086993
PINN20260414,7,223,pretrain,0.09706613421440125,0.007413635030388832,0.019083833321928978,0.05627180263400078,0.02727297507226467,0.059426307678222656,38406.171875,34.3157958984375,0.8628243803977966,0.0,0.0,0.0,93.4620264632915,778.1104918326189
PINN20260414,7,225,pretrain,0.09498031437397003,0.007049676030874252,0.01876395381987095,0.05489329993724823,0.027040958404541016,0.05833422765135765,38587.83984375,31.498003005981445,0.8594694137573242,0.0,0.0,0.0,91.3749786251685,779.513870947785
PINN20260414,7,227,pretrain,0.0939164087176323,0.00691083213314414,0.018474573269486427,0.05472976714372635,0.026870625093579292,0.057279620319604874,39039.4609375,28.91496467590332,0.8566820621490479,0.0,0.0,0.0,89.22839538492637,778.2241804261803
PINN20260414,7,229,pretrain,0.09235404431819916,0.006623983383178711,0.018160926178097725,0.0540824718773365,0.026616549119353294,0.05621042475104332,39244.5,28.962621688842773,0.8664790391921997,0.0,0.0,0.0,88.23089271727619,777.0316515432303
PINN20260414,7,231,pretrain,0.0905664935708046,0.006336330436170101,0.017846759408712387,0.05304599925875664,0.026412129402160645,0.05512060597538948,39681.21875,26.52784538269043,0.8617185354232788,0.0,0.0,0.0,86.25700832033881,777.8457028871471
PINN20260414,7,233,pretrain,0.08938249945640564,0.006181167438626289,0.017552349716424942,0.05274558067321777,0.026213590055704117,0.054053328931331635,40169.86328125,24.146419525146484,0.857201874256134,0.0,0.0,0.0,84.4756257606669,776.9452602983044
PINN20260414,7,235,pretrain,0.08782365173101425,0.005923446733504534,0.01723267138004303,0.0520603284239769,0.025985052809119225,0.05296769738197327,40292.58203125,23.336118698120117,0.8648897409439087,0.0,0.0,0.0,83.38803250373371,775.8661289165806
PINN20260414,7,238,pretrain,0.08564111590385437,0.005610920023173094,0.01676911488175392,0.0511263906955719,0.02567322924733162,0.05133955180644989,40892.3125,20.71126365661621,0.8642916679382324,0.0,0.0,0.0,81.12833438833192,775.0656020621739
PINN20260414,7,240,pretrain,0.08425051718950272,0.005420011002570391,0.01645941287279129,0.05057891830801964,0.025456054136157036,0.050266411155462265,41176.51953125,18.930675506591797,0.8639612793922424,0.0,0.0,0.0,79.33623869034409,775.3181604992882
PINN20260414,7,242,pretrain,0.08295660465955734,0.005266627296805382,0.016160141676664352,0.050092801451683044,0.025259332731366158,0.04920490086078644,41616.65625,16.728158950805664,0.8578416109085083,0.0,0.0,0.0,78.03664691488704,775.0729401159609
PINN20260414,7,244,pretrain,0.08149353414773941,0.005063417833298445,0.01584334671497345,0.04946993291378021,0.0250234417617321,0.04812820628285408,41958.26171875,15.442306518554688,0.8597918748855591,0.0,0.0,0.0,76.7944509408883,773.9622487563589
PINN20260414,7,246,pretrain,0.08025853335857391,0.004916888661682606,0.015535051003098488,0.04909159988164902,0.024801425635814667,0.047076139599084854,42333.69921875,14.12442684173584,0.8617154359817505,0.0,0.0,0.0,75.42046851029566,773.7137309754817
PINN20260414,7,248,pretrain,0.07889346778392792,0.0047565060667693615,0.015231494791805744,0.04850779101252556,0.02457435056567192,0.04603470116853714,42826.5703125,12.287801742553711,0.8567107915878296,0.0,0.0,0.0,74.19918821152964,773.8468436971233
PINN20260414,7,250,pretrain,0.07764891535043716,0.004621461499482393,0.014928653836250305,0.048068128526210785,0.024344248697161674,0.045011911541223526,43220.796875,10.798369407653809,0.8546990752220154,0.0,0.0,0.0,72.97729808067884,773.1817784324719
PINN20260414,7,253,pretrain,0.07579518854618073,0.004430115222930908,0.01447389554232359,0.047391027212142944,0.023996146395802498,0.04350576549768448,43654.14453125,8.716145515441895,0.8523253202438354,0.0,0.0,0.0,71.3461522263114,773.0610422211172
PINN20260414,7,255,pretrain,0.07454408705234528,0.004297575913369656,0.014168115332722664,0.04692728817462921,0.023745646700263023,0.04251476749777794,43980.37109375,7.609883785247803,0.8530611991882324,0.0,0.0,0.0,70.40335796323923,772.5166664868791
PINN20260414,7,257,pretrain,0.07339842617511749,0.004192441701889038,0.013869971968233585,0.04655066132545471,0.023497479036450386,0.04156123474240303,44387.91796875,6.501486301422119,0.8526637554168701,0.0,0.0,0.0,69.39727260716015,772.5504433368736
PINN20260414,7,259,pretrain,0.07224997878074646,0.004089643247425556,0.013579560443758965,0.04608844220638275,0.023265259340405464,0.04067504033446312,44889.4765625,5.298389434814453,0.8485502004623413,0.0,0.0,0.0,68.48889337421798,772.919465403738
PINN20260414,7,261,pretrain,0.07130429148674011,0.004004449583590031,0.013291717506945133,0.04568932205438614,0.023094529286026955,0.04003012925386429,45245.671875,4.256357669830322,0.8458758592605591,0.0,0.0,0.0,67.65345692848962,773.1667430121397
PINN20260414,7,263,pretrain,0.07105307281017303,0.003913866356015205,0.012998770922422409,0.04534350335597992,0.02319902367889881,0.040508951991796494,45166.703125,3.342595338821411,0.8466546535491943,0.0,0.0,0.0,66.96077661936688,773.7907905241572
PINN20260414,7,266,pretrain,0.07542096823453903,0.003816497977823019,0.01263812743127346,0.045078158378601074,0.025588057935237885,0.04842369630932808,51399.671875,3.2442405223846436,0.8366507291793823,0.0,0.0,0.0,65.98969720129612,770.5007300450792
PINN20260414,7,268,pretrain,0.07005426287651062,0.003739458043128252,0.01235956884920597,0.04450953006744385,0.023298043757677078,0.040804434567689896,50883.9453125,2.3354580402374268,0.8349083662033081,0.0,0.0,0.0,65.15960348084732,773.3173265225602
PINN20260414,7,270,pretrain,0.06834156811237335,0.003681786358356476,0.01206547487527132,0.04407608509063721,0.022646602243185043,0.039006222039461136,47896.90234375,1.1007403135299683,0.8370019197463989,0.0,0.0,0.0,64.80872924783165,775.8086909799348
PINN20260414,7,272,pretrain,0.06801241636276245,0.0036225810181349516,0.0118116969242692,0.043841056525707245,0.022584538906812668,0.03920406475663185,48443.8671875,0.7674531936645508,0.836740255355835,0.0,0.0,0.0,64.13467352108569,774.5490220121642
PINN20260414,7,274,pretrain,0.06569618731737137,0.003573040943592787,0.011597169563174248,0.04336288943886757,0.021685289219021797,0.03630713000893593,52893.89453125,1.164197564125061,0.8290599584579468,0.0,0.0,0.0,63.609133197771804,773.401537042693
PINN20260414,7,276,pretrain,0.0652715414762497,0.0035275951959192753,0.011371797882020473,0.043165192008018494,0.0215184036642313,0.03628005459904671,54253.3046875,0.9262435436248779,0.8228894472122192,0.0,0.0,0.0,63.168877850617626,775.9816363806556
PINN20260414,7,278,pretrain,0.063849538564682,0.0034929309040308,0.01110878773033619,0.04266395419836044,0.02103727124631405,0.034912578761577606,51471.9765625,0.5096397399902344,0.8218814134597778,0.0,0.0,0.0,62.75243163241764,777.707729484541
PINN20260414,7,281,pretrain,0.06180980056524277,0.0034360717982053757,0.010787184350192547,0.0422288253903389,0.0201833825558424,0.03266666457056999,53788.05078125,0.7087408304214478,0.8138158321380615,0.0,0.0,0.0,62.195294345085905,778.9131049096555
PINN20260414,7,283,pretrain,0.061977215111255646,0.0033859750255942345,0.010546563193202019,0.04189762473106384,0.02034958265721798,0.03375115990638733,52914.21484375,0.7562484741210938,0.8150009512901306,0.0,0.0,0.0,61.83305475355596,779.0093869781031
PINN20260414,7,285,pretrain,0.06027605012059212,0.0033693055156618357,0.01034396979957819,0.04160243272781372,0.0196492038667202,0.031620852649211884,55553.91015625,1.113006830215454,0.8128293752670288,0.0,0.0,0.0,61.48978097263398,778.7097100332062
PINN20260414,7,287,pretrain,0.06000287085771561,0.0033173379488289356,0.010150478221476078,0.041223734617233276,0.01959812454879284,0.03198331221938133,57431.72265625,1.2664248943328857,0.8055399656295776,0.0,0.0,0.0,61.05213776265844,780.5313895033306
PINN20260414,7,289,pretrain,0.05877150595188141,0.0033097658306360245,0.009944755584001541,0.04092366620898247,0.01908334344625473,0.030636798590421677,56114.28515625,1.078324556350708,0.8006503582000732,0.0,0.0,0.0,60.81830891449342,782.4840653329626
PINN20260414,7,291,pretrain,0.058255940675735474,0.003256566822528839,0.009729549288749695,0.04057307913899422,0.018909845501184464,0.03061589226126671,55641.91015625,1.1806190013885498,0.800359845161438,0.0,0.0,0.0,60.52148257863174,782.6576119223527
PINN20260414,7,294,pretrain,0.05711345747113228,0.0032272799871861935,0.009450145997107029,0.04009167104959488,0.018475517630577087,0.029761696234345436,56221.16796875,1.2316997051239014,0.793228268623352,0.0,0.0,0.0,59.978237019902686,784.9047314801969
PINN20260414,7,296,pretrain,0.05614453926682472,0.0031880242750048637,0.009256958961486816,0.039815325289964676,0.018067780882120132,0.028869278728961945,56722.40625,1.4463884830474854,0.7928270101547241,0.0,0.0,0.0,59.864381234796035,785.1607717531487
PINN20260414,7,298,pretrain,0.055602654814720154,0.0031680786050856113,0.009080830961465836,0.03949306905269623,0.017885001376271248,0.02864013984799385,57948.09375,1.6217018365859985,0.7894498705863953,0.0,0.0,0.0,59.394772612342535,786.3475694627663
PINN20260414,7,300,pretrain,0.05475907400250435,0.0031300014816224575,0.00890952255576849,0.03915849328041077,0.01753220707178116,0.027986953034996986,57768.33984375,1.519546389579773,0.783085823059082,0.0,0.0,0.0,59.162306131496216,788.3190978277769
PINN20260414,7,302,physics,3348824.5,0.0638682097196579,0.11884349584579468,0.16061842441558838,0.022933468222618103,0.23351259529590607,6695500.5,5228.7158203125,93.23892211914062,0.0,0.0,0.0,289.8182215846685,750.948982954235
PINN20260414,7,304,physics,2129050.25,0.19665628671646118,0.1856500506401062,1.1001914739608765,0.034857701510190964,0.4540056884288788,4241314.0,13977.9990234375,102.01531982421875,0.0,0.0,111322.3359375,478.74639358954965,754.5401745434102
PINN20260414,7,306,physics,431084.3125,0.43474116921424866,0.15332020819187164,2.8117737770080566,0.10426706075668335,0.15968643128871918,859503.0,793.360595703125,611.369873046875,0.0,0.0,19766.876953125,932.3236428408323,954.4485646172873
PINN20260414,7,309,physics,880543.9375,0.2019733041524887,0.049755197018384933,5.327671051025391,0.0442131832242012,0.23176784813404083,1752559.25,21153.32421875,100.2575454711914,0.0,0.0,0.02146923914551735,406.52229336163106,651.023569081796
PINN20260414,7,311,physics,119744.3828125,0.2796732783317566,0.05567630007863045,7.2339372634887695,0.12826155126094818,0.2973492443561554,230834.015625,21461.578125,100.66351318359375,0.0011927317827939987,0.0,0.06647936254739761,583.3845215636081,740.1886161648259
PINN20260414,7,313,physics,438706.28125,0.5429263710975647,0.10683651268482208,8.705683708190918,0.09606688469648361,0.22663754224777222,869625.4375,18827.640625,161.31643676757812,0.017993928864598274,0.0,1472.6243896484375,699.0166307034476,845.8424794250996
PINN20260414,7,315,physics,293529.34375,0.7567626237869263,0.08468527346849442,10.220483779907227,0.04556077718734741,0.13452960550785065,586570.125,436.037841796875,389.2512512207031,0.036442454904317856,0.0,665.10107421875,624.5434082191565,800.5270919837754
PINN20260414,7,317,physics,66635.890625,0.683828592300415,0.06378398090600967,12.776111602783203,0.06854776293039322,0.10928758978843689,132513.390625,301.78350830078125,911.8727416992188,0.016975942999124527,735.5013427734375,0.28451859951019287,459.75519980746276,658.6247509014522
PINN20260414,7,319,physics,187947.640625,0.6726512312889099,0.07361924648284912,16.225482940673828,0.07827332615852356,0.192113995552063,373497.4375,2870.616943359375,1730.47314453125,0.0012843642616644502,1900.976806640625,0.3696954548358917,564.0066488969788,687.1510478053569
PINN20260414,7,321,physics,159569.890625,0.7792885899543762,0.0924767330288887,19.877626419067383,0.07009892165660858,0.17587031424045563,315972.59375,3383.4736328125,2509.13232421875,7.9248256952269e-06,2825.15380859375,0.5023195147514343,554.7289315512578,694.7098540038136
PINN20260414,7,324,physics,40463.59765625,0.878730058670044,0.14923541247844696,26.73326873779297,0.04957083240151405,0.09106754511594772,78443.703125,1548.633544921875,2480.201904296875,0.0028209262527525425,3416.03564453125,1.0858793258666992,556.7109887544883,752.13500284191
PINN20260414,7,326,physics,108181.40625,0.9602208137512207,0.18483230471611023,33.070899963378906,0.05759046971797943,0.0979703888297081,214494.484375,632.8780517578125,2382.500244140625,0.004719399847090244,1434.3951416015625,1.912540078163147,630.5739449105077,808.2269947236358
PINN20260414,7,328,physics,60090.00390625,0.9876143932342529,0.18711631000041962,40.115299224853516,0.05709293857216835,0.0993325337767601,118537.828125,169.0574951171875,2528.8857421875,0.0024722570087760687,64.116455078125,2.5789246559143066,687.6746141890072,827.8848047886855
PINN20260414,7,330,physics,21240.07421875,0.9872583150863647,0.17546328902244568,47.323150634765625,0.03873021900653839,0.10053173452615738,40770.89453125,27.986995697021484,2730.989990234375,0.0008613720419816673,0.0,2.880093574523926,691.5027114914301,810.8066585197731
PINN20260414,7,332,physics,41417.40625,0.9468288421630859,0.16680596768856049,54.29103088378906,0.02929769642651081,0.09585707634687424,81175.9375,0.0,2651.88427734375,0.0012075534323230386,0.0,3.096285343170166,634.9657717152949,787.2778258023021
PINN20260414,7,334,physics,42245.9375,0.8908548355102539,0.16045476496219635,60.8423957824707,0.03629067912697792,0.07713399082422256,83009.90625,0.0,2344.09423828125,0.003574405098333955,0.0,3.5557684898376465,603.4200185194389,795.8566925018599
PINN20260414,7,337,physics,11775.7919921875,0.8724834322929382,0.1549147665500641,71.27033233642578,0.03743543103337288,0.07453553378582001,22329.134765625,0.0,1890.5675048828125,0.01144129317253828,0.0,4.868613243103027,654.0628792402149,827.6862705759955
PINN20260414,7,339,physics,16500.8984375,0.8929660320281982,0.15138472616672516,78.77169799804688,0.030278654769062996,0.08235333859920502,31889.59765625,3.4272496700286865,1689.3157958984375,0.012963567860424519,0.0,5.727480411529541,699.0525731302332,831.4622661311817
PINN20260414,7,341,physics,24599.2109375,0.9040030837059021,0.14722798764705658,85.35823059082031,0.031196830794215202,0.07911105453968048,48146.0,19.527210235595703,1565.6942138671875,0.012504550628364086,0.0,6.090577125549316,711.0163280473944,822.9219282532214
PINN20260414,7,343,physics,13618.9052734375,0.8720133304595947,0.14639174938201904,89.98400115966797,0.03409373015165329,0.07299551367759705,26212.8828125,63.9163703918457,1481.1817626953125,0.014809505082666874,0.0,5.893682956695557,680.5154296560806,810.3628045511467
PINN20260414,7,345,physics,6527.56298828125,0.8123231530189514,0.1506616175174713,92.77530670166016,0.03237159550189972,0.07147559523582458,12064.2021484375,93.7660903930664,1399.30078125,0.019113142043352127,0.0,5.398342132568359,640.8895429401232,804.7071672353864
PINN20260414,7,347,physics,11790.712890625,0.7671147584915161,0.15842588245868683,94.80204010009766,0.0305612962692976,0.07040473818778992,22671.265625,34.609771728515625,1300.2945556640625,0.020337902009487152,0.0,4.926614284515381,625.587873523776,803.1300875325242
PINN20260414,7,349,physics,10937.2177734375,0.7544379830360413,0.16731742024421692,96.96275329589844,0.030306609347462654,0.06849314272403717,21042.9921875,0.0,1187.923828125,0.016271959990262985,0.0,4.60348653793335,643.2408423366787,802.9013793735816
PINN20260414,7,352,physics,4310.87060546875,0.7796810865402222,0.17809440195560455,100.26274871826172,0.027047790586948395,0.06473234295845032,7882.30517578125,0.0,1027.947021484375,0.008986972272396088,0.0,4.196977615356445,695.0499757211708,813.2011974290249
PINN20260414,7,354,physics,6412.833984375,0.7902141809463501,0.1828678846359253,101.85198974609375,0.025928599759936333,0.061479080468416214,12139.8095703125,0.0,935.490966796875,0.007462611887603998,0.0,3.8360912799835205,707.0628729115962,818.2981195750116
PINN20260414,7,356,physics,7199.4345703125,0.7737953662872314,0.18581081926822662,102.75505065917969,0.0261539239436388,0.05984433740377426,13760.322265625,0.0,854.9567260742188,0.008049440570175648,0.0,3.3941450119018555,696.7864181368635,817.8331125602582
PINN20260414,7,358,physics,4357.125,0.7407864332199097,0.1859961748123169,103.16963958740234,0.025456512346863747,0.05867394432425499,8115.79931640625,0.0,787.4932861328125,0.009111760184168816,0.0,2.912951946258545,682.4196610224533,816.846413042256
PINN20260414,7,360,physics,3143.06640625,0.7110123634338379,0.1841949075460434,103.4759750366211,0.02519497275352478,0.05676678195595741,5719.43115234375,5.766772270202637,730.312255859375,0.009437925182282925,0.0,2.409393310546875,677.3292220183623,818.0620010121482
PINN20260414,7,362,physics,4390.9560546875,0.6947252750396729,0.1818709820508957,103.81719970703125,0.025685295462608337,0.0557946152985096,8197.1904296875,123.76461791992188,681.1383666992188,0.009275930933654308,0.0,1.9374487400054932,681.4820017799443,820.7768423877467
PINN20260414,7,364,physics,4122.89404296875,0.6926803588867188,0.1798495650291443,104.059814453125,0.025035740807652473,0.05554188787937164,7680.30322265625,127.78952026367188,645.9893798828125,0.009520272724330425,0.0,1.5291796922683716,688.6922162693579,824.033486880236
PINN20260414,7,367,physics,2655.53173828125,0.7016538381576538,0.17901557683944702,104.16090393066406,0.0234836358577013,0.05369310826063156,4819.845703125,0.39312034845352173,606.997802734375,0.01071078795939684,0.0,1.0470036268234253,696.911310713207,828.7798637153294
PINN20260414,7,369,physics,3108.29150390625,0.7049962878227234,0.17984415590763092,104.1994400024414,0.02326141484081745,0.05286945775151253,5742.24169921875,0.0,579.0838623046875,0.010968394577503204,0.0,0.8038834929466248,699.5735531379098,830.9474261347706
PINN20260414,7,371,physics,2976.598876953125,0.7031887769699097,0.18091262876987457,104.32022857666016,0.023127373307943344,0.052391424775123596,5494.68017578125,0.0,552.5050659179688,0.010466016829013824,0.0,0.6142752766609192,700.0116963308542,831.6938664556809
PINN20260414,7,373,physics,2381.187744140625,0.6965373158454895,0.18185649812221527,104.54032897949219,0.023201579228043556,0.05144396424293518,4317.994140625,0.0,528.5511474609375,0.009833193384110928,0.0,0.4602667987346649,698.2356112015485,830.9207994748958
PINN20260414,7,375,physics,2239.386962890625,0.6869312524795532,0.18253855407238007,104.77644348144531,0.023278329521417618,0.0505521185696125,4048.12109375,0.0,505.24969482421875,0.00967750046402216,0.0,0.3393790125846863,695.3992108853733,829.1941494607883
PINN20260414,7,377,physics,2386.19921875,0.6776324510574341,0.18301664292812347,104.90914154052734,0.02299991063773632,0.04996638745069504,4356.7265625,0.0,480.0625305175781,0.010003650560975075,0.0,0.24714598059654236,693.969109543069,827.5316459205654
PINN20260414,7,380,physics,2055.426513671875,0.6698203682899475,0.18365168571472168,104.76774597167969,0.022594286128878593,0.04909772425889969,3720.79443359375,0.0,437.7002868652344,0.01044476218521595,0.0,0.14753998816013336,697.2858990399849,826.8216630567924
PINN20260414,7,382,physics,1871.8983154296875,0.6676807403564453,0.18395188450813293,104.43827056884766,0.022443799301981926,0.048672571778297424,3371.36767578125,0.0,408.9916687011719,0.010340427979826927,0.0,0.09881141781806946,700.7044892463584,827.388436588281
PINN20260414,7,384,physics,1959.08056640625,0.6641736030578613,0.18402571976184845,103.95539093017578,0.02223231829702854,0.048183269798755646,3562.21826171875,0.0,382.4993591308594,0.010131530463695526,0.0,0.06064996495842934,701.8076659598412,827.8256156945133
PINN20260414,7,386,physics,1893.4765625,0.6570718288421631,0.18382354080677032,103.34703063964844,0.022068442776799202,0.04756985977292061,3445.77294921875,0.0,359.1417236328125,0.010047226212918758,0.0,0.031847622245550156,699.9797318494301,827.5828508373044
PINN20260414,7,388,physics,1706.4844970703125,0.6474971175193787,0.18340662121772766,102.60741424560547,0.02198195829987526,0.04699324816465378,3081.378173828125,9.086471557617188,338.6183776855469,0.010035134851932526,0.0,0.012056220322847366,697.1905675638476,826.977554108937
PINN20260414,7,390,physics,1673.2955322265625,0.639531672000885,0.18295864760875702,101.69227600097656,0.021881256252527237,0.0464295856654644,3014.961669921875,35.820980072021484,322.720703125,0.009913910180330276,0.0,0.0015612482093274593,695.8313148673319,826.7993635096727
PINN20260414,7,392,physics,1662.7672119140625,0.6364350318908691,0.18267765641212463,100.55547332763672,0.02177763730287552,0.04593363031744957,3007.343994140625,20.036008834838867,313.1313781738281,0.009660146199166775,0.0,0.0,696.7182447015437,827.5908182791784
PINN20260414,7,395,physics,1525.1822509765625,0.6382836103439331,0.18267709016799927,98.45912170410156,0.021648574620485306,0.04542200267314911,2748.89794921875,0.0,302.8036193847656,0.009421811439096928,0.0,0.0,699.818101366348,830.0596740596426
PINN20260414,7,397,physics,1487.864990234375,0.6393545866012573,0.18272218108177185,96.90924835205078,0.021518973633646965,0.04508088156580925,2681.13818359375,0.0,294.4422912597656,0.009546412155032158,0.0,0.0,700.8687689218289,831.3273648208628
PINN20260414,7,399,physics,1471.98046875,0.6381824016571045,0.1825415939092636,95.3415756225586,0.02138669602572918,0.044746607542037964,2656.655029296875,0.0,285.4395446777344,0.009798103012144566,0.0,0.0,700.5326544851424,831.5013153928261
PINN20260414,7,401,physics,1418.6893310546875,0.6346396207809448,0.1820746213197708,93.80598449707031,0.021284770220518112,0.044422250241041183,2557.4755859375,0.0,276.1864929199219,0.009977075271308422,0.0,0.0,699.3135696881621,830.6995545923929
PINN20260414,7,403,physics,1359.2857666015625,0.6297155022621155,0.1814691573381424,92.30188751220703,0.021194562315940857,0.0440901443362236,2446.2236328125,0.0,266.62158203125,0.010008925572037697,0.0,0.0,697.8549052274406,829.5824627485805
PINN20260414,7,405,physics,1332.0101318359375,0.6246603727340698,0.18095919489860535,90.80204010009766,0.02110888995230198,0.04378700256347656,2399.490966796875,0.0,256.6088562011719,0.009992343373596668,0.0,0.0,696.5982522229007,828.7613121399912
PINN20260414,7,407,physics,1302.9503173828125,0.6204036474227905,0.180679589509964,89.28569030761719,0.021031474694609642,0.04351028427481651,2349.40380859375,0.07879577577114105,246.2169189453125,0.01004398986697197,0.0,0.0,695.9010570835484,828.4374221991665
PINN20260414,7,410,physics,1238.7027587890625,0.6164067387580872,0.18057741224765778,86.98617553710938,0.020905297249555588,0.04313316568732262,2231.15234375,3.9385180473327637,231.18438720703125,0.01021745428442955,0.0,0.0,696.2874316688475,828.4717104403746
PINN20260414,7,412,physics,1213.4068603515625,0.6150346994400024,0.18053311109542847,85.45589447021484,0.02081611566245556,0.042911116033792496,2186.060546875,7.248966693878174,222.8766632080078,0.010275634936988354,0.0,0.0,696.9880289502826,828.465750649959
PINN20260414,7,414,physics,1186.7685546875,0.6138706207275391,0.1804269254207611,83.93629455566406,0.020737377926707268,0.04268084838986397,2138.599853515625,6.763134956359863,216.55116271972656,0.010279852896928787,0.0,0.0,697.2267609967363,828.3629186534124
PINN20260414,7,416,physics,1153.6893310546875,0.6121820211410522,0.18027599155902863,82.42797088623047,0.02066636085510254,0.04243939742445946,2076.97900390625,6.869191646575928,211.9413604736328,0.01030813716351986,0.0,0.0,696.6673793856004,828.262865882565
PINN20260414,7,418,physics,1125.3355712890625,0.6096318364143372,0.18010170757770538,80.9380111694336,0.02059498056769371,0.04219161346554756,2024.3958740234375,5.8225531578063965,208.75350952148438,0.010400542058050632,0.0,0.0,695.6868458581059,828.2427557787632
PINN20260414,7,420,physics,1102.0687255859375,0.6067658066749573,0.17989034950733185,79.49267578125,0.02052304334938526,0.04194114729762077,1982.92138671875,1.3877063989639282,206.17947387695312,0.010519643314182758,0.0,0.0,695.0084531860026,828.2838055280328
PINN20260414,7,423,physics,1063.0311279296875,0.6033658385276794,0.17946061491966248,77.48551177978516,0.020412513986229897,0.041594184935092926,1910.7222900390625,0.08221916109323502,201.28433227539062,0.010612919926643372,0.0,0.0,695.1600984665331,828.3028582589825
PINN20260414,7,425,physics,1038.24609375,0.6015329957008362,0.17912538349628448,76.28158569335938,0.020335419103503227,0.04138415679335594,1865.2060546875,0.25602537393569946,196.82720947265625,0.010615289211273193,0.0,0.0,695.447180776513,828.2433594662863
PINN20260414,7,427,physics,1017.3896484375,0.5994225740432739,0.1788056641817093,75.17606353759766,0.02026396431028843,0.04117749258875847,1827.5494384765625,0.9437461495399475,191.82791137695312,0.010639884509146214,0.0,0.0,695.2899799723854,828.1665366941603
PINN20260414,7,429,physics,995.40380859375,0.5969653725624084,0.17852865159511566,74.14288330078125,0.02020024135708809,0.04096668213605881,1787.300048828125,2.140024423599243,186.9019775390625,0.010729946196079254,0.0,0.0,694.6910734276064,828.106311109872
PINN20260414,8,1,pretrain,5.948883056640625,3.004488468170166,1.031996726989746,2.0578737258911133,0.9986658692359924,0.9692134261131287,110486200.0,25444.71875,10.092765808105469,0.168862983584404,0.0,0.0,2062.575937995981,2528.4950069161696
PINN20260414,8,3,pretrain,5.326340198516846,2.7386059761047363,0.794509768486023,1.8953464031219482,0.898151695728302,0.9113155603408813,85021560.0,11721.7685546875,4.904360294342041,0.13178510963916779,0.0,0.0,1967.7850492368316,2442.8200916154265
PINN20260414,8,4,pretrain,5.0010666847229,2.5819461345672607,0.6842645406723022,1.8237857818603516,0.8480509519577026,0.8764335513114929,73342104.0,12537.07421875,3.75661039352417,0.10592932999134064,0.0,0.0,1905.2736680067774,2382.002833751463
PINN20260414,8,6,pretrain,4.293440341949463,2.2009048461914062,0.4748668670654297,1.6910475492477417,0.7573074698448181,0.7901804447174072,51280212.0,20818.521484375,3.6445791721343994,0.036036357283592224,0.0,0.0,1745.8869522394627,2216.9710192061602
PINN20260414,8,7,pretrain,3.9333574771881104,1.9857382774353027,0.3819601535797119,1.6331193447113037,0.7248259782791138,0.7444979548454285,41290264.0,26357.603515625,4.466119766235352,0.010970554314553738,0.0,0.0,1654.5426105120412,2116.6286873233103
PINN20260414,8,9,pretrain,3.3193552494049072,1.5768773555755615,0.2468038648366928,1.5452682971954346,0.7052165865898132,0.6715739369392395,24751830.0,38192.33984375,7.792580604553223,3.02279950119555e-05,0.0,0.0,1481.3681176534076,1911.5147135190982
PINN20260414,8,10,pretrain,3.111009120941162,1.421351671218872,0.21234537661075592,1.5155832767486572,0.7126032710075378,0.6507799625396729,18560526.0,42818.39453125,10.374984741210938,0.0,0.0,0.0,1411.898146113947,1821.9830542570917
PINN20260414,8,12,pretrain,2.8791394233703613,1.2403383255004883,0.1907675713300705,1.4823381900787354,0.7055074572563171,0.6291624307632446,10347390.0,43944.94140625,17.2154483795166,0.0,0.0,0.0,1313.2472158736907,1685.429322160974
PINN20260414,8,13,pretrain,2.814347743988037,1.194084644317627,0.18450213968753815,1.4828177690505981,0.6831521391868591,0.6194197535514832,7934593.0,38275.84375,21.193058013916016,0.0,0.0,0.0,1285.1059294859704,1640.9504105852802
PINN20260414,8,15,pretrain,2.7089383602142334,1.132450819015503,0.15630711615085602,1.4982980489730835,0.6335892081260681,0.5980550646781921,5110768.0,15912.998046875,31.456899642944336,0.0,43.41859436035156,0.0,1254.892276253225,1594.118016333797
PINN20260414,8,16,pretrain,2.6403608322143555,1.0926923751831055,0.13767242431640625,1.493412733078003,0.6184099316596985,0.5882377624511719,4242196.0,6736.0244140625,34.868690490722656,0.0,55.675453186035156,0.0,1234.633548871891,1580.216915489769
PINN20260414,8,18,pretrain,2.460418224334717,0.9742950201034546,0.10679448395967484,1.4523694515228271,0.6088079810142517,0.5714855790138245,2975859.0,1783.09814453125,11.780417442321777,0.0,0.0,0.0,1171.7637880562788,1549.2315837214267
PINN20260414,8,19,pretrain,2.374772071838379,0.9149360656738281,0.09715994447469711,1.42839515209198,0.6076374053955078,0.5640321969985962,2500735.5,2872.345458984375,5.29823112487793,0.0,0.0,0.0,1141.1043444838863,1529.8877409797099
PINN20260414,8,21,pretrain,2.268068313598633,0.848669171333313,0.08512476831674576,1.3968976736068726,0.5969623327255249,0.5487518310546875,1845581.375,6200.1201171875,2.395909070968628,0.0,0.0,0.0,1103.6764131755285,1477.0004231549833
PINN20260414,8,22,pretrain,2.2427499294281006,0.8391483426094055,0.08001366257667542,1.3912122249603271,0.5859781503677368,0.5409440398216248,1660436.375,7035.7392578125,2.331418991088867,0.0,0.0,0.0,1090.4970197116543,1439.240902350958
PINN20260414,8,24,pretrain,2.192187786102295,0.810652494430542,0.07069855183362961,1.3932578563690186,0.5606460571289062,0.5295265316963196,1479692.375,6300.6689453125,2.354053258895874,0.0,0.0,0.0,1046.1743998970726,1342.5022811898682
PINN20260414,8,25,pretrain,2.1505324840545654,0.7752843499183655,0.06734946370124817,1.396045446395874,0.5503494143486023,0.5272032618522644,1427247.25,5247.517578125,2.175044059753418,0.0,0.0,0.0,1012.2113168701484,1290.7134654910826
PINN20260414,8,27,pretrain,2.034198760986328,0.6730033755302429,0.06237843632698059,1.3907058238983154,0.5363996028900146,0.5246188044548035,1306697.25,3186.049072265625,1.9586637020111084,0.0,0.0,0.0,939.2470055847929,1202.6187571296234
PINN20260414,8,28,pretrain,1.970304250717163,0.622285783290863,0.05971924588084221,1.379446268081665,0.5302068591117859,0.5209851861000061,1231493.75,2435.55322265625,2.096101760864258,0.0,0.0,0.0,910.3120687434612,1171.750720076587
PINN20260414,8,30,pretrain,1.8623137474060059,0.5508857369422913,0.054917436093091965,1.3477351665496826,0.5141202211380005,0.5064099431037903,1068516.625,1593.720703125,2.602867603302002,0.0,0.0,0.0,872.904096965984,1133.8372347916609
PINN20260414,8,31,pretrain,1.8238574266433716,0.528661847114563,0.0544990673661232,1.3347630500793457,0.5051126480102539,0.49738702178001404,988016.375,1452.8251953125,2.7656712532043457,0.0,0.0,0.0,856.960034073935,1121.2547101350344
PINN20260414,8,33,pretrain,1.7665611505508423,0.4868568181991577,0.058484237641096115,1.3244547843933105,0.49211061000823975,0.48279955983161926,841715.25,1539.6505126953125,2.6600310802459717,0.0,0.0,0.0,814.4582171603403,1098.9795266518845
PINN20260414,8,34,pretrain,1.7389745712280273,0.4617915749549866,0.06046491488814354,1.3232226371765137,0.48908117413520813,0.47848978638648987,775456.5625,1686.540771484375,2.479851722717285,0.0,0.0,0.0,789.34169565531,1089.1405441906936
PINN20260414,8,36,pretrain,1.6738700866699219,0.4099122881889343,0.05903816223144531,1.3128886222839355,0.4825812876224518,0.47192302346229553,657452.5625,2023.972412109375,2.3142478466033936,0.0,0.0,0.0,742.6337842436203,1072.9377894360885
PINN20260414,8,37,pretrain,1.6373575925827026,0.3869381844997406,0.05642561614513397,1.3025987148284912,0.4757678806781769,0.46682509779930115,617806.75,2176.91455078125,2.4122605323791504,0.0,0.0,0.0,722.2861058818728,1065.8195790095058
PINN20260414,8,39,pretrain,1.5668765306472778,0.34759193658828735,0.053018346428871155,1.2806694507598877,0.45705854892730713,0.4512895941734314,600815.25,2618.482666015625,2.833378314971924,0.0,0.0,0.0,681.8965968165554,1050.5527711638288
PINN20260414,8,40,pretrain,1.5358915328979492,0.32892733812332153,0.05319628491997719,1.2717819213867188,0.4492301940917969,0.4432918429374695,610102.75,2897.52392578125,3.094853639602661,0.0,0.0,0.0,659.8771665999666,1040.896728787251
PINN20260414,8,42,pretrain,1.48328697681427,0.2917657196521759,0.054780829697847366,1.2575112581253052,0.4417714774608612,0.4329623878002167,606023.75,3345.64697265625,3.708401679992676,0.0,0.0,0.0,618.4885306131392,1016.4134862348099
PINN20260414,8,43,pretrain,1.4608519077301025,0.2757408022880554,0.05458608642220497,1.2505474090576172,0.440180242061615,0.43008318543434143,586278.0625,3392.763916015625,4.006638526916504,0.0,0.0,0.0,599.5026845227634,999.827172565339
PINN20260414,8,45,pretrain,1.4098832607269287,0.2440209686756134,0.05145522579550743,1.2332699298858643,0.4337747097015381,0.42245256900787354,517710.53125,3043.044189453125,4.144941806793213,0.0,0.0,0.0,552.4729065755171,949.4656391886965
PINN20260414,8,46,pretrain,1.3791344165802002,0.22558808326721191,0.04975545406341553,1.2229864597320557,0.42847535014152527,0.41711971163749695,471666.8125,2743.053466796875,3.971651554107666,0.0,0.0,0.0,526.8623219115218,917.7799981477042
PINN20260414,8,48,pretrain,1.3241386413574219,0.19199015200138092,0.049088917672634125,1.20310640335083,0.4178427755832672,0.4077528119087219,387365.34375,2290.09375,3.672004461288452,0.0,0.0,0.0,479.494867673263,851.4830444583145
PINN20260414,8,49,pretrain,1.3008673191070557,0.17753812670707703,0.04993579536676407,1.1943411827087402,0.4125635623931885,0.4035007655620575,359447.25,2163.176025390625,3.60789155960083,0.0,0.0,0.0,457.69179722822213,819.9729416267344
PINN20260414,8,51,pretrain,1.2578519582748413,0.1552710384130478,0.05093253776431084,1.1765122413635254,0.3996165990829468,0.3921618163585663,346482.8125,1938.52587890625,3.4170429706573486,0.0,0.0,0.0,430.0858199243495,767.7656706313456
PINN20260414,8,52,pretrain,1.2395241260528564,0.1497199982404709,0.05044550448656082,1.1660784482955933,0.3923433721065521,0.38572657108306885,360774.96875,1783.474853515625,3.202312469482422,0.0,0.0,0.0,424.137415085017,743.7406301930802
PINN20260414,8,54,pretrain,1.2082442045211792,0.14504887163639069,0.04889914020895958,1.1416795253753662,0.37932083010673523,0.3746798634529114,392071.9375,1449.3795166015625,2.567685127258301,0.0,0.0,0.0,412.3521136419698,684.1781566229662
PINN20260414,8,55,pretrain,1.1930043697357178,0.1431124210357666,0.04850897565484047,1.128178358078003,0.3736860156059265,0.36940664052963257,391947.28125,1348.9483642578125,2.276399612426758,0.0,0.0,0.0,406.7436808052462,649.804730284414
PINN20260414,8,57,pretrain,1.1665568351745605,0.14254119992256165,0.04861816391348839,1.1006147861480713,0.3635126054286957,0.3586943745613098,374511.40625,1300.05078125,2.0466322898864746,0.0,0.0,0.0,404.21163624393597,598.8031291668406
PINN20260414,8,58,pretrain,1.1555851697921753,0.14346304535865784,0.048819296061992645,1.0876998901367188,0.35879796743392944,0.35385504364967346,373327.65625,1280.7288818359375,2.062509059906006,0.0,0.0,0.0,403.6239354275214,590.5134418453148
PINN20260414,8,60,pretrain,1.13330078125,0.14272597432136536,0.049022529274225235,1.064974308013916,0.34966710209846497,0.34501054883003235,393328.65625,1148.09912109375,2.0443100929260254,0.0,0.0,0.0,401.6651862870368,597.54686008714
PINN20260414,8,61,pretrain,1.1224099397659302,0.14164704084396362,0.04904208704829216,1.0551064014434814,0.34516623616218567,0.3407975733280182,409732.03125,1056.7666015625,1.9829978942871094,0.0,0.0,0.0,401.0716698733532,604.3109971281343
PINN20260414,8,63,pretrain,1.1008418798446655,0.13935652375221252,0.049024198204278946,1.0363422632217407,0.33581435680389404,0.33226969838142395,452414.40625,926.5831298828125,1.8625054359436035,0.0,0.0,0.0,397.6575159606568,619.8591573898058
PINN20260414,8,64,pretrain,1.0894047021865845,0.1377619355916977,0.049070850014686584,1.0262949466705322,0.33125749230384827,0.32821205258369446,478499.28125,918.0647583007812,1.8681199550628662,0.0,0.0,0.0,395.6163901116838,629.8003155762943
PINN20260414,8,66,pretrain,1.0667533874511719,0.13540691137313843,0.04937444254755974,1.0035783052444458,0.32258090376853943,0.3213350176811218,524501.3125,981.93994140625,2.0096828937530518,0.0,0.0,0.0,393.5126268622139,649.9938461247152
PINN20260414,8,67,pretrain,1.0549768209457397,0.1343521922826767,0.04956985265016556,0.9912533760070801,0.3180117905139923,0.3180239796638489,536807.75,1024.8673095703125,2.048323154449463,0.0,0.0,0.0,391.5850602040379,657.9426266780409
PINN20260414,8,69,pretrain,1.029392123222351,0.13146023452281952,0.04991849139332771,0.9653337001800537,0.3085203766822815,0.31077736616134644,550961.6875,1042.279541015625,1.9057756662368774,0.0,0.0,0.0,386.04539483718753,665.3318251068409
PINN20260414,8,70,pretrain,1.015791893005371,0.12984630465507507,0.05005860701203346,0.9514060616493225,0.303799033164978,0.30707088112831116,556668.375,999.9318237304688,1.7574201822280884,0.0,0.0,0.0,382.85616587695176,661.0568716078822
PINN20260414,8,72,pretrain,0.9868535399436951,0.1266365349292755,0.050294868648052216,0.9206893444061279,0.2943592071533203,0.29964759945869446,546051.8125,854.2907104492188,1.5088353157043457,0.0,0.0,0.0,376.9269450105683,638.1368877443147
PINN20260414,8,73,pretrain,0.9721863865852356,0.12536826729774475,0.050450995564460754,0.904653787612915,0.289508193731308,0.29572340846061707,532984.125,774.4888305664062,1.461620569229126,0.0,0.0,0.0,374.57792914158733,626.6716394971133
PINN20260414,8,75,pretrain,0.9429230690002441,0.12334280461072922,0.050896115601062775,0.8721436262130737,0.27949297428131104,0.28755983710289,528658.875,623.8209228515625,1.4827754497528076,0.0,0.0,0.0,370.06880694676227,614.5994122190485
PINN20260414,8,76,pretrain,0.9278881549835205,0.12232298403978348,0.05115707591176033,0.8555094003677368,0.2742096185684204,0.28329989314079285,537354.9375,562.7625732421875,1.5190463066101074,0.0,0.0,0.0,368.08985400985995,611.7462709326473
PINN20260414,8,78,pretrain,0.8982716202735901,0.12045574188232422,0.051742229610681534,0.823185920715332,0.26301974058151245,0.2746051251888275,554386.4375,491.99365234375,1.6210944652557373,0.0,0.0,0.0,364.89403427570585,606.484851418401
PINN20260414,8,79,pretrain,0.8839018940925598,0.11961160600185394,0.052021294832229614,0.8076381087303162,0.2574092745780945,0.270253449678421,565713.875,478.330810546875,1.6786878108978271,0.0,0.0,0.0,363.3199132651553,603.311642105471
PINN20260414,8,81,pretrain,0.855664849281311,0.11801314353942871,0.05240093171596527,0.7770563960075378,0.24671116471290588,0.26162517070770264,594969.625,474.6089782714844,1.7992521524429321,0.0,0.0,0.0,360.16774520700767,595.5473847646382
PINN20260414,8,82,pretrain,0.8417378664016724,0.1171531081199646,0.0524701327085495,0.7620604038238525,0.2415897250175476,0.257472962141037,601889.5,473.5667724609375,1.852588415145874,0.0,0.0,0.0,358.1335404740807,592.4865241083547
PINN20260414,8,84,pretrain,0.8134409785270691,0.11499954760074615,0.05236459895968437,0.7318506240844727,0.23183423280715942,0.24941137433052063,603551.5625,448.222900390625,1.9077261686325073,0.0,0.0,0.0,353.6455786695205,591.1327579317526
PINN20260414,8,85,pretrain,0.7993679642677307,0.11387079954147339,0.05217813327908516,0.7166698575019836,0.22741171717643738,0.24557602405548096,603935.125,424.0923156738281,1.9057989120483398,0.0,0.0,0.0,351.3893740389712,590.2810771149623
PINN20260414,8,87,pretrain,0.7716827988624573,0.11168184131383896,0.051489345729351044,0.6866765022277832,0.21929553151130676,0.23817075788974762,591717.375,375.53692626953125,1.8697850704193115,0.0,0.0,0.0,346.6143051902215,584.9732899885258
PINN20260414,8,88,pretrain,0.7579872012138367,0.11056876182556152,0.05108356475830078,0.6718348860740662,0.21542958915233612,0.23455747961997986,583643.75,355.8314514160156,1.8564544916152954,0.0,0.0,0.0,344.14839413761615,582.7216048423123
PINN20260414,8,90,pretrain,0.730659008026123,0.1081983894109726,0.050251685082912445,0.6423584222793579,0.2076924592256546,0.22753450274467468,568136.0,315.14031982421875,1.8563621044158936,0.0,0.0,0.0,338.8528211111721,580.6106160758688
PINN20260414,8,91,pretrain,0.7169654965400696,0.10692489892244339,0.04981444776058197,0.6277803182601929,0.20373451709747314,0.22405405342578888,557568.5625,291.12359619140625,1.8643451929092407,0.0,0.0,0.0,336.0908429093241,579.167020383585
PINN20260414,8,93,pretrain,0.6896917819976807,0.10433068126440048,0.048908911645412445,0.5984631776809692,0.19635231792926788,0.21723026037216187,538797.5625,244.0262451171875,1.8806601762771606,0.0,0.0,0.0,330.51622738150087,570.3497282369826
PINN20260414,8,94,pretrain,0.676086962223053,0.10306370258331299,0.048430074006319046,0.5836082696914673,0.19291149079799652,0.21389923989772797,524434.6875,220.21560668945312,1.8923346996307373,0.0,0.0,0.0,327.87634626105614,564.4677526218836
PINN20260414,8,96,pretrain,0.6493998765945435,0.10073047876358032,0.04742279648780823,0.5541456937789917,0.1862768977880478,0.20746594667434692,494405.6875,167.34356689453125,1.9262728691101074,0.0,0.0,0.0,322.9178252667387,554.0906119489844
PINN20260414,8,97,pretrain,0.6362478137016296,0.09962370991706848,0.046881452202796936,0.5394963026046753,0.1829851269721985,0.2044542282819748,476742.625,140.29432678222656,1.9429550170898438,0.0,0.0,0.0,320.535136042057,548.6134226392934
PINN20260414,8,99,pretrain,0.610073447227478,0.09749167412519455,0.045755378901958466,0.5099028944969177,0.17664913833141327,0.19875213503837585,444133.9375,99.56488037109375,1.9575644731521606,0.0,0.0,0.0,315.9572755927611,537.1030801903858
PINN20260414,8,100,pretrain,0.5970975756645203,0.09646955132484436,0.04520098865032196,0.494953453540802,0.1736329048871994,0.1960839033126831,430813.28125,86.74750518798828,1.9608138799667358,0.0,0.0,0.0,313.7076664667282,531.9395524869344
PINN20260414,8,102,pretrain,0.5710846781730652,0.09441793709993362,0.044121284037828445,0.46485209465026855,0.16754062473773956,0.19088441133499146,416766.0,72.7843017578125,1.9854984283447266,0.0,0.0,0.0,308.9825035499583,519.7230632750484
PINN20260414,8,104,pretrain,0.5447943806648254,0.09226492047309875,0.04310612380504608,0.4344860911369324,0.16143374145030975,0.18555878102779388,411835.09375,71.1113510131836,2.0511398315429688,0.0,0.0,0.0,304.09346579218044,502.8194569127173
PINN20260414,8,105,pretrain,0.5317123532295227,0.0912165492773056,0.042634520679712296,0.4193650484085083,0.15832726657390594,0.18287645280361176,412374.1875,73.55790710449219,2.0984387397766113,0.0,0.0,0.0,301.8032005711669,495.0325273403759
PINN20260414,8,107,pretrain,0.505771279335022,0.08919048309326172,0.041718050837516785,0.3895379304885864,0.1517375409603119,0.1775771528482437,414207.0625,76.2356948852539,2.1990833282470703,0.0,0.0,0.0,297.2860706667906,480.21344538132206
PINN20260414,8,108,pretrain,0.49307817220687866,0.08817806839942932,0.04127497225999832,0.3751794099807739,0.14831885695457458,0.17488989233970642,411579.40625,77.31265258789062,2.2428815364837646,0.0,0.0,0.0,294.9710923336387,472.1616513441133
PINN20260414,8,110,pretrain,0.4685414135456085,0.08614727854728699,0.040452372282743454,0.3479795455932617,0.14131832122802734,0.16943436861038208,403777.875,80.15872955322266,2.3037896156311035,0.0,0.0,0.0,290.4211516272532,457.6381280553446
PINN20260414,8,111,pretrain,0.4567440152168274,0.08514460176229477,0.04006151854991913,0.3352429270744324,0.13764314353466034,0.16669435799121857,401267.0625,81.84891510009766,2.3137547969818115,0.0,0.0,0.0,288.23387313950457,451.0538354786488
PINN20260414,8,113,pretrain,0.4349011778831482,0.08316858112812042,0.0393369160592556,0.312570720911026,0.13031786680221558,0.16118691861629486,393141.03125,84.4598617553711,2.2973263263702393,0.0,0.0,0.0,284.2346082024495,438.8069941614422
PINN20260414,8,114,pretrain,0.4276300072669983,0.08244165778160095,0.039066068828105927,0.30620279908180237,0.12718692421913147,0.1586780697107315,371952.0,81.36219024658203,2.307237148284912,0.0,0.0,0.0,282.3645554730622,434.69504396760726
PINN20260414,8,116,pretrain,0.44736114144325256,0.0818609669804573,0.03869876638054848,0.34408852458000183,0.12498439103364944,0.15618853271007538,337746.375,79.21392059326172,2.3184401988983154,0.0,0.0,0.0,278.49976155734856,423.0740552787419
PINN20260414,8,117,pretrain,0.41829103231430054,0.08006256073713303,0.03821798413991928,0.30604833364486694,0.11900251358747482,0.15284813940525055,386580.0625,93.12255096435547,2.196384906768799,0.0,0.0,0.0,275.17194908365934,415.0189001720283
PINN20260414,8,119,pretrain,0.40746602416038513,0.0792008563876152,0.03793705254793167,0.2978348135948181,0.11274437606334686,0.1482337862253189,317716.90625,83.45126342773438,2.268772840499878,0.0,0.0,0.0,271.76742124471065,404.23811438927925
PINN20260414,8,120,pretrain,0.38340792059898376,0.07739526778459549,0.03758572041988373,0.2677142322063446,0.10678629577159882,0.14520205557346344,350854.1875,96.16411590576172,2.1687886714935303,0.0,0.0,0.0,269.43524558323844,399.4441841484239
PINN20260414,8,122,pretrain,0.3797178864479065,0.07663849741220474,0.03730032220482826,0.26997286081314087,0.10159166157245636,0.14123746752738953,298149.4375,90.0494613647461,2.2357571125030518,0.0,0.0,0.0,265.41719812871963,389.0033338546085
PINN20260414,8,123,pretrain,0.35183605551719666,0.07497237622737885,0.03699355944991112,0.2329348921775818,0.09574062377214432,0.13842327892780304,316438.6875,103.15816497802734,2.1617352962493896,0.0,0.0,0.0,264.03123335601794,385.2824045424343
PINN20260414,8,125,pretrain,0.35096776485443115,0.07418879866600037,0.036701515316963196,0.23865392804145813,0.09127571433782578,0.1354302018880844,285195.75,102.45824432373047,2.208427906036377,0.0,0.0,0.0,259.95294045269037,376.6976987585669
PINN20260414,8,126,pretrain,0.33101093769073486,0.0729479044675827,0.03643360361456871,0.21215161681175232,0.08721490204334259,0.13347841799259186,293451.0625,112.83506774902344,2.164064884185791,0.0,0.0,0.0,258.73588427680454,371.73037103524376
PINN20260414,8,128,pretrain,0.32512545585632324,0.07185731083154678,0.0360826775431633,0.20949402451515198,0.0828692838549614,0.13111574947834015,282956.53125,115.70537567138672,2.1589128971099854,0.0,0.0,0.0,254.75404805419677,361.8554614759877
PINN20260414,8,129,pretrain,0.3178533613681793,0.07107110321521759,0.03586283698678017,0.2017681747674942,0.08031238615512848,0.12981222569942474,285733.25,118.37659454345703,2.138246774673462,0.0,0.0,0.0,253.22523478368026,356.4535712228172
PINN20260414,8,131,pretrain,0.30607590079307556,0.0696234405040741,0.035427745431661606,0.18981803953647614,0.07594075798988342,0.1276863068342209,293713.875,120.40005493164062,2.0963447093963623,0.0,0.0,0.0,249.34774287127607,344.7244143877831
PINN20260414,8,132,pretrain,0.3063277006149292,0.0691743791103363,0.035253558307886124,0.1926994025707245,0.07462621480226517,0.12696069478988647,292528.15625,115.93482971191406,2.0931100845336914,0.0,0.0,0.0,247.0533849191304,339.1947034890138
PINN20260414,8,134,pretrain,0.29245153069496155,0.06754746288061142,0.034791000187397,0.17705541849136353,0.07067366689443588,0.1251370757818222,308231.0625,114.85592651367188,2.0427489280700684,3.202587492978637e-07,0.0,0.0,243.4331193444105,330.1693457530544
PINN20260414,8,135,pretrain,0.2945535182952881,0.067154161632061,0.03462878242135048,0.18271340429782867,0.06964091211557388,0.12442384660243988,303165.1875,107.47924041748047,2.0560996532440186,1.6446541849290952e-05,0.0,0.0,240.85430632438357,325.4003303624629
PINN20260414,8,137,pretrain,0.2815820276737213,0.06552378833293915,0.034167639911174774,0.16770817339420319,0.06653570383787155,0.1229698583483696,315559.5625,107.76744842529297,2.0167553424835205,7.362759060924873e-05,0.0,0.0,237.33532119661413,318.9861747591892
PINN20260414,8,138,pretrain,0.2832714915275574,0.06513141095638275,0.034009356051683426,0.17243659496307373,0.06577150523662567,0.12232406437397003,307656.0625,101.28382873535156,2.036109447479248,0.00014881559764035046,0.0,0.0,234.90501737404418,315.51348277450836
PINN20260414,8,140,pretrain,0.27219638228416443,0.06361101567745209,0.03355609253048897,0.15991947054862976,0.06323076784610748,0.1209930032491684,315007.40625,104.70832824707031,2.006568431854248,0.0002798725035972893,0.0,0.0,231.3896959811521,310.3200087208364
PINN20260414,8,141,pretrain,0.2729797959327698,0.06321565061807632,0.033401038497686386,0.16303318738937378,0.0626041516661644,0.12036348134279251,307071.78125,101.29486083984375,2.020056962966919,0.00041631830390542746,0.0,0.0,229.14607104421407,308.2199143874386
PINN20260414,8,143,pretrain,0.2641412317752838,0.06186138093471527,0.03297048434615135,0.15356460213661194,0.06053025647997856,0.11910517513751984,311756.59375,106.52745056152344,1.9978339672088623,0.00063641945598647,0.0,0.0,225.61036136722532,304.56082623180544
PINN20260414,8,144,pretrain,0.26354941725730896,0.06140069290995598,0.03279809653759003,0.15454056859016418,0.05986415967345238,0.11848052591085434,307806.6875,105.7739028930664,2.0043060779571533,0.0008063300047069788,0.0,0.0,223.90254925413421,303.1576271100564
PINN20260414,8,146,pretrain,0.25772547721862793,0.060289740562438965,0.032396409660577774,0.1492416262626648,0.05830993503332138,0.11729934066534042,309565.71875,108.5108642578125,1.9919395446777344,0.0011488191084936261,0.0,0.0,220.22186965648984,300.312909729169
PINN20260414,8,147,pretrain,0.25514939427375793,0.05976022779941559,0.03219817206263542,0.1470758020877838,0.05757469683885574,0.11671055853366852,310708.125,110.11224365234375,1.9850597381591797,0.001340343151241541,0.0,0.0,218.7433659708335,299.31237601793214
PINN20260414,8,149,pretrain,0.2526453733444214,0.05887015908956528,0.031821973621845245,0.14662602543830872,0.05638912320137024,0.11557269096374512,309555.78125,109.76728820800781,1.9754644632339478,0.0018302527023479342,0.0,0.0,215.2472597096186,297.72124126437467
PINN20260414,8,150,pretrain,0.24886034429073334,0.05829688906669617,0.03159981220960617,0.1425001472234726,0.05562064051628113,0.11507052183151245,316526.90625,114.4263916015625,1.9522678852081299,0.0020217939745634794,0.0,0.0,213.72119688977975,297.30374303900044
PINN20260414,8,152,pretrain,0.24699418246746063,0.057496361434459686,0.031249266117811203,0.14282090961933136,0.054602060467004776,0.11393003910779953,313603.28125,110.49823760986328,1.9421058893203735,0.0026673823595046997,0.0,0.0,210.7514457245786,297.1371868556677
PINN20260414,8,153,pretrain,0.24475818872451782,0.05701923370361328,0.03102007880806923,0.14092956483364105,0.05398695170879364,0.11354075372219086,324206.875,116.35865020751953,1.9113545417785645,0.002863822504878044,0.0,0.0,209.10373285465278,297.1231331451659
PINN20260414,8,155,pretrain,0.24022763967514038,0.056156232953071594,0.030667588114738464,0.13692498207092285,0.05294213071465492,0.1124110072851181,323203.40625,110.09431457519531,1.8921312093734741,0.0036364940460771322,0.0,0.0,206.3616080603415,297.9105622917724
PINN20260414,8,156,pretrain,0.2396223545074463,0.055798403918743134,0.03045816533267498,0.13741376996040344,0.05248435214161873,0.11203080415725708,331880.21875,112.75393676757812,1.8689571619033813,0.0039132144302129745,0.0,0.0,204.96263950717946,298.53781690934903
PINN20260414,8,158,pretrain,0.23592829704284668,0.05500929057598114,0.03009752556681633,0.13450542092323303,0.051553066819906235,0.11103297770023346,336754.25,109.15727233886719,1.8478939533233643,0.0047387899830937386,0.0,0.0,202.03591690278736,300.00582025604103
PINN20260414,8,159,pretrain,0.23391154408454895,0.05462660267949104,0.02993135340511799,0.1327168047428131,0.051127299666404724,0.1105177029967308,336777.15625,106.17008972167969,1.8443206548690796,0.005228314083069563,0.0,0.0,200.78768715362006,301.24394444121197
PINN20260414,8,161,pretrain,0.23204365372657776,0.05397351458668709,0.02957003004848957,0.1323600709438324,0.05036092549562454,0.10970740020275116,346915.21875,106.60277557373047,1.8283789157867432,0.006079009734094143,0.0,0.0,198.38887199449974,304.1197081331626
PINN20260414,8,162,pretrain,0.23080842196941376,0.05365746468305588,0.029431117698550224,0.13167579472064972,0.05002885311841965,0.1091781035065651,341942.875,100.7204818725586,1.8342418670654297,0.006727561820298433,0.0,0.0,197.07946723656931,305.71225748242415
PINN20260414,8,164,pretrain,0.22731459140777588,0.05297694727778435,0.02908925712108612,0.12863755226135254,0.04925559088587761,0.10836295038461685,348788.59375,99.36119842529297,1.824948787689209,0.007710638456046581,0.0,0.0,194.66908018802062,309.5419246644952
PINN20260414,8,165,pretrain,0.22600694000720978,0.05267096310853958,0.028926469385623932,0.12774205207824707,0.04891343414783478,0.10796838998794556,351121.53125,97.72518157958984,1.8206918239593506,0.008234287612140179,0.0,0.0,193.58862230900866,311.5223080896455
PINN20260414,8,167,pretrain,0.22423696517944336,0.05213167518377304,0.02862897701561451,0.12715476751327515,0.04831744730472565,0.10716448724269867,352056.34375,91.43988800048828,1.8137314319610596,0.009405606426298618,0.0,0.0,191.52798424773337,315.88275366423534
PINN20260414,8,168,pretrain,0.22318755090236664,0.05185479670763016,0.028452131897211075,0.1265573650598526,0.04799439013004303,0.10687772184610367,360413.625,92.56034851074219,1.8016506433486938,0.009800108149647713,0.0,0.0,190.48511260725863,318.2891030572677
PINN20260414,8,170,pretrain,0.22053015232086182,0.051309630274772644,0.0281668771058321,0.12446238100528717,0.04740284010767937,0.10609690845012665,362147.5625,85.97783660888672,1.7916605472564697,0.010989023372530937,0.0,0.0,188.4001310376402,323.11328557102075
PINN20260414,8,171,pretrain,0.21922916173934937,0.051055047661066055,0.028040802106261253,0.1234101727604866,0.047135159373283386,0.10568258911371231,360035.0625,81.08396911621094,1.7895127534866333,0.011680806055665016,0.0,0.0,187.41919091971346,325.6501789689359
PINN20260414,8,173,pretrain,0.21712668240070343,0.050571512430906296,0.027762416750192642,0.12200824916362762,0.04660420119762421,0.10499722510576248,364471.03125,76.40009307861328,1.7785526514053345,0.0128189567476511,0.0,0.0,185.63120780865484,331.02466392249386
PINN20260414,8,174,pretrain,0.21626779437065125,0.050356652587652206,0.027643542736768723,0.12156519293785095,0.04637374356389046,0.10461539030075073,362535.625,72.11548614501953,1.7768194675445557,0.013519818894565105,0.0,0.0,184.74318111570452,333.64721029479625
PINN20260414,8,176,pretrain,0.21465834975242615,0.04994180053472519,0.027397217229008675,0.12078852951526642,0.045910049229860306,0.1039232537150383,362710.75,66.48957824707031,1.771260142326355,0.01479133777320385,0.0,0.0,183.09307528890872,339.2107337261013
PINN20260414,8,177,pretrain,0.21385478973388672,0.04972534254193306,0.02725197561085224,0.12037628144025803,0.04566214233636856,0.10367447137832642,369849.6875,66.98149871826172,1.763146162033081,0.015198500826954842,0.0,0.0,182.38071872459545,342.27852099934637
PINN20260414,8,179,pretrain,0.21227000653743744,0.04933920502662659,0.027015743777155876,0.11952073127031326,0.045225195586681366,0.10303132981061935,371845.28125,62.38125228881836,1.7568769454956055,0.016408191993832588,0.0,0.0,180.88900472734653,347.9233931485493
PINN20260414,8,180,pretrain,0.21152782440185547,0.049184586852788925,0.026932306587696075,0.1191299557685852,0.04503916949033737,0.10260750353336334,364256.78125,56.441444396972656,1.760453224182129,0.01731453277170658,0.0,0.0,180.06898092293687,350.3121264493994
PINN20260414,8,182,pretrain,0.21028640866279602,0.04885687679052353,0.026718439534306526,0.11868156492710114,0.04464450478553772,0.10197606682777405,364730.4375,51.32220458984375,1.7566509246826172,0.018573923036456108,0.0,0.0,178.7743263604285,355.71621194078296
PINN20260414,8,183,pretrain,0.20987312495708466,0.04867243766784668,0.026578092947602272,0.11877445876598358,0.04442211985588074,0.10180937498807907,376379.46875,53.31621170043945,1.746811866760254,0.018760163336992264,0.0,0.0,178.42027609516526,358.9206040338169
PINN20260414,8,185,pretrain,0.20978578925132751,0.04842615872621536,0.026377663016319275,0.12000046670436859,0.04408235847949982,0.10124854743480682,378838.90625,49.20787048339844,1.743288516998291,0.019863175228238106,0.0,0.0,177.65355923643918,364.2654209158481
PINN20260414,8,186,pretrain,0.21024411916732788,0.04841344803571701,0.02634263038635254,0.12128250300884247,0.04400105029344559,0.10077327489852905,361444.15625,41.020538330078125,1.7560852766036987,0.021117085590958595,0.0,0.0,177.04251122611765,365.9263501717251
PINN20260414,8,188,pretrain,0.21173284947872162,0.048309676349163055,0.026179442182183266,0.12477277219295502,0.04376452788710594,0.10022029280662537,358096.9375,36.2388916015625,1.7577173709869385,0.022381890565156937,0.0,0.0,176.35330527452555,370.7390212467525
PINN20260414,8,189,pretrain,0.21177706122398376,0.04811935871839523,0.026018870994448662,0.12551742792129517,0.04353899508714676,0.10023311525583267,381858.9375,41.99818801879883,1.7392209768295288,0.021938927471637726,0.0,0.0,176.0844967622079,374.1232250208479
PINN20260414,8,191,pretrain,0.20728540420532227,0.04769273102283478,0.02584916166961193,0.1198386698961258,0.04304806888103485,0.09958180785179138,377177.40625,37.829185485839844,1.7396152019500732,0.023134268820285797,0.0,0.0,173.65772617241942,377.711778344282
PINN20260414,8,192,pretrain,0.2035711407661438,0.047462448477745056,0.025805488228797913,0.1147134080529213,0.04277551919221878,0.09905210882425308,359285.125,31.862686157226562,1.7508282661437988,0.02440190687775612,0.0,0.0,172.4919099099288,379.16820970381997
PINN20260414,8,194,pretrain,0.2000144124031067,0.04706008732318878,0.02561679109930992,0.11044818162918091,0.04228191822767258,0.09855838119983673,365080.375,32.11981964111328,1.7424825429916382,0.025137918069958687,0.0,0.0,171.91041112487923,383.79205795586756
PINN20260414,8,195,pretrain,0.20067210495471954,0.04705539718270302,0.02556760422885418,0.11194372177124023,0.042183030396699905,0.09824637323617935,357147.34375,29.731639862060547,1.7475624084472656,0.026007555425167084,0.0,0.0,171.60149260896597,385.25823320209525
PINN20260414,8,197,pretrain,0.20194311439990997,0.047008663415908813,0.02544379234313965,0.11488015949726105,0.04194439575076103,0.09774711728096008,351956.84375,28.02962875366211,1.7506580352783203,0.027267906814813614,0.0,0.0,170.81301454368165,389.2033730904705
PINN20260414,8,198,pretrain,0.2009211778640747,0.04681224375963211,0.02532332018017769,0.11390161514282227,0.04168850928544998,0.09766782075166702,367783.84375,31.101703643798828,1.7370009422302246,0.02701839990913868,0.0,0.0,170.28756698229617,391.8612437776923
PINN20260414,8,200,pretrain,0.19684597849845886,0.04645996540784836,0.02518964745104313,0.10869450867176056,0.041214719414711,0.09706340730190277,361341.78125,29.214391708374023,1.7406628131866455,0.028311744332313538,0.0,0.0,168.7760222991554,394.9932950380297
PINN20260414,8,202,pretrain,0.19511520862579346,0.04626480117440224,0.02507437765598297,0.1069897711277008,0.040857620537281036,0.0965079814195633,353204.71875,27.3453311920166,1.7459452152252197,0.029704846441745758,0.0,0.0,168.11909260067696,398.1209379698586
PINN20260414,8,203,pretrain,0.19532927870750427,0.04619787633419037,0.024997791275382042,0.1078072190284729,0.04068424552679062,0.0963502898812294,358380.53125,28.098316192626953,1.7403881549835205,0.029938649386167526,0.0,0.0,168.1197373711665,400.4690609148227
PINN20260414,8,205,pretrain,0.19547273218631744,0.04609724134206772,0.02487829700112343,0.10893601179122925,0.040368277579545975,0.09592787176370621,357393.03125,28.013046264648438,1.7391777038574219,0.030936280265450478,0.0,0.0,167.46219256148535,403.7847701746563
PINN20260414,8,206,pretrain,0.1948036551475525,0.0460616834461689,0.024856403470039368,0.10830362886190414,0.04023043438792229,0.09556495398283005,342525.03125,26.126720428466797,1.752324104309082,0.032162003219127655,0.0,0.0,166.7418183431349,404.5697560372006
PINN20260414,8,208,pretrain,0.1924147754907608,0.04581550881266594,0.02473388984799385,0.10555200278759003,0.039812374860048294,0.09511201828718185,340230.625,26.629873275756836,1.7505714893341064,0.03315753489732742,0.0,0.0,165.75594469920227,407.95614807231425
PINN20260414,8,209,pretrain,0.19127508997917175,0.045677490532398224,0.024660009890794754,0.10427162796258926,0.03958653658628464,0.09494396299123764,344228.4375,27.626903533935547,1.7432961463928223,0.03335900232195854,0.0,0.0,165.39081911301787,409.7825261647939
PINN20260414,8,211,pretrain,0.18992604315280914,0.045528341084718704,0.024563930928707123,0.10303226113319397,0.039234962314367294,0.0944664254784584,335424.78125,27.527420043945312,1.7446832656860352,0.03465021774172783,0.0,0.0,164.7563364202573,412.74153913193663
PINN20260414,8,212,pretrain,0.18964804708957672,0.045463018119335175,0.024506807327270508,0.10302665829658508,0.03905466943979263,0.09428342431783676,335628.75,28.044361114501953,1.7394639253616333,0.03503097966313362,0.0,0.0,164.62575336767634,414.72743308105385
PINN20260414,8,214,pretrain,0.18940573930740356,0.04537207633256912,0.024407964199781418,0.10346151143312454,0.03871888667345047,0.09388566017150879,331617.3125,28.493762969970703,1.7327065467834473,0.036026109009981155,0.0,0.0,164.26130217012465,417.96263663753484
PINN20260414,8,215,pretrain,0.1893208771944046,0.04536779597401619,0.024387486279010773,0.10368293523788452,0.038593363016843796,0.09359196573495865,319192.78125,27.643781661987305,1.742020845413208,0.03713337332010269,0.0,0.0,163.906342349831,418.6626028199796
PINN20260414,8,217,pretrain,0.1891421377658844,0.0452987365424633,0.024302083998918533,0.10417145490646362,0.038274381309747696,0.09317822754383087,311665.46875,27.761911392211914,1.7399533987045288,0.03833920136094093,0.0,0.0,163.53827557524568,421.56382968656123
PINN20260414,8,218,pretrain,0.18905259668827057,0.045221514999866486,0.02422475442290306,0.10446108132600784,0.03806111961603165,0.09310037642717361,321155.09375,29.005285263061523,1.7213300466537476,0.03812122344970703,0.0,0.0,163.56483447894598,424.12037648526154
PINN20260414,8,220,pretrain,0.18885314464569092,0.04515326768159866,0.02413894608616829,0.10489441454410553,0.03773545101284981,0.09271575510501862,315494.25,29.279342651367188,1.7162543535232544,0.039205778390169144,0.0,0.0,163.21892051972713,426.82051262796637
PINN20260414,8,221,pretrain,0.1886824667453766,0.04516509920358658,0.02413739636540413,0.104940265417099,0.03762902319431305,0.09238337725400925,297392.90625,28.110877990722656,1.735488772392273,0.04075432941317558,0.0,0.0,162.77519366253262,426.70565821184044
PINN20260414,8,223,pretrain,0.187882661819458,0.045067884027957916,0.02405526489019394,0.10442361980676651,0.03729050233960152,0.09200038760900497,290970.3125,28.375980377197266,1.7313697338104248,0.04194265231490135,0.0,0.0,162.20081833563603,429.09093587490287
PINN20260414,8,224,pretrain,0.18713641166687012,0.04495314881205559,0.023974061012268066,0.10368167608976364,0.03705534338951111,0.09194573760032654,302511.53125,29.71708869934082,1.7060625553131104,0.041522372514009476,0.0,0.0,162.02260403644303,431.525582237021
PINN20260414,8,226,pretrain,0.1850070059299469,0.04478546231985092,0.02389221452176571,0.10109718143939972,0.03668913245201111,0.0915476456284523,294467.8125,29.600948333740234,1.7017593383789062,0.0427987314760685,0.0,0.0,161.1381334348732,433.5747124199012
PINN20260414,8,227,pretrain,0.18381443619728088,0.04472362622618675,0.02387821301817894,0.09956754744052887,0.03654045611619949,0.09126304090023041,280833.71875,28.649799346923828,1.7153960466384888,0.04414476454257965,0.0,0.0,160.61344802817726,433.8460628494858
PINN20260414,8,229,pretrain,0.18177682161331177,0.0445537269115448,0.023789292201399803,0.09711111336946487,0.03616664558649063,0.09091664850711823,276922.46875,28.502901077270508,1.704664945602417,0.04518146067857742,0.0,0.0,159.99146705762155,436.1953225047238
PINN20260414,8,230,pretrain,0.1810588836669922,0.04448234662413597,0.023740291595458984,0.09634481370449066,0.03598019853234291,0.0907706767320633,277385.09375,28.55512046813965,1.695026159286499,0.045528165996074677,0.0,0.0,159.76602154596264,437.3735174310397
PINN20260414,8,232,pretrain,0.1801592856645584,0.04439893364906311,0.02367136999964714,0.09559162706136703,0.03565714880824089,0.09041083604097366,269417.5,27.890750885009766,1.692054271697998,0.046916816383600235,0.0,0.0,159.3690623893954,439.2043587556936
PINN20260414,8,233,pretrain,0.1798989474773407,0.044360462576150894,0.023628931492567062,0.09551264345645905,0.03548815846443176,0.09026496112346649,268725.25,27.809425354003906,1.6847310066223145,0.0473584309220314,0.0,0.0,159.28672800566278,440.5979601632309
PINN20260414,8,235,pretrain,0.17968399822711945,0.04431208223104477,0.023555990308523178,0.09580376744270325,0.03516995534300804,0.08995377272367477,264094.0625,27.418363571166992,1.6765114068984985,0.04849066585302353,0.0,0.0,159.13644523843368,442.6073492668191
PINN20260414,8,236,pretrain,0.17979583144187927,0.04432229697704315,0.023544900119304657,0.09625394642353058,0.035044293850660324,0.08973505347967148,253848.203125,26.645334243774414,1.6888654232025146,0.049708303064107895,0.0,0.0,159.0060680838942,442.4359593489209
PINN20260414,8,238,pretrain,0.1809721291065216,0.04436807706952095,0.0234932079911232,0.09865764528512955,0.034768473356962204,0.08941502869129181,245245.21875,26.051040649414062,1.6906373500823975,0.05117759481072426,0.0,0.0,159.36843736488413,443.8359599840914
PINN20260414,8,239,pretrain,0.18241778016090393,0.04440455511212349,0.0234272088855505,0.10122811049222946,0.03459705412387848,0.08939152210950851,255745.125,26.884824752807617,1.659390926361084,0.05062689259648323,0.0,0.0,160.13617862033863,446.793961183452
PINN20260414,8,241,pretrain,0.1878713071346283,0.044689714908599854,0.02338198386132717,0.11022445559501648,0.03439495339989662,0.08916668593883514,252610.546875,26.719419479370117,1.6491854190826416,0.05156116187572479,0.0,0.0,161.6138216358675,449.01205788374995
PINN20260414,8,242,pretrain,0.19099828600883484,0.04492051154375076,0.023439129814505577,0.11524813622236252,0.03438250720500946,0.08884917944669724,225722.671875,24.69695281982422,1.7029720544815063,0.054348502308130264,0.0,0.0,161.3680708717651,446.38926398380147
PINN20260414,8,244,pretrain,0.18850532174110413,0.04474944248795509,0.023366805166006088,0.11191841959953308,0.03405790776014328,0.08857642114162445,219247.484375,24.181291580200195,1.697737216949463,0.05555189773440361,0.0,0.0,158.66935697780463,447.25494337681727
PINN20260414,8,245,pretrain,0.18154823780059814,0.044280774891376495,0.023245349526405334,0.10152338445186615,0.03370875492691994,0.08854727447032928,234105.359375,25.243118286132812,1.6476755142211914,0.054268911480903625,0.0,0.0,157.2303060501537,448.85399212884363
PINN20260414,8,247,pretrain,0.17484478652477264,0.043879423290491104,0.02318618819117546,0.09171345084905624,0.03330064192414284,0.08813615888357162,216957.15625,23.64399528503418,1.6643203496932983,0.05656205862760544,0.0,0.0,157.54495886095498,448.79397416854874
PINN20260414,8,248,pretrain,0.17798630893230438,0.04404042661190033,0.023145707324147224,0.09682934731245041,0.03320174291729927,0.08810202032327652,221834.625,23.711950302124023,1.6409945487976074,0.056387756019830704,0.0,0.0,158.44067427786655,451.5205560104656
PINN20260414,8,250,pretrain,0.18025247752666473,0.04414498805999756,0.023092880845069885,0.10087303817272186,0.03294207900762558,0.08786506205797195,218334.640625,22.793819427490234,1.6302287578582764,0.057513292878866196,0.0,0.0,157.06754866537517,451.6158316257303
PINN20260414,8,251,pretrain,0.1764216423034668,0.04393457621335983,0.023090969771146774,0.09517137706279755,0.032767605036497116,0.08760885894298553,202684.078125,21.316564559936523,1.6632813215255737,0.05961768329143524,0.0,0.0,156.01368379488383,450.7099607840945
PINN20260414,8,253,pretrain,0.1729118973016739,0.04369060695171356,0.022990616038441658,0.09028533101081848,0.032402392476797104,0.08739329129457474,204855.671875,20.853927612304688,1.6399904489517212,0.06018427759408951,0.0,0.0,156.44628296359426,452.6567062907607
PINN20260414,8,254,pretrain,0.1748872697353363,0.043810732662677765,0.02299651689827442,0.09355337917804718,0.03232593834400177,0.08723384141921997,195915.0,19.909183502197266,1.6595213413238525,0.06168529763817787,0.0,0.0,156.49393458693535,451.2601626279457
PINN20260414,8,256,pretrain,0.17491862177848816,0.04378725588321686,0.022944796830415726,0.09409961104393005,0.03205128759145737,0.08699046075344086,190619.359375,19.02707290649414,1.6612584590911865,0.06318675726652145,0.0,0.0,155.43355443323685,451.628200237762
PINN20260414,8,257,pretrain,0.17242062091827393,0.043613940477371216,0.022875217720866203,0.0905112624168396,0.0318501815199852,0.08691934496164322,196288.515625,19.248445510864258,1.6351592540740967,0.06290411204099655,0.0,0.0,155.0053300494857,452.1864072205179
PINN20260414,8,259,pretrain,0.1710628718137741,0.043522581458091736,0.02283697947859764,0.08886267244815826,0.031578607857227325,0.08664330095052719,185498.8125,18.230030059814453,1.6512001752853394,0.06501561403274536,0.0,0.0,155.11046970627095,451.81047257118774
PINN20260414,8,260,pretrain,0.17211921513080597,0.04355713352560997,0.022794416174292564,0.09076430648565292,0.031445685774087906,0.08657938241958618,188561.734375,18.319488525390625,1.632303237915039,0.06502462178468704,0.0,0.0,155.28794448741021,453.4418719637612
PINN20260414,8,262,pretrain,0.17155253887176514,0.0435057133436203,0.022741710767149925,0.09033947438001633,0.031180815771222115,0.08635487407445908,182468.453125,17.591175079345703,1.6322782039642334,0.06645229458808899,0.0,0.0,154.48217433574658,453.42017971744485
PINN20260414,8,263,pretrain,0.1700304001569748,0.04341650381684303,0.022732434794306755,0.08818778395652771,0.031045041978359222,0.08619452267885208,173156.3125,16.781982421875,1.6529065370559692,0.0679614469408989,0.0,0.0,154.11381625076643,453.1077755346955
PINN20260414,8,265,pretrain,0.168836310505867,0.043323665857315063,0.02266363613307476,0.08678707480430603,0.030770907178521156,0.08600226044654846,170075.84375,16.327747344970703,1.6392970085144043,0.06895789504051208,0.0,0.0,154.1117314848224,454.1718080748738
PINN20260414,8,266,pretrain,0.16925141215324402,0.04334302246570587,0.022655587643384933,0.08763999491930008,0.03065950982272625,0.08587222546339035,163479.453125,15.777508735656738,1.6520404815673828,0.07019134610891342,0.0,0.0,154.024259960079,453.2917107117667
PINN20260414,8,268,pretrain,0.16927391290664673,0.0433201864361763,0.022610018029808998,0.0881171002984047,0.030411481857299805,0.08566170930862427,156852.578125,15.195317268371582,1.6552464962005615,0.07176706939935684,0.0,0.0,153.65944360622618,453.6861525327834
PINN20260414,8,269,pretrain,0.16850343346595764,0.043262142688035965,0.02255908213555813,0.0871438980102539,0.030273832380771637,0.08559628576040268,159250.328125,15.375118255615234,1.6335947513580322,0.07173240929841995,0.0,0.0,153.4435080290137,454.64001899854793
PINN20260414,8,271,pretrain,0.16689634323120117,0.0431562103331089,0.022510601207613945,0.08505081385374069,0.03002692013978958,0.08538077771663666,151672.375,14.836377143859863,1.6426317691802979,0.07355984300374985,0.0,0.0,153.04296271798975,454.5117228961207
PINN20260414,8,272,pretrain,0.16656740009784698,0.04312853515148163,0.022485772147774696,0.08474428951740265,0.02990829572081566,0.08528070896863937,148852.421875,14.64722728729248,1.6445198059082031,0.074378602206707,0.0,0.0,153.00027445849565,454.9854736692151
PINN20260414,8,274,pretrain,0.1665952056646347,0.043107956647872925,0.022432394325733185,0.08520188927650452,0.029678380116820335,0.08509770035743713,145253.484375,14.433135032653809,1.6406166553497314,0.07576114684343338,0.0,0.0,152.9084054875663,455.5104279816215
PINN20260414,8,275,pretrain,0.16660550236701965,0.04310021549463272,0.022425686940550804,0.08541420102119446,0.02956961840391159,0.08497671782970428,138996.328125,13.994699478149414,1.6596267223358154,0.07720793783664703,0.0,0.0,152.73773733511308,454.6909836636306
PINN20260414,8,277,pretrain,0.16617296636104584,0.04305654764175415,0.022377479821443558,0.08513656258583069,0.029344342648983,0.08478950709104538,134033.8125,13.707112312316895,1.6619130373001099,0.07891949266195297,0.0,0.0,152.45250925493158,455.01641453908013
PINN20260414,8,278,pretrain,0.16575899720191956,0.043019119650125504,0.02233286015689373,0.084699347615242,0.029229093343019485,0.08472468703985214,135790.1875,13.93725299835205,1.641481876373291,0.0790591761469841,0.0,0.0,152.3476505910905,456.0720714700693
PINN20260414,8,280,pretrain,0.16480900347232819,0.042949315160512924,0.022284068167209625,0.08359740674495697,0.029010578989982605,0.0845395028591156,130472.46875,13.613970756530762,1.6451258659362793,0.0808614119887352,0.0,0.0,151.99839380319122,456.3416346335276
PINN20260414,8,281,pretrain,0.16435791552066803,0.04291732981801033,0.0222715325653553,0.08307506144046783,0.028903955593705177,0.08443347364664078,125355.1796875,13.222179412841797,1.6602866649627686,0.08222340047359467,0.0,0.0,151.80262550224552,455.98752724169987
PINN20260414,8,283,pretrain,0.16357959806919098,0.042855795472860336,0.022219721227884293,0.08223459124565125,0.028692271560430527,0.0842607170343399,121017.9375,13.054300308227539,1.6587960720062256,0.08394573628902435,0.0,0.0,151.52530471426218,456.3841241213371
PINN20260414,8,284,pretrain,0.16324563324451447,0.04282672330737114,0.02218879759311676,0.08190280944108963,0.02858814038336277,0.08418186753988266,119970.3359375,13.111747741699219,1.6515610218048096,0.0846143290400505,0.0,0.0,151.41258049201195,456.7888427654511
PINN20260414,8,286,pretrain,0.1626451313495636,0.04277437552809715,0.02214174158871174,0.0813317596912384,0.028383979573845863,0.08400943130254745,115134.3046875,12.932223320007324,1.6540067195892334,0.08652905374765396,0.0,0.0,151.1527063105388,457.0027352215739
PINN20260414,8,287,pretrain,0.1623646467924118,0.04274934157729149,0.022121241316199303,0.08107373863458633,0.028283124789595604,0.08392161875963211,112232.453125,12.780091285705566,1.6588444709777832,0.08761748671531677,0.0,0.0,151.01469946043332,456.9540629264609
PINN20260414,8,289,pretrain,0.16182638704776764,0.042699478566646576,0.022074317559599876,0.08059319853782654,0.02808462828397751,0.08375535160303116,107919.0703125,12.661248207092285,1.660703182220459,0.08957138657569885,0.0,0.0,150.7657796467753,457.1207615335361
PINN20260414,8,290,pretrain,0.16156932711601257,0.04267437011003494,0.022047866135835648,0.08037260174751282,0.027987154200673103,0.08367647975683212,106458.0078125,12.697821617126465,1.6577587127685547,0.09042905271053314,0.0,0.0,150.66141935230135,457.43136438705204
PINN20260414,8,292,pretrain,0.16111241281032562,0.042627520859241486,0.022000974044203758,0.08001431822776794,0.027794647961854935,0.08351532369852066,102676.2578125,12.67060661315918,1.6587975025177002,0.0923846885561943,0.0,0.0,150.45015136873408,457.71425993735437
PINN20260414,8,293,pretrain,0.16095979511737823,0.04260823130607605,0.021985694766044617,0.0799485519528389,0.02769823558628559,0.08342916518449783,99419.8203125,12.457133293151855,1.669549822807312,0.09369275718927383,0.0,0.0,150.33062520657592,457.25620211758746
PINN20260414,8,295,pretrain,0.16126778721809387,0.04259537532925606,0.021949006244540215,0.08079159259796143,0.027510425075888634,0.08326814323663712,94843.4375,12.286242485046387,1.6788439750671387,0.09595320373773575,0.0,0.0,150.43243006620946,457.1104557434669
PINN20260414,8,296,pretrain,0.1623913049697876,0.042627327144145966,0.021910548210144043,0.08276838809251785,0.027425529435276985,0.0832085907459259,97135.484375,12.902557373046875,1.6494650840759277,0.09605640172958374,0.0,0.0,151.0942509040301,459.24567907602574
PINN20260414,8,298,pretrain,0.17314675450325012,0.04306035116314888,0.02190064825117588,0.10020248591899872,0.02726658247411251,0.08307547867298126,97359.9921875,13.406806945800781,1.6288026571273804,0.09736748039722443,0.0,0.0,155.77648876876447,462.0686163872201
PINN20260414,8,299,pretrain,0.19016990065574646,0.04379500076174736,0.022038280963897705,0.1273258626461029,0.02717825211584568,0.08295489847660065,82821.109375,11.161600112915039,1.7460657358169556,0.10182848572731018,0.0,0.0,160.42473532197272,456.9957603742074
PINN20260414,8,301,physics,38810.390625,0.0459488183259964,0.02224811352789402,0.19867679476737976,0.02718404307961464,0.08281626552343369,77614.921875,10.727533340454102,1.7949998378753662,0.10532306134700775,0.0,0.0,485.713907562878,622.2497488950879
PINN20260414,9,1,pretrain,5.931650638580322,3.063645362854004,0.9758965969085693,2.005786657333374,0.9698200225830078,0.9917757511138916,109175280.0,1629.087158203125,1.1304495334625244,0.08243365585803986,0.0,0.0,2153.5842217104023,2448.072915580743
PINN20260414,9,3,pretrain,5.275798797607422,2.776597738265991,0.7215666174888611,1.823074460029602,0.9095089435577393,0.92859947681427,79464176.0,1700.6429443359375,1.2388882637023926,0.042102355509996414,0.0,0.0,2063.4609276649753,2363.1959292449706
PINN20260414,9,4,pretrain,4.96221399307251,2.6376304626464844,0.6063271760940552,1.7346713542938232,0.8774843811988831,0.8954509496688843,65738596.0,2617.9951171875,1.838864803314209,0.040683992207050323,0.0,0.0,2012.5849671504554,2309.156664239133
PINN20260414,9,6,pretrain,4.31130838394165,2.335566520690918,0.4012714624404907,1.5433919429779053,0.8017746806144714,0.8159587383270264,40824352.0,6403.28125,3.4762892723083496,0.049758635461330414,0.0,0.0,1889.6467923926948,2157.463325296632
PINN20260414,9,7,pretrain,3.979825496673584,2.1701626777648926,0.32014375925064087,1.4416751861572266,0.7581725120544434,0.7705479860305786,30332156.0,9256.8798828125,4.116726875305176,0.05259925127029419,0.0,0.0,1816.4642853631888,2053.227459391677
PINN20260414,9,9,pretrain,3.358323574066162,1.8279255628585815,0.2202070951461792,1.2462632656097412,0.6678315997123718,0.6786830425262451,14667636.0,16089.9169921875,4.129842281341553,0.03854147344827652,0.0,0.0,1653.765476118062,1787.798995972422
PINN20260414,9,10,pretrain,3.096749782562256,1.6673959493637085,0.2012198567390442,1.1638481616973877,0.6276549100875854,0.6380140781402588,9676944.0,19685.580078125,3.566926956176758,0.020837049931287766,0.0,0.0,1572.911790279417,1640.4465855369995
PINN20260414,9,12,pretrain,2.7247815132141113,1.4213498830795288,0.19175773859024048,1.0500872135162354,0.5756627917289734,0.5794162750244141,4406937.0,24238.9765625,2.4134247303009033,0.0053641656413674355,0.0,0.0,1444.8162512928764,1395.5297381281418
PINN20260414,9,13,pretrain,2.6140425205230713,1.34868586063385,0.18239563703536987,1.0189146995544434,0.566461443901062,0.5630131363868713,3275573.25,23098.44140625,2.38185715675354,0.002448751125484705,0.0,0.0,1405.5287706055683,1330.9890119756813
PINN20260414,9,15,pretrain,2.4648990631103516,1.2649295330047607,0.1374024599790573,0.9870830178260803,0.5610215663909912,0.5467782020568848,2223399.25,12346.333984375,3.7664060592651367,4.586714567267336e-05,0.0,0.0,1353.007621929751,1307.579538689712
PINN20260414,9,16,pretrain,2.3773937225341797,1.2159345149993896,0.10925968736410141,0.9738968014717102,0.5510236024856567,0.5386083126068115,1989218.25,5871.28955078125,4.50236701965332,0.0,0.0,0.0,1319.9410971706275,1311.0334663920673
PINN20260414,9,18,pretrain,2.125227928161621,1.0543255805969238,0.0672391951084137,0.9353798627853394,0.5055341720581055,0.5073390007019043,1848418.25,592.4564208984375,3.609025478363037,0.0,0.0,0.0,1219.88585531598,1289.793394307786
PINN20260414,9,19,pretrain,1.9838743209838867,0.9563630223274231,0.058538880199193954,0.9116203784942627,0.4769192039966583,0.4858807325363159,1878091.75,1189.642822265625,2.7709546089172363,0.0,0.0,0.0,1161.5512257322102,1268.9827126482062
PINN20260414,9,21,pretrain,1.7594337463378906,0.7923393845558167,0.06252476572990417,0.8699649572372437,0.43049079179763794,0.4457985758781433,1970922.25,3303.18212890625,2.1331567764282227,0.0,0.0,0.0,1061.836910735354,1239.1550548660164
PINN20260414,9,22,pretrain,1.6926178932189941,0.7397303581237793,0.06990869343280792,0.8573175668716431,0.41719141602516174,0.43138688802719116,1978550.125,4122.80126953125,2.186405658721924,0.0,0.0,0.0,1026.2837083380014,1235.1967960612592
PINN20260414,9,24,pretrain,1.621385931968689,0.6757940649986267,0.08135706186294556,0.8509473204612732,0.40724289417266846,0.4140814244747162,1838976.0,4940.8212890625,2.786604881286621,0.0,0.0,0.0,972.5506413549888,1233.8713466160077
PINN20260414,9,25,pretrain,1.5942665338516235,0.6489427089691162,0.08217944949865341,0.8542659282684326,0.40650448203086853,0.4088378846645355,1696251.75,5085.328125,3.2311811447143555,0.0,0.0,0.0,947.6761050063466,1228.7178276561303
PINN20260414,9,27,pretrain,1.5229830741882324,0.5839333534240723,0.07456158846616745,0.8623789548873901,0.4050019681453705,0.3999444246292114,1364967.5,4969.89501953125,4.066624164581299,0.0,0.0,0.0,897.8749912989001,1208.3446838547352
PINN20260414,9,28,pretrain,1.4785724878311157,0.5473344326019287,0.06847100704908371,0.8629557490348816,0.40252429246902466,0.3953562378883362,1227022.75,4669.66552734375,4.304787635803223,0.0,0.0,0.0,875.5797365174687,1199.4339289848358
PINN20260414,9,30,pretrain,1.3887625932693481,0.48187366127967834,0.05717986077070236,0.852035403251648,0.3929550349712372,0.3854835331439972,1080936.875,3538.244140625,4.025495529174805,0.0,0.0,0.0,840.8213989902969,1198.114247473921
PINN20260414,9,31,pretrain,1.3491859436035156,0.45758944749832153,0.052829042077064514,0.8411974906921387,0.3861171007156372,0.38033583760261536,1069779.0,2870.13037109375,3.500710964202881,0.0,0.0,0.0,825.9958383672403,1204.4309340929433
PINN20260414,9,33,pretrain,1.280693531036377,0.4217197895050049,0.04631413519382477,0.8145742416381836,0.37006956338882446,0.37030017375946045,1082818.125,1623.3638916015625,2.4113845825195312,0.0,0.0,0.0,788.7600237080984,1213.416509282777
PINN20260414,9,34,pretrain,1.24714195728302,0.40381690859794617,0.04393766447901726,0.8011472225189209,0.3616824746131897,0.36562711000442505,1063321.0,1314.18994140625,2.238046646118164,0.0,0.0,0.0,763.6287956199661,1209.027450060585
PINN20260414,9,36,pretrain,1.1733901500701904,0.3577813506126404,0.04084571450948715,0.7772685289382935,0.345386803150177,0.3568328320980072,944829.75,1226.4482421875,2.551785945892334,0.0,0.0,0.0,708.7991164638963,1175.7540133888551
PINN20260414,9,37,pretrain,1.1356009244918823,0.3322467803955078,0.039798710495233536,0.7670731544494629,0.33746713399887085,0.3525688946247101,870345.25,1706.36181640625,2.565401554107666,0.0,0.0,0.0,686.4663820974775,1149.3407349432978
PINN20260414,9,39,pretrain,1.0714119672775269,0.29164817929267883,0.037528399378061295,0.7491427659988403,0.32079827785491943,0.34387215971946716,772896.0625,3714.12353515625,2.345611572265625,0.0,0.0,0.0,661.066042464745,1091.2988820666867
PINN20260414,9,40,pretrain,1.047067403793335,0.27931010723114014,0.036363635212183,0.7408885359764099,0.31138932704925537,0.33915501832962036,770229.75,4526.2822265625,2.29611873626709,0.0,0.0,0.0,653.8825391459845,1065.160081865632
PINN20260414,9,42,pretrain,1.0072834491729736,0.2622932195663452,0.03523081913590431,0.7266656160354614,0.29083746671676636,0.32894253730773926,841260.5625,4455.0185546875,2.248765707015991,0.0,0.0,0.0,633.1233094745446,1023.7152313998264
PINN20260414,9,43,pretrain,0.9881661534309387,0.25265270471572876,0.03543643653392792,0.7216017246246338,0.2806905508041382,0.32385408878326416,880644.6875,3758.63232421875,2.1369309425354004,0.0,0.0,0.0,616.3333107986294,1007.2532886518663
PINN20260414,9,45,pretrain,0.9475871324539185,0.22771255671977997,0.03613228350877762,0.7150660753250122,0.2618817985057831,0.31435269117355347,864364.0,2357.58349609375,1.6594867706298828,0.0,0.0,0.0,576.2421366057848,978.2034553200065
PINN20260414,9,46,pretrain,0.9270596504211426,0.2149582803249359,0.0359286405146122,0.7120710611343384,0.25299856066703796,0.30983275175094604,790500.5,1982.4757080078125,1.371445655822754,0.0,0.0,0.0,557.8878135431889,964.2078030694421
PINN20260414,9,48,pretrain,0.8897233009338379,0.19505691528320312,0.03400799632072449,0.7036808729171753,0.2367367297410965,0.30111345648765564,557079.125,1629.3851318359375,0.95711350440979,0.0,0.0,0.0,529.395586966873,932.4337442950035
PINN20260414,9,49,pretrain,0.8728751540184021,0.187358096241951,0.03275073319673538,0.6982691884040833,0.22973035275936127,0.29692569375038147,435992.625,1482.2117919921875,0.8817064762115479,0.0,0.0,0.0,517.1488845100606,911.7052018059346
PINN20260414,9,51,pretrain,0.8390212059020996,0.17134204506874084,0.03097320906817913,0.6867162585258484,0.21670712530612946,0.2883759140968323,258733.390625,1281.0423583984375,0.9423773288726807,0.0,0.0,0.0,493.78408110225666,857.9084304283296
PINN20260414,9,52,pretrain,0.8222746849060059,0.16306617856025696,0.030523931607604027,0.681456446647644,0.21005460619926453,0.28378719091415405,209803.359375,1234.734375,1.0547404289245605,0.0,0.0,0.0,485.27860876510925,828.2158912385104
PINN20260414,9,54,pretrain,0.7937682867050171,0.1514090597629547,0.02953183464705944,0.6722041368484497,0.19643600285053253,0.27367377281188965,172576.234375,1152.7724609375,1.5056705474853516,0.0,0.0,0.0,478.0142518795857,776.0438534644804
PINN20260414,9,55,pretrain,0.7817889451980591,0.14861741662025452,0.028732195496559143,0.6673673987388611,0.18932780623435974,0.26806849241256714,178265.96875,1103.2418212890625,1.81731379032135,0.0,0.0,0.0,475.40324988371714,756.0181049419385
PINN20260414,9,57,pretrain,0.7571312785148621,0.1435793936252594,0.027281543239951134,0.6564279794692993,0.17433880269527435,0.2562686502933502,240423.1875,969.7552490234375,2.1799325942993164,0.0,0.0,0.0,463.53623779592465,727.3285880535702
PINN20260414,9,58,pretrain,0.7436680793762207,0.1399286538362503,0.027018530294299126,0.6506099700927734,0.1666678637266159,0.25018301606178284,293821.34375,862.7633056640625,2.1068115234375,0.0,0.0,0.0,456.0753261523802,718.1433744385588
PINN20260414,9,60,pretrain,0.7177112102508545,0.13314911723136902,0.0272100530564785,0.6384930610656738,0.1517757773399353,0.23797571659088135,403853.5625,642.9307861328125,1.7381303310394287,0.0,0.0,0.0,445.17686092158925,706.2220348445665
PINN20260414,9,61,pretrain,0.706022322177887,0.13071081042289734,0.027350246906280518,0.6322516798973083,0.14482958614826202,0.23229694366455078,438121.78125,590.5344848632812,1.6265442371368408,0.0,0.0,0.0,440.8831158878734,700.1136961237082
PINN20260414,9,63,pretrain,0.6828879117965698,0.12544704973697662,0.027306558564305305,0.6199038028717041,0.13196077942848206,0.22173796594142914,436887.03125,611.5789184570312,1.5944507122039795,0.0,0.0,0.0,431.1923512192673,684.6441365775362
PINN20260414,9,64,pretrain,0.6715405583381653,0.1224091649055481,0.027161726728081703,0.6138653755187988,0.126572385430336,0.21690763533115387,408422.65625,640.6402587890625,1.5698676109313965,0.0,0.0,0.0,426.5839234546937,677.3606867836368
PINN20260414,9,66,pretrain,0.6510566473007202,0.1171008050441742,0.02698345296084881,0.6016042232513428,0.11771120131015778,0.2086440920829773,342708.25,651.3077392578125,1.4285181760787964,0.0,0.0,0.0,417.80666132794005,669.4625876402654
PINN20260414,9,67,pretrain,0.6412814855575562,0.11462625861167908,0.02700953558087349,0.5950482487678528,0.11374889314174652,0.2050381302833557,321037.9375,627.9829711914062,1.3791066408157349,0.0,0.0,0.0,412.4394273708565,669.9047740164269
PINN20260414,9,69,pretrain,0.6211560368537903,0.1088533028960228,0.02706446312367916,0.5806710720062256,0.10748447477817535,0.19850949943065643,310671.125,541.13427734375,1.3827712535858154,0.0,0.0,0.0,399.7925829414548,676.6790690571122
PINN20260414,9,70,pretrain,0.6109198331832886,0.10576028376817703,0.02701098658144474,0.5728926062583923,0.10501690953969955,0.19561678171157837,320037.78125,484.07794189453125,1.3688242435455322,0.0,0.0,0.0,393.42905570763327,679.6031470645203
PINN20260414,9,72,pretrain,0.5906352400779724,0.09982684254646301,0.026762615889310837,0.5561987161636353,0.1010538786649704,0.19051499664783478,352773.28125,367.6209716796875,1.2049859762191772,0.0,0.0,0.0,381.731949475021,677.5645725685487
PINN20260414,9,73,pretrain,0.5804401636123657,0.09702775627374649,0.0265475083142519,0.5472613573074341,0.09940184652805328,0.18811360001564026,365506.375,313.9566650390625,1.1029300689697266,0.0,0.0,0.0,376.7130456328796,672.9986534161862
PINN20260414,9,75,pretrain,0.5604028701782227,0.09207876026630402,0.0258026123046875,0.528549313545227,0.09647111594676971,0.18392795324325562,368051.6875,234.44166564941406,0.9944065809249878,0.0,0.0,0.0,367.7900640990727,663.8089663073255
PINN20260414,9,76,pretrain,0.5504619479179382,0.08981399238109589,0.025272460654377937,0.5189832448959351,0.09514901787042618,0.1819608360528946,358973.46875,212.74659729003906,0.9842381477355957,0.0,0.0,0.0,363.12450516317404,661.6556175609786
PINN20260414,9,78,pretrain,0.5304635167121887,0.08520881831645966,0.02413695864379406,0.49980008602142334,0.09245088696479797,0.1781693994998932,332065.28125,211.2449951171875,0.9991872310638428,0.0,0.0,0.0,352.85770857386694,660.4299026013283
PINN20260414,9,79,pretrain,0.52042555809021,0.0828777551651001,0.023659072816371918,0.4902169108390808,0.09085594862699509,0.17629598081111908,320675.21875,228.19801330566406,1.0342166423797607,0.0,0.0,0.0,347.36155065723665,658.8794227702061
PINN20260414,9,81,pretrain,0.5001023411750793,0.07819236814975739,0.02290944941341877,0.47079408168792725,0.08751676976680756,0.17219851911067963,309238.25,283.314208984375,1.163813591003418,0.0,0.0,0.0,336.01929818092293,653.9370430324313
PINN20260414,9,82,pretrain,0.48969000577926636,0.07583734393119812,0.022591877728700638,0.4608500897884369,0.08566688001155853,0.17000475525856018,307358.3125,306.85675048828125,1.2125186920166016,0.0,0.0,0.0,330.36354265036573,652.1201959761712
PINN20260414,9,84,pretrain,0.4685708284378052,0.07121369242668152,0.022011252120137215,0.44015732407569885,0.08204992115497589,0.1656675636768341,306516.59375,304.684814453125,1.1914398670196533,0.0,0.0,0.0,319.2430989857103,653.0222048292079
PINN20260414,9,85,pretrain,0.45782843232154846,0.06892724335193634,0.021729372441768646,0.4293179512023926,0.08032066375017166,0.16359727084636688,306041.75,280.7625732421875,1.148582935333252,0.0,0.0,0.0,313.6360599883247,656.8437314156237
PINN20260414,9,87,pretrain,0.4362679123878479,0.06433799862861633,0.02116028219461441,0.40719419717788696,0.07703395187854767,0.15974316000938416,301606.90625,233.69500732421875,1.1017532348632812,0.0,0.0,0.0,301.7962371369133,666.5665054966383
PINN20260414,9,88,pretrain,0.4254976212978363,0.061990417540073395,0.020881202071905136,0.39606356620788574,0.07553261518478394,0.1579020470380783,298717.0,218.30792236328125,1.103571891784668,0.0,0.0,0.0,295.2579380812648,668.7019141590669
PINN20260414,9,90,pretrain,0.4036288857460022,0.057133909314870834,0.02034579962491989,0.37333759665489197,0.07259221374988556,0.15435779094696045,294592.53125,190.88597106933594,1.1310210227966309,0.0,0.0,0.0,281.46787394390145,667.6881055178383
PINN20260414,9,91,pretrain,0.3926725387573242,0.054738111793994904,0.0200769305229187,0.36175933480262756,0.07123619318008423,0.15264561772346497,293432.78125,177.11581420898438,1.153101921081543,0.0,0.0,0.0,274.64825516012297,666.757780232072
PINN20260414,9,93,pretrain,0.37083449959754944,0.0501282699406147,0.01947714388370514,0.3382837474346161,0.06878845393657684,0.14927776157855988,295091.09375,155.96221923828125,1.195478081703186,0.0,0.0,0.0,261.2845371907798,665.9910378526125
PINN20260414,9,94,pretrain,0.35983628034591675,0.047896601259708405,0.019138192757964134,0.32629457116127014,0.06766602396965027,0.1475718915462494,298522.625,147.0042724609375,1.202163577079773,0.0,0.0,0.0,254.8303433781974,665.3787220448216
PINN20260414,9,96,pretrain,0.337878555059433,0.04367641359567642,0.018420971930027008,0.3019718825817108,0.06558524072170258,0.1440962553024292,311028.75,117.88554382324219,1.1895743608474731,0.0,0.0,0.0,242.09408682369752,660.2135307989378
PINN20260414,9,97,pretrain,0.326953649520874,0.04165896028280258,0.018058864399790764,0.28974097967147827,0.0645747035741806,0.14234629273414612,320038.375,97.22833251953125,1.186185598373413,0.0,0.0,0.0,235.6527586434116,656.2051889462624
PINN20260414,9,99,pretrain,0.30536404252052307,0.037778548896312714,0.01735115423798561,0.2654165029525757,0.0625678077340126,0.13885508477687836,341053.65625,59.36891174316406,1.2041025161743164,0.0,0.0,0.0,222.99282674841808,649.9061470704828
PINN20260414,9,100,pretrain,0.2947681248188019,0.03594151884317398,0.01699540950357914,0.253373920917511,0.061559390276670456,0.13716433942317963,351695.25,47.559173583984375,1.2214546203613281,0.0,0.0,0.0,216.88628392835264,649.207714256385
PINN20260414,9,102,pretrain,0.2740198075771332,0.03250889480113983,0.01624666154384613,0.22959747910499573,0.05957387387752533,0.13385109603405,368432.90625,39.26260757446289,1.2603986263275146,0.0,0.0,0.0,205.44517212628776,651.503717372357
PINN20260414,9,104,pretrain,0.2540976107120514,0.029404010623693466,0.01550312340259552,0.2065633088350296,0.057610806077718735,0.13061758875846863,379852.90625,40.85026550292969,1.3049647808074951,0.0,0.0,0.0,195.0091243858861,652.8914055951418
PINN20260414,9,105,pretrain,0.24451309442520142,0.027962062507867813,0.015158632770180702,0.19540929794311523,0.05664832144975662,0.12903842329978943,384818.5625,41.12763595581055,1.3275154829025269,0.0,0.0,0.0,190.1414153005599,653.7980144891845
PINN20260414,9,107,pretrain,0.22622837126255035,0.025284908711910248,0.014512388035655022,0.1740320920944214,0.054775599390268326,0.12600809335708618,394523.9375,39.05795669555664,1.3650915622711182,0.0,0.0,0.0,180.83791516852875,658.4018055108901
PINN20260414,9,108,pretrain,0.21758687496185303,0.02403295785188675,0.014205299317836761,0.16391143202781677,0.05389615148305893,0.12456868588924408,399237.5,37.25059509277344,1.3803093433380127,0.0,0.0,0.0,176.37707630776455,660.7417706638502
PINN20260414,9,110,pretrain,0.20134004950523376,0.021695446223020554,0.01362519059330225,0.14489798247814178,0.052247337996959686,0.12181343138217926,408156.90625,31.739944458007812,1.4132626056671143,0.0,0.0,0.0,167.7514786633787,661.4506784333961
PINN20260414,9,111,pretrain,0.19376641511917114,0.020594943314790726,0.01335153914988041,0.13608677685260773,0.051470980048179626,0.12049956619739532,411814.0,28.314924240112305,1.4295040369033813,0.0,0.0,0.0,163.56627933157554,660.4709257416257
PINN20260414,9,113,pretrain,0.17981043457984924,0.018551645800471306,0.012832309119403362,0.11993146687746048,0.050017282366752625,0.11805428564548492,418182.53125,22.659374237060547,1.4528789520263672,0.0,0.0,0.0,155.55467788690896,658.6475489592291
PINN20260414,9,114,pretrain,0.1734459400177002,0.017617054283618927,0.01259437296539545,0.11260019242763519,0.049352578818798065,0.11690448224544525,421337.75,21.405303955078125,1.459673523902893,0.0,0.0,0.0,151.77131234195744,658.112642334122
PINN20260414,9,116,pretrain,0.1619049608707428,0.015892289578914642,0.012173817493021488,0.09947314858436584,0.04810783639550209,0.11469318717718124,428379.8125,21.4786434173584,1.4612126350402832,0.0,0.0,0.0,144.60669314774125,658.9847067648839
PINN20260414,9,117,pretrain,0.15670381486415863,0.015101471915841103,0.011987969279289246,0.09364594519138336,0.04752432182431221,0.11362932622432709,431866.875,22.409215927124023,1.453431487083435,0.0,0.0,0.0,141.24710312294903,660.1524918532081
PINN20260414,9,119,pretrain,0.1473824828863144,0.0136718126013875,0.011642010882496834,0.0833534449338913,0.04645102843642235,0.11160913854837418,439138.46875,25.340627670288086,1.4247170686721802,0.0,0.0,0.0,134.88393448164982,662.0783091900837
PINN20260414,9,120,pretrain,0.14322751760482788,0.013031639158725739,0.011479292996227741,0.07884395122528076,0.045955121517181396,0.11064804345369339,442373.1875,26.2617244720459,1.4057976007461548,0.0,0.0,0.0,131.9554405140235,662.7830763153205
PINN20260414,9,122,pretrain,0.13580945134162903,0.011888412758708,0.011176994070410728,0.07098357379436493,0.045012347400188446,0.10876870155334473,443631.40625,26.088600158691406,1.359947681427002,0.0,0.0,0.0,126.555231272753,663.8939580234181
PINN20260414,9,123,pretrain,0.13252899050712585,0.011373714543879032,0.011037197895348072,0.06760130822658539,0.044596679508686066,0.10785210132598877,441582.0,25.26114845275879,1.333687663078308,0.0,0.0,0.0,124.06094929761339,664.1052956798342
PINN20260414,9,125,pretrain,0.12672601640224457,0.010453600436449051,0.010780532844364643,0.061799779534339905,0.043855637311935425,0.1060517206788063,435092.90625,21.97545623779297,1.2754831314086914,0.0,0.0,0.0,119.50392661566606,665.0146614925118
PINN20260414,9,126,pretrain,0.12419721484184265,0.010067443363368511,0.010653537698090076,0.0593595989048481,0.043525826185941696,0.10516170412302017,433254.59375,19.52790641784668,1.247308611869812,0.0,0.0,0.0,117.4024653369234,669.1317835449157
PINN20260414,9,128,pretrain,0.12107616662979126,0.009643816389143467,0.010421045124530792,0.056863121688365936,0.043057821691036224,0.10350903123617172,431098.8125,14.44257926940918,1.1928417682647705,0.0,0.0,0.0,122.8745310901531,682.5866703210662
PINN20260414,9,129,pretrain,0.1255800575017929,0.01054905354976654,0.01042151264846325,0.06297686696052551,0.043387558311223984,0.10310529172420502,403249.375,15.356454849243164,1.1341677904129028,0.0,0.0,0.0,149.43472916711832,650.6049588652088
PINN20260414,9,131,pretrain,0.15289977192878723,0.017299681901931763,0.010540658608078957,0.09435483068227768,0.04550626128911972,0.10470432043075562,378460.5625,13.204367637634277,1.0700268745422363,0.0,0.0,0.0,119.43742641285017,657.2939315861664
PINN20260414,9,132,pretrain,0.11756055802106857,0.009800449945032597,0.010083924047648907,0.05404679477214813,0.04253728687763214,0.1004999577999115,414343.9375,4.987883567810059,1.0859019756317139,0.0,0.0,0.0,127.7805812834055,653.1522841191019
PINN20260414,9,134,pretrain,0.1332245171070099,0.013979782350361347,0.010217307135462761,0.07163318246603012,0.04396231472492218,0.10101211071014404,360167.5625,6.329547882080078,1.0087907314300537,0.0,0.0,0.0,104.66005237195327,667.9762346071902
PINN20260414,9,135,pretrain,0.1085534393787384,0.007666653487831354,0.009871860966086388,0.04637833684682846,0.041328299790620804,0.0972619578242302,375506.21875,2.929769277572632,1.0000479221343994,0.0,0.0,0.0,134.45414820209155,651.0245291077748
PINN20260414,9,137,pretrain,0.11292500048875809,0.008862003684043884,0.00982715841382742,0.05202975869178772,0.04176246374845505,0.09655685722827911,349447.40625,3.004547119140625,0.9547318816184998,0.0,0.0,0.0,110.68945862185794,683.6337424015875
PINN20260414,9,138,pretrain,0.11039447784423828,0.00856020674109459,0.00974702276289463,0.049602948129177094,0.04130331799387932,0.09550712257623672,343635.1875,2.284519910812378,0.9391994476318359,0.0,0.0,0.0,120.26672424630804,652.8351629622902
PINN20260414,9,140,pretrain,0.10274791717529297,0.006809201091527939,0.00953364372253418,0.042671047151088715,0.04027760773897171,0.09319626539945602,343451.28125,0.7319834232330322,0.9167131781578064,0.0,0.0,0.0,116.1096052430095,690.2397681240918
PINN20260414,9,141,pretrain,0.11301374435424805,0.009360025636851788,0.00958796963095665,0.05426012724637985,0.04120161384344101,0.09389323741197586,320878.96875,1.6902062892913818,0.8972386717796326,0.0,0.0,0.0,98.54491659105253,663.7132993620062
PINN20260414,9,143,pretrain,0.10625693202018738,0.007954192347824574,0.009338629432022572,0.04800572618842125,0.04028080031275749,0.09183216840028763,332540.25,0.1143144816160202,0.8915157318115234,0.0,0.0,0.0,101.59491790316089,682.2695123629665
PINN20260414,9,144,pretrain,0.10228100419044495,0.007226421497762203,0.009323906153440475,0.04432997107505798,0.03955153003334999,0.09035371243953705,303991.03125,0.7789807915687561,0.8632280230522156,0.0,0.0,0.0,97.70120465288542,679.444074225392
PINN20260414,9,146,pretrain,0.10206609964370728,0.0073992847464978695,0.009130222722887993,0.04510590806603432,0.03926941007375717,0.08918265998363495,309553.625,0.01727626472711563,0.8632888793945312,0.0,0.0,0.0,91.97817336194495,667.5091759668926
PINN20260414,9,147,pretrain,0.09579633176326752,0.005902866367250681,0.009057171642780304,0.038732267916202545,0.03868136927485466,0.08787164092063904,294408.9375,0.10836810618638992,0.8446667194366455,0.0,0.0,0.0,101.34006410966,686.4292343351935
PINN20260414,9,149,pretrain,0.09376375377178192,0.005620546173304319,0.008931881748139858,0.03752085939049721,0.03822271525859833,0.08639219403266907,281839.875,0.055735647678375244,0.8294500112533569,0.0,0.0,0.0,97.06905463219213,661.3189945102137
PINN20260414,9,150,pretrain,0.09680387377738953,0.006504008546471596,0.008871291764080524,0.04139857366681099,0.03826545923948288,0.08611500263214111,283190.6875,0.0,0.8315516710281372,0.0,0.0,0.0,89.54543681230356,677.8863520163244
PINN20260414,9,152,pretrain,0.09321191906929016,0.005838767159730196,0.008786264806985855,0.038458820432424545,0.037695299834012985,0.08438146114349365,261073.0,0.08592011779546738,0.809184193611145,0.0,0.0,0.0,90.35669333950861,665.3447179845948
PINN20260414,9,153,pretrain,0.09224993735551834,0.005685459356755018,0.008682984858751297,0.03777362033724785,0.03757328540086746,0.08384920656681061,264135.96875,0.0,0.8107149600982666,0.0,0.0,0.0,86.68008710194054,668.9205857200091
PINN20260414,9,155,pretrain,0.09111497551202774,0.005665724165737629,0.008612651377916336,0.03745836764574051,0.0372023731470108,0.08240632712841034,247195.140625,0.02583608776330948,0.7968308925628662,0.0,0.0,0.0,83.76600243572867,675.2174186882326
PINN20260414,9,156,pretrain,0.08792481571435928,0.004960752557963133,0.00851958617568016,0.03456093370914459,0.03678632155060768,0.08139461278915405,246490.5,0.0,0.7925079464912415,0.0,0.0,0.0,88.15541363481314,667.5984477962783
PINN20260414,9,158,pretrain,0.08654226362705231,0.0048628924414515495,0.00840810127556324,0.0339231938123703,0.03644721582531929,0.08004017174243927,238002.1875,0.0,0.7841898798942566,0.0,0.0,0.0,84.99462299169284,683.6495355809144
PINN20260414,9,159,pretrain,0.08705775439739227,0.00510624423623085,0.008366825059056282,0.034944500774145126,0.03637198731303215,0.07948510348796844,233120.703125,0.0038378871977329254,0.780638575553894,0.0,0.0,0.0,83.09475483597025,672.1660416147189
PINN20260414,9,161,pretrain,0.08479507267475128,0.004746249411255121,0.008220488205552101,0.03342686593532562,0.03595446050167084,0.0780690461397171,230166.859375,0.0,0.7778599858283997,0.0,0.0,0.0,82.91720385609068,684.6121621034788
PINN20260414,9,162,pretrain,0.0845676064491272,0.004854327067732811,0.008189598098397255,0.033517539501190186,0.03583779186010361,0.07743191719055176,222333.59375,0.0009425319731235504,0.7731363773345947,0.0,0.0,0.0,79.73260978106762,680.6183310049767
PINN20260414,9,164,pretrain,0.08321894705295563,0.004723786376416683,0.008045293390750885,0.03294913470745087,0.03552529960870743,0.07615863531827927,220162.09375,0.0,0.7715103626251221,0.0,0.0,0.0,78.60679874281709,681.1506349552939
PINN20260414,9,165,pretrain,0.08149746060371399,0.004369004163891077,0.0079988157376647,0.0316285640001297,0.035254161804914474,0.07530119270086288,213708.3125,0.0,0.7676236629486084,0.0,0.0,0.0,80.10117808415023,686.0418400141496
PINN20260414,9,167,pretrain,0.0804281234741211,0.004321933723986149,0.00787647720426321,0.031319186091423035,0.034965530037879944,0.07405456155538559,208803.765625,0.0,0.7649585008621216,0.0,0.0,0.0,78.10779810620704,678.9137923919354
PINN20260414,9,168,pretrain,0.07979625463485718,0.004290871322154999,0.007818810641765594,0.031024694442749023,0.03481948375701904,0.07341543585062027,205996.09375,0.0,0.7629157304763794,0.0,0.0,0.0,78.05098994407437,686.6183437689383
PINN20260414,9,170,pretrain,0.07825353741645813,0.00412658229470253,0.007710781879723072,0.030213819816708565,0.034487415105104446,0.07207014411687851,198406.03125,0.005755756050348282,0.7577799558639526,0.0,0.0,0.0,77.40011834818148,680.1904145164059
PINN20260414,9,171,pretrain,0.07813775539398193,0.0042018280364573,0.00764506496489048,0.03048299439251423,0.034396976232528687,0.07154256850481033,197310.0,0.0,0.7558781504631042,0.0,0.0,0.0,75.77701341250359,685.6791569312867
PINN20260414,9,173,pretrain,0.07670104503631592,0.004077289719134569,0.007544138468801975,0.029734918847680092,0.034086670726537704,0.07022564858198166,189109.84375,0.02754092589020729,0.7502782344818115,0.0,0.0,0.0,75.60994814052249,683.4565412299454
PINN20260414,9,174,pretrain,0.07599160075187683,0.004009842406958342,0.007473435718566179,0.029384352266788483,0.03393038734793663,0.06960048526525497,188197.46875,0.0017710411921143532,0.7476208806037903,0.0,0.0,0.0,74.88201005373386,685.253557086718
PINN20260414,9,176,pretrain,0.07491642236709595,0.003974725026637316,0.00737182330340147,0.028992459177970886,0.033662017434835434,0.06836791336536407,181258.4375,0.039724595844745636,0.7417635917663574,0.0,0.0,0.0,74.05825409770338,687.9760851584887
PINN20260414,9,177,pretrain,0.07403311878442764,0.003849172964692116,0.007305284030735493,0.028439220041036606,0.033516623079776764,0.06773906946182251,179725.015625,0.014450141228735447,0.7389400005340576,0.0,0.0,0.0,74.46209448857184,686.2875445103167
PINN20260414,9,179,pretrain,0.07298750430345535,0.003809767309576273,0.0071946666575968266,0.028079554438591003,0.033260244876146317,0.06654034554958344,174506.75,0.03012080490589142,0.7331494688987732,0.0,0.0,0.0,73.45076010604825,691.7939315648845
PINN20260414,9,180,pretrain,0.07241573184728622,0.0037795661482959986,0.007136956788599491,0.027811873704195023,0.03314661234617233,0.06596165895462036,172011.953125,0.028645727783441544,0.7308040857315063,0.0,0.0,0.0,73.44423506349902,688.6926473398711
PINN20260414,9,182,pretrain,0.07125383615493774,0.0036957082338631153,0.007019032724201679,0.027318596839904785,0.03289975970983505,0.06478368490934372,168040.421875,0.022801294922828674,0.7253185510635376,0.0,0.0,0.0,72.85910525630959,694.2761968409978
PINN20260414,9,183,pretrain,0.07085946202278137,0.00371067738160491,0.006966826040297747,0.02725118398666382,0.03279120847582817,0.0642162561416626,165089.4375,0.04375103488564491,0.7237403988838196,0.0,0.0,0.0,72.35227406585089,691.8244674409832
PINN20260414,9,185,pretrain,0.06970707327127457,0.0036249945405870676,0.006847229786217213,0.026729339733719826,0.032566193491220474,0.06308043003082275,161823.9375,0.02343231439590454,0.7182579040527344,0.0,0.0,0.0,72.054002642983,695.7193669145628
PINN20260414,9,186,pretrain,0.06925810128450394,0.00362007156945765,0.006796802394092083,0.026622960343956947,0.03244664892554283,0.06249630078673363,158931.34375,0.05101300776004791,0.7171329259872437,0.0,0.0,0.0,71.57526496414457,694.425616967001
PINN20260414,9,188,pretrain,0.06821373105049133,0.003559635952115059,0.006680130958557129,0.02618536166846752,0.03224216774106026,0.061403803527355194,155822.453125,0.022985994815826416,0.7118488550186157,0.0,0.0,0.0,71.28584624594141,696.648763725308
PINN20260414,9,189,pretrain,0.06768187880516052,0.0035331272520124912,0.006629751063883305,0.02597733773291111,0.0321209542453289,0.0608203262090683,153105.53125,0.047000885009765625,0.7105423212051392,0.0,0.0,0.0,71.01458504464065,696.5849957112197
PINN20260414,9,191,pretrain,0.06672927737236023,0.003493174212053418,0.006517373025417328,0.025623196735978127,0.03192562609910965,0.05975606292486191,149867.59375,0.020485464483499527,0.7062938213348389,0.0,0.0,0.0,70.62709482512713,697.3012261569601
PINN20260414,9,192,pretrain,0.06618912518024445,0.0034577911719679832,0.00646680872887373,0.02538874000310898,0.03181365504860878,0.059198349714279175,147410.6875,0.03248530998826027,0.7051560282707214,0.0,0.0,0.0,70.54645798603215,698.3043748967924
PINN20260414,9,194,pretrain,0.06527765095233917,0.003425060771405697,0.006358676590025425,0.02506966143846512,0.03161688894033432,0.058154184371232986,143910.796875,0.012150540947914124,0.7021324634552002,0.0,0.0,0.0,70.11034829110464,698.0185124694043
PINN20260414,9,195,pretrain,0.06477920711040497,0.0033966463524848223,0.006307690404355526,0.024859782308340073,0.03151614964008331,0.057628147304058075,141788.34375,0.01411461178213358,0.7010414600372314,0.0,0.0,0.0,70.062364100002,699.643592302538
PINN20260414,9,197,pretrain,0.06388268619775772,0.003363227704539895,0.006203462835401297,0.0245478767901659,0.0313146747648716,0.056604187935590744,137913.59375,0.003295169211924076,0.698662281036377,0.0,0.0,0.0,69.67049259953959,699.013702476568
PINN20260414,9,198,pretrain,0.06343090534210205,0.0033443153370171785,0.006152587942779064,0.024371862411499023,0.031220508739352226,0.056106388568878174,135971.34375,0.001699850894510746,0.6975369453430176,0.0,0.0,0.0,69.57791271301546,700.7380707154422
PINN20260414,9,200,pretrain,0.06254909932613373,0.00331044546328485,0.006051701493561268,0.024062031880021095,0.03101489692926407,0.05510823428630829,131932.078125,0.0,0.6959183216094971,0.0,0.0,0.0,69.25984601146071,700.2437075761552
PINN20260414,9,202,pretrain,0.061713337898254395,0.0032851374708116055,0.0059538474306464195,0.023771904408931732,0.030820228159427643,0.05414777249097824,127818.234375,0.0,0.6951784491539001,0.0,0.0,0.0,68.9612379801146,701.5599136923374
PINN20260414,9,203,pretrain,0.06127150356769562,0.00326367886736989,0.005903713405132294,0.023610763251781464,0.030714010819792747,0.05366557836532593,126238.140625,0.0,0.6940058469772339,0.0,0.0,0.0,68.87843117587683,701.5172173582057
PINN20260414,9,205,pretrain,0.06046145036816597,0.003239762969315052,0.005808029789477587,0.023333031684160233,0.030514752492308617,0.052739083766937256,122402.03125,0.0,0.6932996511459351,0.0,0.0,0.0,68.59154680402499,703.0160471141467
PINN20260414,9,206,pretrain,0.06004352867603302,0.0032217318657785654,0.005759843625128269,0.02318704128265381,0.03040892817080021,0.05227625370025635,120844.921875,0.0,0.6923105716705322,0.0,0.0,0.0,68.52101069197681,702.8308829298837
PINN20260414,9,208,pretrain,0.05925634503364563,0.0031983822118490934,0.005666487850248814,0.022920306771993637,0.030204644426703453,0.051381465047597885,117266.5078125,0.0,0.6916717290878296,0.0,0.0,0.0,68.25602365817247,704.4558848856328
PINN20260414,9,209,pretrain,0.058860279619693756,0.0031837904825806618,0.005620036274194717,0.0227854885160923,0.03009928949177265,0.05093889683485031,115725.703125,0.0,0.6909986734390259,0.0,0.0,0.0,68.18475017370086,704.2344691223229
PINN20260414,9,211,pretrain,0.05809665843844414,0.003161356318742037,0.005529235117137432,0.022530991584062576,0.029889259487390518,0.0500752329826355,112411.7421875,0.0,0.6907504796981812,0.0,0.0,0.0,67.94700801681778,705.7413212360461
PINN20260414,9,212,pretrain,0.05771803483366966,0.003149118274450302,0.005484319757670164,0.022403333336114883,0.029783666133880615,0.049651987850666046,110894.109375,0.0,0.6903782486915588,0.0,0.0,0.0,67.87548198493694,705.603243685855
PINN20260414,9,214,pretrain,0.056981734931468964,0.0031282049603760242,0.005396419204771519,0.02216210588812828,0.029570646584033966,0.04882174730300903,107792.8515625,0.0,0.6899959444999695,0.0,0.0,0.0,67.66278115127253,706.9980109590125
PINN20260414,9,215,pretrain,0.05661690980195999,0.003117453772574663,0.005352985113859177,0.022039324045181274,0.029463686048984528,0.04841599613428116,106288.328125,0.0,0.6897469758987427,0.0,0.0,0.0,67.59288314284647,706.9175385078518
PINN20260414,9,217,pretrain,0.055907413363456726,0.0030982368625700474,0.005268142558634281,0.021810557693243027,0.02924836240708828,0.04761796444654465,103354.546875,0.0,0.6894708871841431,0.0,0.0,0.0,67.39892606247521,708.2177895958276
PINN20260414,9,218,pretrain,0.05555688962340355,0.003088433528319001,0.005226239562034607,0.021694354712963104,0.0291407760232687,0.04722908139228821,101918.6875,0.0,0.6894176006317139,0.0,0.0,0.0,67.33092612820093,708.1944692314393
PINN20260414,9,220,pretrain,0.05487245321273804,0.0030707300174981356,0.005144423805177212,0.021475844085216522,0.028923537582159042,0.0464625209569931,99165.421875,0.0,0.6895217895507812,0.0,0.0,0.0,67.15154561233122,709.417608852501
PINN20260414,9,221,pretrain,0.05453430488705635,0.0030614216811954975,0.005104091018438339,0.021367378532886505,0.028814511373639107,0.04608675837516785,97879.375,0.0,0.6894564628601074,0.0,0.0,0.0,67.08533657076262,709.4699165574253
PINN20260414,9,223,pretrain,0.053876228630542755,0.0030451456550508738,0.005025343969464302,0.021159972995519638,0.028597090393304825,0.04535197094082832,95280.765625,0.0,0.6896893978118896,0.0,0.0,0.0,66.91976451551888,710.5618595520027
PINN20260414,9,224,pretrain,0.053550899028778076,0.003036375157535076,0.00498654181137681,0.02105686254799366,0.02848818525671959,0.04499179497361183,94103.78125,0.0,0.6895743012428284,0.0,0.0,0.0,66.85472823592958,710.7259932632265
PINN20260414,9,226,pretrain,0.052917443215847015,0.003021172247827053,0.004910857416689396,0.02086210995912552,0.028269806876778603,0.044284794479608536,91687.7265625,0.0,0.6899678707122803,0.0,0.0,0.0,66.70247898785321,711.6857408646038
PINN20260414,9,227,pretrain,0.052604082971811295,0.003013230860233307,0.004873445723205805,0.020762350410223007,0.028160560876131058,0.04394092410802841,90534.171875,0.0,0.6900132894515991,0.0,0.0,0.0,66.63524487367778,711.9597293737897
PINN20260414,9,229,pretrain,0.05199423432350159,0.0029990565963089466,0.004800718743354082,0.02057502791285515,0.027943028137087822,0.04326475039124489,88267.640625,0.0,0.6906113624572754,0.0,0.0,0.0,66.49306090440942,712.8107436409751
PINN20260414,9,230,pretrain,0.05169317126274109,0.0029911971651017666,0.004764763172715902,0.02048204466700554,0.02783464640378952,0.042934149503707886,87277.1171875,0.0,0.6905844211578369,0.0,0.0,0.0,66.42676153808418,713.1824363372951
PINN20260414,9,232,pretrain,0.05110686644911766,0.002977543044835329,0.0046949125826358795,0.020307373255491257,0.02761709690093994,0.04228425770998001,85159.8203125,0.0,0.6911382079124451,0.0,0.0,0.0,66.29324944423074,713.967086076102
PINN20260414,9,233,pretrain,0.05081886798143387,0.0029706377536058426,0.00466032512485981,0.02021944895386696,0.02750835195183754,0.041969913989305496,84135.5703125,0.0,0.6911247372627258,0.0,0.0,0.0,66.2227317113429,714.4147954794889
PINN20260414,9,235,pretrain,0.050261855125427246,0.002957735676318407,0.00459323450922966,0.020049015060067177,0.0272979736328125,0.04136186093091965,82136.8359375,0.0,0.691786527633667,0.0,0.0,0.0,66.09541960066143,715.0992282543731
PINN20260414,9,236,pretrain,0.049998797476291656,0.00295040151104331,0.004560193046927452,0.01996792107820511,0.027202438563108444,0.04107702895998955,81427.3359375,0.0,0.6917646527290344,0.0,0.0,0.0,66.03743907341502,715.6595952336558
PINN20260414,9,238,pretrain,0.04959296062588692,0.002936956472694874,0.0044960384257137775,0.01986171491444111,0.0270686037838459,0.04062940180301666,79791.984375,0.0,0.692484974861145,0.0,0.0,0.0,65.92793917651682,716.3075893078336
PINN20260414,9,239,pretrain,0.04961415007710457,0.002933814423158765,0.0044645266607403755,0.019886944442987442,0.027114473283290863,0.040661513805389404,78286.9375,0.0,0.6926371455192566,0.0,0.0,0.0,65.8392373572268,716.7490408085664
PINN20260414,9,241,pretrain,0.05209524184465408,0.0029304944910109043,0.00440629618242383,0.020664360374212265,0.02866814285516739,0.043547675013542175,76186.625,0.0,0.6937859058380127,0.0,0.0,0.0,65.84501808223611,717.2779055219811
PINN20260414,9,242,pretrain,0.056317735463380814,0.0029211477376520634,0.0043805865570902824,0.022075237706303596,0.03130386769771576,0.04825085401535034,79017.109375,0.0,0.6968935132026672,0.0,0.0,0.0,66.00197898903298,717.8027671303587
PINN20260414,9,244,pretrain,0.05751911923289299,0.0029082929249852896,0.0043245041742920876,0.023891041055321693,0.031767718493938446,0.048219017684459686,77655.84375,0.0,0.7020111083984375,0.0,0.0,0.0,65.90500532252842,716.7312955355026
PINN20260414,9,245,pretrain,0.049337513744831085,0.0029295780695974827,0.004287179559469223,0.020735902711749077,0.026783328503370285,0.03964664041996002,73039.234375,0.0,0.691411554813385,0.0,0.0,0.0,66.16557858178601,721.0112039698136
PINN20260414,9,247,pretrain,0.05390950292348862,0.0028926306404173374,0.004239427857100964,0.021935448050498962,0.029763150960206985,0.04511760175228119,75005.359375,0.0,0.6990039348602295,0.0,0.0,0.0,66.15651201530542,716.7443320320015
PINN20260414,9,248,pretrain,0.05219864100217819,0.0029496413189917803,0.00421027559787035,0.022881558164954185,0.028027858585119247,0.04188139736652374,70494.984375,0.0,0.6914058327674866,0.0,0.0,0.0,67.05337630155174,723.8562098234704
PINN20260414,9,250,pretrain,0.049089182168245316,0.0029165418818593025,0.004154570866376162,0.01933819241821766,0.027278365567326546,0.04066944122314453,71951.03125,0.0,0.6923313736915588,0.0,0.0,0.0,65.58763072933417,718.8087802051391
PINN20260414,9,251,pretrain,0.05081617459654808,0.002896969672292471,0.004133348818868399,0.0217585451900959,0.02753066085278988,0.04109026491641998,68614.4453125,0.0,0.6907444000244141,0.0,0.0,0.0,67.28344167354625,725.6093129225948
PINN20260414,9,253,pretrain,0.047093406319618225,0.0030083656311035156,0.004079174716025591,0.01897357776761055,0.025858014822006226,0.03818869590759277,69763.1015625,0.0,0.6886979937553406,0.0,0.0,0.0,65.15330478955,721.4496907269419
PINN20260414,9,254,pretrain,0.04833454638719559,0.0028546820394694805,0.0040583377704024315,0.019862450659275055,0.02651171013712883,0.03942207992076874,67027.8046875,0.0,0.6899518370628357,0.0,0.0,0.0,66.66836138796461,725.7706249222271
PINN20260414,9,256,pretrain,0.04656875133514404,0.003102883230894804,0.004008918534964323,0.019642028957605362,0.0251461174339056,0.03683013468980789,68009.546875,0.0,0.6860385537147522,0.0,0.0,0.0,65.50650388153264,724.2000759458673
PINN20260414,9,257,pretrain,0.046481356024742126,0.002882187720388174,0.003987346775829792,0.018723122775554657,0.025651169940829277,0.037829894572496414,65594.984375,0.0,0.6897238492965698,0.0,0.0,0.0,65.62259668218334,725.2076857700833
PINN20260414,9,259,pretrain,0.046249259263277054,0.003104807808995247,0.003940494731068611,0.020129432901740074,0.02474130690097809,0.036035746335983276,66238.2109375,0.0,0.6855568885803223,0.0,0.0,0.0,66.24583565921333,726.311314107112
PINN20260414,9,260,pretrain,0.045511290431022644,0.002943542320281267,0.003919168375432491,0.01861102506518364,0.0249586571007967,0.036564670503139496,64338.97265625,0.0,0.6915888786315918,0.0,0.0,0.0,64.75760090522193,724.0776460435718
PINN20260414,9,262,pretrain,0.04558451473712921,0.0029984796419739723,0.003873309586197138,0.019923711195588112,0.024469394236803055,0.03549080342054367,64504.24609375,0.0,0.6846815943717957,0.0,0.0,0.0,66.75874825631469,727.9034963509929
PINN20260414,9,263,pretrain,0.04505845531821251,0.002989719621837139,0.003853823058307171,0.01902715303003788,0.024483023211359978,0.03555235266685486,63282.859375,0.0,0.6924704313278198,0.0,0.0,0.0,64.67276402203636,722.5589508822101
PINN20260414,9,265,pretrain,0.04458995535969734,0.0028705913573503494,0.003807838773354888,0.019129673019051552,0.024225179105997086,0.035010434687137604,63052.46875,0.0,0.6840953826904297,0.0,0.0,0.0,66.75668198647796,728.7628214995603
PINN20260414,9,266,pretrain,0.044626448303461075,0.002990959445014596,0.003789941780269146,0.01924777776002884,0.024125264957547188,0.034809522330760956,62380.59765625,0.0,0.6919324994087219,0.0,0.0,0.0,65.27921550204552,721.6563196910286
PINN20260414,9,268,pretrain,0.043598759919404984,0.0027892363723367453,0.003744512563571334,0.01828472502529621,0.023971091955900192,0.03450928255915642,61769.4453125,0.0,0.6846597194671631,0.0,0.0,0.0,65.93198288530006,728.7177094046775
PINN20260414,9,269,pretrain,0.04391822963953018,0.0029149954207241535,0.0037270651664584875,0.018927428871393204,0.023855723440647125,0.03424566984176636,61331.8359375,0.0,0.6904087066650391,0.0,0.0,0.0,65.64402997893258,721.6060862756078
PINN20260414,9,271,pretrain,0.042941831052303314,0.002768970327451825,0.003684027586132288,0.01792581006884575,0.02369893342256546,0.03398115187883377,60545.40234375,0.0,0.6854448318481445,0.0,0.0,0.0,64.6966101676703,727.6498986463201
PINN20260414,9,272,pretrain,0.04301782697439194,0.0028078299947082996,0.00366504630073905,0.018258901312947273,0.02360444888472557,0.03376167640089989,60235.23046875,0.0,0.6872876882553101,0.0,0.0,0.0,65.4186562529184,722.3631358257425
PINN20260414,9,274,pretrain,0.042623527348041534,0.002795899286866188,0.003626100020483136,0.018028486520051956,0.023440305143594742,0.033467065542936325,59362.8671875,0.0,0.6860524415969849,0.0,0.0,0.0,64.0056950896266,726.4362067656044
PINN20260414,9,275,pretrain,0.04227622598409653,0.0027474546805024147,0.0036058523692190647,0.017755810171365738,0.023353049531579018,0.033298756927251816,59107.71484375,0.0,0.6839679479598999,0.0,0.0,0.0,64.68422017651407,723.7349307584925
PINN20260414,9,277,pretrain,0.042303942143917084,0.0028105825185775757,0.0035693878307938576,0.018095720559358597,0.0231950581073761,0.03300478681921959,58222.3046875,0.0,0.68607097864151,0.0,0.0,0.0,63.98026161991779,725.544493811372
PINN20260414,9,278,pretrain,0.04187099635601044,0.0027439468540251255,0.00354935135692358,0.017689742147922516,0.023109182715415955,0.03286010026931763,57998.84375,0.0,0.6812970042228699,0.0,0.0,0.0,63.946178693736265,725.6939782029336
PINN20260414,9,280,pretrain,0.04174690321087837,0.0027770092710852623,0.0035134460777044296,0.01780758611857891,0.0229591503739357,0.03258185088634491,56998.30078125,0.0,0.6842226982116699,0.0,0.0,0.0,64.12605840988124,725.1827355915198
PINN20260414,9,281,pretrain,0.04155542701482773,0.002754867309704423,0.0034943821374326944,0.017729641869664192,0.022871624678373337,0.03243723884224892,56869.0078125,0.0,0.6793045401573181,0.0,0.0,0.0,63.66421924833446,727.5490103766206
PINN20260414,9,283,pretrain,0.04114397615194321,0.0027264924719929695,0.0034587187692523003,0.01742861233651638,0.022732999175786972,0.03220028430223465,55824.32421875,0.0,0.6815547943115234,0.0,0.0,0.0,63.98195966137154,725.6587093806564
PINN20260414,9,284,pretrain,0.041089966893196106,0.0027419719845056534,0.00344046950340271,0.01751556806266308,0.022649049758911133,0.03205331414937973,55765.02734375,0.0,0.6782880425453186,0.0,0.0,0.0,63.725807296769496,728.9713643209863
PINN20260414,9,286,pretrain,0.04068896174430847,0.0026992401108145714,0.003405681112781167,0.017279628664255142,0.02250191569328308,0.031793270260095596,54741.92578125,0.0,0.6788015961647034,0.0,0.0,0.0,63.580657436047325,726.8043925293792
PINN20260414,9,287,pretrain,0.04059327393770218,0.002707424107939005,0.0033877152018249035,0.017240919172763824,0.02244458720088005,0.03170657530426979,54636.11328125,0.0,0.6775934100151062,0.0,0.0,0.0,63.66735605129602,729.5944507053216
PINN20260414,9,289,pretrain,0.040294088423252106,0.0026957993395626545,0.003353821113705635,0.017200162634253502,0.022267494350671768,0.03137626871466637,53792.94140625,0.0,0.6764895915985107,0.0,0.0,0.0,63.29585093901298,728.2354529958013
PINN20260414,9,290,pretrain,0.040140144526958466,0.0026827200781553984,0.0033366854768246412,0.017110701650381088,0.02220740169286728,0.03127739205956459,53452.99609375,0.0,0.6770787239074707,0.0,0.0,0.0,63.38110755518457,729.4679568013937
PINN20260414,9,292,pretrain,0.0399346724152565,0.0026886295527219772,0.0033032475039362907,0.017051883041858673,0.022074133157730103,0.03108532540500164,52825.69921875,0.0,0.6748298406600952,0.0,0.0,0.0,63.23787865571551,729.5178630438052
PINN20260414,9,293,pretrain,0.03975437581539154,0.0026765363290905952,0.0032872664742171764,0.017005249857902527,0.02198161743581295,0.030904456973075867,52238.01171875,0.0,0.6760544776916504,0.0,0.0,0.0,63.12980141083825,728.9727789842361
PINN20260414,9,295,pretrain,0.039516981691122055,0.0026685025077313185,0.0032544077839702368,0.016916116699576378,0.02185186743736267,0.03070906735956669,51683.01953125,0.0,0.6736361980438232,0.0,0.0,0.0,63.17300541593102,730.1733527046848
PINN20260414,9,296,pretrain,0.039416778832674026,0.0026698082219809294,0.003239032346755266,0.016886889934539795,0.021783964708447456,0.030620047822594643,51099.6328125,0.0,0.6745216250419617,0.0,0.0,0.0,63.05702365654341,728.6476343199091
PINN20260414,9,298,pretrain,0.03911503776907921,0.0026519903913140297,0.0032072162721306086,0.016800131648778915,0.021627530455589294,0.03033236414194107,50477.33203125,0.0,0.6725849509239197,0.0,0.0,0.0,62.960506594412024,730.148914605781
PINN20260414,9,299,pretrain,0.03900296241044998,0.002651338931173086,0.0031915483996272087,0.016776815056800842,0.021558646112680435,0.030217675492167473,50116.1875,0.0,0.672674834728241,0.0,0.0,0.0,62.95309591399179,728.9314096676038
PINN20260414,9,301,physics,24692.802734375,0.002644818276166916,0.003160932334139943,0.016696631908416748,0.02142902836203575,0.03003719449043274,49385.125,0.0,0.6715795993804932,0.0,0.0,0.0,404.7069927737844,768.133004433477
PINN20260414,10,1,pretrain,5.9706220626831055,3.039313793182373,1.0509049892425537,2.013181447982788,0.9547752737998962,1.0015300512313843,90742672.0,0.0,25.01633644104004,0.0,0.0,0.0,2146.393253809749,2113.3754990535876
PINN20260414,10,3,pretrain,5.441594123840332,2.8178935050964355,0.8561172485351562,1.8600597381591797,0.9062305688858032,0.9205580353736877,71855768.0,10.457498550415039,14.149148941040039,0.0,0.0,0.0,2046.8888587317094,2058.551068105914
PINN20260414,10,4,pretrain,5.163601875305176,2.6867387294769287,0.7729046940803528,1.7828683853149414,0.8751031160354614,0.8775535821914673,63691000.0,102.11849975585938,10.828243255615234,0.0,0.0,0.0,1979.2368478784947,2025.7828733603214
PINN20260414,10,6,pretrain,4.514889240264893,2.3505444526672363,0.6134072542190552,1.610393762588501,0.7948305606842041,0.778901219367981,48416724.0,1340.2596435546875,7.418169021606445,6.885713901283452e-06,0.0,0.0,1801.4127095143967,1948.7415169796122
PINN20260414,10,7,pretrain,4.149454593658447,2.1475045680999756,0.5359019041061401,1.5186609029769897,0.7473028898239136,0.7262223362922668,41158256.0,4095.645751953125,7.043241500854492,8.320050983456895e-05,0.0,0.0,1695.4322457709716,1908.5878942296579
PINN20260414,10,9,pretrain,3.4208743572235107,1.714802861213684,0.39312735199928284,1.3570032119750977,0.6492480039596558,0.6353368163108826,27741880.0,25513.28125,9.704646110534668,0.0006054011755622923,0.0,0.0,1492.2237600306464,1853.2830328905513
PINN20260414,10,10,pretrain,3.1188995838165283,1.5201294422149658,0.3328385651111603,1.307497262954712,0.6070551872253418,0.6103571653366089,21829900.0,48159.1796875,14.447050094604492,0.0008600900182500482,0.0,0.0,1427.747526700712,1855.6634932012862
PINN20260414,10,12,pretrain,2.794761896133423,1.2805575132369995,0.24585485458374023,1.301504373550415,0.5620498657226562,0.623595654964447,12181259.0,105259.5625,48.93352508544922,0.00033834195346571505,0.0,0.0,1414.6083380215175,1932.1739699105772
PINN20260414,10,13,pretrain,2.765000104904175,1.246578335762024,0.22036324441432953,1.3224201202392578,0.5628608465194702,0.6470695734024048,8610641.0,118034.296875,103.26240539550781,1.1937326235056389e-05,0.0,0.0,1423.281683293929,1974.6769356023785
PINN20260414,10,15,pretrain,2.723716974258423,1.2187496423721313,0.19408836960792542,1.319512963294983,0.5759894847869873,0.6551863551139832,4108205.75,74782.578125,248.42420959472656,0.0,0.0,0.0,1365.2368384276774,1986.562168672302
PINN20260414,10,16,pretrain,2.6410789489746094,1.1730422973632812,0.18613289296627045,1.2879562377929688,0.5720412135124207,0.6350796818733215,2953991.75,41871.40625,141.04989624023438,0.0,0.0,0.0,1303.1951599818042,1955.824442530566
PINN20260414,10,18,pretrain,2.3770029544830322,1.0168967247009277,0.1667765974998474,1.1979410648345947,0.5416402220726013,0.5825285911560059,1801698.25,13108.212890625,17.863920211791992,0.0,0.0,0.0,1178.8794467628995,1862.0650498841333
PINN20260414,10,19,pretrain,2.2415502071380615,0.934698224067688,0.1527242660522461,1.156893014907837,0.5230717062950134,0.5626159906387329,1470017.375,14166.4169921875,7.486934661865234,0.0,0.0,0.0,1140.9358001219875,1815.6226893272733
PINN20260414,10,21,pretrain,2.0523362159729004,0.8195045590400696,0.12175691872835159,1.1115972995758057,0.49341294169425964,0.542205274105072,984699.8125,26441.85546875,3.5046756267547607,0.0,0.0,0.0,1121.521455434536,1744.047877783176
PINN20260414,10,22,pretrain,2.0048604011535645,0.7891818284988403,0.11133112013339996,1.1071438789367676,0.48319199681282043,0.5381007790565491,848454.875,32126.666015625,3.4815850257873535,0.0,0.0,0.0,1122.6187576376942,1717.8260971355628
PINN20260414,10,24,pretrain,1.9522744417190552,0.7479726076126099,0.10947325825691223,1.1058180332183838,0.46789079904556274,0.5321521162986755,809577.625,31010.30078125,4.384387016296387,0.0,0.0,0.0,1097.9372135964788,1669.837716665904
PINN20260414,10,25,pretrain,1.9174737930297852,0.7205761671066284,0.11392912268638611,1.0958080291748047,0.4610971212387085,0.5276612043380737,834179.375,25152.125,5.126854419708252,0.0,0.0,0.0,1064.3945462092522,1641.4000883392202
PINN20260414,10,27,pretrain,1.8020650148391724,0.6421076059341431,0.11721731722354889,1.0516306161880493,0.44717884063720703,0.5126672387123108,776124.0,10941.2900390625,7.037604808807373,0.0,0.0,0.0,972.7823176332926,1559.452067233873
PINN20260414,10,28,pretrain,1.7348089218139648,0.5999854803085327,0.11383847892284393,1.027148723602295,0.4402952194213867,0.5026904940605164,692540.4375,5749.703125,8.05808162689209,0.0,0.0,0.0,929.5618927753009,1498.8729932852884
PINN20260414,10,30,pretrain,1.62751042842865,0.5314528942108154,0.10366678237915039,1.0003553628921509,0.4292982816696167,0.48238295316696167,537619.75,1245.712158203125,9.136821746826172,0.0,0.0,0.0,869.5961347085209,1329.4927134061322
PINN20260414,10,31,pretrain,1.5921434164047241,0.5049228668212891,0.10042721778154373,0.9991739988327026,0.42591604590415955,0.474016010761261,492509.0,785.8162841796875,8.639781951904297,0.0,0.0,0.0,849.2475713830449,1228.5724439364576
PINN20260414,10,33,pretrain,1.5342228412628174,0.4537811279296875,0.10039863735437393,1.0010660886764526,0.4205767512321472,0.4625048339366913,415477.46875,2371.129638671875,6.283656597137451,0.0,0.0,0.0,801.0547734081609,1038.312994717874
PINN20260414,10,34,pretrain,1.49951171875,0.4236593544483185,0.10239754617214203,0.9976228475570679,0.4158680737018585,0.4580267071723938,357049.90625,3727.3017578125,5.513456344604492,0.0,0.0,0.0,765.375193940854,963.4360059184004
PINN20260414,10,36,pretrain,1.4149068593978882,0.35736334323883057,0.105465829372406,0.9839417934417725,0.39883482456207275,0.4465433657169342,237318.0625,5534.71435546875,5.094178676605225,0.0,0.0,0.0,687.0652034195881,863.6865750953873
PINN20260414,10,37,pretrain,1.3749799728393555,0.3303394615650177,0.10502883791923523,0.9759913682937622,0.3885482847690582,0.4392065703868866,218021.296875,5554.9677734375,5.087292671203613,0.0,0.0,0.0,657.6567066106754,831.7239250496525
PINN20260414,10,39,pretrain,1.3107174634933472,0.29488039016723633,0.10013164579868317,0.9579535722732544,0.37212586402893066,0.42421847581863403,311603.9375,4425.033203125,5.215652942657471,0.0,0.0,0.0,615.0158026425012,766.1989379397494
PINN20260414,10,40,pretrain,1.2808806896209717,0.27808263897895813,0.0970328152179718,0.9498324394226074,0.36668744683265686,0.4171944856643677,418697.125,3694.508056640625,5.3427734375,0.0,0.0,0.0,592.8618884276506,726.1240424335225
PINN20260414,10,42,pretrain,1.223658561706543,0.23907822370529175,0.09284430742263794,0.9419126510620117,0.3577837347984314,0.40408748388290405,731667.125,2467.13916015625,5.767132759094238,0.0,0.0,0.0,552.8704357713478,657.9408930519519
PINN20260414,10,43,pretrain,1.2009854316711426,0.22361183166503906,0.09196900576353073,0.9391827583312988,0.353069931268692,0.3981214761734009,913936.6875,2021.634033203125,6.049470901489258,0.0,0.0,0.0,543.2431258193701,641.6800945564697
PINN20260414,10,45,pretrain,1.1683651208877563,0.21166837215423584,0.09101804345846176,0.9226791262626648,0.34201836585998535,0.38693493604660034,1199820.5,1419.539306640625,6.3646321296691895,0.0,0.0,0.0,540.4464011352097,627.2851474807928
PINN20260414,10,46,pretrain,1.153359293937683,0.21078956127166748,0.09032920002937317,0.9092481136322021,0.33553698658943176,0.3810853660106659,1255619.625,1282.298583984375,6.153697490692139,0.0,0.0,0.0,537.3715834969319,609.5609331723941
PINN20260414,10,48,pretrain,1.1200987100601196,0.20551642775535583,0.08833391964435577,0.8856741189956665,0.3212554454803467,0.3680168688297272,1182812.25,1040.016845703125,5.0000128746032715,0.0,0.0,0.0,528.6201377170568,538.6390547017548
PINN20260414,10,49,pretrain,1.1067215204238892,0.2034258246421814,0.08725349605083466,0.8789981603622437,0.3140115439891815,0.3609786629676819,1091948.375,909.2591552734375,4.413973808288574,0.0,0.0,0.0,528.5101701954277,498.4421669060514
PINN20260414,10,51,pretrain,1.0869585275650024,0.20281417667865753,0.0853070616722107,0.871070146560669,0.29988402128219604,0.34660589694976807,901193.375,716.8327026367188,3.8970956802368164,0.0,0.0,0.0,525.1946662905099,436.2557485294606
PINN20260414,10,52,pretrain,1.0746759176254272,0.20094619691371918,0.08448369055986404,0.8654118776321411,0.2928219437599182,0.3395336866378784,818248.0,673.969482421875,3.944894552230835,0.0,0.0,0.0,519.938007122003,413.34957965383245
PINN20260414,10,54,pretrain,1.0461145639419556,0.19564148783683777,0.0832490473985672,0.849150538444519,0.2783444821834564,0.3260912597179413,680302.125,599.8768310546875,4.228218078613281,0.0,0.0,0.0,512.2648240900404,378.4330976209666
PINN20260414,10,55,pretrain,1.0338568687438965,0.1941501945257187,0.08270967751741409,0.8422271013259888,0.27096715569496155,0.3196314871311188,625674.6875,550.3139038085938,4.319146156311035,0.0,0.0,0.0,510.9759656774475,371.68820939061277
PINN20260414,10,57,pretrain,1.0118149518966675,0.191747784614563,0.08104459941387177,0.8319097757339478,0.2567128837108612,0.3068009614944458,552447.9375,423.7210693359375,4.37286901473999,0.0,0.0,0.0,504.96997126066816,389.06582829901674
PINN20260414,10,58,pretrain,0.9987526535987854,0.18935132026672363,0.07986361533403397,0.8253673315048218,0.25016912817955017,0.3004445731639862,532427.5,358.3773498535156,4.375811576843262,0.0,0.0,0.0,500.797816613651,411.4759257842432
PINN20260414,10,60,pretrain,0.9712586402893066,0.18467062711715698,0.0776151493191719,0.809467077255249,0.2374531328678131,0.2876688539981842,515215.78125,270.5810546875,4.358085632324219,0.0,0.0,0.0,493.71235615994055,461.12816819188134
PINN20260414,10,61,pretrain,0.9584737420082092,0.18273141980171204,0.0768236294388771,0.8022574186325073,0.23084887862205505,0.28117871284484863,515347.78125,278.7856750488281,4.330493927001953,0.0,0.0,0.0,489.85795134916407,482.86736338771124
PINN20260414,10,63,pretrain,0.9337577819824219,0.1777799427509308,0.0756407305598259,0.7899799346923828,0.21788626909255981,0.26864558458328247,542260.875,415.6334228515625,4.252464294433594,0.0,0.0,0.0,479.789374361292,523.7523269638045
PINN20260414,10,64,pretrain,0.9206175804138184,0.17447948455810547,0.07509773224592209,0.7834898233413696,0.21165059506893158,0.2626115083694458,572215.0,495.0035705566406,4.2131571769714355,0.0,0.0,0.0,474.9970559119288,542.5408394766241
PINN20260414,10,66,pretrain,0.8938115835189819,0.16890569031238556,0.07435911148786545,0.7680523991584778,0.1985912173986435,0.2503012418746948,646170.5,528.9354858398438,4.079519748687744,0.0,0.0,0.0,467.3244657087835,566.4756173040461
PINN20260414,10,67,pretrain,0.880829930305481,0.16685645282268524,0.07412099838256836,0.7598153352737427,0.19182781875133514,0.24411262571811676,671060.375,479.852294921875,3.9477877616882324,0.0,0.0,0.0,463.80409051128476,570.4932350606797
PINN20260414,10,69,pretrain,0.8550203442573547,0.1634192317724228,0.07317044585943222,0.7428594827651978,0.17862482368946075,0.2317981868982315,655111.3125,359.7630310058594,3.5713047981262207,0.0,0.0,0.0,458.26172925523684,571.9417583985279
PINN20260414,10,70,pretrain,0.8415932059288025,0.16205430030822754,0.07238833606243134,0.7333779335021973,0.1721368432044983,0.225493386387825,614015.625,321.2895812988281,3.370978355407715,0.0,0.0,0.0,456.40267993297323,572.0368213672963
PINN20260414,10,72,pretrain,0.8151779770851135,0.15985465049743652,0.07090260088443756,0.7129698395729065,0.16000738739967346,0.21363280713558197,505838.3125,263.32257080078125,3.043565034866333,0.0,0.0,0.0,452.684820681012,568.1749840498084
PINN20260414,10,73,pretrain,0.8027700185775757,0.1585715413093567,0.07043678313493729,0.7028379440307617,0.15459564328193665,0.20861607789993286,458224.375,233.2063446044922,2.937018871307373,0.0,0.0,0.0,449.9694781315728,563.0159300588217
PINN20260414,10,75,pretrain,0.777802050113678,0.15527361631393433,0.06981978565454483,0.6818076372146606,0.14406278729438782,0.19992578029632568,405496.1875,154.3292999267578,2.8554739952087402,0.0,0.0,0.0,443.8827442298247,551.328962598556
PINN20260414,10,76,pretrain,0.7654395699501038,0.15369561314582825,0.06942444294691086,0.6707742214202881,0.13902629911899567,0.19625864923000336,403225.25,108.5491714477539,2.8750557899475098,0.0,0.0,0.0,441.13955770821553,546.9274403428667
PINN20260414,10,78,pretrain,0.7419438362121582,0.15091703832149506,0.06826953589916229,0.6490013003349304,0.12967751920223236,0.19027861952781677,431328.0,33.029563903808594,2.9752087593078613,0.0,0.0,0.0,436.0991143077454,539.4631301117806
PINN20260414,10,79,pretrain,0.7302414178848267,0.1495153158903122,0.06758240610361099,0.6379214525222778,0.12520469725131989,0.1876508891582489,450144.65625,14.613574981689453,3.0161561965942383,0.0,0.0,0.0,433.5759917534641,535.2926769534588
PINN20260414,10,81,pretrain,0.7076869010925293,0.1466698944568634,0.06623587757349014,0.6156845092773438,0.11745253950357437,0.18327313661575317,480899.71875,11.038102149963379,3.0058465003967285,0.0,0.0,0.0,428.44249176523095,528.4701978352233
PINN20260414,10,82,pretrain,0.6969435214996338,0.1452566534280777,0.06561413407325745,0.6050006151199341,0.11386143416166306,0.1813012957572937,492053.96875,17.778160095214844,2.952619791030884,0.0,0.0,0.0,425.6753090678387,527.4072489547333
PINN20260414,10,84,pretrain,0.6761568188667297,0.14216092228889465,0.06436867266893387,0.5839744210243225,0.10793724656105042,0.1778828352689743,492767.25,39.607933044433594,2.793156385421753,0.0,0.0,0.0,419.95528035732565,530.8207972093784
PINN20260414,10,85,pretrain,0.6662387251853943,0.14058221876621246,0.06370683759450912,0.573983371257782,0.10561063140630722,0.17611344158649445,474379.71875,52.51810073852539,2.7092478275299072,0.0,0.0,0.0,417.3828054076977,535.0008469619464
PINN20260414,10,87,pretrain,0.6474714279174805,0.1377505511045456,0.06235811486840248,0.554680585861206,0.10172266513109207,0.17267398536205292,410073.53125,77.50446319580078,2.5765304565429688,0.0,0.0,0.0,412.39496768874375,546.1920449805178
PINN20260414,10,88,pretrain,0.638593316078186,0.1363822966814041,0.061718299984931946,0.5453822016716003,0.10007038712501526,0.1711578518152237,377320.96875,85.8935775756836,2.5362391471862793,0.0,0.0,0.0,409.5904394941366,551.0401528019532
PINN20260414,10,90,pretrain,0.6214466094970703,0.13347630202770233,0.06058243662118912,0.5277122259140015,0.0968555361032486,0.16826963424682617,326242.8125,86.40386962890625,2.5034213066101074,0.0,0.0,0.0,403.6385295038124,555.0105573320205
PINN20260414,10,91,pretrain,0.6132219433784485,0.13199898600578308,0.06008705124258995,0.5191446542739868,0.09550921618938446,0.1669255495071411,307411.96875,78.9648208618164,2.499577045440674,0.0,0.0,0.0,400.7287307206709,555.355882520389
PINN20260414,10,93,pretrain,0.5967708826065063,0.12905548512935638,0.059171173721551895,0.5021507740020752,0.09299489855766296,0.1637801080942154,285827.75,57.16869354248047,2.4810805320739746,0.0,0.0,0.0,394.8541661170615,556.9052040069297
PINN20260414,10,94,pretrain,0.5886338353157043,0.1275339424610138,0.05875149741768837,0.4936526417732239,0.0919421836733818,0.16226039826869965,283261.4375,46.401466369628906,2.460918426513672,0.0,0.0,0.0,391.7673496477214,556.4004571798985
PINN20260414,10,96,pretrain,0.5718642473220825,0.12430554628372192,0.058019135147333145,0.47614049911499023,0.08957543969154358,0.15925784409046173,282389.125,30.576759338378906,2.406524896621704,0.0,0.0,0.0,384.9767647209374,548.7959263241665
PINN20260414,10,97,pretrain,0.5633072853088379,0.12262746691703796,0.05768405646085739,0.46705716848373413,0.08849691599607468,0.15779903531074524,280694.09375,25.405961990356445,2.3681652545928955,0.0,0.0,0.0,381.51828675045186,544.8408884711205
PINN20260414,10,99,pretrain,0.5455615520477295,0.11931565403938293,0.05703902989625931,0.44789278507232666,0.08646378666162491,0.15458698570728302,281812.25,18.94013023376465,2.2531943321228027,0.0,0.0,0.0,374.5688354628559,541.9340077444855
PINN20260414,10,100,pretrain,0.5363680124282837,0.11766298115253448,0.05673010274767876,0.4376674294471741,0.08561339974403381,0.15295016765594482,285957.75,17.051319122314453,2.187422275543213,0.0,0.0,0.0,370.9061960253563,539.9191201004091
PINN20260414,10,102,pretrain,0.5172836184501648,0.11410858482122421,0.05616092309355736,0.4162003993988037,0.08418519049882889,0.1497039645910263,296573.625,14.81379508972168,2.0847954750061035,0.0,0.0,0.0,363.0197351728966,533.5665668405396
PINN20260414,10,104,pretrain,0.49732649326324463,0.11035296320915222,0.05562587082386017,0.39328932762145996,0.0830775797367096,0.14653640985488892,320941.21875,13.695060729980469,2.0244851112365723,0.0,0.0,0.0,354.73997959773294,534.3420019051468
PINN20260414,10,105,pretrain,0.4870438575744629,0.10845178365707397,0.0553562305867672,0.38141393661499023,0.08256303519010544,0.14486706256866455,340625.96875,12.984282493591309,2.0002083778381348,0.0,0.0,0.0,350.4591519528346,534.9664124970838
PINN20260414,10,107,pretrain,0.4660019278526306,0.10453334450721741,0.05481114983558655,0.35704535245895386,0.08157943934202194,0.14152134954929352,381069.53125,12.102794647216797,1.9654150009155273,0.0,0.0,0.0,341.3874494251363,531.8891449352957
PINN20260414,10,108,pretrain,0.45528489351272583,0.10251103341579437,0.05450856313109398,0.34463271498680115,0.08107976615428925,0.13991095125675201,400050.6875,12.758563041687012,1.9578368663787842,0.0,0.0,0.0,336.6431136047491,530.1697841258025
PINN20260414,10,110,pretrain,0.4335656464099884,0.0984111875295639,0.05380234867334366,0.31949007511138916,0.08006373792886734,0.13678611814975739,436636.75,18.200897216796875,1.947784662246704,0.0,0.0,0.0,326.8307450921654,525.0108332215632
PINN20260414,10,111,pretrain,0.42261946201324463,0.0963388979434967,0.053406622260808945,0.3068774342536926,0.07951755076646805,0.13524356484413147,451287.90625,23.581371307373047,1.9368922710418701,0.0,0.0,0.0,321.74883449672353,521.6805775568034
PINN20260414,10,113,pretrain,0.4007144570350647,0.09213259071111679,0.052546873688697815,0.2817068099975586,0.07844795286655426,0.13228222727775574,473559.90625,40.50489044189453,1.9061203002929688,0.0,0.0,0.0,311.2741832974588,516.9591376501628
PINN20260414,10,114,pretrain,0.3898303508758545,0.09001357853412628,0.052070729434490204,0.26926618814468384,0.0778767392039299,0.1308995485305786,481068.53125,51.37454605102539,1.8961656093597412,0.0,0.0,0.0,305.9328715175929,514.7279621314544
PINN20260414,10,116,pretrain,0.36841312050819397,0.08579815179109573,0.051013778895139694,0.24498003721237183,0.07660846412181854,0.1283450722694397,485731.46875,79.44635772705078,1.8947710990905762,0.0,0.0,0.0,295.18340432263466,512.4107239314961
PINN20260414,10,117,pretrain,0.3579544126987457,0.08372349292039871,0.05045315995812416,0.23326241970062256,0.07594014704227448,0.12706977128982544,484084.90625,95.87186431884766,1.8991448879241943,0.0,0.0,0.0,289.77004622199996,511.841543473173
PINN20260414,10,119,pretrain,0.33776959776878357,0.07963913679122925,0.0493042878806591,0.2110063135623932,0.07449660450220108,0.12456915527582169,473135.03125,130.68788146972656,1.9219679832458496,0.0,0.0,0.0,278.86648350958205,511.855356765952
PINN20260414,10,120,pretrain,0.32813382148742676,0.07763369381427765,0.048725761473178864,0.20058250427246094,0.07370787858963013,0.12337372452020645,467146.5625,148.39004516601562,1.9411158561706543,0.0,0.0,0.0,273.4288070046754,512.7870842269723
PINN20260414,10,122,pretrain,0.3099886178970337,0.07376231253147125,0.04757629707455635,0.18136584758758545,0.07204078137874603,0.1210588738322258,453029.09375,184.59730529785156,1.9875850677490234,0.0,0.0,0.0,262.72258420242446,514.8616015493873
PINN20260414,10,123,pretrain,0.3015505373477936,0.0719219446182251,0.04701146110892296,0.1726798713207245,0.07116799801588058,0.11988856643438339,444771.8125,204.21282958984375,2.0125632286071777,0.0,0.0,0.0,257.4966474296316,517.7691027378903
PINN20260414,10,125,pretrain,0.28610140085220337,0.06847361475229263,0.045892708003520966,0.15731674432754517,0.06935559958219528,0.11756263673305511,427826.625,246.4691925048828,2.072448253631592,0.0,0.0,0.0,247.54356466337396,522.6639694870884
PINN20260414,10,126,pretrain,0.2791203558444977,0.06688696146011353,0.0453375019133091,0.1506464183330536,0.06840966641902924,0.1164233461022377,418616.125,265.42205810546875,2.1079416275024414,0.0,0.0,0.0,242.85780626222416,525.0293146577627
PINN20260414,10,128,pretrain,0.26669174432754517,0.06401728093624115,0.044249217957258224,0.13930948078632355,0.06652788817882538,0.11415647715330124,401924.90625,291.0312805175781,2.1774096488952637,0.0,0.0,0.0,234.1891012755504,528.3776466695009
PINN20260414,10,129,pretrain,0.2612249553203583,0.0627378523349762,0.04371785372495651,0.1346159428358078,0.0655818060040474,0.11302109062671661,396640.03125,298.5859069824219,2.2082297801971436,0.0,0.0,0.0,230.20721813455373,530.1552543830911
PINN20260414,10,131,pretrain,0.2516896426677704,0.060466866940259933,0.04269524663686752,0.1269819289445877,0.06372086703777313,0.11077816784381866,389078.65625,303.9461364746094,2.2623651027679443,0.00023374866577796638,0.0,0.0,222.8975205952278,531.2218521954834
PINN20260414,10,132,pretrain,0.24753473699092865,0.059457629919052124,0.04220801964402199,0.1239037960767746,0.06283131241798401,0.10967177152633667,384799.0625,302.16033935546875,2.285593032836914,0.0005267400993034244,0.0,0.0,219.62252773224336,530.1606772951008
PINN20260414,10,134,pretrain,0.2401888370513916,0.05768685042858124,0.04128487780690193,0.11879223585128784,0.06109423562884331,0.10752205550670624,372511.625,298.3829040527344,2.3271472454071045,0.0014270237879827619,0.0,0.0,213.62137028806364,530.1230104890751
PINN20260414,10,135,pretrain,0.2368660420179367,0.05689335614442825,0.04084549844264984,0.11659525334835052,0.06025934964418411,0.10647076368331909,365180.875,296.0259094238281,2.345111608505249,0.0019849445670843124,0.0,0.0,210.8309267813904,530.3898035878894
PINN20260414,10,137,pretrain,0.23064470291137695,0.05545411258935928,0.039999447762966156,0.11251111328601837,0.05864834040403366,0.10445009171962738,346246.71875,284.0522766113281,2.379750967025757,0.0032901025842875242,0.0,0.0,205.70620546971838,529.0580367502228
PINN20260414,10,138,pretrain,0.22766005992889404,0.05479784309864044,0.039584822952747345,0.11051499843597412,0.05786195024847984,0.10348112881183624,334131.4375,273.5565490722656,2.398721933364868,0.0040407003834843636,0.0,0.0,203.24441682061035,528.7862280733113
PINN20260414,10,140,pretrain,0.22183050215244293,0.053583115339279175,0.038756128400564194,0.10652442276477814,0.05631202831864357,0.10160603374242783,307530.4375,246.33447265625,2.4392788410186768,0.005576017312705517,0.0,0.0,198.63079168711482,527.4463539072007
PINN20260414,10,141,pretrain,0.21897712349891663,0.05301941931247711,0.03834507614374161,0.10451570153236389,0.05555024370551109,0.10070426762104034,293757.125,230.8516082763672,2.4571776390075684,0.00632455525919795,0.0,0.0,196.47056673647074,524.8270250758816
PINN20260414,10,143,pretrain,0.21343426406383514,0.05196789279580116,0.037525057792663574,0.10057263821363449,0.05406251177191734,0.09895547479391098,262772.03125,199.88772583007812,2.4894657135009766,0.007966531440615654,0.0,0.0,192.48954922930233,518.5807253938387
PINN20260414,10,144,pretrain,0.2108054757118225,0.05151795595884323,0.03712848946452141,0.09866826236248016,0.05329069495201111,0.09813497960567474,243037.203125,188.5088348388672,2.504746913909912,0.009186884388327599,0.0,0.0,190.51837181752316,522.8745666983622
PINN20260414,10,146,pretrain,0.2067772001028061,0.050865910947322845,0.036359451711177826,0.09637108445167542,0.05182638764381409,0.09654102474451065,206551.375,168.6808319091797,2.5269289016723633,0.01180196087807417,0.0,0.0,189.43434507435552,529.9853181928722
PINN20260414,10,147,pretrain,0.20733335614204407,0.050864193588495255,0.03603218495845795,0.09880644083023071,0.051390692591667175,0.09560657292604446,211944.265625,145.28054809570312,2.5293686389923096,0.009909719228744507,0.0,0.0,194.9716626044667,485.94304257289247
PINN20260414,10,149,pretrain,0.21427059173583984,0.05232682824134827,0.0355411134660244,0.11048108339309692,0.0504940040409565,0.09404926002025604,203478.96875,122.7673110961914,2.543640375137329,0.009755868464708328,0.0,0.0,187.65771491934458,485.9057103749656
PINN20260414,10,150,pretrain,0.20256170630455017,0.05032728984951973,0.03498147428035736,0.09619307518005371,0.049343109130859375,0.09359227865934372,152936.328125,140.5109100341797,2.5358762741088867,0.017895545810461044,0.0,0.0,181.08556118241455,495.958258072189
PINN20260414,10,152,pretrain,0.20177561044692993,0.04992397874593735,0.0344599187374115,0.09817089140415192,0.048547450453042984,0.09192435443401337,171815.984375,108.68209075927734,2.513796806335449,0.012910043820738792,0.0,0.0,183.1456366358478,478.4126912248462
PINN20260414,10,153,pretrain,0.19672438502311707,0.04922109469771385,0.034031838178634644,0.09246629476547241,0.04768316447734833,0.0914495661854744,134608.796875,119.86866760253906,2.501382827758789,0.02102033421397209,0.0,0.0,176.0927101788288,490.2117049041159
PINN20260414,10,155,pretrain,0.19406066834926605,0.04842085391283035,0.03352345526218414,0.09188981354236603,0.04694850370287895,0.08981552720069885,157062.3125,96.24346923828125,2.4751813411712646,0.015582269057631493,0.0,0.0,176.33691894885484,473.09828194044417
PINN20260414,10,156,pretrain,0.18914629518985748,0.047561295330524445,0.03313620388507843,0.08655723184347153,0.046247128397226334,0.08928567171096802,127189.484375,101.6568374633789,2.450617790222168,0.02316265180706978,0.0,0.0,172.0179292072486,477.7862852520989
PINN20260414,10,158,pretrain,0.18769636750221252,0.04707711935043335,0.03266299515962601,0.08730168640613556,0.04559837654232979,0.08773699402809143,150143.359375,82.95375061035156,2.432507038116455,0.018286602571606636,0.0,0.0,169.5631220040195,471.02403402055825
PINN20260414,10,159,pretrain,0.18212255835533142,0.045937441289424896,0.03230191767215729,0.08129559457302094,0.044972267001867294,0.08715464174747467,126417.8046875,83.10244750976562,2.3986854553222656,0.024668779224157333,0.0,0.0,168.4083752649345,467.3503604096182
PINN20260414,10,161,pretrain,0.1813400685787201,0.04569920152425766,0.03185821697115898,0.08258135616779327,0.04437718540430069,0.08570919930934906,142350.796875,68.08009338378906,2.3951432704925537,0.021138524636626244,0.0,0.0,164.01359985531687,469.81685261386696
PINN20260414,10,162,pretrain,0.17634212970733643,0.044616080820560455,0.03153010457754135,0.07734549045562744,0.043857328593730927,0.08510349690914154,123995.28125,66.19677734375,2.368293046951294,0.02589968964457512,0.0,0.0,165.01648236805013,459.2882741263922
PINN20260414,10,164,pretrain,0.17515069246292114,0.044351719319820404,0.031094931066036224,0.07787684351205826,0.043275799602270126,0.08377319574356079,128744.0859375,55.402923583984375,2.365950584411621,0.024144085124135017,0.0,0.0,159.83772899217195,469.76170820959857
PINN20260414,10,165,pretrain,0.17176777124404907,0.04360752925276756,0.030814412981271744,0.07463300228118896,0.04286670684814453,0.08316446095705032,116463.25,52.90843200683594,2.347188949584961,0.026988374069333076,0.0,0.0,161.32147156376922,454.71763216308204
PINN20260414,10,167,pretrain,0.16962197422981262,0.043165307492017746,0.03037378378212452,0.07379642874002457,0.04228702560067177,0.08192991465330124,111231.5625,45.52903366088867,2.340040683746338,0.02699688822031021,0.0,0.0,156.44434164024597,468.9568210400612
PINN20260414,10,168,pretrain,0.16785165667533875,0.04278991371393204,0.030137743800878525,0.07248049974441528,0.041981879621744156,0.0813409686088562,105110.84375,42.88728332519531,2.329620838165283,0.027969572693109512,0.0,0.0,157.27826653737,452.1424692505671
PINN20260414,10,170,pretrain,0.16489513218402863,0.0421842597424984,0.029685737565159798,0.07050122320652008,0.0414067804813385,0.08019766956567764,95447.7578125,37.77379608154297,2.30696702003479,0.029058868065476418,0.0,0.0,153.24089364257506,467.79706470861913
PINN20260414,10,171,pretrain,0.16407610476016998,0.04202863946557045,0.029482902958989143,0.07029587030410767,0.04115796089172363,0.07964087277650833,94037.1875,34.98500061035156,2.300116777420044,0.028434697538614273,0.0,0.0,153.01949171184043,451.16204128893645
PINN20260414,10,173,pretrain,0.16076189279556274,0.041351523250341415,0.02902195043861866,0.06775939464569092,0.040611714124679565,0.07858496904373169,83063.2734375,31.427303314208984,2.269766330718994,0.030084343627095222,0.0,0.0,149.8825842534749,464.644269172665
PINN20260414,10,174,pretrain,0.1602426916360855,0.041253287345170975,0.028833622112870216,0.06789042055606842,0.040394388139247894,0.07806100696325302,84404.203125,29.017719268798828,2.267037868499756,0.028513655066490173,0.0,0.0,148.9506655951896,449.40342399674705
PINN20260414,10,176,pretrain,0.15695177018642426,0.04058864712715149,0.028373409062623978,0.06529606878757477,0.03987717628479004,0.07707176357507706,74158.203125,26.680049896240234,2.236280918121338,0.0303141251206398,0.0,0.0,146.45254404157683,459.59734415028987
PINN20260414,10,177,pretrain,0.15637803077697754,0.04048367589712143,0.028187187388539314,0.06531436741352081,0.03966633230447769,0.07657890021800995,76838.3984375,25.003761291503906,2.240025520324707,0.028249436989426613,0.0,0.0,145.093908168124,445.97251526859816
PINN20260414,10,179,pretrain,0.15328870713710785,0.039860889315605164,0.02773253433406353,0.06292936205863953,0.03916991129517555,0.07563241571187973,66936.1640625,23.830760955810547,2.2213523387908936,0.029949212446808815,0.0,0.0,142.90877498862693,452.58345224941667
PINN20260414,10,180,pretrain,0.1525607705116272,0.03971335291862488,0.027539152652025223,0.06274858117103577,0.03895863890647888,0.07516695559024811,69501.328125,23.048439025878906,2.2317609786987305,0.027770889922976494,0.0,0.0,141.44367943858433,441.2914994649228
PINN20260414,10,182,pretrain,0.14969632029533386,0.03914342448115349,0.027090514078736305,0.060603804886341095,0.03848728537559509,0.0742466002702713,60082.3984375,23.083105087280273,2.223567247390747,0.02912421151995659,0.0,0.0,139.38613324368032,445.6915798789562
PINN20260414,10,183,pretrain,0.14883637428283691,0.038966916501522064,0.026889342814683914,0.0602395161986351,0.038279589265584946,0.07380485534667969,61785.47265625,23.141239166259766,2.238952875137329,0.027107875794172287,0.0,0.0,137.95851108666693,435.9596096543807
PINN20260414,10,185,pretrain,0.14615824818611145,0.03844205290079117,0.026444219052791595,0.058288782835006714,0.03783083334565163,0.07291045039892197,52910.6328125,24.582304000854492,2.2400875091552734,0.02813718095421791,0.0,0.0,135.91754163830362,439.024629149664
PINN20260414,10,186,pretrain,0.14522281289100647,0.03824826702475548,0.02623869851231575,0.057815272361040115,0.03762567788362503,0.07248832285404205,53982.41015625,25.319334030151367,2.2570481300354004,0.026345985010266304,0.0,0.0,134.55599003063745,430.5807669589992
PINN20260414,10,188,pretrain,0.14268678426742554,0.037754058837890625,0.025797385722398758,0.05600566416978836,0.03719731420278549,0.07162496447563171,46776.6484375,27.72212028503418,2.2618188858032227,0.027074655517935753,0.0,0.0,132.50147404840445,432.4889991375503
PINN20260414,10,189,pretrain,0.14172351360321045,0.03755408525466919,0.025590138509869576,0.0554838664829731,0.036995187401771545,0.07121783494949341,47466.96875,28.653141021728516,2.2790331840515137,0.025614680722355843,0.0,0.0,131.27537701098024,424.94100693508034
PINN20260414,10,191,pretrain,0.1392950415611267,0.03708706796169281,0.025151416659355164,0.053768571466207504,0.03658381104469299,0.07038435339927673,42023.546875,30.73163604736328,2.2864835262298584,0.026065370067954063,0.0,0.0,129.21833056159252,426.5795463626919
PINN20260414,10,192,pretrain,0.13832934200763702,0.03689311444759369,0.02494289167225361,0.05322086811065674,0.03638593852519989,0.06999003142118454,42571.0859375,31.339406967163086,2.3031623363494873,0.024840878322720528,0.0,0.0,128.11333026123785,419.7354821789552
PINN20260414,10,194,pretrain,0.13599282503128052,0.03644990175962448,0.02450449950993061,0.05158400163054466,0.035994742065668106,0.06918205320835114,38628.8359375,32.625701904296875,2.31423282623291,0.024983447045087814,0.0,0.0,126.05865372788772,421.0709189079673
PINN20260414,10,195,pretrain,0.13503137230873108,0.036264561116695404,0.02429306134581566,0.05102080851793289,0.0358041413128376,0.06879642605781555,38930.2109375,32.908958435058594,2.331249237060547,0.023930389434099197,0.0,0.0,125.07179969171708,414.89893347657573
PINN20260414,10,197,pretrain,0.13279031217098236,0.035847894847393036,0.023853503167629242,0.04946869611740112,0.03543398529291153,0.06800960004329681,36069.6015625,33.632144927978516,2.3480777740478516,0.023725787177681923,0.0,0.0,123.03190484331697,415.99599983052724
PINN20260414,10,198,pretrain,0.13182568550109863,0.0356704406440258,0.023637929931282997,0.04888178035616875,0.035251569002866745,0.06763042509555817,36051.13671875,33.798152923583984,2.3649325370788574,0.022884877398610115,0.0,0.0,122.166822099435,410.5353783475914
PINN20260414,10,200,pretrain,0.1296960860490799,0.03528440371155739,0.02319653145968914,0.04744236171245575,0.03489849716424942,0.06685926765203476,34007.9765625,34.42171096801758,2.3874058723449707,0.022356916218996048,0.0,0.0,120.13276753632832,411.07484871979216
PINN20260414,10,202,pretrain,0.1277521401643753,0.034953560680150986,0.022757817059755325,0.046204596757888794,0.03455571457743645,0.06609455496072769,32090.984375,35.07361602783203,2.408942937850952,0.021909894421696663,0.0,0.0,118.28030465276119,408.06619024981717
PINN20260414,10,203,pretrain,0.1267128586769104,0.034756410866975784,0.022533535957336426,0.045522913336753845,0.03438013419508934,0.06572764366865158,32261.8828125,35.076171875,2.4282028675079346,0.020938726142048836,0.0,0.0,117.37073591162961,406.2488269213832
PINN20260414,10,205,pretrain,0.1247955933213234,0.03443440794944763,0.022089526057243347,0.044307515025138855,0.03404534235596657,0.06497383117675781,30601.443359375,35.565425872802734,2.449333667755127,0.020470838993787766,0.0,0.0,115.65533385884112,404.59910714187197
PINN20260414,10,206,pretrain,0.12383368611335754,0.03426074981689453,0.021865427494049072,0.04370882362127304,0.03387099876999855,0.06461380422115326,30833.443359375,35.42940139770508,2.4694340229034424,0.019501037895679474,0.0,0.0,114.78230073709099,401.6861725899959
PINN20260414,10,208,pretrain,0.12193968892097473,0.0339452363550663,0.02141786925494671,0.04251570254564285,0.033537767827510834,0.06387124955654144,29722.310546875,35.7227783203125,2.491854190826416,0.01892443373799324,0.0,0.0,113.14916005819487,401.1221953781665
PINN20260414,10,209,pretrain,0.1210460364818573,0.03379350155591965,0.021194661036133766,0.04198896512389183,0.03336412459611893,0.0635155513882637,29917.701171875,35.556312561035156,2.5115060806274414,0.018068460747599602,0.0,0.0,112.37635566479275,397.74448063423836
PINN20260414,10,211,pretrain,0.11921566724777222,0.033494219183921814,0.020746354013681412,0.040865398943424225,0.03302914276719093,0.06278691440820694,29345.4296875,35.777435302734375,2.537590980529785,0.017306657508015633,0.0,0.0,110.78198606948695,397.4942020017399
PINN20260414,10,212,pretrain,0.11835363507270813,0.03335578739643097,0.02052336186170578,0.04036664962768555,0.03285801038146019,0.062431931495666504,29395.869140625,35.81017303466797,2.5546963214874268,0.01667925715446472,0.0,0.0,110.11146252633057,394.6850207760614
PINN20260414,10,214,pretrain,0.11663636565208435,0.033085934817790985,0.020077189430594444,0.03936828672885895,0.03252000734210014,0.06171941012144089,29298.568359375,36.238224029541016,2.584315299987793,0.015723485499620438,0.0,0.0,108.60968408278563,394.18400684198235
PINN20260414,10,215,pretrain,0.11578913778066635,0.03295580670237541,0.019854344427585602,0.038878895342350006,0.03235296905040741,0.061362653970718384,29212.845703125,36.60250473022461,2.597468137741089,0.015349745750427246,0.0,0.0,107.96627620176126,392.765594852706
PINN20260414,10,217,pretrain,0.114175945520401,0.03271375223994255,0.01940997876226902,0.03799320012331009,0.03201352804899216,0.060665763914585114,29404.6640625,37.307552337646484,2.6298437118530273,0.01428191177546978,0.0,0.0,106.6621143641218,391.53067009494924
PINN20260414,10,218,pretrain,0.1133720725774765,0.032597921788692474,0.019188862293958664,0.037546806037425995,0.03185006603598595,0.06030990183353424,29327.51171875,37.895652770996094,2.6399571895599365,0.014052214100956917,0.0,0.0,106.00698311314213,391.70311222276496
PINN20260414,10,220,pretrain,0.11181927472352982,0.032373763620853424,0.018745867535471916,0.03672102838754654,0.03151162713766098,0.05962309613823891,29651.1640625,38.80015182495117,2.67280650138855,0.0129972193390131,0.0,0.0,104.87970229327027,389.9074609763193
PINN20260414,10,221,pretrain,0.11107316613197327,0.03227376192808151,0.018526922911405563,0.03633705526590347,0.031347982585430145,0.0592728890478611,29723.380859375,39.478675842285156,2.6839637756347656,0.012725959531962872,0.0,0.0,104.2853984790656,390.8508347183104
PINN20260414,10,223,pretrain,0.109597347676754,0.032073408365249634,0.01808798871934414,0.03558891639113426,0.031012888997793198,0.058590084314346313,30113.580078125,40.7033576965332,2.7152137756347656,0.011808260343968868,0.0,0.0,103.24497755641676,389.3309164451238
PINN20260414,10,224,pretrain,0.10888341814279556,0.0319802388548851,0.017869945615530014,0.03523939847946167,0.030846230685710907,0.05825018882751465,30325.7265625,41.42251968383789,2.7306737899780273,0.011377493850886822,0.0,0.0,102.7473102598068,389.6280076881024
PINN20260414,10,226,pretrain,0.10750580579042435,0.031809013336896896,0.017437933012843132,0.034591563045978546,0.03051627427339554,0.057569991797208786,30786.16796875,43.17132568359375,2.7590761184692383,0.010637818835675716,0.0,0.0,101.82357310103835,389.0510490282734
PINN20260414,10,227,pretrain,0.10682959854602814,0.03172475844621658,0.017221946269273758,0.03428081423044205,0.030348090454936028,0.057239092886447906,31036.5703125,44.00162124633789,2.7774288654327393,0.010121775791049004,0.0,0.0,101.39809770774795,388.1793037695338
PINN20260414,10,229,pretrain,0.1055172011256218,0.031570930033922195,0.0167961698025465,0.033695973455905914,0.030022328719496727,0.05656563118100166,31558.18359375,46.30689239501953,2.8040127754211426,0.009469329379498959,0.0,0.0,100.57671590010284,388.32193071599755
PINN20260414,10,230,pretrain,0.1048850417137146,0.03149913623929024,0.01658470369875431,0.0334283784031868,0.02985815703868866,0.05623570829629898,31816.857421875,47.43412780761719,2.8198130130767822,0.009059753268957138,0.0,0.0,100.22263790400599,387.3201195393805
PINN20260414,10,232,pretrain,0.10365116596221924,0.031364284455776215,0.01616654545068741,0.03291969746351242,0.02953631803393364,0.05557459965348244,32367.87890625,49.960906982421875,2.8465287685394287,0.0083977822214365,0.0,0.0,99.49372820999824,387.34704642606994
PINN20260414,10,233,pretrain,0.10304884612560272,0.031300999224185944,0.015960220247507095,0.03267785906791687,0.029379315674304962,0.05524245649576187,32688.5703125,51.34081268310547,2.8569841384887695,0.008153164759278297,0.0,0.0,99.1509807928671,387.46776075565305
PINN20260414,10,235,pretrain,0.10188358277082443,0.031181514263153076,0.015550602227449417,0.03223090246319771,0.029064614325761795,0.05459439381957054,33237.796875,53.751129150390625,2.8831355571746826,0.007508196868002415,0.0,0.0,98.53514502291809,387.07575566676866
PINN20260414,10,236,pretrain,0.10131912678480148,0.031126689165830612,0.01534908078610897,0.03202320635318756,0.02891213446855545,0.054268792271614075,33573.03515625,55.12451934814453,2.892648696899414,0.007281049154698849,0.0,0.0,98.22022151299853,387.75882485122116
PINN20260414,10,238,pretrain,0.10021787136793137,0.031021062284708023,0.014949572272598743,0.031629759818315506,0.028608955442905426,0.05363142117857933,34137.125,57.640872955322266,2.914559841156006,0.006737441755831242,0.0,0.0,97.6554649968449,387.6115968337377
PINN20260414,10,239,pretrain,0.09968112409114838,0.030970271676778793,0.014751873910427094,0.0314437672495842,0.02845861203968525,0.0533192977309227,34353.55078125,58.78449630737305,2.9267091751098633,0.006430686917155981,0.0,0.0,97.39064881477329,387.4318690105397
PINN20260414,10,241,pretrain,0.09863903373479843,0.030875811353325844,0.014362866058945656,0.031096234917640686,0.02816845290362835,0.0526956208050251,34897.62890625,61.42430114746094,2.9440412521362305,0.005970771890133619,0.0,0.0,96.87056945513689,387.7705910071056
PINN20260414,10,242,pretrain,0.09813316911458969,0.030830789357423782,0.014170654118061066,0.030934186652302742,0.028025023639202118,0.05239066109061241,35096.640625,62.603885650634766,2.9536972045898438,0.005709226708859205,0.0,0.0,96.63630876577913,387.371349611713
PINN20260414,10,244,pretrain,0.09714715927839279,0.03074508160352707,0.01379195787012577,0.030627988278865814,0.027746563777327538,0.05178618058562279,35526.1328125,65.01885223388672,2.9690239429473877,0.005260051693767309,0.0,0.0,96.15508713141494,387.5235275115564
PINN20260414,10,245,pretrain,0.09666603803634644,0.030704228207468987,0.013605602085590363,0.030482668429613113,0.027612654492259026,0.051485326141119,35805.37890625,66.33406829833984,2.9733872413635254,0.005095910280942917,0.0,0.0,95.90914686892486,388.0179602801912
PINN20260414,10,247,pretrain,0.09572764486074448,0.03062448836863041,0.013237220235168934,0.030207257717847824,0.02734745293855667,0.050900086760520935,36153.40234375,68.45366668701172,2.9856252670288086,0.004676926881074905,0.0,0.0,95.45607526337703,387.992368642735
PINN20260414,10,248,pretrain,0.09527049213647842,0.03058602102100849,0.013055599294602871,0.030077245086431503,0.027218006551265717,0.050612885504961014,36297.40234375,69.42340087890625,2.991206169128418,0.004471185617148876,0.0,0.0,95.23204596208673,388.0913431461722
PINN20260414,10,250,pretrain,0.09437921643257141,0.03051179088652134,0.012697954662144184,0.029831521213054657,0.026967156678438187,0.05004655569791794,36609.0,71.34915924072266,2.998910427093506,0.004107512068003416,0.0,0.0,94.7904916364901,388.329756778952
PINN20260414,10,251,pretrain,0.09394440054893494,0.03047548234462738,0.012521459721028805,0.029714785516262054,0.026843763887882233,0.04977073520421982,36678.625,72.14703369140625,3.003511428833008,0.003904368495568633,0.0,0.0,94.58265647702014,388.0378726683776
PINN20260414,10,253,pretrain,0.09309467673301697,0.030404625460505486,0.01217391062527895,0.029492024332284927,0.02660522423684597,0.049227241426706314,36859.140625,73.78117370605469,3.0087461471557617,0.0035509192384779453,0.0,0.0,94.1518834035597,388.1225241466926
PINN20260414,10,254,pretrain,0.09267926961183548,0.03036998212337494,0.01200281735509634,0.029385492205619812,0.026490746065974236,0.04895886406302452,37012.2578125,74.67774963378906,3.0084238052368164,0.0034136134199798107,0.0,0.0,93.92634456383895,388.5913663477355
PINN20260414,10,256,pretrain,0.09186655282974243,0.030301209539175034,0.011665097437798977,0.02918049693107605,0.02626478485763073,0.04843810200691223,37096.2578125,76.01544189453125,3.010159492492676,0.0030817613005638123,0.0,0.0,93.49727394087488,388.64630851842657
PINN20260414,10,257,pretrain,0.09146897494792938,0.03026708960533142,0.011498433537781239,0.029081741347908974,0.0261533223092556,0.04818551987409592,37027.27734375,76.47331237792969,3.0121235847473145,0.0028927528765052557,0.0,0.0,93.29124213652105,388.3015701423315
PINN20260414,10,259,pretrain,0.09069058299064636,0.03019978664815426,0.011170243844389915,0.028891462832689285,0.025939231738448143,0.0476880744099617,37007.50390625,77.45818328857422,3.0108017921447754,0.002581981010735035,0.0,0.0,92.8590266378288,388.3542398699929
PINN20260414,10,260,pretrain,0.09030953049659729,0.030166495591402054,0.011008581146597862,0.02879970520734787,0.025836195796728134,0.04744372516870499,37050.5390625,77.96553802490234,3.0078659057617188,0.002453095745295286,0.0,0.0,92.6336819058678,388.70566467444235
PINN20260414,10,262,pretrain,0.08956296741962433,0.03010009415447712,0.01068972423672676,0.028621353209018707,0.025632809847593307,0.04697031155228615,36939.53125,78.62657165527344,3.0041215419769287,0.0021582713816314936,0.0,0.0,92.19570938023635,388.7251800758474
PINN20260414,10,263,pretrain,0.08919727057218552,0.03006700612604618,0.010532555170357227,0.028534475713968277,0.025532202795147896,0.0467413030564785,36773.203125,78.77709197998047,3.0035109519958496,0.001993439393118024,0.0,0.0,91.98498412614691,388.29732486845694
PINN20260414,10,265,pretrain,0.08848065137863159,0.03000127524137497,0.010223109275102615,0.02836596965789795,0.025337975472211838,0.046292223036289215,36555.46484375,79.1761245727539,2.9980719089508057,0.0017159961862489581,0.0,0.0,91.54386542458757,388.14953626147746
PINN20260414,10,266,pretrain,0.08812974393367767,0.029968665912747383,0.010070852003991604,0.028284583240747452,0.02524511329829693,0.04607119411230087,36569.171875,79.4854736328125,2.9920856952667236,0.0016137418569996953,0.0,0.0,91.30706691571031,388.7850868410464
PINN20260414,10,268,pretrain,0.08744384348392487,0.02990410104393959,0.009771047160029411,0.028127316385507584,0.025059765204787254,0.04564521089196205,36328.27734375,79.68894958496094,2.9838740825653076,0.001368067809380591,0.0,0.0,90.86385548927032,388.90394861713605
PINN20260414,10,269,pretrain,0.08711021393537521,0.029872557148337364,0.00962368305772543,0.028052236884832382,0.024964647367596626,0.04544301703572273,35891.4921875,79.36288452148438,2.985109567642212,0.0011959414696320891,0.0,0.0,90.68520629421869,387.3841157365645
PINN20260414,10,271,pretrain,0.08647225797176361,0.029813960194587708,0.009334975853562355,0.0279247909784317,0.02478378266096115,0.04504385218024254,35424.9765625,79.09983825683594,2.978815793991089,0.0009522524778731167,0.0,0.0,90.34277714799617,386.5332901251844
PINN20260414,10,272,pretrain,0.08617974817752838,0.02978973090648651,0.009194296784698963,0.027887996286153793,0.024704601615667343,0.04483988508582115,35919.01171875,79.77587890625,2.9620492458343506,0.0009517051512375474,0.0,0.0,90.17102348627579,390.0163658425118
PINN20260414,10,274,pretrain,0.08573860675096512,0.02977498061954975,0.00892696063965559,0.027959855273365974,0.024535883218050003,0.04446357861161232,35985.7109375,79.90869140625,2.946521759033203,0.0007991828606463969,0.0,0.0,90.48569573591452,391.9278871807925
PINN20260414,10,275,pretrain,0.08569207787513733,0.029810864478349686,0.008808734826743603,0.028174988925457,0.024428199976682663,0.04431590437889099,34093.109375,77.60399627685547,2.9746453762054443,0.00047952320892363787,0.0,0.0,91.56469707261637,382.2014562047089
PINN20260414,10,277,pretrain,0.0866834819316864,0.030152805149555206,0.008652918972074986,0.029814764857292175,0.024252263829112053,0.044037166982889175,33431.56640625,76.01402282714844,2.9859070777893066,0.0002444697602186352,0.0,0.0,97.19459881630512,377.741417010367
PINN20260414,10,278,pretrain,0.08836080878973007,0.03062249720096588,0.008656732738018036,0.0319693349301815,0.024236125871539116,0.04387373849749565,39542.86328125,81.82722473144531,2.8953089714050293,0.0007115211919881403,0.0,0.0,101.94980478310147,404.7431670207664
PINN20260414,10,280,pretrain,0.09383481740951538,0.03211229667067528,0.008830209262669086,0.038587555289268494,0.024109696969389915,0.04372388496994972,44821.99609375,83.65020751953125,2.866913318634033,0.0007593457121402025,0.0,0.0,106.88532479367782,408.9730660446969
PINN20260414,10,281,pretrain,0.0934022068977356,0.03203980252146721,0.008711456321179867,0.03834749758243561,0.023926403373479843,0.04362835735082626,34293.27734375,72.65967559814453,3.0212960243225098,1.594528043824539e-06,0.0,0.0,99.1847874944162,375.60794470431534
PINN20260414,10,283,pretrain,0.08344068378210068,0.029585454612970352,0.007801724597811699,0.02770255133509636,0.023788239806890488,0.042954038828611374,32156.01171875,75.800048828125,2.9331889152526855,3.622778967837803e-05,0.0,0.0,89.27721376945799,392.246633988107
PINN20260414,10,284,pretrain,0.08343769609928131,0.029625151306390762,0.007704887539148331,0.027925577014684677,0.02370915561914444,0.04281926155090332,31663.458984375,75.23155212402344,2.9305291175842285,1.18446860142285e-05,0.0,0.0,96.44762078292808,375.8004997668311
PINN20260414,10,286,pretrain,0.08716407418251038,0.030629493296146393,0.0077987792901694775,0.0325654074549675,0.023550348356366158,0.04267234727740288,31307.060546875,71.76846313476562,2.959550380706787,0.0,0.0,0.0,90.92928979260478,378.395750174338
PINN20260414,10,287,pretrain,0.08371393382549286,0.0297903623431921,0.00744982622563839,0.028937824070453644,0.02352108061313629,0.04238516464829445,35385.484375,77.40484619140625,2.863924264907837,4.861743946094066e-05,0.0,0.0,86.52602458039719,384.89647552945974
PINN20260414,10,289,pretrain,0.08314511924982071,0.029724419116973877,0.007240606471896172,0.028702853247523308,0.02332945726811886,0.042149435728788376,29829.953125,71.54127502441406,2.918735980987549,0.0,0.0,0.0,93.35683704709312,375.8673095322337
PINN20260414,10,290,pretrain,0.08442822843790054,0.03007693961262703,0.007242113351821899,0.03038295917212963,0.023300640285015106,0.04201511666178703,36127.80078125,76.14942932128906,2.8439278602600098,1.3464217772707343e-05,0.0,0.0,89.245902173083,392.6437833775036
PINN20260414,10,292,pretrain,0.08056915551424026,0.029151102527976036,0.006784257013350725,0.026514576748013496,0.023118985816836357,0.0416686087846756,30329.9140625,72.07084655761719,2.8664157390594482,0.0,0.0,0.0,87.54149964534678,379.30728390712454
PINN20260414,10,293,pretrain,0.08131789416074753,0.029362723231315613,0.006755898240953684,0.02757965959608555,0.02305794507265091,0.04155895486474037,32077.451171875,72.94393157958984,2.843393325805664,0.0,0.0,0.0,89.60925103522376,393.5112172797619
PINN20260414,10,295,pretrain,0.0810466855764389,0.029375871643424034,0.00657707080245018,0.027649126946926117,0.022907767444849014,0.04131314530968666,32372.578125,71.98831176757812,2.8330860137939453,0.0,0.0,0.0,84.7011347418823,384.6256296712428
PINN20260414,10,296,pretrain,0.07963838428258896,0.02903752028942108,0.006394790019840002,0.026284202933311462,0.022816596552729607,0.041175734251737595,29044.21484375,69.48442077636719,2.854050636291504,0.0,0.0,0.0,85.81312306310585,388.4881352757121
PINN20260414,10,298,pretrain,0.08060778677463531,0.0293397456407547,0.006309524644166231,0.027774015441536903,0.022683488205075264,0.04096522927284241,32007.646484375,71.26718139648438,2.81821346282959,0.0,0.0,0.0,85.54037218435222,388.2443455802029
PINN20260414,10,299,pretrain,0.0797385424375534,0.029141629114747047,0.006178991869091988,0.02698243036866188,0.022585846483707428,0.04085984826087952,27426.1875,67.26783752441406,2.858449935913086,0.0,0.0,0.0,83.77431433433222,382.1890484433064
PINN20260414,10,301,physics,14593.580078125,0.028995253145694733,0.00595769751816988,0.026476889848709106,0.02245097979903221,0.040597714483737946,29157.5,69.52685546875,2.817854166030884,0.0,0.0,0.0,595.2771938349393,720.9431322926933
