method,run,epoch,stage,total_loss,data_thickness_group_loss,data_log_thickness_loss,data_range_loss,data_rate_loss,data_log_rate_loss,data_uniformity_loss,data_ri_loss,data_stress_loss,phys_closure_loss,phys_rate_residual_loss,phys_profile_smooth_loss,phys_kim_state_loss,train_thk_rmse,val_thk_rmse,val_score,mean_u_oh,mean_j_crosslink,mean_si_o_survival,mean_rate_residual
PINN20260512-HS,1,1,pretrain,11.675785064697266,2.8541667461395264,3.995666980743408,0.6786778569221497,1.465766429901123,1.3332068920135498,3.22349214553833,1.1319451332092285,0.5627751350402832,0.0,0.0,0.0,0.0,3701.3771761332296,3048.4236910245922,5.260251157280595,0.4917910397052765,0.08866845816373825,0.8557066321372986,0.0
PINN20260512-HS,1,5,pretrain,11.015765190124512,2.7294020652770996,3.7484569549560547,0.5835457444190979,1.414614200592041,1.2486313581466675,1.9859567880630493,0.4235987961292267,0.5287798643112183,0.0,0.0,0.0,0.0,3576.389659978342,2952.5617690405734,4.807572509455073,0.4935675263404846,0.0899658277630806,0.856606125831604,0.021590493619441986
PINN20260512-HS,1,9,pretrain,10.195310592651367,2.555124282836914,3.438628673553467,0.4552471339702606,1.3427820205688477,1.1422408819198608,0.9528483152389526,0.583601713180542,0.49681827425956726,0.0,0.0,0.0,0.0,3399.7304304900413,2822.576482577576,4.433655096451751,0.4956338107585907,0.09185826778411865,0.8575029373168945,0.05926657095551491
PINN20260512-HS,1,13,pretrain,9.157541275024414,2.311605215072632,3.0564050674438477,0.32407906651496887,1.2416337728500366,1.0119273662567139,0.9003893136978149,0.47524571418762207,0.4677480161190033,0.0,0.0,0.0,0.0,3152.933871808922,2654.2103345439677,4.115965019511804,0.49799588322639465,0.0945173129439354,0.8583880066871643,0.1171993538737297
PINN20260512-HS,1,18,pretrain,7.530867099761963,1.897254467010498,2.507591485977173,0.2023337483406067,1.059733271598816,0.8281126618385315,1.3843660354614258,0.44032061100006104,0.43622034788131714,0.0,0.0,0.0,0.0,2730.3280938378084,2416.8371893861613,3.814613268267185,0.5014294981956482,0.0985642522573471,0.859473705291748,0.22142615914344788
PINN20260512-HS,1,22,pretrain,6.089286804199219,1.5167593955993652,2.0628280639648438,0.172235369682312,0.8673619627952576,0.6803510189056396,1.498966932296753,0.47076019644737244,0.4149673879146576,0.0,0.0,0.0,0.0,2346.5396864319173,2292.2785607338387,3.5641180653393,0.504673182964325,0.10213062167167664,0.8603227734565735,0.324802428483963
PINN20260512-HS,1,26,pretrain,4.78838586807251,1.1824233531951904,1.6493332386016846,0.17946623265743256,0.6523081660270691,0.5446698069572449,1.1482832431793213,0.42267435789108276,0.39700886607170105,0.0,0.0,0.0,0.0,2047.3089043913233,2326.0147248029193,3.370118289019929,0.5085554718971252,0.10583321750164032,0.8611598014831543,0.4307928681373596
PINN20260512-HS,1,30,pretrain,3.8316378593444824,0.9613189697265625,1.2963567972183228,0.13685184717178345,0.4598517119884491,0.42959147691726685,0.6292035579681396,0.42280879616737366,0.38230618834495544,0.0,0.0,0.0,0.0,1928.7515392087182,2501.7133129117733,3.4229013782764044,0.5136582255363464,0.10956171154975891,0.8619934320449829,0.5227909684181213
PINN20260512-HS,1,34,pretrain,3.3319151401519775,0.8491640090942383,1.0566108226776123,0.12193149328231812,0.34279969334602356,0.35137319564819336,0.753720760345459,0.4164559543132782,0.3713928759098053,0.0,0.0,0.0,0.0,1932.8931036143722,2690.2526832994704,3.62040859233468,0.5206214785575867,0.11307632178068161,0.8627967834472656,0.5902940034866333
PINN20260512-HS,1,38,pretrain,3.0388870239257812,0.7807244062423706,0.9331421852111816,0.10481860488653183,0.30145859718322754,0.31103625893592834,0.7160910367965698,0.41430801153182983,0.3651750385761261,0.0,0.0,0.0,0.0,1882.397739586403,2727.6914231635515,3.559225666192914,0.5285075306892395,0.11550932377576828,0.863418698310852,0.6267727613449097
PINN20260512-HS,1,42,pretrain,2.6693263053894043,0.6708528995513916,0.8570601940155029,0.11993159353733063,0.28697189688682556,0.28600838780403137,0.6175999641418457,0.41022250056266785,0.36244261264801025,0.0,0.0,0.0,0.0,1701.1611475695065,2574.2074508477363,3.3482757274593387,0.5357673168182373,0.11631376296281815,0.8637482523918152,0.635712742805481
PINN20260512-HS,1,46,pretrain,2.2447762489318848,0.5433850288391113,0.7967831492424011,0.10494686663150787,0.2780025899410248,0.26562047004699707,0.609857439994812,0.4069589376449585,0.3608233332633972,0.0,0.0,0.0,0.0,1474.5644272123209,2311.9490695082363,3.1383493231978745,0.5420833826065063,0.11585567146539688,0.8638501763343811,0.6248263120651245
PINN20260512-HS,1,51,pretrain,1.9491491317749023,0.4538714587688446,0.7535529136657715,0.09984704852104187,0.2715345621109009,0.25106459856033325,0.6084377765655518,0.4019742012023926,0.3580639362335205,0.0,0.0,0.0,0.0,1311.1911092590583,2061.6019256878863,2.922422461298949,0.5489513278007507,0.11503774672746658,0.8640272617340088,0.6001361608505249
PINN20260512-HS,1,55,pretrain,1.778866171836853,0.40901267528533936,0.7005627155303955,0.09776915609836578,0.25509658455848694,0.23350824415683746,0.5672662258148193,0.39782989025115967,0.3553793132305145,0.0,0.0,0.0,0.0,1238.5327508790392,2002.8879149867573,2.835228448357653,0.5530232191085815,0.1153365820646286,0.864457905292511,0.5956494808197021
PINN20260512-HS,1,59,pretrain,1.6131418943405151,0.3650224506855011,0.6430106163024902,0.09612324833869934,0.2429909110069275,0.21524474024772644,0.573032021522522,0.39410486817359924,0.3525650203227997,0.0,0.0,0.0,0.0,1184.146633656491,1997.7157580596895,2.871569762913631,0.5553363561630249,0.11610855162143707,0.8650175333023071,0.6099469661712646
PINN20260512-HS,1,63,pretrain,1.4977614879608154,0.33267855644226074,0.6098438501358032,0.09311811625957489,0.2409469336271286,0.20463711023330688,0.5895641446113586,0.3897523581981659,0.3496478796005249,0.0,0.0,0.0,0.0,1120.028850074854,1939.4444436487477,2.8586607046482984,0.5560730695724487,0.11644328385591507,0.8654631972312927,0.6273391246795654
PINN20260512-HS,1,67,pretrain,1.3684840202331543,0.2951842248439789,0.5859600305557251,0.09274028241634369,0.2319505512714386,0.19662179052829742,0.5651857852935791,0.38580062985420227,0.346876323223114,0.0,0.0,0.0,0.0,1031.0190347418422,1812.7448800093189,2.718447692217973,0.5557591319084167,0.11591628193855286,0.8656842112541199,0.6374620795249939
PINN20260512-HS,1,71,pretrain,1.2659610509872437,0.26508817076683044,0.5704779624938965,0.094573475420475,0.21977391839027405,0.19116728007793427,0.5457808971405029,0.3825416564941406,0.34448474645614624,0.0,0.0,0.0,0.0,966.3147779062473,1699.4199745795622,2.601946299455246,0.5549978017807007,0.11500492691993713,0.8658007383346558,0.642873227596283
PINN20260512-HS,1,75,pretrain,1.1971951723098755,0.2458510398864746,0.5570482015609741,0.0947461649775505,0.21218502521514893,0.1866718977689743,0.5146312713623047,0.3793581426143646,0.3422149121761322,0.0,0.0,0.0,0.0,927.0145629924052,1642.7581988838162,2.5538151585700657,0.5544425845146179,0.1143924742937088,0.8659939765930176,0.6504666805267334
PINN20260512-HS,1,80,pretrain,1.1202360391616821,0.22570118308067322,0.5351282954216003,0.09140568971633911,0.20918779075145721,0.1795947104692459,0.4665326476097107,0.37508872151374817,0.33916449546813965,0.0,0.0,0.0,0.0,890.2085780871806,1614.04615795212,2.5225029885246673,0.5546241402626038,0.11421966552734375,0.8663737177848816,0.6617443561553955
PINN20260512-HS,1,84,pretrain,1.0699436664581299,0.21389025449752808,0.5162596106529236,0.0872802734375,0.20709696412086487,0.17332784831523895,0.42257535457611084,0.3718196153640747,0.3366814851760864,0.0,0.0,0.0,0.0,866.5709001576271,1584.2817773363424,2.484002405323943,0.5554446578025818,0.11411839723587036,0.8666647672653198,0.6647613644599915
PINN20260512-HS,1,88,pretrain,1.0248453617095947,0.2043602466583252,0.49610021710395813,0.08371511846780777,0.20059318840503693,0.16654153168201447,0.3832876682281494,0.3687998950481415,0.3342757821083069,0.0,0.0,0.0,0.0,846.2928718830143,1544.2667353796105,2.4300084458602296,0.5566409230232239,0.11383117735385895,0.866885781288147,0.6611368656158447
PINN20260512-HS,1,92,pretrain,0.9868031144142151,0.19688192009925842,0.4774963855743408,0.08081882447004318,0.19222970306873322,0.1602858603000641,0.3519026041030884,0.36589160561561584,0.3319871723651886,0.0,0.0,0.0,0.0,829.3597304547648,1510.3148678338566,2.375112262598626,0.5579851865768433,0.11354037374258041,0.8670750856399536,0.6572166085243225
PINN20260512-HS,1,96,pretrain,0.9479618072509766,0.1886250376701355,0.46048176288604736,0.0778726115822792,0.18448370695114136,0.15466460585594177,0.331203818321228,0.36294469237327576,0.3298245370388031,0.0,0.0,0.0,0.0,811.1588546641157,1484.0000842318036,2.3254772977419482,0.559335470199585,0.11333134025335312,0.8672619462013245,0.6578527688980103
PINN20260512-HS,1,100,pretrain,0.910071849822998,0.18022648990154266,0.4443601071834564,0.07615282386541367,0.17521479725837708,0.14948411285877228,0.325702041387558,0.3600747287273407,0.3277599513530731,0.0,0.0,0.0,0.0,793.0342442164778,1453.1086504456575,2.272823277110417,0.5606862902641296,0.11308901011943817,0.8674217462539673,0.6596793532371521
PINN20260512-HS,1,104,pretrain,0.8732497096061707,0.17231053113937378,0.4279489517211914,0.0753096342086792,0.16269761323928833,0.14411935210227966,0.3286406993865967,0.3574143052101135,0.325753390789032,0.0,0.0,0.0,0.0,775.4165009851157,1413.3888796081565,2.21480665011971,0.5621177554130554,0.11275890469551086,0.8675432801246643,0.6582794189453125
PINN20260512-HS,1,109,pretrain,0.8288514614105225,0.16309985518455505,0.4065307378768921,0.07414615154266357,0.14751750230789185,0.13702213764190674,0.33108794689178467,0.3541085124015808,0.3232378661632538,0.0,0.0,0.0,0.0,754.0905118087616,1363.3935143603992,2.15361983756979,0.5640267729759216,0.11242271959781647,0.8677070736885071,0.6543068289756775
PINN20260512-HS,1,113,pretrain,0.7929930686950684,0.15567053854465485,0.38817906379699707,0.07321486622095108,0.1375093311071396,0.1309008151292801,0.3274073004722595,0.35132113099098206,0.32115134596824646,0.0,0.0,0.0,0.0,736.8095496802413,1323.1131376416758,2.1138745757937176,0.5655550360679626,0.11230936646461487,0.867876410484314,0.6513365507125854
PINN20260512-HS,1,117,pretrain,0.7569330334663391,0.1485299915075302,0.3680591881275177,0.07245105504989624,0.12713798880577087,0.12414490431547165,0.32089483737945557,0.3485596776008606,0.3190305531024933,0.0,0.0,0.0,0.0,719.89816988238,1274.994607831735,2.069597490620445,0.5670239925384521,0.11228024959564209,0.8680554032325745,0.645911455154419
PINN20260512-HS,1,121,pretrain,0.7200021147727966,0.14149096608161926,0.3460010290145874,0.07195618748664856,0.11555179953575134,0.11672919243574142,0.31577977538108826,0.34588342905044556,0.31690067052841187,0.0,0.0,0.0,0.0,702.6600129152079,1218.8464320824014,2.016809153916042,0.5683785080909729,0.11233808845281601,0.8682375550270081,0.6375501751899719
PINN20260512-HS,1,125,pretrain,0.6810855269432068,0.13412107527256012,0.3218989372253418,0.07163543999195099,0.1034526377916336,0.10865003615617752,0.31292736530303955,0.34317389130592346,0.3147260844707489,0.0,0.0,0.0,0.0,684.7756247487201,1156.350995589142,1.956088845636539,0.5695688724517822,0.11251650750637054,0.8684362769126892,0.6280481815338135
PINN20260512-HS,1,129,pretrain,0.6394883990287781,0.12664063274860382,0.2937489449977875,0.07156246900558472,0.0898219421505928,0.09927279502153397,0.31149736046791077,0.340461403131485,0.31245455145835876,0.0,0.0,0.0,0.0,667.1006295904689,1082.3342829274143,1.880081336369878,0.5706460475921631,0.11285530775785446,0.8686513304710388,0.6149517893791199
PINN20260512-HS,1,133,pretrain,0.5957468748092651,0.11962419748306274,0.2594016194343567,0.07167695462703705,0.07454369217157364,0.08780650794506073,0.31099528074264526,0.3377426266670227,0.3100135326385498,0.0,0.0,0.0,0.0,651.9323920085579,997.5673536157847,1.7882983835553765,0.5716446042060852,0.11334139108657837,0.8688841462135315,0.5961991548538208
PINN20260512-HS,1,137,pretrain,0.5538102388381958,0.11350563168525696,0.2231508493423462,0.07145723700523376,0.05988851562142372,0.07562720030546188,0.3116382956504822,0.33481383323669434,0.30736231803894043,0.0,0.0,0.0,0.0,643.6598237811647,907.2835485668194,1.6872924886146485,0.5724912881851196,0.11382848769426346,0.8691354393959045,0.575989305973053
PINN20260512-HS,1,142,pretrain,0.5170015096664429,0.10949432104825974,0.1847536563873291,0.07153020799160004,0.044634509831666946,0.06279762834310532,0.31178316473960876,0.3311649560928345,0.30400824546813965,0.0,0.0,0.0,0.0,647.5657785121138,800.349415880339,1.5664096860881007,0.5732481479644775,0.1142074465751648,0.8694261908531189,0.5490992069244385
PINN20260512-HS,1,146,pretrain,0.5027734637260437,0.10881897807121277,0.16557812690734863,0.07180577516555786,0.03765546530485153,0.0564543716609478,0.3092718720436096,0.3284221291542053,0.30162861943244934,0.0,0.0,0.0,0.0,653.4762811303865,739.800648823722,1.5008953614358198,0.5734444260597229,0.11411065608263016,0.8695974349975586,0.5334001183509827
PINN20260512-HS,1,150,pretrain,0.4899265170097351,0.10708209127187729,0.15357477962970734,0.07164878398180008,0.0340949185192585,0.05244285985827446,0.30688467621803284,0.3258645534515381,0.29965728521347046,0.0,0.0,0.0,0.0,647.1412374822053,713.9882920958859,1.4769985764759466,0.5732206702232361,0.11355572938919067,0.8696888089179993,0.5287137031555176
PINN20260512-HS,1,154,pretrain,0.46956032514572144,0.10223330557346344,0.1446516513824463,0.07111436128616333,0.03180316090583801,0.0493745394051075,0.30504941940307617,0.323533833026886,0.2980780303478241,0.0,0.0,0.0,0.0,625.1436334955351,718.2345107971352,1.4866523728241035,0.5726425051689148,0.1126067116856575,0.8697023987770081,0.5345316529273987
PINN20260512-HS,1,158,pretrain,0.44785991311073303,0.09630440175533295,0.13874389231204987,0.0705585777759552,0.030601391568779945,0.04731697961688042,0.3032855987548828,0.32145315408706665,0.2968581020832062,0.0,0.0,0.0,0.0,598.9438882316106,737.9681564945739,1.510765817701399,0.5718479752540588,0.11144669353961945,0.8696668148040771,0.5462504625320435
PINN20260512-HS,1,162,pretrain,0.43071702122688293,0.09143009781837463,0.1352187991142273,0.06994645297527313,0.029887869954109192,0.04604620486497879,0.30255410075187683,0.31949156522750854,0.2958163917064667,0.0,0.0,0.0,0.0,578.1140134091198,756.9688319211036,1.5290174896468098,0.5710152983665466,0.11030621081590652,0.8696239590644836,0.5573025941848755
PINN20260512-HS,1,166,pretrain,0.4160451591014862,0.08768890798091888,0.13044828176498413,0.06918889284133911,0.02840142697095871,0.04441097751259804,0.30264461040496826,0.31748300790786743,0.2947287857532501,0.0,0.0,0.0,0.0,563.4810056692239,765.5956422942858,1.5314280751196376,0.570237934589386,0.10936596244573593,0.8696059584617615,0.5638675093650818
PINN20260512-HS,1,171,pretrain,0.3987851142883301,0.08396975696086884,0.12136159837245941,0.0685068890452385,0.025419263169169426,0.0414326973259449,0.3030325174331665,0.31486520171165466,0.29316186904907227,0.0,0.0,0.0,0.0,550.5829864788777,761.9336831378437,1.5184210072475914,0.5693064332008362,0.10854023694992065,0.8696317076683044,0.5651513338088989
PINN20260512-HS,1,175,pretrain,0.3871915340423584,0.08146227151155472,0.11486823856830597,0.0683596283197403,0.02362007647752762,0.03927728906273842,0.3036021590232849,0.3127073049545288,0.29172995686531067,0.0,0.0,0.0,0.0,541.5064346339756,755.5561279613845,1.5089864080493804,0.5685052871704102,0.1080365851521492,0.8696786761283875,0.5642380714416504
PINN20260512-HS,1,179,pretrain,0.37713319063186646,0.07899755984544754,0.11034724116325378,0.06849513947963715,0.022673511877655983,0.0376778170466423,0.3038228154182434,0.31061089038848877,0.29022353887557983,0.0,0.0,0.0,0.0,531.1113054247669,751.4681879494301,1.506380672199425,0.567614734172821,0.10753767937421799,0.8697270750999451,0.5650495290756226
PINN20260512-HS,1,183,pretrain,0.3683999478816986,0.07666997611522675,0.10720648616552353,0.06879039108753204,0.022210991010069847,0.036511946469545364,0.3032723367214203,0.3086795508861542,0.2887735068798065,0.0,0.0,0.0,0.0,520.9354866487788,750.4941288910927,1.5094272107393705,0.5666850805282593,0.10701586306095123,0.8697642683982849,0.5677991509437561
PINN20260512-HS,1,187,pretrain,0.3614242374897003,0.07475114613771439,0.10508710145950317,0.06902214884757996,0.021938301622867584,0.03570040687918663,0.3023078143596649,0.30683067440986633,0.2874334752559662,0.0,0.0,0.0,0.0,512.9450202019706,750.1051592943486,1.512512142964528,0.5658183097839355,0.10652793198823929,0.8697940707206726,0.5704835057258606
PINN20260512-HS,1,191,pretrain,0.35533711314201355,0.07313244044780731,0.10332987457513809,0.06907318532466888,0.021554257720708847,0.03506768122315407,0.3000076413154602,0.30497226119041443,0.286193311214447,0.0,0.0,0.0,0.0,506.91592004986387,747.8164463957717,1.5104326941723454,0.5650575160980225,0.1061275377869606,0.8698228001594543,0.5716255307197571
PINN20260512-HS,1,195,pretrain,0.35009774565696716,0.07174023985862732,0.10200372338294983,0.06886570900678635,0.021152738481760025,0.03459779545664787,0.29959970712661743,0.3031257390975952,0.2850269675254822,0.0,0.0,0.0,0.0,502.0917184638679,744.4327538468468,1.505140086926115,0.564369797706604,0.10580980032682419,0.8698508739471436,0.5714530944824219
PINN20260512-HS,1,200,pretrain,0.34454548358917236,0.07024595886468887,0.10055895149707794,0.06875243782997131,0.02080278843641281,0.03407466784119606,0.29937267303466797,0.3009175956249237,0.28361794352531433,0.0,0.0,0.0,0.0,496.6783887738624,739.889687723785,1.4991703635320244,0.5635245442390442,0.10548628121614456,0.8698827624320984,0.5709152221679688
PINN20260512-HS,1,204,pretrain,0.3404545187950134,0.06917757540941238,0.09917335212230682,0.06884322315454483,0.020531151443719864,0.03357391804456711,0.29875698685646057,0.299248069524765,0.28250637650489807,0.0,0.0,0.0,0.0,492.7184477467837,734.9951955625288,1.4945252311662602,0.5628380179405212,0.10529091209173203,0.8699072003364563,0.5701892375946045
PINN20260512-HS,1,208,pretrain,0.3365445137023926,0.0681840181350708,0.09768114984035492,0.06894059479236603,0.020227978006005287,0.03303295373916626,0.29848557710647583,0.29759448766708374,0.2813957631587982,0.0,0.0,0.0,0.0,489.1061841512536,728.2887047730453,1.4881515191372852,0.5621669888496399,0.1051764264702797,0.8699346780776978,0.5683923363685608
PINN20260512-HS,1,212,pretrain,0.3327025771141052,0.0672311782836914,0.09611807763576508,0.06903547048568726,0.01986408606171608,0.032480496913194656,0.2982492446899414,0.2959296703338623,0.28030604124069214,0.0,0.0,0.0,0.0,485.7187650791351,720.137617056629,1.4794295120119174,0.5615212321281433,0.10514186322689056,0.8699643611907959,0.5653378963470459
PINN20260512-HS,1,216,pretrain,0.3288733661174774,0.06630533933639526,0.09447261691093445,0.06909956783056259,0.019453173503279686,0.03190905228257179,0.29805317521095276,0.2942870259284973,0.2792699337005615,0.0,0.0,0.0,0.0,482.4359251496513,712.1840966351327,1.4701725937204693,0.5608871579170227,0.10515747219324112,0.8699923157691956,0.5615774393081665
PINN20260512-HS,1,220,pretrain,0.3250168561935425,0.06539911776781082,0.09268732368946075,0.06918264180421829,0.019008563831448555,0.03128567337989807,0.2974669635295868,0.2927096486091614,0.2783035933971405,0.0,0.0,0.0,0.0,479.16431158841533,705.4719165211327,1.4621696158128288,0.5602442622184753,0.10519296675920486,0.870015561580658,0.5578516125679016
PINN20260512-HS,1,224,pretrain,0.3211059868335724,0.0645049512386322,0.09074456989765167,0.06926069408655167,0.018524283543229103,0.030606793239712715,0.29688888788223267,0.2911975085735321,0.2773955166339874,0.0,0.0,0.0,0.0,475.88617993171437,699.4694417914195,1.4554065585802471,0.5595890879631042,0.1052468791604042,0.8700352907180786,0.5541844964027405
PINN20260512-HS,1,228,pretrain,0.3171253800392151,0.0636158138513565,0.08866636455059052,0.06936882436275482,0.01800856925547123,0.029890848323702812,0.2957827150821686,0.28971973061561584,0.2765166163444519,0.0,0.0,0.0,0.0,472.5936084523361,693.4044860325032,1.4486809511819427,0.5589325428009033,0.10533325374126434,0.8700541853904724,0.5501825213432312
PINN20260512-HS,1,233,pretrain,0.31205323338508606,0.06249244511127472,0.08594268560409546,0.06946834921836853,0.017331812530755997,0.028956962749361992,0.2950144410133362,0.28789958357810974,0.27544286847114563,0.0,0.0,0.0,0.0,468.3951823780855,685.6441542447511,1.4394900998366533,0.5581125020980835,0.1054820716381073,0.8700789213180542,0.544590413570404
PINN20260512-HS,1,237,pretrain,0.3079058527946472,0.061573050916194916,0.08369577676057816,0.06955797225236893,0.01678689382970333,0.028187744319438934,0.2943865656852722,0.2864875793457031,0.2746075391769409,0.0,0.0,0.0,0.0,464.89326732057543,680.0326278936916,1.4324263319275168,0.5574484467506409,0.10561315715312958,0.8700982332229614,0.5400875210762024
PINN20260512-HS,1,241,physics,0.31381461024284363,0.06062380224466324,0.08143456280231476,0.06963745504617691,0.016250984743237495,0.027409689500927925,0.293967068195343,0.2851276099681854,0.27380186319351196,0.2507418990135193,0.34182441234588623,9.049936977589823e-08,0.0,461.2219334279323,674.8873980154023,1.42613977018241,0.5567730069160461,0.10574022680521011,0.8701164126396179,0.5358004570007324
PINN20260512-HS,1,245,physics,0.30949103832244873,0.05964462459087372,0.07917334139347076,0.06974649429321289,0.015724170953035355,0.026635192334651947,0.2931547462940216,0.2838171720504761,0.2730318009853363,0.2532729208469391,0.33818015456199646,9.039069936989108e-08,0.0,457.4197163164264,670.6961402155226,1.4211660261231085,0.5561007261276245,0.10585886240005493,0.8701355457305908,0.5316483974456787
PINN20260512-HS,1,249,physics,0.3050554096698761,0.058619771152734756,0.07698561996221542,0.06979271024465561,0.01522353757172823,0.025879934430122375,0.29285576939582825,0.2825368344783783,0.27228665351867676,0.2549661695957184,0.3347542881965637,9.002597067819806e-08,0.0,453.422092260622,667.0168897786622,1.4165867521920374,0.5554415583610535,0.10596807301044464,0.8701571226119995,0.5275713801383972
PINN20260512-HS,1,253,physics,0.300518274307251,0.05754796415567398,0.07486970722675323,0.06990329176187515,0.01474625151604414,0.02515692263841629,0.29180359840393066,0.2813046872615814,0.2715696692466736,0.25614702701568604,0.3315591514110565,8.995460376581832e-08,0.0,449.19203507520035,663.6777032189646,1.4126128032483605,0.5547865629196167,0.10606422275304794,0.8701803088188171,0.5236880779266357
PINN20260512-HS,1,257,physics,0.29589611291885376,0.05642031878232956,0.07286521792411804,0.06998150795698166,0.01429816149175167,0.02446422539651394,0.29148000478744507,0.2801295816898346,0.27087926864624023,0.2569164037704468,0.32861846685409546,8.963838382669564e-08,0.0,444.6669223981024,660.64778815947,1.4088461674845316,0.5541350245475769,0.10614601522684097,0.8702049255371094,0.5199794173240662
PINN20260512-HS,1,262,physics,0.28999027609825134,0.054940417408943176,0.07045483589172363,0.07015984505414963,0.013764437288045883,0.023632878437638283,0.2906268239021301,0.2787555456161499,0.2700618803501129,0.2576840817928314,0.32508185505867004,8.974782161885742e-08,0.0,438.6461949852067,656.8379033292765,1.4042294541859546,0.5533280372619629,0.10623376816511154,0.8702378273010254,0.5153941512107849
PINN20260512-HS,1,266,physics,0.28515276312828064,0.05369850620627403,0.06861058622598648,0.07027862221002579,0.01335569191724062,0.022996408864855766,0.29035353660583496,0.2777147591114044,0.26944226026535034,0.2582407593727112,0.32243722677230835,8.979906596096043e-08,0.0,433.55031426583,653.4766876102009,1.4003406007212835,0.5526940226554871,0.10629504173994064,0.8702659606933594,0.5118482112884521
PINN20260512-HS,1,270,physics,0.28020429611206055,0.052412718534469604,0.06678249686956406,0.07043049484491348,0.01295032724738121,0.02236984111368656,0.28982099890708923,0.2767379581928253,0.2688620388507843,0.25885409116744995,0.3198024332523346,9.004536138945696e-08,0.0,428.22391193159683,649.7688290846214,1.3962091889007497,0.5520715713500977,0.10635111480951309,0.8702954649925232,0.5082864761352539
PINN20260512-HS,1,274,physics,0.2751281261444092,0.051080428063869476,0.06495341658592224,0.0705794245004654,0.012544468976557255,0.021744364872574806,0.2894570231437683,0.2758292555809021,0.26832184195518494,0.259518027305603,0.31717661023139954,9.024672920077137e-08,0.0,422.6384018874764,645.7595576141324,1.3917747889275351,0.5514609813690186,0.10640165209770203,0.8703261613845825,0.504715085029602
PINN20260512-HS,1,278,physics,0.26991376280784607,0.04969802498817444,0.06312073767185211,0.07074613869190216,0.012137539684772491,0.021119583398103714,0.2890576124191284,0.2749851942062378,0.26781797409057617,0.2602755129337311,0.3145587742328644,9.051106530932884e-08,0.0,416.761510039015,641.3863159204443,1.3868789126671057,0.5508628487586975,0.10644645988941193,0.8703580498695374,0.5011186003684998
PINN20260512-HS,1,282,physics,0.26454809308052063,0.04825697839260101,0.06130409985780716,0.07091179490089417,0.011732406914234161,0.02050023339688778,0.2888784408569336,0.2741997241973877,0.2673453092575073,0.2611086964607239,0.3119700849056244,9.058447147936022e-08,0.0,410.54548316843045,636.723743078582,1.3819273502992493,0.550277590751648,0.10648458451032639,0.8703912496566772,0.4974828362464905
PINN20260512-HS,1,286,physics,0.25901928544044495,0.04675450921058655,0.05950427055358887,0.07114390283823013,0.01133069209754467,0.019888630136847496,0.28805088996887207,0.2734663486480713,0.2669011652469635,0.2620907127857208,0.3094385862350464,9.095826669636153e-08,0.0,403.96008466183883,631.8859914968839,1.376905383036604,0.5497053265571594,0.10651560872793198,0.8704254627227783,0.4938232898712158
PINN20260512-HS,1,290,physics,0.25332218408584595,0.04518740624189377,0.05772992968559265,0.07136665284633636,0.010931274853646755,0.019285647198557854,0.2874445617198944,0.27278807759284973,0.2664913833141327,0.2631704807281494,0.3069485127925873,9.137125545066738e-08,0.0,396.99075083684255,627.0264149140768,1.3712825251728713,0.5491460561752319,0.10653837770223618,0.8704603910446167,0.49014365673065186
PINN20260512-HS,1,295,physics,0.24596986174583435,0.04314180463552475,0.05554302781820297,0.07160484045743942,0.010432521812617779,0.018539773300290108,0.2872397303581238,0.27202197909355164,0.2660317122936249,0.26461222767829895,0.30391377210617065,9.15388369548964e-08,0.0,387.72904521069864,621.0595029866302,1.3644035897753073,0.5484653115272522,0.10655586421489716,0.870505154132843,0.48558956384658813
PINN20260512-HS,1,299,physics,0.2399033159017563,0.04144033044576645,0.05381764471530914,0.07182327657938004,0.010034522041678429,0.017947910353541374,0.28660544753074646,0.2714710533618927,0.2657012343406677,0.2658312916755676,0.30156806111335754,9.106410914228036e-08,0.0,379.85694264420124,616.2931272941472,1.3601051110272864,0.5479375720024109,0.10656415671110153,0.870542049407959,0.48199671506881714
PINN20260512-HS,1,303,physics,0.23370160162448883,0.039687518030405045,0.052102893590927124,0.07210206240415573,0.009636380709707737,0.017358776181936264,0.2854781150817871,0.27096253633499146,0.2653992772102356,0.2671937346458435,0.2991873323917389,9.033011139081282e-08,0.0,371.5999823398812,611.3642275681494,1.3563567235181198,0.5474311709403992,0.10657405853271484,0.8705804944038391,0.4782806634902954
PINN20260512-HS,1,307,physics,0.22738997638225555,0.037892475724220276,0.050383105874061584,0.07237308472394943,0.009237335063517094,0.01676766946911812,0.284723699092865,0.2704938054084778,0.26512616872787476,0.268739253282547,0.2967306971549988,8.96657752491592e-08,0.0,362.9709871325806,606.3892623554609,1.3521458905918489,0.5469496846199036,0.10658897459506989,0.8706204891204834,0.4743974506855011
PINN20260512-HS,1,311,physics,0.2209804803133011,0.03606241196393967,0.04866381734609604,0.0726102814078331,0.008840418420732021,0.016175422817468643,0.28434932231903076,0.27008259296417236,0.2648862898349762,0.2703980803489685,0.29428306221961975,8.900165937575366e-08,0.0,353.9573817919327,601.6558921011246,1.3478972105856466,0.5464890599250793,0.10660552978515625,0.8706613183021545,0.4705204367637634
PINN20260512-HS,1,315,physics,0.2145315259695053,0.03420761600136757,0.04694762080907822,0.07293550670146942,0.008450199849903584,0.015589977614581585,0.28345489501953125,0.26971158385276794,0.26467519998550415,0.27229171991348267,0.2918388247489929,8.90937741360176e-08,0.0,344.5923542753089,597.0766544171695,1.3438277371083247,0.5460511445999146,0.10662652552127838,0.8707029223442078,0.46663349866867065
PINN20260512-HS,1,319,physics,0.20807860791683197,0.03233853727579117,0.04526185989379883,0.07323090732097626,0.008071286603808403,0.015016821213066578,0.28319036960601807,0.26937270164489746,0.2644914388656616,0.27433398365974426,0.28932759165763855,8.945438167984321e-08,0.0,334.91042412486956,592.7743826701691,1.3389882987094421,0.545640230178833,0.10665454715490341,0.870745062828064,0.4625862240791321
PINN20260512-HS,1,324,physics,0.20005451142787933,0.030006565153598785,0.04318591207265854,0.07359275221824646,0.00761663680896163,0.014310077764093876,0.2829403281211853,0.26901185512542725,0.26430001854896545,0.276998907327652,0.28622254729270935,8.994980760235194e-08,0.0,322.4027833122723,587.9629293161262,1.3337572515600435,0.5451597571372986,0.10669756680727005,0.8707982897758484,0.4575653076171875
PINN20260512-HS,1,328,physics,0.19371524453163147,0.028160205110907555,0.04153493791818619,0.073955237865448,0.007269022986292839,0.01374899223446846,0.2820777893066406,0.2687562108039856,0.26416847109794617,0.27926889061927795,0.28371700644493103,9.05485109115034e-08,0.0,312.16343125436714,584.2808614014325,1.329540338087832,0.544806718826294,0.10674398392438889,0.8708415031433105,0.45347854495048523
PINN20260512-HS,1,332,physics,0.18747153878211975,0.02634730376303196,0.039907343685626984,0.07419885694980621,0.006937474478036165,0.013193068094551563,0.28209829330444336,0.26851966977119446,0.26405009627342224,0.2814551889896393,0.28120362758636475,8.996714484510449e-08,0.0,301.78804389422055,580.6549373336974,1.3256779186061525,0.5444846749305725,0.1068023294210434,0.8708857893943787,0.4493284821510315
PINN20260512-HS,1,336,physics,0.18138273060321808,0.024582423269748688,0.03825534135103226,0.07454575598239899,0.006618098821491003,0.012629503384232521,0.2812913954257965,0.268311083316803,0.2639423608779907,0.2837594747543335,0.2786486744880676,8.946150842348288e-08,0.0,291.3347516174478,577.0371251054822,1.3231805026348444,0.5441928505897522,0.1068766862154007,0.8709311485290527,0.4451346695423126
PINN20260512-HS,1,340,physics,0.17548130452632904,0.022874552756547928,0.036597840487957,0.07489930838346481,0.006313816178590059,0.012067955918610096,0.2806466817855835,0.2681134045124054,0.26383906602859497,0.28614404797554016,0.2760430574417114,8.89761793132493e-08,0.0,280.87726690228953,573.377220946211,1.3205410471146393,0.5439323782920837,0.10696681588888168,0.870976984500885,0.44084057211875916
PINN20260512-HS,1,344,physics,0.16978180408477783,0.021229617297649384,0.03495992720127106,0.07518921792507172,0.0060287341475486755,0.01151550468057394,0.28062379360198975,0.2679286599159241,0.2637389004230499,0.28846749663352966,0.273483544588089,8.808667928406066e-08,0.0,270.43175837445574,569.8806618494788,1.3179370595207693,0.5436972975730896,0.10706618428230286,0.8710229992866516,0.4365823566913605
PINN20260512-HS,1,348,physics,0.16432051360607147,0.0196557454764843,0.033329956233501434,0.07555384188890457,0.0057594059035182,0.010966398753225803,0.2800222635269165,0.2677600681781769,0.263637900352478,0.2909180819988251,0.27093446254730225,8.795326777999435e-08,0.0,260.07093383344477,566.4393171382086,1.3156112253498262,0.5434870719909668,0.10717672854661942,0.8710688352584839,0.43231895565986633
PINN20260512-HS,1,353,physics,0.15785859525203705,0.01779957301914692,0.031335167586803436,0.07595998793840408,0.005444544367492199,0.010302598588168621,0.27983275055885315,0.2675427496433258,0.2635028660297394,0.2939870357513428,0.26779040694236755,8.78011761074049e-08,0.0,247.36601486966637,562.0078680499055,1.3115765040897525,0.5432617664337158,0.10732855647802353,0.8711259365081787,0.4269808828830719
PINN20260512-HS,1,357,physics,0.15300819277763367,0.016410844400525093,0.029770784080028534,0.07629484683275223,0.0052065541967749596,0.009784149006009102,0.2797238230705261,0.2673821747303009,0.26338887214660645,0.2964931130409241,0.2653222382068634,8.811608864789378e-08,0.0,237.41165297590175,558.619923337863,1.3083677510626295,0.5431069135665894,0.10745871812105179,0.8711711168289185,0.42278042435646057
PINN20260512-HS,1,361,physics,0.1484529823064804,0.015110691078007221,0.02826535329222679,0.07661363482475281,0.004981574602425098,0.009285408072173595,0.27970096468925476,0.26723581552505493,0.2632679343223572,0.2989075183868408,0.2629533112049103,8.823096209198411e-08,0.0,227.69733028463466,555.4081550985725,1.3056234064860726,0.542969286441803,0.10759051144123077,0.8712155818939209,0.4186870753765106
PINN20260512-HS,1,365,physics,0.1441957652568817,0.013900193385779858,0.02684437669813633,0.0769021138548851,0.004768992308527231,0.008817086927592754,0.2796781063079834,0.26708555221557617,0.26313328742980957,0.30116569995880127,0.2607581317424774,8.769815451614704e-08,0.0,218.2955994746573,552.2237997406486,1.3038668187509799,0.542849600315094,0.10772155225276947,0.8712593913078308,0.41476762294769287
PINN20260512-HS,1,369,physics,0.1402529925107956,0.012780777178704739,0.025489188730716705,0.07721981406211853,0.0045640491880476475,0.008371629752218723,0.2794404625892639,0.26693102717399597,0.26298558712005615,0.3034513592720032,0.25858375430107117,8.738316381595723e-08,0.0,209.2736321780649,548.9795931999658,1.3022233418028157,0.5427525639533997,0.10785754770040512,0.871303141117096,0.4108528792858124
PINN20260512-HS,1,373,physics,0.13662470877170563,0.011753722093999386,0.024198174476623535,0.07752212882041931,0.00436811987310648,0.007949874736368656,0.27940553426742554,0.2667812705039978,0.26283007860183716,0.3057086169719696,0.25646525621414185,8.719054278572003e-08,0.0,200.63788899407808,545.9627391132109,1.2997604052348672,0.5426747798919678,0.10799448937177658,0.8713461756706238,0.40704143047332764
PINN20260512-HS,1,377,physics,0.13330569863319397,0.0108158178627491,0.022988159209489822,0.07781856507062912,0.004183752927929163,0.007554599083960056,0.2793574333190918,0.2666392922401428,0.2626695930957794,0.3079290986061096,0.2544698119163513,8.737614365372792e-08,0.0,192.40844007605278,543.3626781441656,1.2974552759687832,0.5426086783409119,0.10812637954950333,0.8713879585266113,0.40341922640800476
PINN20260512-HS,1,381,physics,0.13028690218925476,0.009964456781744957,0.021868810057640076,0.078099824488163,0.004012479446828365,0.007190939504653215,0.27928775548934937,0.2664913535118103,0.2625015676021576,0.3100842535495758,0.2525920271873474,8.777006854643332e-08,0.0,184.65658582216884,541.0531974769209,1.2954412630449958,0.5425528883934021,0.10825196653604507,0.8714281320571899,0.399931401014328
PINN20260512-HS,1,386,physics,0.12691977620124817,0.009020650759339333,0.020579040050506592,0.07841496169567108,0.003814983181655407,0.00677311047911644,0.27933380007743835,0.2663050889968872,0.26228228211402893,0.3125908374786377,0.25038841366767883,8.778755500316038e-08,0.0,175.62082401618835,538.5957435776855,1.2936100533557406,0.5424989461898804,0.10840258747339249,0.8714765310287476,0.39583197236061096
PINN20260512-HS,1,390,physics,0.12453515082597733,0.00835373904556036,0.019642770290374756,0.07866493612527847,0.003667761804535985,0.006466337479650974,0.27929818630218506,0.2661435604095459,0.2620927393436432,0.31455060839653015,0.2486620396375656,8.773423587626894e-08,0.0,168.95688128743086,536.6457164647827,1.2927533098324449,0.5424741506576538,0.10852444171905518,0.8715143203735352,0.39264562726020813
PINN20260512-HS,1,394,physics,0.12240850180387497,0.007759678177535534,0.018797047436237335,0.07889644056558609,0.0035320043098181486,0.0061910455115139484,0.279295951128006,0.2659660577774048,0.26189175248146057,0.3164518475532532,0.2469835728406906,8.769102777250737e-08,0.0,162.80080932116093,534.8054844988036,1.2916440948147894,0.5424628257751465,0.10864531248807907,0.8715510368347168,0.3895455002784729
PINN20260512-HS,1,398,physics,0.12051771581172943,0.007233881391584873,0.018035147339105606,0.07910031080245972,0.003408815711736679,0.005941478535532951,0.27930134534835815,0.26579800248146057,0.2616923451423645,0.3182510435581207,0.24540407955646515,8.780175164702086e-08,0.0,157.10931828069587,533.3274967128547,1.2905387877431915,0.5424540638923645,0.10875886678695679,0.8715860247612,0.38667285442352295
PINN20260512-HS,1,402,physics,0.11884421110153198,0.006769564002752304,0.017359817400574684,0.07927937060594559,0.0032976192887872458,0.005720521789044142,0.2792994976043701,0.26563015580177307,0.2614929676055908,0.319936603307724,0.2439378947019577,8.79441088841304e-08,0.0,151.9147324570596,532.0118654691829,1.2896087807149454,0.5424470901489258,0.10886456817388535,0.8716192245483398,0.3839699327945709
PINN20260512-HS,1,406,physics,0.11736562848091125,0.0063603464514017105,0.01675897091627121,0.07944163680076599,0.003195827826857567,0.005523225758224726,0.27928513288497925,0.26546356081962585,0.26129332184791565,0.3215131461620331,0.24255509674549103,8.789510985707238e-08,0.0,147.1634335420148,530.8111716985618,1.2891633274313576,0.5424447059631348,0.10896583646535873,0.8716511726379395,0.38140538334846497
PINN20260512-HS,1,410,physics,0.1160614937543869,0.006000181660056114,0.016220536082983017,0.07959222048521042,0.003102254355326295,0.00534554198384285,0.27928435802459717,0.26529955863952637,0.2610941529273987,0.3230109214782715,0.24121195077896118,8.773030657494019e-08,0.0,142.84162722662467,529.6547224371742,1.288769628286461,0.5424479842185974,0.10906512290239334,0.8716821670532227,0.3789520263671875
PINN20260512-HS,1,415,physics,0.11464399844408035,0.005610122345387936,0.015631649643182755,0.07975312322378159,0.002998026553541422,0.005152298137545586,0.27930235862731934,0.2650940418243408,0.26084640622138977,0.3248077929019928,0.23960891366004944,8.7829313599741e-08,0.0,138.00985019193377,528.3638069550185,1.2878977387098443,0.542454719543457,0.10918319970369339,0.8717186450958252,0.3760409951210022
PINN20260512-HS,1,419,physics,0.11365967988967896,0.005340881645679474,0.015221957117319107,0.07985815405845642,0.0029237568378448486,0.0050161611288785934,0.2793275713920593,0.264943391084671,0.26065415143966675,0.32611483335494995,0.23845608532428741,8.795046824161545e-08,0.0,134.5435425568615,527.493631478144,1.2874980121980721,0.5424551367759705,0.10926785320043564,0.8717458248138428,0.37393718957901
PINN20260512-HS,1,423,physics,0.1127866581082344,0.005103744100779295,0.014858737587928772,0.07994507253170013,0.0028563279192894697,0.004896330647170544,0.2793567180633545,0.2647891342639923,0.2604616582393646,0.32732293009757996,0.2373809963464737,8.795733918987025e-08,0.0,131.42327104388704,526.6140367954504,1.287106396150231,0.542455792427063,0.10934724658727646,0.8717715740203857,0.3719332814216614
PINN20260512-HS,1,427,physics,0.1120106503367424,0.004894772544503212,0.014530906453728676,0.08001991361379623,0.0027944166213274,0.004787025973200798,0.2793915867805481,0.26464441418647766,0.26027199625968933,0.32844656705856323,0.2363469898700714,8.784526528415881e-08,0.0,128.57520750274915,525.7813233655223,1.2868973931080765,0.5424574613571167,0.10942337661981583,0.8717960715293884,0.3700564205646515
PINN20260512-HS,1,431,physics,0.11131832748651505,0.004709383472800255,0.014239445328712463,0.08008328080177307,0.002738269977271557,0.004690464586019516,0.2794135808944702,0.2644926607608795,0.2600816786289215,0.32953646779060364,0.23535111546516418,8.790831174110281e-08,0.0,126.02904938569719,524.8588798429536,1.2865337775086236,0.5424609780311584,0.10949643701314926,0.8718191385269165,0.3682505786418915
PINN20260512-HS,1,435,physics,0.11069601029157639,0.004545433446764946,0.01397621538490057,0.08013003319501877,0.002687427680939436,0.004603303037583828,0.27941763401031494,0.2643496096134186,0.259896457195282,0.3305359482765198,0.23442378640174866,8.798024708767116e-08,0.0,123.69874648844466,524.0853043637076,1.2859874122323338,0.5424610376358032,0.10956273227930069,0.8718409538269043,0.3665779232978821
PINN20260512-HS,1,439,physics,0.11013506352901459,0.004399525932967663,0.013738421723246574,0.08016622811555862,0.002640543272718787,0.004523277282714844,0.2794002294540405,0.26421335339546204,0.25971561670303345,0.33147066831588745,0.23356647789478302,8.815838015152622e-08,0.0,121.58116421628598,523.3564153614628,1.2855024162440098,0.5424580574035645,0.10962291061878204,0.8718610405921936,0.36503058671951294
PINN20260512-HS,1,444,physics,0.10950613021850586,0.004238923080265522,0.013475460931658745,0.08019321411848068,0.0025867002550512552,0.004435133188962936,0.27934515476226807,0.26403892040252686,0.2594899833202362,0.33255210518836975,0.23260390758514404,8.834197018359191e-08,0.0,119.16226955028593,522.5655461279475,1.2850179275391405,0.5424540042877197,0.10969195514917374,0.8718844056129456,0.3632793128490448
PINN20260512-HS,1,448,physics,0.10905281454324722,0.004125729203224182,0.013285821303725243,0.08020401746034622,0.0025470219552516937,0.004370707552880049,0.27927714586257935,0.2639071047306061,0.25931304693222046,0.3333359360694885,0.2318902164697647,8.837628939772912e-08,0.0,117.39467520132675,522.0100274420023,1.2847385868160728,0.5424492955207825,0.10974235832691193,0.8719017505645752,0.3620162308216095
PINN20260512-HS,1,452,physics,0.10864084959030151,0.004025421105325222,0.013124695979058743,0.0801929458975792,0.002509450074285269,0.004315675236284733,0.2791837751865387,0.2637695372104645,0.259134978055954,0.3340734541416168,0.23132365942001343,8.847146659718419e-08,0.0,115.72372474453974,521.6949839225982,1.2846559668011626,0.5424436330795288,0.10978737473487854,0.8719179630279541,0.36099621653556824
PINN20260512-HS,1,456,physics,0.10831022262573242,0.003948582801967859,0.013037236407399178,0.08012600988149643,0.002474753651767969,0.004281734582036734,0.2790765166282654,0.26363760232925415,0.2589550018310547,0.3347654938697815,0.23114271461963654,8.868496337299803e-08,0.0,114.18314681083632,522.2571505015513,1.285216542960085,0.5424360632896423,0.10982407629489899,0.871933102607727,0.3606868386268616
PINN20260512-HS,1,460,physics,0.10832734405994415,0.003954512532800436,0.013227863237261772,0.07995448261499405,0.002467278391122818,0.00433495594188571,0.2789456844329834,0.26350778341293335,0.25876757502555847,0.335449755191803,0.2316814661026001,8.919728600176313e-08,0.0,113.50444821955217,523.7592182959647,1.2866104049947877,0.5424284934997559,0.10985248535871506,0.8719474673271179,0.3616950213909149
PINN20260512-HS,1,464,physics,0.10759634524583817,0.0037810697685927153,0.012712419033050537,0.08013678342103958,0.002413718029856682,0.004172786138951778,0.27880632877349854,0.2633891701698303,0.2586298882961273,0.3359719216823578,0.22973807156085968,8.883397129011428e-08,0.0,112.07516137340602,519.1052097118657,1.2823848203176855,0.5424158573150635,0.10989882797002792,0.871959388256073,0.3582284152507782
PINN20260512-HS,1,468,physics,0.10744946449995041,0.003727447474375367,0.012527307495474815,0.08039222657680511,0.002428224543109536,0.00412412453442812,0.2786717414855957,0.2632836103439331,0.2585046887397766,0.3364298939704895,0.22746019065380096,8.825831088188352e-08,0.0,111.2704686226314,518.1269752676461,1.2814769023904629,0.5424037575721741,0.1099434643983841,0.8719698786735535,0.35403504967689514
PINN20260512-HS,1,472,physics,0.10709311813116074,0.0036713178269565105,0.012558605521917343,0.08004038035869598,0.002361737657338381,0.00411443505436182,0.2785276174545288,0.2631378173828125,0.25830012559890747,0.33704787492752075,0.2291305661201477,8.911310089843028e-08,0.0,109.36233408805566,520.5641771194018,1.2836987215196662,0.5423964262008667,0.10995757579803467,0.8719820976257324,0.35721555352211
PINN20260512-HS,1,477,physics,0.10669917613267899,0.0035853118170052767,0.012355327606201172,0.08004391938447952,0.0023288330994546413,0.0040480587631464005,0.2783505916595459,0.262984037399292,0.258107990026474,0.3375733494758606,0.22828049957752228,8.8882885052044e-08,0.0,108.10835312604202,519.6436579522548,1.2829652968001128,0.542380154132843,0.10999145358800888,0.871994137763977,0.3557139039039612
PINN20260512-HS,1,481,physics,0.10638399422168732,0.0035080546513199806,0.012105366215109825,0.08018762618303299,0.002316114492714405,0.0039740209467709064,0.2781981825828552,0.2628686726093292,0.2579728960990906,0.3379262685775757,0.2266921103000641,8.841036702733618e-08,0.0,107.92567881851612,516.9716505767024,1.28073061723656,0.5423663854598999,0.11002323776483536,0.8720022439956665,0.3527967631816864
PINN20260512-HS,1,485,physics,0.10611981153488159,0.0034576591569930315,0.012017395347356796,0.08010493963956833,0.002285553840920329,0.003940936177968979,0.27804532647132874,0.26273927092552185,0.25781115889549255,0.3383519947528839,0.22659163177013397,8.857614375301637e-08,0.0,106.39396955566842,518.0790842139837,1.2815753155425527,0.5423566102981567,0.11004409939050674,0.8720108270645142,0.35267844796180725
PINN20260512-HS,1,489,physics,0.10589450597763062,0.00341614056378603,0.011943934485316277,0.08002998679876328,0.0022602942772209644,0.00391294015571475,0.2778928279876709,0.2626182734966278,0.25765684247016907,0.33873701095581055,0.2264261692762375,8.872858359154634e-08,0.0,105.71104575829575,517.3088717101225,1.280769517167244,0.5423449277877808,0.11006256937980652,0.8720185160636902,0.3524682819843292
PINN20260512-HS,1,493,physics,0.10567475855350494,0.003367380006238818,0.011794937774538994,0.08008643239736557,0.0022498357575386763,0.0038690310902893543,0.27773115038871765,0.2625000774860382,0.25751951336860657,0.33905455470085144,0.22540906071662903,8.860259725906872e-08,0.0,105.12904087061291,516.6078057869432,1.2801496251874818,0.5423314571380615,0.11008457839488983,0.8720248937606812,0.3506149351596832
PINN20260512-HS,1,497,physics,0.10544946789741516,0.0033313692547380924,0.011745581403374672,0.07995659112930298,0.0022182210814207792,0.0038450879510492086,0.2775747776031494,0.2623779773712158,0.2573640048503876,0.33939826488494873,0.22561421990394592,8.882350499561653e-08,0.0,104.07866334682868,517.2488823090872,1.280677288852084,0.5423202514648438,0.11009688675403595,0.8720315098762512,0.3510952293872833
PINN20260512-HS,1,501,physics,0.10523108392953873,0.0032872967422008514,0.011617274023592472,0.07996923476457596,0.0022023655474185944,0.0038047509733587503,0.2774043381214142,0.2622595727443695,0.2572248578071594,0.33967718482017517,0.22491110861301422,8.872152790218024e-08,0.0,103.64262610196877,516.2340493903904,1.2797971768243932,0.5423086285591125,0.11011432111263275,0.8720369935035706,0.3498484790325165
PINN20260512-HS,1,506,physics,0.10497739166021347,0.003242472419515252,0.011508986353874207,0.07991120964288712,0.0021769492886960506,0.0037669397424906492,0.27716803550720215,0.262109637260437,0.2570464015007019,0.3400205075740814,0.22451584041118622,8.880606117145362e-08,0.0,102.75926623363462,516.0936203829689,1.2795197898612274,0.5422949194908142,0.11013057082891464,0.8720433712005615,0.3492223024368286
PINN20260512-HS,1,510,physics,0.10478328168392181,0.0032074241898953915,0.011412518098950386,0.07988826930522919,0.0021599445026367903,0.003735109930858016,0.2769627571105957,0.2619936466217041,0.25690943002700806,0.3402668237686157,0.2240653932094574,8.88544136046221e-08,0.0,102.08952681041772,516.0104771223158,1.279267380855234,0.5422836542129517,0.11014263331890106,0.8720479011535645,0.34846025705337524
PINN20260512-HS,1,514,physics,0.10459239035844803,0.0031773713417351246,0.011346938088536263,0.07981134951114655,0.002137277740985155,0.003709518350660801,0.27675530314445496,0.2618739902973175,0.25676923990249634,0.34052374958992004,0.22396478056907654,8.90773179662574e-08,0.0,101.38730562643185,516.1323413137371,1.2791927577673399,0.5422737002372742,0.11015144735574722,0.8720520734786987,0.34836888313293457
PINN20260512-HS,1,518,physics,0.10440544784069061,0.0031443890184164047,0.011247169226408005,0.07979241758584976,0.002121546072885394,0.0036771558225154877,0.2765733599662781,0.26176097989082336,0.2566390335559845,0.3407045900821686,0.22349044680595398,8.89134526005364e-08,0.0,100.91914984128384,515.6916775070158,1.278755278171232,0.5422622561454773,0.11016092449426651,0.87205570936203,0.3475664556026459
PINN20260512-HS,1,522,physics,0.10422506183385849,0.0031146688852459192,0.011164560914039612,0.07975073903799057,0.0021040940191596746,0.0036489558406174183,0.2763827443122864,0.26164257526397705,0.25650668144226074,0.3408885598182678,0.2231624573469162,8.881899304924445e-08,0.0,100.3249456843237,515.6532568015061,1.278781825260392,0.5422529578208923,0.11016924679279327,0.8720592260360718,0.34703531861305237
PINN20260512-HS,1,526,physics,0.10404960811138153,0.003087518969550729,0.011095581576228142,0.07968863099813461,0.002084688050672412,0.003623577766120434,0.2761992812156677,0.2615240216255188,0.2563733756542206,0.3410879671573639,0.22296670079231262,8.88746569671639e-08,0.0,99.74053252376889,515.6204696770678,1.278711456138708,0.5422458052635193,0.11017674207687378,0.8720625042915344,0.3467712104320526
PINN20260512-HS,1,530,physics,0.10387879610061646,0.0030595199204981327,0.011010440066456795,0.0796542689204216,0.0020690658129751682,0.0035957570653408766,0.2760431170463562,0.26140832901000977,0.2562465965747833,0.3412432074546814,0.2225961536169052,8.877832158304955e-08,0.0,99.27432006818279,515.3763188195593,1.278234514667424,0.5422375798225403,0.11018367111682892,0.8720653653144836,0.34618493914604187
PINN20260512-HS,1,535,physics,0.10366995632648468,0.003027335274964571,0.010919222608208656,0.07959021627902985,0.002047846093773842,0.003563816426321864,0.27582353353500366,0.2612622082233429,0.2560887336730957,0.34145572781562805,0.2222692370414734,8.892433100982089e-08,0.0,98.6284309051528,515.3268380358236,1.2781525775622578,0.5422290563583374,0.11019035428762436,0.8720685243606567,0.34569674730300903
PINN20260512-HS,1,539,physics,0.1035064309835434,0.0030016859527677298,0.010839801281690598,0.07955241948366165,0.002032404998317361,0.00353697850368917,0.2756471335887909,0.2611461877822876,0.2559662461280823,0.3415917754173279,0.2219371199607849,8.889383451560207e-08,0.0,98.17456948594173,515.1388465743969,1.278062963914976,0.5422227382659912,0.11019530147314072,0.8720707893371582,0.3451648950576782
PINN20260512-HS,1,543,physics,0.10334617644548416,0.0029777917079627514,0.010766739025712013,0.07950349897146225,0.0020163373555988073,0.003511972026899457,0.27548134326934814,0.2610321044921875,0.25584521889686584,0.3417080342769623,0.22166715562343597,8.878856050387185e-08,0.0,97.69289812340506,515.0777247173479,1.2779137831899523,0.5422174334526062,0.11019930988550186,0.8720729351043701,0.34477394819259644
PINN20260512-HS,1,547,physics,0.10318894684314728,0.0029545919969677925,0.010698063299059868,0.07945367693901062,0.0020002329256385565,0.003487912705168128,0.2752854824066162,0.2609151303768158,0.2557244896888733,0.3418564796447754,0.22141768038272858,8.896389402934801e-08,0.0,97.22312952205611,515.0313400658255,1.2777443453613822,0.5422143936157227,0.110203318297863,0.8720749020576477,0.34442636370658875
PINN20260512-HS,1,551,physics,0.10303395986557007,0.00293219112791121,0.010626537725329399,0.07940651476383209,0.0019849136006087065,0.003463249420747161,0.27509695291519165,0.26080381870269775,0.2556086778640747,0.34194692969322205,0.22115756571292877,8.889607272521971e-08,0.0,96.79355951747254,514.9210194291936,1.2776418959991265,0.5422096252441406,0.11020524799823761,0.8720765709877014,0.3440389335155487
PINN20260512-HS,1,555,physics,0.10288193821907043,0.0029101669788360596,0.010555414482951164,0.07936295121908188,0.001970091136172414,0.0034390653017908335,0.2749054431915283,0.26068925857543945,0.25549423694610596,0.34203192591667175,0.22088252007961273,8.881170288077556e-08,0.0,96.37096700381292,514.8323149337073,1.2774888806963287,0.5422064661979675,0.11020739376544952,0.8720781207084656,0.3436275124549866
PINN20260512-HS,1,559,physics,0.10273337364196777,0.002888656686991453,0.01048792339861393,0.07931972295045853,0.0019552581943571568,0.0034156569745391607,0.27469900250434875,0.2605729401111603,0.25537997484207153,0.34214988350868225,0.2206154465675354,8.893983505231517e-08,0.0,95.95351047186861,514.7160321478242,1.2773512723065488,0.5422065258026123,0.11021047830581665,0.872079610824585,0.34324535727500916
PINN20260512-HS,1,563,physics,0.10258572548627853,0.002868502400815487,0.010420909151434898,0.07926816493272781,0.0019409188535064459,0.00339296436868608,0.274519681930542,0.26046180725097656,0.255270779132843,0.3422115445137024,0.22036825120449066,8.883888824584574e-08,0.0,95.53900340633139,514.690167722291,1.2771215985257809,0.5422046184539795,0.11021120101213455,0.8720809817314148,0.342911034822464
PINN20260512-HS,1,568,physics,0.1024056226015091,0.002843699883669615,0.010340808890759945,0.07920733094215393,0.0019228931050747633,0.003364887088537216,0.27427515387535095,0.26032140851020813,0.2551354169845581,0.3423100411891937,0.22007736563682556,8.891704084135199e-08,0.0,95.03457943855226,514.6465716877943,1.2771340563726463,0.5422044396400452,0.11021193116903305,0.8720824122428894,0.3425000011920929
PINN20260512-HS,1,572,physics,0.10226427018642426,0.002824419178068638,0.01027559395879507,0.07916026562452316,0.0019087925320491195,0.0033422461710870266,0.27410459518432617,0.26020973920822144,0.25502997636795044,0.34235242009162903,0.21983757615089417,8.877498913761883e-08,0.0,94.64430739286436,514.5739742738647,1.2770706403344767,0.5422053337097168,0.11021219193935394,0.8720834851264954,0.34216275811195374
PINN20260512-HS,1,576,physics,0.10212425887584686,0.002804902382194996,0.010211773216724396,0.079116590321064,0.0018956814892590046,0.0033208539243787527,0.27391067147254944,0.26009342074394226,0.2549237906932831,0.3424430787563324,0.2195618897676468,8.893781000551826e-08,0.0,94.27758838597326,514.4566915688822,1.2768477826269233,0.5422096848487854,0.1102139875292778,0.8720846176147461,0.34177911281585693
PINN20260512-HS,1,580,physics,0.10198631137609482,0.0027866694144904613,0.010148374363780022,0.0790669247508049,0.00188252585940063,0.0032993059139698744,0.27374541759490967,0.25998467206954956,0.25482335686683655,0.3424772024154663,0.21932059526443481,8.88969964307762e-08,0.0,93.90653598126171,514.4176015165111,1.2767304229560927,0.5422114729881287,0.11021300405263901,0.8720855116844177,0.34145674109458923
PINN20260512-HS,1,584,physics,0.10185017436742783,0.0027685288805514574,0.010087278671562672,0.07901934534311295,0.00186920294072479,0.003277991898357868,0.27356070280075073,0.25987371802330017,0.2547229826450348,0.3425227403640747,0.21909336745738983,8.894269853954029e-08,0.0,93.54878406478622,514.3401415892016,1.276775121819281,0.54221510887146,0.11021213233470917,0.8720863461494446,0.3411308526992798
PINN20260512-HS,1,588,physics,0.10171591490507126,0.002750636078417301,0.010025041177868843,0.07897450029850006,0.001856418326497078,0.0032568261958658695,0.27338576316833496,0.2597631812095642,0.2546248137950897,0.34255310893058777,0.2188418060541153,8.889786329291383e-08,0.0,93.19520738582806,514.2551044958134,1.2766169018875377,0.542220413684845,0.11021170765161514,0.8720872402191162,0.3407879173755646
PINN20260512-HS,1,592,physics,0.1015840396285057,0.002732987515628338,0.00996311753988266,0.07893317192792892,0.0018445785390213132,0.0032362923957407475,0.2731993794441223,0.25965166091918945,0.2545279264450073,0.34258756041526794,0.21856574714183807,8.891427683010988e-08,0.0,92.88300667876499,514.0938934183132,1.276438103311936,0.5422269105911255,0.11021150648593903,0.8720880150794983,0.34040266275405884
PINN20260512-HS,1,597,physics,0.10142630338668823,0.0027173166163265705,0.009919969365000725,0.07882411032915115,0.001823884667828679,0.0032160328701138496,0.27295637130737305,0.2595164179801941,0.2544073164463043,0.34264102578163147,0.21858300268650055,8.913582405511988e-08,0.0,92.24629481041501,514.6818799025277,1.2767862995008947,0.5422357320785522,0.11020773649215698,0.872089147567749,0.3406192362308502
PINN20260512-HS,1,601,physics,0.10133517533540726,0.002713557565584779,0.009915393777191639,0.07872208207845688,0.0018090995727106929,0.003207957837730646,0.27276402711868286,0.2594088017940521,0.25431305170059204,0.3426757752895355,0.21869780123233795,8.931164785508372e-08,0.0,91.87872547718814,515.408878949519,1.2773237738700203,0.5422435998916626,0.11020373553037643,0.8720900416374207,0.34098997712135315
PINN20260512-HS,1,605,physics,0.10145112127065659,0.002760285045951605,0.010086496360599995,0.0785386934876442,0.0018066366901621222,0.003249801928177476,0.2726014256477356,0.2593075931072235,0.2542189955711365,0.3427225649356842,0.21931202709674835,8.959302988387208e-08,0.0,92.29270480040663,517.1607281590511,1.278849951007044,0.5422537326812744,0.1101970449090004,0.8720912337303162,0.3423572778701782
PINN20260512-HS,1,609,physics,0.1014944463968277,0.002785378135740757,0.010175203904509544,0.07842371612787247,0.0018062726594507694,0.003272021422162652,0.2724737226963043,0.2592089772224426,0.25413158535957336,0.3427271246910095,0.2194378674030304,8.964986619730553e-08,0.0,91.56519300647217,516.4165893443006,1.278375668167837,0.5422630310058594,0.11019379645586014,0.8720921277999878,0.34280213713645935
PINN20260512-HS,1,613,physics,0.10100208967924118,0.0026573697105050087,0.009667646139860153,0.07878273725509644,0.001803864841349423,0.003145792754366994,0.2723456025123596,0.25908517837524414,0.2540588080883026,0.34257227182388306,0.21675558388233185,8.870234324831472e-08,0.0,92.6488034528779,512.1718461610321,1.2747424875117797,0.5422683954238892,0.11020530015230179,0.872090756893158,0.33756905794143677
PINN20260512-HS,1,617,physics,0.10084852576255798,0.0026375274173915386,0.009603582322597504,0.0787099078297615,0.0017847423441708088,0.003119654720649123,0.2722206711769104,0.2589820623397827,0.25397273898124695,0.34257230162620544,0.21670681238174438,8.879699464614532e-08,0.0,90.75682760989666,514.0044078118397,1.2760975048820609,0.5422803163528442,0.1102035790681839,0.8720916509628296,0.3376210331916809
PINN20260512-HS,1,621,physics,0.1008034199476242,0.002660849830135703,0.009733697399497032,0.07840084284543991,0.0017523724818602204,0.0031360562425106764,0.2720671594142914,0.2588755190372467,0.2538753151893616,0.3426567316055298,0.2179984152317047,8.948067176106633e-08,0.0,90.34360137051074,515.2953036851782,1.2771486464016253,0.5422958135604858,0.11019551753997803,0.8720933198928833,0.3403700888156891
PINN20260512-HS,1,625,physics,0.10057768225669861,0.0026057884097099304,0.009501242078840733,0.07856587320566177,0.0017568564508110285,0.0030818076338618994,0.2719117999076843,0.2587677836418152,0.25380247831344604,0.3425331711769104,0.21648597717285156,8.892687475281491e-08,0.0,90.82149495197984,512.8453409654805,1.2750090448676188,0.5423035621643066,0.1102004423737526,0.8720927834510803,0.33750244975090027
PINN20260512-HS,1,630,physics,0.10040586441755295,0.002587613184005022,0.009451474994421005,0.07844942063093185,0.0017338733887299895,0.003057612804695964,0.27169424295425415,0.2586340308189392,0.25369688868522644,0.3425314128398895,0.2165728658437729,8.912970628216499e-08,0.0,90.04826993323498,513.341169447766,1.2752457725820994,0.5423213243484497,0.11019906401634216,0.872093915939331,0.3378428816795349
PINN20260512-HS,1,634,physics,0.10030990839004517,0.0025736335664987564,0.009388401173055172,0.07845304906368256,0.001732619828544557,0.0030420369002968073,0.2715229392051697,0.2585301995277405,0.25362062454223633,0.34247887134552,0.2160380482673645,8.904730464109889e-08,0.0,89.62092749202749,513.5506608407782,1.2752689374815995,0.5423335433006287,0.11020035296678543,0.8720942735671997,0.3369320034980774
PINN20260512-HS,1,638,physics,0.10018973052501678,0.002570390235632658,0.009401731193065643,0.07827369123697281,0.0017076723743230104,0.00303228129632771,0.2713610529899597,0.2584279179573059,0.2535378336906433,0.34247955679893494,0.21656306087970734,8.932795481086941e-08,0.0,89.04771807154859,514.4944727594262,1.2759672522712908,0.5423483848571777,0.11019647121429443,0.8720954656600952,0.33815476298332214
PINN20260512-HS,1,642,physics,0.10005409270524979,0.0025473739951848984,0.009309356100857258,0.07828406989574432,0.001702475710771978,0.0030069719068706036,0.2711958885192871,0.2583257257938385,0.2534637153148651,0.3424026072025299,0.21601203083992004,8.911187165949741e-08,0.0,89.01157535329324,513.5196563910674,1.2752116056434426,0.5423617959022522,0.11019805073738098,0.872096061706543,0.33718156814575195
PINN20260512-HS,1,646,physics,0.09994765371084213,0.0025322693400084972,0.009247438982129097,0.07827291637659073,0.0016982652014121413,0.002990326378494501,0.2710335850715637,0.25822001695632935,0.2533886730670929,0.3423417806625366,0.2155725061893463,8.896746805930889e-08,0.0,88.732315579641,513.434452973308,1.2750835898301505,0.5423772931098938,0.11019997298717499,0.872096836566925,0.3364405632019043
PINN20260512-HS,1,650,physics,0.09982696175575256,0.002524075098335743,0.009231291711330414,0.07815036177635193,0.0016802665777504444,0.0029769146349281073,0.27086812257766724,0.2581191062927246,0.2533121109008789,0.3423243463039398,0.21574556827545166,8.913418980682764e-08,0.0,88.24657504862441,513.9696306689725,1.2754552679806908,0.5423945784568787,0.11019887030124664,0.8720982670783997,0.33696892857551575
PINN20260512-HS,1,654,physics,0.09970834106206894,0.002509872894734144,0.009180305525660515,0.07810426503419876,0.0016719213454052806,0.00296026561409235,0.27065280079841614,0.2580147981643677,0.2532384991645813,0.34230366349220276,0.21547867357730865,8.93279406000147e-08,0.0,88.07399066711608,513.5753961201802,1.2751517345314254,0.542411744594574,0.11019976437091827,0.8720992803573608,0.3365752398967743
PINN20260512-HS,1,659,physics,0.09956575185060501,0.0024952171370387077,0.00912771001458168,0.07802409678697586,0.0016592419706285,0.00294089806266129,0.27043870091438293,0.25788965821266174,0.2531495988368988,0.3422386646270752,0.21528252959251404,8.938504691968774e-08,0.0,87.65961446306103,513.7407237605366,1.275202991232235,0.5424331426620483,0.11019938439130783,0.8721006512641907,0.3363698422908783
PINN20260512-HS,1,663,physics,0.09944764524698257,0.0024792104959487915,0.009067012928426266,0.07799993455410004,0.001653448911383748,0.0029235032852739096,0.27021849155426025,0.2577841579914093,0.25307708978652954,0.34218597412109375,0.2149047702550888,8.940547502334084e-08,0.0,87.51520236239674,513.30780848337,1.2748594074187296,0.5424529910087585,0.11020126193761826,0.8721017837524414,0.3357543647289276
PINN20260512-HS,1,667,physics,0.09933484345674515,0.0024659298360347748,0.009016881696879864,0.07795822620391846,0.0016462206840515137,0.0029078766237944365,0.27001625299453735,0.2576814889907837,0.253006249666214,0.3421171307563782,0.21462710201740265,8.939083784298418e-08,0.0,87.24877159325081,513.2352348095365,1.274592075486331,0.5424731373786926,0.11020217090845108,0.8721029758453369,0.3353571593761444
PINN20260512-HS,1,671,physics,0.099219910800457,0.002454959787428379,0.008981951512396336,0.07788537442684174,0.001634905580431223,0.002893327036872506,0.26979732513427734,0.25757962465286255,0.25293517112731934,0.3420722782611847,0.21453888714313507,8.956817509897519e-08,0.0,86.90276928035004,513.3810414789389,1.2745603895859026,0.5424946546554565,0.11020208150148392,0.8721044659614563,0.3353307545185089
PINN20260512-HS,1,675,physics,0.09910748153924942,0.0024437420070171356,0.00894346833229065,0.07782141864299774,0.0016251759370788932,0.0028786612674593925,0.26958462595939636,0.2574799358844757,0.25286665558815,0.34201568365097046,0.21439296007156372,8.971809251079321e-08,0.0,86.6241713975522,513.3815284464372,1.2744364252368818,0.5425159931182861,0.1102018877863884,0.8721057772636414,0.33518731594085693
PINN20260512-HS,1,679,physics,0.09899439662694931,0.002430693246424198,0.008894944563508034,0.07777626067399979,0.0016177867073565722,0.002862975001335144,0.2693793773651123,0.25738078355789185,0.25279995799064636,0.3419373631477356,0.21413502097129822,8.975316490023033e-08,0.0,86.40540517218092,513.212157640483,1.2743111102289715,0.5425378680229187,0.11020214110612869,0.872107207775116,0.3348206877708435
PINN20260512-HS,1,683,physics,0.09888298809528351,0.0024179411120712757,0.008848641067743301,0.07773179560899734,0.0016105693066492677,0.0028479075990617275,0.269157350063324,0.257280170917511,0.2527329921722412,0.34186413884162903,0.21388155221939087,8.982522103906376e-08,0.0,86.17170075911667,513.095629488305,1.2741337435533693,0.5425610542297363,0.11020271480083466,0.8721087574958801,0.33445650339126587
PINN20260512-HS,1,688,physics,0.09874232858419418,0.002404250903055072,0.008801460266113281,0.0776502713561058,0.0015988033264875412,0.002829998265951872,0.2688801884651184,0.2571566700935364,0.25265073776245117,0.3417687714099884,0.21370065212249756,8.99533176834666e-08,0.0,85.80498021039485,513.1541556881324,1.274003150928072,0.5425907373428345,0.11020243912935257,0.8721107840538025,0.3342830538749695
PINN20260512-HS,1,692,physics,0.09861629456281662,0.0023920033127069473,0.008761617355048656,0.07759006321430206,0.0015921015292406082,0.002816827967762947,0.268401563167572,0.2570512890815735,0.2525830566883087,0.3417949080467224,0.2134605199098587,9.075004214764704e-08,0.0,85.61465494075766,512.9717036543049,1.2740451288351815,0.5426164865493774,0.11020323634147644,0.8721124529838562,0.33392950892448425
PINN20260512-HS,1,696,physics,0.098491370677948,0.0023805475793778896,0.008715993724763393,0.07751230895519257,0.0015852822689339519,0.002803050447255373,0.2681710720062256,0.2569587230682373,0.2525220811367035,0.3417018949985504,0.21324174106121063,9.088951458124939e-08,0.0,85.35037220279857,513.0092287181586,1.2737936135455248,0.5426375865936279,0.11020135134458542,0.872114360332489,0.33364710211753845
PINN20260512-HS,1,700,physics,0.0983654111623764,0.002368417102843523,0.008676889352500439,0.077452152967453,0.0015778676606714725,0.0027896554674953222,0.267703652381897,0.25685399770736694,0.2524542510509491,0.34165894985198975,0.21303240954875946,9.118755883719132e-08,0.0,85.113349285306,512.8794631782404,1.273944339984403,0.5426657795906067,0.11020267754793167,0.8721166253089905,0.3333601951599121
PINN20260512-HS,1,704,physics,0.0982397273182869,0.0023564596194773912,0.008635606616735458,0.07738809287548065,0.0015704785473644733,0.002776219742372632,0.2673117518424988,0.2567515969276428,0.2523877024650574,0.3415580689907074,0.2128300964832306,9.115726840036587e-08,0.0,84.83126922474548,512.8845813143538,1.2735027786093094,0.5426942706108093,0.11020348221063614,0.872119128704071,0.3330955505371094
PINN20260512-HS,1,708,physics,0.09811501204967499,0.002344598527997732,0.008594361133873463,0.07732335478067398,0.0015631854766979814,0.0027626208029687405,0.2669271230697632,0.25665342807769775,0.25232380628585815,0.34147927165031433,0.21262486279010773,9.135855805197934e-08,0.0,84.59884947226676,512.7637126396523,1.273155312193735,0.5427232384681702,0.11020373553037643,0.8721214532852173,0.3328343629837036
PINN20260512-HS,1,712,physics,0.0979827344417572,0.002332874108105898,0.008554158732295036,0.07726023346185684,0.001556473202072084,0.0027502174489200115,0.2663126289844513,0.25655248761177063,0.25225967168807983,0.3414987027645111,0.21241463720798492,9.225318819972017e-08,0.0,84.3728616627186,512.7018809698283,1.2727672838921689,0.5427539944648743,0.11020423471927643,0.8721240162849426,0.33253213763237
PINN20260512-HS,1,716,physics,0.09785386174917221,0.0023219515569508076,0.008509664796292782,0.07719194144010544,0.0015498801367357373,0.0027363186236470938,0.2658465504646301,0.2564644515514374,0.2522038221359253,0.34140804409980774,0.21219764649868011,9.254998190044716e-08,0.0,84.13736211175747,512.7090427328154,1.2723585009728993,0.5427806973457336,0.11020249128341675,0.8721264600753784,0.33225032687187195
PINN20260512-HS,1,721,physics,0.09769613295793533,0.0023115656804293394,0.008478663861751556,0.07709067314863205,0.0015373541973531246,0.0027218495961278677,0.265048623085022,0.25633761286735535,0.2521239221096039,0.3413547873497009,0.21212224662303925,9.308740800406667e-08,0.0,83.69125446675268,513.0787281207437,1.2726986772124755,0.5428234934806824,0.11020363122224808,0.8721301555633545,0.3322655260562897
PINN20260512-HS,1,725,physics,0.09758367389440536,0.002306153532117605,0.008460866287350655,0.07699694484472275,0.0015276168705895543,0.002711608074605465,0.26458728313446045,0.2562461793422699,0.25206494331359863,0.34123989939689636,0.21209925413131714,9.314712201557995e-08,0.0,83.35126044150442,513.5536729495759,1.2726220778544712,0.5428560972213745,0.11020299047231674,0.872133195400238,0.33238455653190613
PINN20260512-HS,1,729,physics,0.09755148738622665,0.0023230495862662792,0.008523540571331978,0.07684320956468582,0.0015191019047051668,0.002720762277022004,0.2641359865665436,0.2561500370502472,0.25200310349464417,0.3412194550037384,0.2123912274837494,9.38388708959792e-08,0.0,83.33902780022994,514.7053768905081,1.2733978628453553,0.5428928136825562,0.11020178347826004,0.8721365332603455,0.3331160843372345
PINN20260512-HS,1,733,physics,0.0978987067937851,0.0024293181486427784,0.008879624307155609,0.07658359408378601,0.0015370184555649757,0.00281355157494545,0.26380473375320435,0.25607728958129883,0.2519524395465851,0.3411865830421448,0.21325290203094482,9.456751826064647e-08,0.0,84.76501871902997,517.0204601850878,1.2751870699190326,0.5429279208183289,0.1101963147521019,0.8721402883529663,0.3350589871406555
PINN20260512-HS,1,737,physics,0.09751097857952118,0.0023544272407889366,0.00862601213157177,0.07659608870744705,0.001514037954621017,0.002741266507655382,0.26345962285995483,0.25598201155662537,0.25189918279647827,0.34103086590766907,0.21254561841487885,9.452639204710067e-08,0.0,82.71410723181536,513.8976065326633,1.272906622901171,0.5429612398147583,0.11019649356603622,0.8721426129341125,0.3337778151035309
PINN20260512-HS,1,741,physics,0.09737265110015869,0.00229035597294569,0.008342604152858257,0.07703287154436111,0.0015638821059837937,0.002709115855395794,0.26312071084976196,0.2558794915676117,0.2518538534641266,0.34068480134010315,0.20976893603801727,9.320292804204655e-08,0.0,84.98046650554467,510.242237202096,1.2700907938931199,0.5429933071136475,0.11020508408546448,0.8721433281898499,0.32804831862449646
PINN20260512-HS,1,745,physics,0.09697475284337997,0.0022447556257247925,0.008232337422668934,0.07672146707773209,0.0014986743917688727,0.0026408983394503593,0.2627943754196167,0.2557829022407532,0.2517884075641632,0.34066900610923767,0.21083377301692963,9.38949114015486e-08,0.0,82.22545463921134,513.7622261318946,1.2727061332103384,0.5430374145507812,0.1102021113038063,0.8721480369567871,0.3304503262042999
PINN20260512-HS,1,750,physics,0.09686453640460968,0.0022322391159832478,0.008172564208507538,0.07670358568429947,0.0015050593065097928,0.0026326687075197697,0.26248878240585327,0.2556683421134949,0.2517223060131073,0.3404545485973358,0.21015775203704834,9.38167161734782e-08,0.0,82.10873423869869,512.687648573671,1.271508131106198,0.543083667755127,0.1102025955915451,0.8721514344215393,0.3292562663555145
PINN20260512-HS,1,754,physics,0.09681577980518341,0.0022570514120161533,0.008279607631266117,0.07641693949699402,0.0014777162577956915,0.0026383588556200266,0.2622253894805908,0.255582720041275,0.25166475772857666,0.3404085040092468,0.21114657819271088,9.446556958891961e-08,0.0,81.74444803872768,513.7952534813844,1.272605227993357,0.543125569820404,0.11019891500473022,0.8721559643745422,0.3314288854598999
PINN20260512-HS,1,758,physics,0.09663465619087219,0.002211436163634062,0.008100390434265137,0.0765606015920639,0.001490226830355823,0.0026054144836962223,0.26198244094848633,0.25549033284187317,0.2516170144081116,0.3401568531990051,0.20985981822013855,9.386928212506973e-08,0.0,82.27612557627972,511.5763322809217,1.2710304398086043,0.543163001537323,0.11020299047231674,0.8721582293510437,0.3288537263870239
PINN20260512-HS,1,762,physics,0.09650510549545288,0.0022020083852112293,0.008071765303611755,0.07644729316234589,0.0014778007753193378,0.0025908725801855326,0.2617648243904114,0.2554014325141907,0.2515648305416107,0.3400042951107025,0.20986317098140717,9.388142530042387e-08,0.0,81.41281163574625,512.7645963305189,1.2718807736545725,0.5432041883468628,0.11020337790250778,0.8721619844436646,0.3290371298789978
PINN20260512-HS,1,766,physics,0.09641832113265991,0.0022080016788095236,0.0081027178093791,0.07626956701278687,0.0014608027413487434,0.0025859223678708076,0.26152148842811584,0.2553181052207947,0.25151321291923523,0.3398895859718323,0.21023674309253693,9.417252755383743e-08,0.0,81.09970173245861,513.2106049177082,1.2722587712221318,0.5432462096214294,0.11020242422819138,0.872166097164154,0.32997795939445496
PINN20260512-HS,1,770,physics,0.0962880551815033,0.00218243058770895,0.008001156151294708,0.07631873339414597,0.0014669060474261642,0.0025664360728114843,0.2612690329551697,0.2552282512187958,0.25146427750587463,0.33967331051826477,0.20946285128593445,9.386810262412837e-08,0.0,81.30381631187431,511.9788203627177,1.2714214694672528,0.543286144733429,0.11020512133836746,0.8721692562103271,0.32844260334968567
PINN20260512-HS,1,774,physics,0.09617400914430618,0.002173682674765587,0.007971634157001972,0.07623222470283508,0.0014590153004974127,0.002554217353463173,0.26103389263153076,0.2551403343677521,0.2514135539531708,0.3395119607448578,0.2093420922756195,9.387811417127523e-08,0.0,80.81350601171967,512.5342976328511,1.2718927754653553,0.5433284044265747,0.11020644009113312,0.8721731901168823,0.328347772359848
PINN20260512-HS,1,779,physics,0.09604308754205704,0.0021614921279251575,0.007926736027002335,0.07615809142589569,0.001454907120205462,0.0025414067786186934,0.2607521414756775,0.2550307810306549,0.25135040283203125,0.33930814266204834,0.2090120017528534,9.390187472035905e-08,0.0,80.67358940411509,512.2106500259439,1.271649452522638,0.5433819890022278,0.1102089136838913,0.8721779584884644,0.3278445303440094
PINN20260512-HS,1,783,physics,0.09593052417039871,0.0021577072329819202,0.007918260991573334,0.07602370530366898,0.0014407727867364883,0.0025292441714555025,0.2605457901954651,0.2549498379230499,0.2513023018836975,0.33913272619247437,0.20916451513767242,9.392820743414632e-08,0.0,80.24630358017278,512.8575581972054,1.2722128205630048,0.543423593044281,0.11020791530609131,0.8721822500228882,0.32829704880714417
PINN20260512-HS,1,787,physics,0.0958215594291687,0.002147453837096691,0.007882506586611271,0.07596097886562347,0.0014361166395246983,0.002517593326047063,0.26030004024505615,0.2548607885837555,0.251251757144928,0.33898085355758667,0.2089422196149826,9.406594614347341e-08,0.0,80.1227543318298,512.5396630993547,1.2720671393192986,0.5434685945510864,0.1102098748087883,0.8721863031387329,0.32795482873916626
PINN20260512-HS,1,791,physics,0.09571374952793121,0.00213497132062912,0.007832461968064308,0.07592475414276123,0.001435288693755865,0.0025053038261830807,0.26009154319763184,0.2547791004180908,0.2512056827545166,0.3387472331523895,0.2085699737071991,9.376576315389684e-08,0.0,80.02507541585013,512.2211741523382,1.2719913146151016,0.5435110330581665,0.11021091789007187,0.8721903562545776,0.3273087739944458
PINN20260512-HS,1,795,physics,0.09560349583625793,0.0021269426215440035,0.007806573994457722,0.07583959400653839,0.0014282099436968565,0.0024947277270257473,0.25982925295829773,0.25469180941581726,0.2511553466320038,0.3385845124721527,0.2084539830684662,9.388319455183591e-08,0.0,79.71908687698323,512.4756396649503,1.2722419633190467,0.5435571074485779,0.11021239310503006,0.8721948266029358,0.32720598578453064
PINN20260512-HS,1,799,physics,0.09549640864133835,0.0021203539799898863,0.0077837007120251656,0.0757492333650589,0.0014202069723978639,0.0024830882903188467,0.2595715820789337,0.2546122968196869,0.251108855009079,0.3383944630622864,0.20838366448879242,9.391518318579983e-08,0.0,79.48840017083468,512.562648609904,1.2724525235331678,0.5436019897460938,0.11021246761083603,0.8721993565559387,0.3271764814853668
PINN20260512-HS,1,803,physics,0.09538688510656357,0.002110712230205536,0.007747753523290157,0.075687937438488,0.0014165667816996574,0.0024721557274460793,0.25926846265792847,0.254529744386673,0.25106188654899597,0.33819714188575745,0.20814913511276245,9.391290234361804e-08,0.0,79.33678952336678,512.4329834231985,1.2723138919579002,0.543647050857544,0.11021307855844498,0.8722039461135864,0.3267993628978729
PINN20260512-HS,1,807,physics,0.09527881443500519,0.002100791083648801,0.0077138496562838554,0.07563330233097076,0.00141356501262635,0.002462388016283512,0.2589128017425537,0.25443994998931885,0.25101184844970703,0.33804038166999817,0.20788486301898956,9.410349832705833e-08,0.0,79.18870238826685,512.2754386070056,1.27241272932559,0.5436959266662598,0.11021579056978226,0.8722085952758789,0.3263879716396332
PINN20260512-HS,1,812,physics,0.0951402336359024,0.002091514877974987,0.0076783704571425915,0.07553122192621231,0.0014056226937100291,0.002448282903060317,0.25852328538894653,0.25434184074401855,0.25095492601394653,0.3377540409564972,0.2077283412218094,9.39683459932894e-08,0.0,78.89624936625631,512.4091382869748,1.272659626258509,0.5437537431716919,0.11021573096513748,0.872214674949646,0.32621654868125916
PINN20260512-HS,1,816,physics,0.09502929449081421,0.002082478255033493,0.00764603354036808,0.07546905428171158,0.001401579356752336,0.002437841845676303,0.25813353061676025,0.2542579770088196,0.25090667605400085,0.33753666281700134,0.20752939581871033,9.395463251848923e-08,0.0,78.72125901618793,512.3257325666943,1.2726481963385368,0.5438023805618286,0.11021636426448822,0.8722197413444519,0.3258917033672333
PINN20260512-HS,1,820,physics,0.0949169173836708,0.002073647454380989,0.00761591037735343,0.07539889961481094,0.0013967506820335984,0.002427625237032771,0.2577604055404663,0.25417378544807434,0.25085821747779846,0.33735278248786926,0.20733776688575745,9.413501800281665e-08,0.0,78.52998469434303,512.2680267691904,1.2724542488363673,0.5438541173934937,0.11021847277879715,0.8722249269485474,0.3256312310695648
PINN20260512-HS,1,824,physics,0.09479471296072006,0.002065894193947315,0.0075847795233130455,0.07530996948480606,0.0013911804417148232,0.002416713396087289,0.25735679268836975,0.25409790873527527,0.25081461668014526,0.33709025382995605,0.20718751847743988,9.399121836395352e-08,0.0,78.32824500040678,512.292854478764,1.2728778138186154,0.5439028143882751,0.11021815985441208,0.8722301125526428,0.3254489302635193
PINN20260512-HS,2,1,pretrain,11.440594673156738,2.7668962478637695,3.951540231704712,0.6418383121490479,1.6365299224853516,1.3184665441513062,3.347299575805664,1.215528964996338,0.5539959669113159,0.0,0.0,0.0,0.0,3169.6646510317146,3385.2441566303605,5.861802939431002,0.47964972257614136,0.08934060484170914,0.8530898690223694,0.0
PINN20260512-HS,2,4,pretrain,10.92313003540039,2.667726993560791,3.770245313644409,0.5738305449485779,1.593927264213562,1.2566334009170532,2.415194034576416,0.4877605736255646,0.5272936820983887,0.0,0.0,0.0,0.0,3082.5079075324365,3318.655601293994,5.537739588617047,0.48116540908813477,0.09029591083526611,0.853775143623352,0.01573467254638672
PINN20260512-HS,2,6,pretrain,10.530083656311035,2.58811354637146,3.6307406425476074,0.5120507478713989,1.5589444637298584,1.2085585594177246,1.7252941131591797,0.41749826073646545,0.5101048946380615,0.0,0.0,0.0,0.0,3011.182658026577,3263.874844414228,5.354008115183098,0.48229122161865234,0.09104597568511963,0.8542318940162659,0.031142352148890495
PINN20260512-HS,2,9,pretrain,9.862015724182129,2.4428465366363525,3.3907883167266846,0.4068489670753479,1.4937424659729004,1.126275658607483,0.9847564697265625,0.5861107707023621,0.4854888319969177,0.0,0.0,0.0,0.0,2879.923783713729,3161.7231061558823,5.070243481828753,0.4840979278087616,0.09246161580085754,0.8549147248268127,0.06305240094661713
PINN20260512-HS,2,11,pretrain,9.3516845703125,2.3262317180633545,3.2090494632720947,0.332969605922699,1.4398837089538574,1.0640610456466675,0.8283185958862305,0.5499591827392578,0.4700091481208801,0.0,0.0,0.0,0.0,2773.896897867691,3077.2479588099495,4.884897039387614,0.4853722155094147,0.09362193942070007,0.8553662896156311,0.09112916886806488
PINN20260512-HS,2,14,pretrain,8.496310234069824,2.1214840412139893,2.9125890731811523,0.2252144068479538,1.340438961982727,0.9639867544174194,0.9778041839599609,0.41892969608306885,0.44816604256629944,0.0,0.0,0.0,0.0,2585.788081030617,2920.1910896378,4.636904289679494,0.4874008595943451,0.09562984108924866,0.8560374975204468,0.14452873170375824
PINN20260512-HS,2,16,pretrain,7.884117603302002,1.9691838026046753,2.710416793823242,0.16131055355072021,1.2602567672729492,0.8959800004959106,1.1878530979156494,0.397418349981308,0.43455591797828674,0.0,0.0,0.0,0.0,2444.686176178857,2792.803788310235,4.480783716375468,0.48884326219558716,0.09710520505905151,0.8564813733100891,0.18767935037612915
PINN20260512-HS,2,19,pretrain,6.943871021270752,1.7295198440551758,2.386898994445801,0.11687541753053665,1.118955373764038,0.7874459028244019,1.4562678337097168,0.44338762760162354,0.4156399667263031,0.0,0.0,0.0,0.0,2228.530008772599,2568.941416225757,4.207773187509157,0.49116280674934387,0.09945781528949738,0.8571405410766602,0.2619099020957947
PINN20260512-HS,2,21,pretrain,6.303826332092285,1.5645394325256348,2.1593568325042725,0.12386992573738098,1.0122098922729492,0.7116302251815796,1.4993183612823486,0.45550867915153503,0.4041033387184143,0.0,0.0,0.0,0.0,2099.1149325370443,2402.666955697356,3.97595037303954,0.4928275942802429,0.10109259933233261,0.8575750589370728,0.3154197335243225
PINN20260512-HS,2,24,pretrain,5.356241226196289,1.3257209062576294,1.8194389343261719,0.1447209119796753,0.8386789560317993,0.5997844934463501,1.2989059686660767,0.41851651668548584,0.3885796070098877,0.0,0.0,0.0,0.0,1959.6553268368395,2141.684150382591,3.566095618243865,0.4955481290817261,0.10362216085195541,0.8582198023796082,0.3963627219200134
PINN20260512-HS,2,26,pretrain,4.766629695892334,1.1825251579284668,1.613534688949585,0.1416100412607193,0.7229740023612976,0.5325763821601868,1.0236668586730957,0.39465534687042236,0.3795418441295624,0.0,0.0,0.0,0.0,1916.62235456023,1969.2843243168315,3.2896404534240733,0.4975636899471283,0.10535219311714172,0.8586462140083313,0.447595477104187
PINN20260512-HS,2,29,pretrain,4.048672676086426,1.0208804607391357,1.3402175903320312,0.10158812999725342,0.5686510801315308,0.44335150718688965,0.6165608167648315,0.3994036018848419,0.3681301772594452,0.0,0.0,0.0,0.0,1927.0153087093004,1730.2653698204792,2.9786518881468425,0.5010565519332886,0.10797972977161407,0.859281063079834,0.5160236358642578
PINN20260512-HS,2,32,pretrain,3.6359801292419434,0.9347424507141113,1.1361076831817627,0.0707056000828743,0.46299484372138977,0.3772730529308319,0.6517939567565918,0.40011292695999146,0.3595726788043976,0.0,0.0,0.0,0.0,1984.1985787717922,1537.7462404441117,2.8241465469287395,0.5053814053535461,0.11052641272544861,0.8598942756652832,0.5708048343658447
PINN20260512-HS,2,34,pretrain,3.5059244632720947,0.9064009785652161,1.049834132194519,0.07836508005857468,0.4240739345550537,0.34923797845840454,0.8121589422225952,0.38878104090690613,0.35560956597328186,0.0,0.0,0.0,0.0,2006.6885657719786,1445.9067224409741,2.7228517544051956,0.5086824297904968,0.11200859397649765,0.8602577447891235,0.5978040099143982
PINN20260512-HS,2,37,pretrain,3.3225722312927246,0.8646057844161987,0.9707698225975037,0.06662949919700623,0.3963083028793335,0.3233569860458374,0.7671389579772949,0.39024752378463745,0.3520980179309845,0.0,0.0,0.0,0.0,1971.9672284295193,1360.7637561310928,2.556149533939272,0.5136491656303406,0.11358167976140976,0.8606685996055603,0.6231527328491211
PINN20260512-HS,2,39,pretrain,3.1620934009552,0.8213828206062317,0.9338681697845459,0.06147325038909912,0.3863857388496399,0.3112212121486664,0.6454683542251587,0.39163777232170105,0.35091453790664673,0.0,0.0,0.0,0.0,1900.2876098106833,1334.5268824568502,2.4713749136528693,0.5167267918586731,0.11413796991109848,0.8608410358428955,0.6315850019454956
PINN20260512-HS,2,42,pretrain,2.883802890777588,0.7368158102035522,0.8894765973091125,0.07386704534292221,0.3742067813873291,0.29642540216445923,0.5544370412826538,0.3827075660228729,0.3499457836151123,0.0,0.0,0.0,0.0,1743.4751933996652,1338.4067487128118,2.4366068026165295,0.5208842158317566,0.11431214958429337,0.8609625697135925,0.6350439190864563
PINN20260512-HS,2,44,pretrain,2.702317714691162,0.6809796094894409,0.8680647611618042,0.0731600672006607,0.3675905764102936,0.28907516598701477,0.5454928278923035,0.3810791075229645,0.34940972924232483,0.0,0.0,0.0,0.0,1628.4550960956828,1367.1142051781922,2.4752462368625436,0.5234113931655884,0.11410050094127655,0.8609762787818909,0.6331462860107422
PINN20260512-HS,2,47,pretrain,2.491400718688965,0.6170973777770996,0.8507895469665527,0.058490049093961716,0.3612355887889862,0.28288567066192627,0.5421523451805115,0.3794429302215576,0.3483235239982605,0.0,0.0,0.0,0.0,1482.088981809122,1425.3788969954621,2.5725701388944437,0.5271278023719788,0.11361128836870193,0.8609748482704163,0.6280373334884644
PINN20260512-HS,2,49,pretrain,2.3982291221618652,0.5877996683120728,0.841334342956543,0.05936267599463463,0.3572092354297638,0.27963149547576904,0.5535032749176025,0.37602880597114563,0.3474021255970001,0.0,0.0,0.0,0.0,1413.1748830204986,1450.8811116008094,2.610348855812921,0.5296497344970703,0.11341677606105804,0.8610233664512634,0.626559317111969
PINN20260512-HS,2,52,pretrain,2.2652347087860107,0.5492187142372131,0.8149896860122681,0.06053685396909714,0.3460637032985687,0.27094146609306335,0.5393003225326538,0.3743608295917511,0.34588101506233215,0.0,0.0,0.0,0.0,1339.0866756860812,1449.1102442533488,2.58593184123532,0.533375084400177,0.11353185772895813,0.8612278699874878,0.6306760311126709
PINN20260512-HS,2,55,pretrain,2.117234945297241,0.5091446042060852,0.7734368443489075,0.060228172689676285,0.3307401239871979,0.25730669498443604,0.5141012668609619,0.3699243664741516,0.34429848194122314,0.0,0.0,0.0,0.0,1284.8865708691953,1409.1065431684008,2.5104640091849935,0.5367574691772461,0.11408501863479614,0.861573338508606,0.6414773464202881
PINN20260512-HS,2,57,pretrain,2.024657964706421,0.484091579914093,0.7420040369033813,0.06269089877605438,0.3224198818206787,0.24711690843105316,0.5124217867851257,0.36841511726379395,0.34322673082351685,0.0,0.0,0.0,0.0,1256.2590298182936,1375.8516453455293,2.465086622850262,0.5387073159217834,0.11458539217710495,0.8618470430374146,0.6505319476127625
PINN20260512-HS,2,60,pretrain,1.9102256298065186,0.4537855386734009,0.6991024017333984,0.062327854335308075,0.31641265749931335,0.2333487570285797,0.5203251838684082,0.36413779854774475,0.3416025638580322,0.0,0.0,0.0,0.0,1216.2129747704553,1338.998506347188,2.432679034433572,0.5411192774772644,0.11528398096561432,0.8622575402259827,0.6638010144233704
PINN20260512-HS,2,62,pretrain,1.8491202592849731,0.43736475706100464,0.6765941977500916,0.06063329428434372,0.31528642773628235,0.22609344124794006,0.5366251468658447,0.3623415529727936,0.34052860736846924,0.0,0.0,0.0,0.0,1184.7197980957353,1331.0239009875067,2.4336742891842302,0.5424104928970337,0.11557366698980331,0.8624979257583618,0.6711040139198303
PINN20260512-HS,2,65,pretrain,1.7634588479995728,0.41325998306274414,0.6520241498947144,0.06011909618973732,0.3121111989021301,0.21801161766052246,0.5471017956733704,0.3586798906326294,0.33899086713790894,0.0,0.0,0.0,0.0,1127.124050404391,1344.6401005473547,2.4411600958899893,0.543968677520752,0.11563487350940704,0.8627771735191345,0.6788010597229004
PINN20260512-HS,2,67,pretrain,1.7059563398361206,0.3968968987464905,0.640425443649292,0.06014418229460716,0.3076213598251343,0.21412332355976105,0.5282179713249207,0.3569071888923645,0.3380418121814728,0.0,0.0,0.0,0.0,1087.1344788019558,1365.2820221478053,2.4452200096945744,0.5448099374771118,0.11546687036752701,0.8629127144813538,0.6820644736289978
PINN20260512-HS,2,70,pretrain,1.6283354759216309,0.3746528625488281,0.6269457936286926,0.061193712055683136,0.2988337278366089,0.2095956802368164,0.4988595247268677,0.35379287600517273,0.33672189712524414,0.0,0.0,0.0,0.0,1035.7718136732626,1400.203199539267,2.457137996410392,0.5458444356918335,0.1150599867105484,0.863073468208313,0.6855716705322266
PINN20260512-HS,2,72,pretrain,1.5840321779251099,0.36218172311782837,0.618431806564331,0.0612943060696125,0.29296591877937317,0.20674309134483337,0.48828890919685364,0.3520427644252777,0.3358747065067291,0.0,0.0,0.0,0.0,1009.3969424859578,1418.6970694972201,2.468241172587121,0.5464139580726624,0.11477454006671906,0.8631754517555237,0.6878703832626343
PINN20260512-HS,2,75,pretrain,1.5238674879074097,0.3460378050804138,0.6033927202224731,0.059684254229068756,0.28576695919036865,0.20176127552986145,0.4753936529159546,0.34912750124931335,0.3345929682254791,0.0,0.0,0.0,0.0,978.4398614631356,1430.251245411099,2.47616193525359,0.5471583008766174,0.11445232480764389,0.8633521795272827,0.6923540830612183
PINN20260512-HS,2,77,pretrain,1.4847224950790405,0.3358510732650757,0.5912081003189087,0.05833722651004791,0.2823505997657776,0.19776776432991028,0.46623408794403076,0.34729161858558655,0.33372417092323303,0.0,0.0,0.0,0.0,961.09293255127,1426.4518919332681,2.4688347521251766,0.5476320385932922,0.11435472965240479,0.8634929656982422,0.6962295174598694
PINN20260512-HS,2,80,pretrain,1.4271395206451416,0.32120445370674133,0.571483850479126,0.055738676339387894,0.27886253595352173,0.19130514562129974,0.44668444991111755,0.3443254828453064,0.3324334919452667,0.0,0.0,0.0,0.0,938.3328300768337,1410.4124839918286,2.4394826967153778,0.5483729839324951,0.11434933543205261,0.8637257218360901,0.7027788162231445
PINN20260512-HS,2,83,pretrain,1.373919129371643,0.3079199194908142,0.5530931949615479,0.05298637971282005,0.275228351354599,0.1852838546037674,0.4218868017196655,0.34150826930999756,0.3311963975429535,0.0,0.0,0.0,0.0,917.6585012955528,1393.2244524842363,2.4045224870881596,0.5491924285888672,0.11435157805681229,0.8639492988586426,0.7089167237281799
PINN20260512-HS,2,85,pretrain,1.339861512184143,0.29942962527275085,0.542418360710144,0.05131978914141655,0.2710566818714142,0.18176445364952087,0.40646153688430786,0.3396240174770355,0.3303983509540558,0.0,0.0,0.0,0.0,903.4023190140703,1385.3827088570147,2.38570284040187,0.5497956275939941,0.11427012830972672,0.8640751838684082,0.7121725678443909
PINN20260512-HS,2,88,pretrain,1.2875038385391235,0.2863999307155609,0.528339147567749,0.04858536645770073,0.260977566242218,0.17708174884319305,0.38546979427337646,0.33707690238952637,0.3292129635810852,0.0,0.0,0.0,0.0,880.9040810440147,1379.0549753363714,2.363314049306143,0.5507912039756775,0.11398917436599731,0.8642215728759766,0.7155916094779968
PINN20260512-HS,2,90,pretrain,1.2518832683563232,0.2776946425437927,0.519646406173706,0.04635516554117203,0.25240474939346313,0.17421020567417145,0.3687226176261902,0.3354252278804779,0.3284202814102173,0.0,0.0,0.0,0.0,866.1756822377317,1375.6372159839236,2.3509657198695204,0.5515099763870239,0.11373025178909302,0.864299476146698,0.7171952128410339
PINN20260512-HS,2,93,pretrain,1.199211597442627,0.26508215069770813,0.5065595507621765,0.04276645556092262,0.23902538418769836,0.16996008157730103,0.33853137493133545,0.3330814838409424,0.32722631096839905,0.0,0.0,0.0,0.0,845.3423123208728,1365.7403212177635,2.330100848061832,0.5526467561721802,0.11332713067531586,0.8644123673439026,0.7194101810455322
PINN20260512-HS,2,95,pretrain,1.1648554801940918,0.2568972110748291,0.49729984998703003,0.040599748492240906,0.2306946963071823,0.16696010529994965,0.3189052641391754,0.33148816227912903,0.3264273405075073,0.0,0.0,0.0,0.0,831.930398230525,1353.752469988513,2.30997542171425,0.5534260272979736,0.11309390515089035,0.8644972443580627,0.7211471199989319
PINN20260512-HS,2,98,pretrain,1.1137924194335938,0.2447246015071869,0.4822007417678833,0.03755159303545952,0.21954400837421417,0.16206993162631989,0.2930203974246979,0.3291030824184418,0.32521942257881165,0.0,0.0,0.0,0.0,812.0832777492712,1328.0424503757401,2.2697191704880915,0.5545973777770996,0.11282610148191452,0.8646461367607117,0.7243536114692688
PINN20260512-HS,2,100,pretrain,1.0807098150253296,0.23679935932159424,0.47160446643829346,0.03593698889017105,0.2127102166414261,0.1586303859949112,0.280123233795166,0.3274803161621094,0.32440245151519775,0.0,0.0,0.0,0.0,799.1474363344977,1308.0730101947674,2.2397349552419015,0.5553655624389648,0.11268126964569092,0.8647554516792297,0.7267555594444275
PINN20260512-HS,2,103,pretrain,1.033328890800476,0.22545669972896576,0.4556419253349304,0.03418818116188049,0.20233699679374695,0.15341752767562866,0.2671101689338684,0.3251098096370697,0.3231506049633026,0.0,0.0,0.0,0.0,780.1925643711301,1278.6890747949635,2.196801630533078,0.5564792156219482,0.11244166642427444,0.8649203181266785,0.7303261160850525
PINN20260512-HS,2,105,pretrain,1.002937912940979,0.21824944019317627,0.44514232873916626,0.03319608420133591,0.19485275447368622,0.1499728262424469,0.2617666721343994,0.3235803544521332,0.322295606136322,0.0,0.0,0.0,0.0,767.7187391877314,1261.0965962209239,2.172251761245311,0.55718594789505,0.11223486065864563,0.865024745464325,0.7325008511543274
PINN20260512-HS,2,108,pretrain,0.9585623741149902,0.2077750563621521,0.42932718992233276,0.032046470791101456,0.18276524543762207,0.1448655128479004,0.2604408860206604,0.3213840126991272,0.32098326086997986,0.0,0.0,0.0,0.0,749.4075159751202,1237.1393413839849,2.1416636242440097,0.5581760406494141,0.11185087263584137,0.8651721477508545,0.7354456782341003
PINN20260512-HS,2,111,pretrain,0.9172906279563904,0.19810417294502258,0.41357913613319397,0.03181329742074013,0.1705452799797058,0.13973267376422882,0.2632729113101959,0.319254606962204,0.31964078545570374,0.0,0.0,0.0,0.0,731.9974385201085,1212.5963879213891,2.1099358694480452,0.559068500995636,0.1114213690161705,0.8653177618980408,0.7383180260658264
PINN20260512-HS,2,113,pretrain,0.8909227848052979,0.19210056960582733,0.402832567691803,0.03143443912267685,0.1628504991531372,0.13620418310165405,0.26333504915237427,0.31783148646354675,0.3187318742275238,0.0,0.0,0.0,0.0,720.9794986683047,1193.99131068865,2.0856962674910595,0.5596055388450623,0.11113937199115753,0.8654200434684753,0.7403850555419922
PINN20260512-HS,2,116,pretrain,0.8532962203025818,0.18370220065116882,0.38610029220581055,0.03101731464266777,0.15226894617080688,0.13068218529224396,0.26335498690605164,0.3156709671020508,0.3173504173755646,0.0,0.0,0.0,0.0,705.4147273058594,1162.51419346174,2.0478007013962203,0.5603212714195251,0.11074813455343246,0.8655836582183838,0.7437981367111206
PINN20260512-HS,2,118,pretrain,0.8296175003051758,0.1785459667444229,0.3746927082538605,0.03076794371008873,0.1457255631685257,0.12690269947052002,0.26361629366874695,0.3142147660255432,0.31641945242881775,0.0,0.0,0.0,0.0,695.7599262676746,1140.552278503708,2.0241387550771286,0.5607376098632812,0.11049987375736237,0.865696370601654,0.7461907267570496
PINN20260512-HS,2,121,pretrain,0.7961446642875671,0.17152521014213562,0.35767510533332825,0.030026862397789955,0.13617318868637085,0.12125688791275024,0.2633695602416992,0.31206148862838745,0.31501254439353943,0.0,0.0,0.0,0.0,682.3207182110184,1108.9633672939788,1.993075244107215,0.5612720251083374,0.11010809987783432,0.865862250328064,0.7497190833091736
PINN20260512-HS,2,123,pretrain,0.7753969430923462,0.16730235517024994,0.3466053605079651,0.02959612011909485,0.12981300055980682,0.11757856607437134,0.26357704401016235,0.3106648325920105,0.31407129764556885,0.0,0.0,0.0,0.0,674.005192858334,1089.4329947270737,1.9741627185778,0.5615715980529785,0.1098199263215065,0.8659681081771851,0.7519522309303284
PINN20260512-HS,2,126,pretrain,0.7466652393341064,0.16161981225013733,0.33048099279403687,0.029146462678909302,0.12050849199295044,0.11220496147871017,0.26397705078125,0.30861756205558777,0.31266242265701294,0.0,0.0,0.0,0.0,662.5902532862976,1061.3073306069266,1.944784434877169,0.5619445443153381,0.10935807228088379,0.8661203384399414,0.7551591396331787
PINN20260512-HS,2,128,pretrain,0.7290349006652832,0.15825247764587402,0.3199520707130432,0.028899434953927994,0.11469582468271255,0.10868388414382935,0.2639690637588501,0.30726388096809387,0.31173038482666016,0.0,0.0,0.0,0.0,655.7673463203242,1042.1381266415694,1.9233854050066443,0.5621488690376282,0.10904928296804428,0.8662198185920715,0.7572765350341797
PINN20260512-HS,2,131,pretrain,0.7045473456382751,0.15370306372642517,0.3042650818824768,0.028651097789406776,0.10685637593269348,0.10342876613140106,0.2644849419593811,0.30521106719970703,0.31035104393959045,0.0,0.0,0.0,0.0,646.8066509784821,1011.0828353799702,1.8885553551348886,0.562402606010437,0.10861708968877792,0.8663694858551025,0.7605257034301758
PINN20260512-HS,2,133,pretrain,0.6892459988594055,0.1509288102388382,0.29383760690689087,0.028492987155914307,0.1022084429860115,0.09994380921125412,0.2653268575668335,0.3038173317909241,0.3094474971294403,0.0,0.0,0.0,0.0,641.6935843921146,989.1624297859275,1.8641044919732785,0.5625447034835815,0.10835710167884827,0.86646968126297,0.7627413272857666
PINN20260512-HS,2,136,pretrain,0.6678496599197388,0.1471417248249054,0.27865689992904663,0.02827627770602703,0.09571327269077301,0.09486802667379379,0.26706165075302124,0.30173006653785706,0.30812063813209534,0.0,0.0,0.0,0.0,635.0594706403488,957.17311652595,1.8276977145339708,0.5627262592315674,0.1079828292131424,0.8666151762008667,0.765985369682312
PINN20260512-HS,2,139,pretrain,0.6482409834861755,0.14376172423362732,0.26450350880622864,0.02812773920595646,0.08931431174278259,0.09011279791593552,0.26841068267822266,0.2997048497200012,0.30683302879333496,0.0,0.0,0.0,0.0,629.2077607992451,928.4493120251639,1.7929330229097649,0.5628747940063477,0.10758663713932037,0.8667487502098083,0.7689440846443176
PINN20260512-HS,2,141,pretrain,0.6360815167427063,0.1417103260755539,0.2556445002555847,0.0280597023665905,0.08510648459196091,0.08712625503540039,0.26891520619392395,0.2983953356742859,0.3059994578361511,0.0,0.0,0.0,0.0,625.7346931807441,910.5646942968962,1.7705332714043927,0.5629583597183228,0.10731131583452225,0.8668311238288879,0.7707502841949463
PINN20260512-HS,2,144,pretrain,0.6191876530647278,0.138924241065979,0.24295105040073395,0.028023386374115944,0.07920030504465103,0.08284636586904526,0.26955342292785645,0.2964441776275635,0.3047892153263092,0.0,0.0,0.0,0.0,621.4160240933605,883.532151367453,1.737199807812581,0.5630674958229065,0.10691589117050171,0.8669485449790955,0.7733266949653625
PINN20260512-HS,2,146,pretrain,0.6087192893028259,0.13723856210708618,0.23476620018482208,0.028014719486236572,0.07564219832420349,0.08008839935064316,0.26994138956069946,0.29513293504714966,0.30400851368904114,0.0,0.0,0.0,0.0,619.1582996294243,865.034970391371,1.7151530189432351,0.5631324648857117,0.10667832940816879,0.867024302482605,0.7750020623207092
PINN20260512-HS,2,149,pretrain,0.5941365957260132,0.13493770360946655,0.22301970422267914,0.028019575402140617,0.07077594846487045,0.07612426578998566,0.2704429030418396,0.2931627333164215,0.3028755784034729,0.0,0.0,0.0,0.0,616.3997536096198,838.1230518247306,1.6836665044950152,0.5632182359695435,0.1063530445098877,0.8671330213546753,0.7774034738540649
PINN20260512-HS,2,151,pretrain,0.5851444602012634,0.13353705406188965,0.21569180488586426,0.028051353991031647,0.0677240863442421,0.07364679127931595,0.27065277099609375,0.29187020659446716,0.3021455705165863,0.0,0.0,0.0,0.0,614.7113651950808,821.7722464284128,1.6644476472274006,0.5632651448249817,0.10614228248596191,0.8672002553939819,0.7788654565811157
PINN20260512-HS,2,154,pretrain,0.572656512260437,0.1315993368625641,0.2055288851261139,0.028141582384705544,0.06340324133634567,0.07020340114831924,0.27056318521499634,0.2899828255176544,0.3010881245136261,0.0,0.0,0.0,0.0,612.2481114711584,799.63601094498,1.6381520569127783,0.5633189082145691,0.10582543909549713,0.8672919273376465,0.7808057069778442
PINN20260512-HS,2,156,pretrain,0.5649663209915161,0.13040485978126526,0.19924968481063843,0.028225600719451904,0.06077969819307327,0.06806965172290802,0.2703198194503784,0.28874337673187256,0.3004065454006195,0.0,0.0,0.0,0.0,610.7583400986024,785.6294450948233,1.6216865243474652,0.5633459091186523,0.10562309622764587,0.8673481941223145,0.7819625735282898
PINN20260512-HS,2,159,pretrain,0.554329514503479,0.12873812019824982,0.19050103425979614,0.02837206795811653,0.05734774470329285,0.06508055329322815,0.269989937543869,0.286879301071167,0.2994154989719391,0.0,0.0,0.0,0.0,608.8513775955508,764.8496175719773,1.5982344785515024,0.5633800029754639,0.10535245388746262,0.8674276471138,0.7835579514503479
PINN20260512-HS,2,162,pretrain,0.5447022318840027,0.12719032168388367,0.18264752626419067,0.02852562814950943,0.0544617734849453,0.06237500160932541,0.2698785960674286,0.28501492738723755,0.29845932126045227,0.0,0.0,0.0,0.0,607.0442220299934,745.1747697688107,1.5767619154034602,0.5634108185768127,0.10511822998523712,0.8675007224082947,0.7849628329277039
PINN20260512-HS,2,164,pretrain,0.5388167500495911,0.1262100636959076,0.17800572514533997,0.02864074520766735,0.052753809839487076,0.060759287327528,0.26977187395095825,0.28378963470458984,0.2978415787220001,0.0,0.0,0.0,0.0,605.6701608548997,733.3161408969531,1.5638182466597608,0.563430666923523,0.10497106611728668,0.8675442934036255,0.7857477068901062
PINN20260512-HS,2,167,pretrain,0.5307066440582275,0.1247984915971756,0.17195332050323486,0.028823943808674812,0.050456371158361435,0.058631088584661484,0.26934534311294556,0.2819891571998596,0.2969444692134857,0.0,0.0,0.0,0.0,603.3353648676663,717.1066212565604,1.5459670560285497,0.5634632706642151,0.10475800186395645,0.8676018118858337,0.7866712212562561
PINN20260512-HS,2,169,pretrain,0.5257401466369629,0.12389294058084488,0.1684570014476776,0.0289447121322155,0.04912349209189415,0.05739503726363182,0.26893824338912964,0.280801922082901,0.2963647246360779,0.0,0.0,0.0,0.0,601.7285777242095,706.6936659543511,1.5346517806015405,0.5634912848472595,0.10462798923254013,0.8676355481147766,0.7871411442756653
PINN20260512-HS,2,172,pretrain,0.5188581347465515,0.12257779389619827,0.16387835144996643,0.029108423739671707,0.04744474217295647,0.055774059146642685,0.26833242177963257,0.27901768684387207,0.2955193817615509,0.0,0.0,0.0,0.0,599.3300947724885,691.1837671704972,1.5184094817535485,0.5635491013526917,0.10446186363697052,0.8676802515983582,0.7876653671264648
PINN20260512-HS,2,174,pretrain,0.5146010518074036,0.12172362208366394,0.16123726963996887,0.029202131554484367,0.046505268663167953,0.05483793094754219,0.2679557204246521,0.2778276205062866,0.2949709892272949,0.0,0.0,0.0,0.0,597.6378502069628,681.2562614391152,1.5083857957557711,0.5635988712310791,0.10436773300170898,0.8677060008049011,0.7878842353820801
PINN20260512-HS,2,177,pretrain,0.5086448788642883,0.12046824395656586,0.15787750482559204,0.02932059019804001,0.045280762016773224,0.05364006385207176,0.26730334758758545,0.2760660648345947,0.294170618057251,0.0,0.0,0.0,0.0,594.8050100663241,667.5219097527811,1.4945640052113407,0.5636884570121765,0.10423990339040756,0.8677375316619873,0.7879763245582581
PINN20260512-HS,2,179,pretrain,0.5049196481704712,0.11964715272188187,0.155995711684227,0.029382998123764992,0.04456920549273491,0.052962787449359894,0.26667261123657227,0.27490589022636414,0.29365068674087524,0.0,0.0,0.0,0.0,592.7750680064066,658.9566089660229,1.4859244890936467,0.5637577772140503,0.10416237264871597,0.867753803730011,0.7878811359405518
PINN20260512-HS,2,182,pretrain,0.49964624643325806,0.11843863129615784,0.15358631312847137,0.029445188120007515,0.04367929324507713,0.05208975076675415,0.26556462049484253,0.2731696665287018,0.2928870618343353,0.0,0.0,0.0,0.0,589.6897489358281,646.436095062768,1.473541474075536,0.5638771653175354,0.10406624525785446,0.8677724003791809,0.7875442504882812
PINN20260512-HS,2,184,pretrain,0.49630963802337646,0.11764480173587799,0.15220285952091217,0.02946571260690689,0.0432022400200367,0.05158739909529686,0.26486167311668396,0.2720086872577667,0.29238662123680115,0.0,0.0,0.0,0.0,587.6017730997754,638.3779983285765,1.465775187721105,0.5639663338661194,0.10401775687932968,0.8677811622619629,0.787202000617981
PINN20260512-HS,2,187,pretrain,0.49153879284858704,0.11647140979766846,0.15043674409389496,0.02947566658258438,0.04260726645588875,0.05094294995069504,0.2637072205543518,0.2702781558036804,0.29164832830429077,0.0,0.0,0.0,0.0,584.3107317600799,627.243971672905,1.4550813136577896,0.5641101598739624,0.10396061092615128,0.8677890300750732,0.7864913940429688
PINN20260512-HS,2,190,pretrain,0.48700252175331116,0.11531767249107361,0.1489831507205963,0.02946501411497593,0.04211338236927986,0.050409529358148575,0.2624101936817169,0.2685692012310028,0.2909242510795593,0.0,0.0,0.0,0.0,580.8593041778706,617.2458231936446,1.445456647614526,0.5642626881599426,0.10391676425933838,0.8677898645401001,0.7855342030525208
PINN20260512-HS,2,192,pretrain,0.4840891361236572,0.11455985903739929,0.14814287424087524,0.029446903616189957,0.04183943569660187,0.05010007321834564,0.2615039348602295,0.2674376666545868,0.29044824838638306,0.0,0.0,0.0,0.0,578.5550967712583,610.932151511115,1.4394434201458635,0.5643684267997742,0.10389727354049683,0.86778724193573,0.7847751379013062
PINN20260512-HS,2,195,pretrain,0.47985202074050903,0.11343668401241302,0.14701217412948608,0.029410649091005325,0.04150949418544769,0.04968591034412384,0.26020073890686035,0.26574215292930603,0.2897428274154663,0.0,0.0,0.0,0.0,575.1373748940334,601.8481432221919,1.430944304814655,0.5645325779914856,0.10388585925102234,0.8677791953086853,0.7834751605987549
PINN20260512-HS,2,197,pretrain,0.4770995080471039,0.11269763857126236,0.14632904529571533,0.029378900304436684,0.041323427110910416,0.049436796456575394,0.25931137800216675,0.26461806893348694,0.2892787754535675,0.0,0.0,0.0,0.0,572.8527570414583,596.184037231793,1.4256201296841104,0.5646446943283081,0.1038876473903656,0.8677709698677063,0.7824940085411072
PINN20260512-HS,2,200,pretrain,0.4730517566204071,0.1116023063659668,0.1453777253627777,0.029322970658540726,0.0410638190805912,0.04909197613596916,0.25799018144607544,0.26294615864753723,0.2885928153991699,0.0,0.0,0.0,0.0,569.4115109040209,588.284290330789,1.4181928361608591,0.5648153424263,0.10390051454305649,0.8677546977996826,0.7808336615562439
PINN20260512-HS,2,202,pretrain,0.4703938066959381,0.11087926477193832,0.14476680755615234,0.029286766424775124,0.0409003421664238,0.048872970044612885,0.2571548521518707,0.26184311509132385,0.28814199566841125,0.0,0.0,0.0,0.0,567.1455941819526,583.2396323553468,1.4134745646734719,0.5649306774139404,0.10391673445701599,0.8677412867546082,0.7796028852462769
PINN20260512-HS,2,205,pretrain,0.4664408564567566,0.10980347543954849,0.14384888112545013,0.02923247404396534,0.04067007452249527,0.04854654520750046,0.25594562292099,0.26019486784935,0.2874745726585388,0.0,0.0,0.0,0.0,563.8262420728571,575.7779519919116,1.4065021550204597,0.5651059150695801,0.10395514219999313,0.8677183389663696,0.7775784730911255
PINN20260512-HS,2,207,pretrain,0.46381238102912903,0.10908856987953186,0.14321881532669067,0.02920357696712017,0.04052109271287918,0.04832512140274048,0.25519025325775146,0.25910472869873047,0.2870352268218994,0.0,0.0,0.0,0.0,561.6429025635417,570.9103202342728,1.4019510855226474,0.5652239322662354,0.10399007052183151,0.8677013516426086,0.7761018872261047
PINN20260512-HS,2,210,pretrain,0.4598524570465088,0.10801690071821213,0.14222945272922516,0.029165489599108696,0.040285903960466385,0.04798002168536186,0.2541145086288452,0.2574830949306488,0.2863848805427551,0.0,0.0,0.0,0.0,558.3672346672931,563.850212822519,1.3952754476143259,0.5654016137123108,0.10405378043651581,0.867673397064209,0.773665189743042
PINN20260512-HS,2,212,pretrain,0.4571854770183563,0.10729943215847015,0.14152655005455017,0.029147537425160408,0.04011914134025574,0.04773680120706558,0.253442645072937,0.25641220808029175,0.28595682978630066,0.0,0.0,0.0,0.0,556.1855580649321,559.21110727524,1.3908591384941802,0.5655204653739929,0.10410425066947937,0.8676533102989197,0.7718788981437683
PINN20260512-HS,2,215,pretrain,0.453119695186615,0.10621176660060883,0.14038877189159393,0.029137248173356056,0.03986118733882904,0.04734576866030693,0.25249797105789185,0.2548224925994873,0.28532207012176514,0.0,0.0,0.0,0.0,552.9274647275174,552.1639532330954,1.3841426680052566,0.5656993985176086,0.10419504344463348,0.8676217794418335,0.7689387798309326
PINN20260512-HS,2,218,pretrain,0.4489472508430481,0.10510319471359253,0.13913573324680328,0.02915162220597267,0.039591845124959946,0.04691797494888306,0.25160619616508484,0.25325408577919006,0.2846970558166504,0.0,0.0,0.0,0.0,549.6455676160775,545.003841729579,1.3772385751966434,0.5658791065216064,0.10430549085140228,0.8675887584686279,0.765645444393158
PINN20260512-HS,2,220,pretrain,0.44609522819519043,0.1043500155210495,0.1382310837507248,0.029175657778978348,0.0394003689289093,0.04661041125655174,0.25105196237564087,0.25222182273864746,0.2842864394187927,0.0,0.0,0.0,0.0,547.4210559523628,540.184517086523,1.3725058570438056,0.565999448299408,0.10438983142375946,0.8675662875175476,0.7632226347923279
PINN20260512-HS,2,223,pretrain,0.44169881939888,0.10319634526968002,0.13676461577415466,0.029230326414108276,0.03909331187605858,0.046113308519124985,0.25028425455093384,0.25069913268089294,0.28368011116981506,0.0,0.0,0.0,0.0,544.0314214271084,532.7708818056783,1.3650912329021987,0.5661810040473938,0.10453341901302338,0.8675317764282227,0.7592100501060486
PINN20260512-HS,2,225,pretrain,0.4386836290359497,0.10240942239761353,0.13571447134017944,0.0292796827852726,0.03887760639190674,0.045758429914712906,0.24979588389396667,0.2496994286775589,0.28328239917755127,0.0,0.0,0.0,0.0,541.7407128876323,527.6343134690919,1.3598866765633377,0.5663031935691833,0.10464189201593399,0.8675087094306946,0.7562684416770935
PINN20260512-HS,2,228,pretrain,0.4340319335460663,0.10120085626840591,0.13403406739234924,0.029375724494457245,0.03853660076856613,0.045192454010248184,0.24907904863357544,0.2482224702835083,0.2826961278915405,0.0,0.0,0.0,0.0,538.245471416156,519.6541518163788,1.3516910942976645,0.5664882659912109,0.10482455044984818,0.8674739599227905,0.7514313459396362
PINN20260512-HS,2,230,pretrain,0.43084561824798584,0.10037675499916077,0.13284875452518463,0.029450548812747,0.03829465061426163,0.04479391872882843,0.24861261248588562,0.2472570538520813,0.2823125123977661,0.0,0.0,0.0,0.0,535.8663837655802,514.1885597716075,1.3459867844762514,0.5666128396987915,0.10495910793542862,0.8674506545066833,0.7479100227355957
PINN20260512-HS,2,233,pretrain,0.42594003677368164,0.09911394119262695,0.1309831142425537,0.029566338285803795,0.03790811076760292,0.04416685923933983,0.24796196818351746,0.2458357810974121,0.28174808621406555,0.0,0.0,0.0,0.0,532.2174719980545,505.8192920895762,1.3371063764682258,0.5668008923530579,0.10517940670251846,0.8674160242080688,0.7421764731407166
PINN20260512-HS,2,235,pretrain,0.42258381843566895,0.09825363755226135,0.12968504428863525,0.02963969111442566,0.037636686116456985,0.043730251491069794,0.24757851660251617,0.24490781128406525,0.28137871623039246,0.0,0.0,0.0,0.0,529.7256365327244,500.16230178313117,1.331064622504097,0.566926121711731,0.10533837974071503,0.8673929572105408,0.7380567193031311
PINN20260512-HS,2,238,pretrain,0.41741615533828735,0.0969318300485611,0.1276608407497406,0.02975519374012947,0.03721442073583603,0.04304899275302887,0.24700812995433807,0.2435445785522461,0.2808336019515991,0.0,0.0,0.0,0.0,525.8735292349293,491.69019717704356,1.322099633928151,0.5671117305755615,0.10559463500976562,0.8673586845397949,0.7314392328262329
PINN20260512-HS,2,240,pretrain,0.4138762950897217,0.09602721035480499,0.12626095116138458,0.02984044887125492,0.03692536801099777,0.04257696494460106,0.24658693373203278,0.24265536665916443,0.28047534823417664,0.0,0.0,0.0,0.0,523.2131198183012,486.1240357408796,1.316267704198672,0.5672323703765869,0.10577687621116638,0.8673360347747803,0.7267395257949829
PINN20260512-HS,2,243,physics,0.4195038378238678,0.09463172405958176,0.1240662932395935,0.02998252585530281,0.03646325692534447,0.04183388501405716,0.24598675966262817,0.24136410653591156,0.27994608879089355,0.16537120938301086,0.5194733142852783,1.011626267199972e-07,0.0,518.9160577588633,478.56138582213254,1.3082407203166384,0.5674062967300415,0.10606572031974792,0.8673024773597717,0.7191160917282104
PINN20260512-HS,2,246,physics,0.4136563837528229,0.09317169338464737,0.12176426500082016,0.030118044465780258,0.03600146248936653,0.0410505011677742,0.24548962712287903,0.2400955855846405,0.27942541241645813,0.1672716736793518,0.5082410573959351,1.0035187614221286e-07,0.0,514.56729394706,470.36204473256555,1.29959923009295,0.5675671696662903,0.10638313740491867,0.8672713041305542,0.7108473777770996
PINN20260512-HS,2,248,physics,0.4096035063266754,0.09215475618839264,0.12016989290714264,0.030207689851522446,0.03570743650197983,0.04050598293542862,0.24520236253738403,0.23925438523292542,0.27908220887184143,0.16867655515670776,0.5005283355712891,9.987913784925695e-08,0.0,511.5341355911646,464.98763424418075,1.2939123102715753,0.5676647424697876,0.10661227256059647,0.8672521114349365,0.705076277256012
PINN20260512-HS,2,251,physics,0.4032976031303406,0.09057872742414474,0.11762242019176483,0.030381936579942703,0.035227611660957336,0.03963258117437363,0.244796484708786,0.238042414188385,0.2785755395889282,0.17089267075061798,0.48828962445259094,9.912653808896721e-08,0.0,506.6252313100878,457.79775146892104,1.2861724061372952,0.5677976012229919,0.10697048157453537,0.8672237396240234,0.6957592368125916
PINN20260512-HS,2,253,physics,0.3989449143409729,0.08948984742164612,0.1158427968621254,0.030515970662236214,0.034898046404123306,0.03902256861329079,0.24452586472034454,0.23725250363349915,0.2782444655895233,0.17249391973018646,0.47990652918815613,9.866072758768496e-08,0.0,503.31052480054495,452.6896529356508,1.2806791585108575,0.5678752064704895,0.1072215884923935,0.8672052621841431,0.689257800579071
PINN20260512-HS,2,256,physics,0.39220404624938965,0.08779934048652649,0.11307960748672485,0.030721111223101616,0.034398745745420456,0.038079969584941864,0.2441384345293045,0.23607932031154633,0.2777610123157501,0.1751302182674408,0.4672597348690033,9.807895651192666e-08,0.0,498.19847325137397,445.09749634209356,1.2723626596578717,0.5679727792739868,0.10761843621730804,0.8671789169311523,0.6792575716972351
PINN20260512-HS,2,258,physics,0.38758713006973267,0.08665220439434052,0.11113263666629791,0.03086693026125431,0.034033000469207764,0.03741871565580368,0.24381445348262787,0.23532597720623016,0.2774488031864166,0.1769983321428299,0.45853233337402344,9.774620224334285e-08,0.0,494.63937305374304,440.5249354463377,1.267137195091008,0.5680269002914429,0.10789217054843903,0.8671608567237854,0.6722222566604614
PINN20260512-HS,2,261,physics,0.38051873445510864,0.08490452170372009,0.10811414569616318,0.03105633147060871,0.03346836566925049,0.03640333563089371,0.2433839738368988,0.23421625792980194,0.2769964337348938,0.1800459772348404,0.4453160762786865,9.740071504893422e-08,0.0,489.31474724863955,433.543863121138,1.258934261526897,0.5680849552154541,0.10831987112760544,0.8671342134475708,0.66135174036026
PINN20260512-HS,2,263,physics,0.37572911381721497,0.08372841030359268,0.1060418039560318,0.03113723173737526,0.03309030830860138,0.0357118621468544,0.24324825406074524,0.23348787426948547,0.2767040431499481,0.1822526752948761,0.4364017844200134,9.720066174168096e-08,0.0,485.6326254227572,429.5829190912972,1.2540167893292278,0.5681034922599792,0.10861660540103912,0.8671166896820068,0.6538661122322083
PINN20260512-HS,2,266,physics,0.36845967173576355,0.08195707201957703,0.10284142196178436,0.03120708093047142,0.03253088518977165,0.034646984189748764,0.2431659996509552,0.23243483901023865,0.2762746512889862,0.1858316957950592,0.42264845967292786,9.683011370498207e-08,0.0,479.92657315989493,424.60391469580213,1.2476879330312372,0.5680928230285645,0.1090778261423111,0.8670905828475952,0.6420594453811646
PINN20260512-HS,2,269,physics,0.3610970377922058,0.08015254139900208,0.09969303756952286,0.031200848519802094,0.03203107789158821,0.033602628856897354,0.24289213120937347,0.2313997447490692,0.2758556306362152,0.18985548615455627,0.40892547369003296,9.656477573116717e-08,0.0,473.9354353443093,420.90763164262063,1.2428578669777648,0.5680212378501892,0.1095610111951828,0.8670661449432373,0.6299569010734558
PINN20260512-HS,2,271,physics,0.3561493158340454,0.07893405109643936,0.09762131422758102,0.031179390847682953,0.0317222960293293,0.032913938164711,0.2425275593996048,0.2307380735874176,0.2755820155143738,0.1927647590637207,0.39963817596435547,9.643910914292064e-08,0.0,469.7416344385496,419.40877285769784,1.2406820345617127,0.5679376721382141,0.10989299416542053,0.8670504093170166,0.6215774416923523
PINN20260512-HS,2,274,physics,0.34870508313179016,0.07709267735481262,0.0945727750658989,0.031084824353456497,0.03130628541111946,0.031907230615615845,0.24186435341835022,0.22976425290107727,0.27518486976623535,0.19747726619243622,0.38591036200523376,9.637975040277524e-08,0.0,463.3294757783062,418.27282513928634,1.2384566345146528,0.5677560567855835,0.11040221154689789,0.8670287132263184,0.6088948249816895
PINN20260512-HS,2,276,physics,0.343756765127182,0.07588239759206772,0.09248558431863785,0.03096114657819271,0.031045854091644287,0.031224658712744713,0.2416628897190094,0.22913803160190582,0.2749292850494385,0.2007838934659958,0.37674298882484436,9.627592589822598e-08,0.0,459.01017826405547,418.4135028593126,1.2377121145222856,0.5676012635231018,0.11074621975421906,0.8670153021812439,0.600193440914154
PINN20260512-HS,2,279,physics,0.3364172875881195,0.07408449798822403,0.08945360779762268,0.03066333197057247,0.03068539872765541,0.030241981148719788,0.24173639714717865,0.22822386026382446,0.2745676040649414,0.20593951642513275,0.36342543363571167,9.599913397551063e-08,0.0,452.49373269140426,419.7306055674282,1.2376881083883573,0.5673201084136963,0.11126236617565155,0.8669974207878113,0.5872365832328796
PINN20260512-HS,2,281,physics,0.33161747455596924,0.0729011744260788,0.08751830458641052,0.030460774898529053,0.03045816719532013,0.02961372397840023,0.24170568585395813,0.2276483178138733,0.27434074878692627,0.20944900810718536,0.3547350764274597,9.572965353754626e-08,0.0,448.142851806207,421.30136927145156,1.2385600064091606,0.5671048760414124,0.11160359531641006,0.8669870495796204,0.5785652995109558
PINN20260512-HS,2,284,physics,0.3245824873447418,0.07114998251199722,0.08481117337942123,0.030163537710905075,0.03016006201505661,0.028731895610690117,0.24090474843978882,0.22680842876434326,0.2740202248096466,0.21481311321258545,0.3424735963344574,9.543822443447425e-08,0.0,441.7077123223003,424.1734241439461,1.2408278514915985,0.5667456388473511,0.11210648715496063,0.8669748902320862,0.5659934878349304
PINN20260512-HS,2,286,physics,0.32002347707748413,0.06999844312667847,0.08316998928785324,0.03001985140144825,0.02997731789946556,0.028189031407237053,0.2395581752061844,0.226281076669693,0.27381953597068787,0.21838854253292084,0.3347075283527374,9.544648094106378e-08,0.0,437.45915880799663,426.52472818114546,1.2428458954176032,0.5664894580841064,0.11243248730897903,0.8669689297676086,0.5578125715255737
PINN20260512-HS,2,289,physics,0.3134269118309021,0.0682871863245964,0.08105931431055069,0.02973424457013607,0.029720759019255638,0.027503829449415207,0.23827031254768372,0.22553075850009918,0.27354079484939575,0.22359170019626617,0.3239205479621887,9.534699074720265e-08,0.0,431.20075805823905,430.6342342986679,1.2459684110442557,0.5660883784294128,0.11290000379085541,0.8669635653495789,0.5461716055870056
PINN20260512-HS,2,291,physics,0.30915769934654236,0.06716325879096985,0.0798107162117958,0.029455456882715225,0.02956157550215721,0.02709941938519478,0.23814603686332703,0.22506332397460938,0.2733648419380188,0.226881206035614,0.317271888256073,9.506585740837181e-08,0.0,427.1250548726918,433.2914723370401,1.2478248232418534,0.5658162236213684,0.11319483816623688,0.8669623136520386,0.5387522578239441
PINN20260512-HS,2,294,physics,0.3029015064239502,0.06546615809202194,0.07822513580322266,0.02906259149312973,0.029350455850362778,0.026580682024359703,0.23802953958511353,0.22441628575325012,0.2731086015701294,0.2315070778131485,0.308328777551651,9.453844285189916e-08,0.0,420.99504524994114,437.5164461194573,1.2513948684080396,0.5654085874557495,0.11360642313957214,0.8669643402099609,0.5283685326576233
PINN20260512-HS,2,297,physics,0.2966902256011963,0.06372576206922531,0.07694053649902344,0.02876143343746662,0.029162580147385597,0.026152504608035088,0.23696821928024292,0.22383201122283936,0.27285832166671753,0.2356698215007782,0.30078208446502686,9.402991452134302e-08,0.0,414.93847435493376,441.2154731534242,1.2553367289160677,0.5650131106376648,0.11397433280944824,0.8669708371162415,0.5190938711166382
PINN20260512-HS,2,299,physics,0.29250937700271606,0.06253305077552795,0.07619388401508331,0.028574379161000252,0.029030025005340576,0.02590351551771164,0.23608627915382385,0.2234770506620407,0.2726984918117523,0.23808938264846802,0.2965269386768341,9.357641772567149e-08,0.0,410.9643194670311,443.27026885411567,1.2577949373147193,0.5647633671760559,0.11419130861759186,0.8669770359992981,0.5135921835899353
PINN20260512-HS,2,302,physics,0.28623268008232117,0.060744933784008026,0.07509299367666245,0.028230974450707436,0.02880651317536831,0.025542568415403366,0.2350386381149292,0.22295089066028595,0.27246829867362976,0.24109579622745514,0.29164808988571167,9.285393076652326e-08,0.0,405.23958962569293,443.60399006320944,1.2587161872675046,0.5644177794456482,0.11446726322174072,0.8669889569282532,0.50680011510849
PINN20260512-HS,2,304,physics,0.2821069061756134,0.059592023491859436,0.0742405503988266,0.028027312830090523,0.028597649186849594,0.025259342044591904,0.23443536460399628,0.22261638939380646,0.27231717109680176,0.24255722761154175,0.2892815172672272,9.236361364628465e-08,0.0,401.4424771994115,442.8967501009688,1.2583256475189968,0.5642147064208984,0.1146102100610733,0.8669980764389038,0.5031094551086426
PINN20260512-HS,2,307,physics,0.27592113614082336,0.057899296283721924,0.07272443175315857,0.027832290157675743,0.028159478679299355,0.024756336584687233,0.23333588242530823,0.22212868928909302,0.2720866799354553,0.2438262403011322,0.2872188091278076,9.178682347510403e-08,0.0,395.77116178418055,439.5091367082145,1.2552961264259337,0.5639551281929016,0.11475051939487457,0.8670128583908081,0.4991159439086914
PINN20260512-HS,2,309,physics,0.2717563509941101,0.05678381398320198,0.07154931128025055,0.027757013216614723,0.027788236737251282,0.024362169206142426,0.23258325457572937,0.22180800139904022,0.2719251811504364,0.24404023587703705,0.28678733110427856,9.145159651779977e-08,0.0,391.8877589629459,436.2979916295742,1.2521998248015644,0.5638101696968079,0.11479409784078598,0.8670232892036438,0.497408926486969
PINN20260512-HS,2,312,physics,0.2654576897621155,0.05510646104812622,0.06968875229358673,0.027703160420060158,0.027149654924869537,0.023737294599413872,0.23155304789543152,0.22132562100887299,0.2716675400733948,0.2435060739517212,0.2874123752117157,9.102225106971673e-08,0.0,385.9682629439887,429.5393790154751,1.2454258240751312,0.563624918460846,0.11479099094867706,0.8670386672019958,0.4962001442909241
PINN20260512-HS,2,314,physics,0.2612574100494385,0.05397683382034302,0.06849245727062225,0.02770625613629818,0.02669675089418888,0.02333684265613556,0.230836421251297,0.22100768983364105,0.27148526906967163,0.24268950521945953,0.28847602009773254,9.082363305878971e-08,0.0,381.8808101031001,424.7721999790005,1.2405618234912794,0.5635153651237488,0.11475112289190292,0.8670485019683838,0.49611377716064453
PINN20260512-HS,2,317,physics,0.2550283670425415,0.052271559834480286,0.06688213348388672,0.02771545574069023,0.026038633659482002,0.02279163897037506,0.22978906333446503,0.2205325812101364,0.2711910307407379,0.2410125732421875,0.29082098603248596,9.068208584039894e-08,0.0,375.63290341102976,416.90918150719585,1.2324232141810212,0.5633586645126343,0.11465318500995636,0.8670623302459717,0.4967400133609772
PINN20260512-HS,2,319,physics,0.2509579062461853,0.051128044724464417,0.06600718200206757,0.027689600363373756,0.025629200041294098,0.022496020421385765,0.22927363216876984,0.220230370759964,0.27098605036735535,0.23969541490077972,0.29269203543663025,9.054657823526213e-08,0.0,371.37680915076,411.9133138477075,1.2271986044949694,0.5632526278495789,0.11457092314958572,0.867070734500885,0.4975426197052002
PINN20260512-HS,2,322,physics,0.24504707753658295,0.04942886158823967,0.06496747583150864,0.027611805126070976,0.02509053237736225,0.022138303145766258,0.2285875678062439,0.2197824865579605,0.27066630125045776,0.2375945895910263,0.2958000898361206,9.033835368654763e-08,0.0,364.971938133605,404.67141377295235,1.2197761212710574,0.5630868673324585,0.11443820595741272,0.8670822381973267,0.49905794858932495
PINN20260512-HS,2,325,physics,0.23941636085510254,0.04776088520884514,0.06423904746770859,0.02754836715757847,0.024644192308187485,0.021888965740799904,0.22767005860805511,0.21935302019119263,0.2703438401222229,0.23545728623867035,0.2990138530731201,9.021687930044209e-08,0.0,358.6287251462158,397.91263959567806,1.2130677680217299,0.5629145503044128,0.11430388689041138,0.8670923113822937,0.5008167028427124
PINN20260512-HS,2,327,physics,0.23582440614700317,0.046674855053424835,0.06387650221586227,0.02751050516963005,0.02439846657216549,0.021767372265458107,0.22707444429397583,0.21907299757003784,0.2701285183429718,0.23403646051883698,0.3011694848537445,9.01602845715388e-08,0.0,354.4352021173969,393.8182877292521,1.2089860730553996,0.5627982020378113,0.11421610414981842,0.867098331451416,0.5020942091941833
PINN20260512-HS,2,330,physics,0.23065735399723053,0.045095376670360565,0.06340616196393967,0.027448950335383415,0.024101629853248596,0.02161010541021824,0.22642409801483154,0.21865668892860413,0.2697993218898773,0.23191817104816437,0.3044431805610657,9.008655155184897e-08,0.0,348.2717150444463,387.77615160037885,1.2027542617262976,0.5626245141029358,0.11408737301826477,0.8671067953109741,0.5041451454162598
PINN20260512-HS,2,332,physics,0.22734495997428894,0.0440739169716835,0.06310755759477615,0.027427585795521736,0.023940587416291237,0.02151176705956459,0.22610902786254883,0.21838600933551788,0.2695738673210144,0.23050758242607117,0.30664366483688354,9.00442813644986e-08,0.0,344.23886828407393,383.9194047909014,1.198689496853157,0.5625108480453491,0.11400166153907776,0.86711186170578,0.5056224465370178
PINN20260512-HS,2,335,physics,0.22254860401153564,0.04259587079286575,0.06261835992336273,0.02743077091872692,0.023738887161016464,0.021349972113966942,0.22557532787322998,0.21797199547290802,0.269218385219574,0.22838562726974487,0.3100401759147644,9.007511891923059e-08,0.0,338.33064448849444,378.3236255178891,1.1927538553663029,0.5623445510864258,0.11387135088443756,0.8671186566352844,0.5080280303955078
PINN20260512-HS,2,337,physics,0.21944892406463623,0.04164469987154007,0.06226397305727005,0.027481021359562874,0.02361876890063286,0.021233808249235153,0.22477589547634125,0.21769368648529053,0.2689703106880188,0.2269674837589264,0.3123416006565094,9.028855885162557e-08,0.0,334.5073920147356,374.6955847751612,1.188758691098454,0.5622369050979614,0.11378192901611328,0.867122232913971,0.5097488164901733
PINN20260512-HS,2,340,physics,0.21495209634304047,0.04027123749256134,0.06168803200125694,0.027577433735132217,0.02344449795782566,0.021046264097094536,0.22360655665397644,0.21727269887924194,0.26858338713645935,0.22481337189674377,0.3158548176288605,9.074494045080428e-08,0.0,328.89375421631223,369.6179615494896,1.182444863625123,0.5620784163475037,0.11364340037107468,0.867125928401947,0.5125043392181396
PINN20260512-HS,2,342,physics,0.21204327046871185,0.039393071085214615,0.06126578897237778,0.027597008273005486,0.023325392976403236,0.020906219258904457,0.22326213121414185,0.21699069440364838,0.2683166265487671,0.22334988415241241,0.3182593882083893,9.094479480609152e-08,0.0,325.23639239405543,366.36625714576934,1.1779784638868644,0.5619727373123169,0.11354868113994598,0.8671271800994873,0.5144474506378174
PINN20260512-HS,2,345,physics,0.20779967308044434,0.03812437504529953,0.06057164445519447,0.02761179208755493,0.02313261106610298,0.020673083141446114,0.22307807207107544,0.21657539904117584,0.2679086923599243,0.22113367915153503,0.3219659626483917,9.10577853119321e-08,0.0,319.85793965837394,361.6541208461477,1.1716620755717109,0.56181401014328,0.11340389400720596,0.8671274185180664,0.5175384283065796
PINN20260512-HS,2,347,physics,0.2050357162952423,0.03730572760105133,0.06007476523518562,0.027644513174891472,0.022995594888925552,0.020504752174019814,0.22276774048805237,0.21629898250102997,0.2676335871219635,0.21965056657791138,0.32450148463249207,9.111723642263314e-08,0.0,316.336401240831,358.61062187977643,1.1679494033180373,0.5617092847824097,0.1133059412240982,0.8671262860298157,0.519707441329956
PINN20260512-HS,2,350,physics,0.20098777115345,0.036110322922468185,0.05932748317718506,0.027711553499102592,0.02278328128159046,0.02024993859231472,0.2221686840057373,0.2158885896205902,0.26722270250320435,0.2174084484577179,0.32836011052131653,9.115490229305578e-08,0.0,311.1485025273302,354.1126233276639,1.1626888888233655,0.5615569949150085,0.11315715312957764,0.8671228289604187,0.5230810046195984
PINN20260512-HS,2,353,physics,0.1970677375793457,0.03495223820209503,0.05859395116567612,0.027753788977861404,0.022568168118596077,0.019998770207166672,0.2219829261302948,0.21550114452838898,0.2668202519416809,0.2151845544576645,0.3323207199573517,9.103766984708273e-08,0.0,306.0249045216745,349.73995920183324,1.1573125002712066,0.561412513256073,0.11300919950008392,0.8671185374259949,0.5265837907791138
PINN20260512-HS,2,355,physics,0.1945173144340515,0.03419847413897514,0.05810616910457611,0.027770159766077995,0.0224264245480299,0.019830867648124695,0.22207903861999512,0.21525737643241882,0.26655882596969604,0.21372950077056885,0.3350312113761902,9.091239405734086e-08,0.0,302.6354035799513,346.9026002532988,1.1537264710644062,0.5613225102424622,0.11291203647851944,0.8671154975891113,0.5289818048477173
PINN20260512-HS,2,358,physics,0.1907757967710495,0.03308507427573204,0.05740182101726532,0.02782345376908779,0.02222193405032158,0.019592998549342155,0.2221561074256897,0.21491296589374542,0.2661811411380768,0.21157076954841614,0.3391492962837219,9.081913532327235e-08,0.0,297.59997007308317,342.72654460225283,1.1486039324128785,0.5612010955810547,0.1127668246626854,0.8671108484268188,0.5326477289199829
PINN20260512-HS,2,360,physics,0.18833114206790924,0.032351281493902206,0.05695560574531555,0.027889221906661987,0.02209172025322914,0.01944621466100216,0.2220458686351776,0.21469591557979584,0.26593998074531555,0.21013613045215607,0.3419146239757538,9.08633026597272e-08,0.0,294.26421747725294,339.9816745980583,1.1453159555377828,0.5611305236816406,0.11266913264989853,0.8671075105667114,0.5351224541664124
PINN20260512-HS,2,363,physics,0.18473997712135315,0.03126788139343262,0.05630187690258026,0.02800643816590309,0.021901434287428856,0.019231172278523445,0.22190558910369873,0.21439190208911896,0.265591025352478,0.2079898864030838,0.3461594581604004,9.098380360228475e-08,0.0,289.2796279121639,335.87296473145915,1.1402652295680193,0.5610380172729492,0.11252045631408691,0.8671030402183533,0.5389029383659363
PINN20260512-HS,2,365,physics,0.18239626288414001,0.030558742582798004,0.055872995406389236,0.028081363067030907,0.021774455904960632,0.01908848248422146,0.22196176648139954,0.2142016738653183,0.2653660178184509,0.20655888319015503,0.3490755558013916,9.102537035232672e-08,0.0,285.96275161723423,333.16780916304026,1.1368299019069275,0.5609836578369141,0.11241918802261353,0.8671004772186279,0.5414940714836121
PINN20260512-HS,2,368,physics,0.17895929515361786,0.029515482485294342,0.05525071173906326,0.028194326907396317,0.02158191427588463,0.01888120174407959,0.2221401184797287,0.2139337956905365,0.26503854990005493,0.20440159738063812,0.35355859994888306,9.101953679646613e-08,0.0,280.976269571827,329.2764795730178,1.1319611864127088,0.5609114170074463,0.11226309835910797,0.8670972585678101,0.5454767346382141
PINN20260512-HS,2,370,physics,0.1767202615737915,0.028834130614995956,0.0548519566655159,0.028277687728405,0.021452272310853004,0.018748188391327858,0.2221948355436325,0.21376314759254456,0.2648269832134247,0.20295709371566772,0.356584757566452,9.09812811755728e-08,0.0,277.6755356976916,326.7475372898777,1.1289601326011531,0.5608692169189453,0.11215679347515106,0.8670954704284668,0.5481458306312561
PINN20260512-HS,2,373,physics,0.1734425127506256,0.027836255729198456,0.05426085740327835,0.028420425951480865,0.021255450323224068,0.018547579646110535,0.22216975688934326,0.21353401243686676,0.2645236551761627,0.20080527663230896,0.3611127734184265,9.085013630283356e-08,0.0,272.81724652228274,322.9637049073781,1.1246126672279533,0.560813844203949,0.11199688911437988,0.867093563079834,0.552064061164856
PINN20260512-HS,2,376,physics,0.17026616632938385,0.026873484253883362,0.053692642599344254,0.028523162007331848,0.021056653931736946,0.0183621384203434,0.22221030294895172,0.2133083939552307,0.26423028111457825,0.19871656596660614,0.36571648716926575,9.066015849157338e-08,0.0,267.92782668565803,319.86894288911515,1.1209588727480875,0.5607656836509705,0.11183860152959824,0.8670929074287415,0.5561415553092957
PINN20260512-HS,2,378,physics,0.16820837557315826,0.02625218778848648,0.0533156543970108,0.028580136597156525,0.020925618708133698,0.018238062039017677,0.22228267788887024,0.21317137777805328,0.26404425501823425,0.19735470414161682,0.36874496936798096,9.048685001289414e-08,0.0,264.7411471607691,317.8940468143435,1.1186032678469577,0.5607390403747559,0.11173566430807114,0.8670932054519653,0.5587749481201172
PINN20260512-HS,2,381,physics,0.16522225737571716,0.025348912924528122,0.052713632583618164,0.02873428352177143,0.020734591409564018,0.018016697838902473,0.22232478857040405,0.21303585171699524,0.26379692554473877,0.19532644748687744,0.3729884922504425,9.011206003606276e-08,0.0,260.4419921018882,314.01609731827443,1.114148513387916,0.5607113242149353,0.11158758401870728,0.8670943975448608,0.5620265007019043
PINN20260512-HS,2,383,physics,0.16331425309181213,0.024770712479948997,0.05233818292617798,0.028832823038101196,0.02060936763882637,0.017883194610476494,0.22230499982833862,0.21294590830802917,0.26363807916641235,0.1940118372440338,0.37581905722618103,8.991134592406524e-08,0.0,257.6040596778319,311.8743486967147,1.1116602693725384,0.5606981515884399,0.11149001121520996,0.8670962452888489,0.5642587542533875
PINN20260512-HS,2,386,physics,0.16058620810508728,0.0239604152739048,0.05193426460027695,0.02874097414314747,0.02042023278772831,0.01780737191438675,0.22230680286884308,0.21262790262699127,0.2633451521396637,0.1921856701374054,0.3807223439216614,9.002933154533821e-08,0.0,252.41628407998957,311.5948265576629,1.1110031536459515,0.5606759190559387,0.11133667826652527,0.8671011328697205,0.5693401098251343
PINN20260512-HS,2,388,physics,0.15878520905971527,0.023424381390213966,0.05154326558113098,0.028809774667024612,0.020296476781368256,0.017672114074230194,0.22233963012695312,0.21253041923046112,0.26319047808647156,0.1909371316432953,0.3835383355617523,8.98606415944414e-08,0.0,249.64285426885345,309.6167237488957,1.1086361939260236,0.5606725215911865,0.11124080419540405,0.8671049475669861,0.5716034770011902
PINN20260512-HS,2,391,physics,0.1561359316110611,0.02262985333800316,0.050882019102573395,0.02902943268418312,0.020112745463848114,0.01741555891931057,0.22240501642227173,0.21248368918895721,0.26299986243247986,0.1890592873096466,0.38738030195236206,8.94237643933593e-08,0.0,245.6590625236529,307.0054203511723,1.105501315954793,0.5606799125671387,0.11110226064920425,0.8671114444732666,0.5741932988166809
PINN20260512-HS,2,393,physics,0.15453298389911652,0.022159501910209656,0.0505661740899086,0.029019178822636604,0.019992124289274216,0.01732790470123291,0.22246506810188293,0.2123316079378128,0.26283377408981323,0.18790066242218018,0.3903241455554962,8.936798678860214e-08,0.0,242.84813123380218,306.15305863652577,1.1044171224676278,0.5606832504272461,0.11100735515356064,0.8671172857284546,0.5769121646881104
PINN20260512-HS,2,396,physics,0.15221436321735382,0.021457241848111153,0.04996693134307861,0.029274554923176765,0.01981593295931816,0.017087668180465698,0.22253690659999847,0.21232369542121887,0.26267051696777344,0.1861032396554947,0.393940269947052,8.885667313052181e-08,0.0,239.59133501130628,303.40395669387703,1.1012912594714477,0.5607064962387085,0.11087638884782791,0.86712646484375,0.5791848301887512
PINN20260512-HS,2,398,physics,0.15070602297782898,0.02102203294634819,0.04961628466844559,0.029276549816131592,0.019697779789566994,0.016984179615974426,0.22259408235549927,0.2121971696615219,0.26252028346061707,0.18499650061130524,0.3966864049434662,8.874410184489534e-08,0.0,236.88943722494255,302.8985881239792,1.1006632097927223,0.5607199668884277,0.11078725755214691,0.8671340942382812,0.5816215872764587
PINN20260512-HS,2,401,physics,0.14862658083438873,0.02041112259030342,0.04908594489097595,0.02939191274344921,0.019524794071912766,0.016799915581941605,0.2226940393447876,0.21210260689258575,0.2623348534107208,0.18334268033504486,0.4004182815551758,8.840468979087746e-08,0.0,233.77042858593128,301.2702275366751,1.09876769482264,0.5607503652572632,0.11066078394651413,0.867146372795105,0.5844929814338684
PINN20260512-HS,2,404,physics,0.14668333530426025,0.019864704459905624,0.04861156642436981,0.029338788241147995,0.019353091716766357,0.01666862890124321,0.22283965349197388,0.2118978500366211,0.2621091306209564,0.18179872632026672,0.40437051653862,8.827683473100478e-08,0.0,230.03821014127197,300.98894290322363,1.0983183818930033,0.5607813596725464,0.11053542792797089,0.8671606183052063,0.5881075263023376
PINN20260512-HS,2,406,physics,0.1454467475414276,0.019507616758346558,0.048249952495098114,0.02941860631108284,0.019240086898207664,0.01653900556266308,0.22294870018959045,0.21185030043125153,0.26199644804000854,0.18075978755950928,0.40665361285209656,8.80318395957147e-08,0.0,228.1456240677213,300.2666783460995,1.0974442375073796,0.5608096122741699,0.11045727133750916,0.8671704530715942,0.5897890329360962
PINN20260512-HS,2,409,physics,0.14372673630714417,0.019018299877643585,0.04773492366075516,0.029503680765628815,0.01907338574528694,0.016360247507691383,0.22310882806777954,0.2117597609758377,0.2618221044540405,0.1792622208595276,0.4100280702114105,8.77102266372276e-08,0.0,225.22297111695778,299.7466378043297,1.09678469529549,0.5608551502227783,0.11034366488456726,0.8671867847442627,0.5923888087272644
PINN20260512-HS,2,411,physics,0.14266526699066162,0.018723739311099052,0.04741370677947998,0.02952072024345398,0.018964825198054314,0.01625591702759266,0.223208487033844,0.21167409420013428,0.26169732213020325,0.1783079206943512,0.41226470470428467,8.754993530146749e-08,0.0,223.38602553931165,299.52136296932144,1.096497188794398,0.5608872771263123,0.11027028411626816,0.8671984076499939,0.5942333340644836
PINN20260512-HS,2,414,physics,0.14117546379566193,0.018295003101229668,0.0468965619802475,0.02970019169151783,0.018806276842951775,0.016056638211011887,0.2233506739139557,0.21166037023067474,0.26156285405158997,0.17687612771987915,0.41514790058135986,8.711284493756466e-08,0.0,221.3888159155742,298.8124150282247,1.0956574877589484,0.5609447360038757,0.11016792804002762,0.8672166466712952,0.5961050391197205
PINN20260512-HS,2,416,physics,0.14024581015110016,0.018040403723716736,0.046579182147979736,0.029734818264842033,0.0187035221606493,0.015948688611388206,0.22345402836799622,0.2115975171327591,0.2614520788192749,0.1759800910949707,0.4171333312988281,8.691910835523231e-08,0.0,219.84428082736198,298.755164704311,1.0955559363287486,0.5609827041625977,0.11010158061981201,0.8672298192977905,0.5976635217666626
PINN20260512-HS,2,419,physics,0.13894760608673096,0.01770501583814621,0.04614442586898804,0.02966379188001156,0.018554775044322014,0.01582137681543827,0.2236158549785614,0.21142607927322388,0.26125383377075195,0.17471863329410553,0.4201832711696625,8.675262108681636e-08,0.0,217.3099744604467,299.06309430452967,1.095859865701976,0.5610389113426208,0.11000511795282364,0.8672508597373962,0.6004043817520142
PINN20260512-HS,2,421,physics,0.13814596831798553,0.01749011129140854,0.045843228697776794,0.029699526727199554,0.018459033221006393,0.015716740861535072,0.22370894253253937,0.2113719880580902,0.2611504793167114,0.1738835871219635,0.42195001244544983,8.654537708707721e-08,0.0,216.02437651802168,299.11652463964606,1.095907737308129,0.5610807538032532,0.10994524508714676,0.8672653436660767,0.6017540693283081
PINN20260512-HS,2,424,physics,0.13703495264053345,0.017183419317007065,0.04538802430033684,0.02984076738357544,0.01832037791609764,0.015542637556791306,0.2238304615020752,0.211353600025177,0.261027455329895,0.17265160381793976,0.4242890179157257,8.61408793184637e-08,0.0,214.60205723326607,299.1187838886084,1.0958956844389975,0.561147928237915,0.10986097902059555,0.8672877550125122,0.6032702922821045
PINN20260512-HS,2,426,physics,0.13635343313217163,0.01700419932603836,0.04511166363954544,0.029876703396439552,0.018232107162475586,0.015445351600646973,0.22390981018543243,0.21130585670471191,0.2609306275844574,0.17187584936618805,0.4258589744567871,8.593685407731755e-08,0.0,213.56608498600616,299.3188882696847,1.0961151042289845,0.5611917972564697,0.10980665683746338,0.8673034310340881,0.6044546365737915
PINN20260512-HS,2,429,physics,0.1354225128889084,0.016785990446805954,0.04476049914956093,0.029754383489489555,0.01810728758573532,0.015348982065916061,0.22403183579444885,0.21111960709095,0.26073431968688965,0.17080150544643402,0.4283812940120697,8.580624921705748e-08,0.0,211.4116984700705,300.05413574053597,1.0969525479786513,0.5612533688545227,0.10972672700881958,0.8673282265663147,0.6068371534347534
PINN20260512-HS,2,432,physics,0.13463450968265533,0.016545863822102547,0.044360969215631485,0.03007081151008606,0.017987722530961037,0.01516352966427803,0.22412660717964172,0.21122747659683228,0.26068297028541565,0.1696600466966629,0.42995670437812805,8.523801398041542e-08,0.0,211.4933878990074,300.1328221596232,1.0969805174257008,0.5613285899162292,0.10965666174888611,0.8673529028892517,0.6072576642036438
PINN20260512-HS,2,434,physics,0.1342192143201828,0.01642925851047039,0.04416177049279213,0.030178546905517578,0.017914440482854843,0.015080097131431103,0.22417573630809784,0.21123096346855164,0.2606182396411896,0.16895394027233124,0.4311034679412842,8.498323467165392e-08,0.0,211.17114837555343,300.5040037170886,1.097350183722122,0.5613757967948914,0.10961055755615234,0.8673700094223022,0.6079097390174866
PINN20260512-HS,2,437,physics,0.13354921340942383,0.01634729653596878,0.0439709834754467,0.02962241880595684,0.017815522849559784,0.015101389028131962,0.22426903247833252,0.21078164875507355,0.26029548048973083,0.16812489926815033,0.4338913559913635,8.530577844112486e-08,0.0,207.8694940641844,301.68968173025075,1.0986784743939029,0.5614248514175415,0.10953674465417862,0.867398202419281,0.6115503311157227
PINN20260512-HS,2,439,physics,0.13288487493991852,0.01616019755601883,0.04363800585269928,0.02979041449725628,0.0177420936524868,0.014961602166295052,0.2242959439754486,0.21083718538284302,0.26025938987731934,0.16745522618293762,0.43471476435661316,8.498417258806512e-08,0.0,207.68876955675768,301.9540527961166,1.0989114315795543,0.5614733099937439,0.10949543118476868,0.8674160242080688,0.6117419600486755
PINN20260512-HS,2,442,physics,0.13229279220104218,0.016022784635424614,0.04335631802678108,0.02978384867310524,0.01764851063489914,0.014864680357277393,0.2243076115846634,0.21074669063091278,0.26012009382247925,0.16656850278377533,0.43632495403289795,8.477934443362756e-08,0.0,206.2615621759178,302.8670165064199,1.0999720572015337,0.5615369081497192,0.1094345673918724,0.8674443960189819,0.6130101084709167
PINN20260512-HS,2,444,physics,0.13196150958538055,0.015950702130794525,0.043204594403505325,0.02975202351808548,0.01759222149848938,0.014816856011748314,0.22432059049606323,0.21066904067993164,0.26002126932144165,0.1659965068101883,0.43735620379447937,8.465489997888653e-08,0.0,205.75516396921853,303.3454996987758,1.1005205261339124,0.5615784525871277,0.10939501225948334,0.8674635887145996,0.6138856410980225
PINN20260512-HS,2,447,physics,0.13129568099975586,0.015756014734506607,0.04285721480846405,0.029986552894115448,0.017505217343568802,0.014663428999483585,0.224360391497612,0.21074241399765015,0.25997427105903625,0.16508722305297852,0.43830057978630066,8.417367780566565e-08,0.0,205.1752299864679,304.16636843592687,1.1014401544080992,0.5616487264633179,0.10934029519557953,0.8674920201301575,0.6140149831771851
PINN20260512-HS,2,449,physics,0.13102079927921295,0.01571369729936123,0.042741529643535614,0.02985355071723461,0.017456844449043274,0.014641034416854382,0.2243991196155548,0.21060673892498016,0.2598477900028229,0.16459254920482635,0.43936896324157715,8.414506424969659e-08,0.0,204.45576576915116,304.8294733330424,1.1022079201159645,0.56168532371521,0.10930410027503967,0.8675121665000916,0.6151463985443115
PINN20260512-HS,2,452,physics,0.13055065274238586,0.015563519671559334,0.04246813431382179,0.0301315076649189,0.017380911856889725,0.014506173320114613,0.22441287338733673,0.21070356667041779,0.25982120633125305,0.163747176527977,0.4400866627693176,8.36723401675954e-08,0.0,204.48195786853665,305.79586225944917,1.1032624899680448,0.5617532730102539,0.10925497114658356,0.8675416111946106,0.6150057911872864
PINN20260512-HS,2,454,physics,0.13022680580615997,0.01550483237951994,0.04233679175376892,0.030015412718057632,0.01733727939426899,0.014476862736046314,0.22441935539245605,0.2105831801891327,0.2597050666809082,0.16327492892742157,0.44097989797592163,8.364286685491606e-08,0.0,203.60501935426348,306.48645208638504,1.104062609544671,0.5617886781692505,0.10922076553106308,0.8675619959831238,0.6159475445747375
PINN20260512-HS,2,457,physics,0.12986958026885986,0.01540385466068983,0.042137663811445236,0.030155012384057045,0.01727251708507538,0.014386812224984169,0.22442668676376343,0.21059547364711761,0.2596375644207001,0.16252252459526062,0.44175419211387634,8.333037015972877e-08,0.0,203.70722327031018,307.65113155975877,1.105291573615113,0.5618488788604736,0.10917436331510544,0.8675923943519592,0.6161786317825317
PINN20260512-HS,2,460,physics,0.12947595119476318,0.015342436730861664,0.041974883526563644,0.02996870130300522,0.017215220257639885,0.014353575184941292,0.2244388461112976,0.2104119509458542,0.25946366786956787,0.16188788414001465,0.44293779134750366,8.331959122642729e-08,0.0,202.5337452592777,308.75862842194385,1.1065247710601152,0.5618972778320312,0.10912834852933884,0.8676239848136902,0.617466926574707
PINN20260512-HS,2,462,physics,0.12923423945903778,0.015274467878043652,0.04184391722083092,0.03005768358707428,0.017176318913698196,0.01429467648267746,0.22442537546157837,0.21042034029960632,0.2594219446182251,0.16142398118972778,0.4433327615261078,8.312518673392333e-08,0.0,202.47158365434888,309.5815976846815,1.1074062108987808,0.5619346499443054,0.10910008102655411,0.8676446676254272,0.6175277829170227
PINN20260512-HS,2,465,physics,0.12893132865428925,0.015222340822219849,0.04170650988817215,0.0299664456397295,0.017125440761446953,0.01425660215318203,0.22439877688884735,0.2102968692779541,0.25928476452827454,0.1608119159936905,0.4441995620727539,8.303329224190747e-08,0.0,201.5187549429333,310.7208730315683,1.1086903895581213,0.5619825124740601,0.10905846953392029,0.8676763772964478,0.6183381080627441
PINN20260512-HS,2,467,physics,0.12872830033302307,0.015177469700574875,0.041603535413742065,0.029971158131957054,0.017091844230890274,0.014218030497431755,0.2243776172399521,0.21025589108467102,0.2592182457447052,0.16040535271167755,0.44462350010871887,8.29135657909319e-08,0.0,201.27249486082295,311.55374235434886,1.1096032295792788,0.5620149970054626,0.10903261601924896,0.867697536945343,0.6186034083366394
PINN20260512-HS,2,470,physics,0.12842504680156708,0.015091508626937866,0.041432708501815796,0.030100246891379356,0.017041631042957306,0.014138099737465382,0.22434519231319427,0.210272416472435,0.2591642737388611,0.15978674590587616,0.44499465823173523,8.262035322559313e-08,0.0,201.14949936241453,312.8724530459657,1.1110402063183806,0.5620656609535217,0.10899631679058075,0.8677290678024292,0.618516206741333
PINN20260512-HS,2,472,physics,0.1282414346933365,0.015058491379022598,0.04134565591812134,0.0300588421523571,0.017012182623147964,0.01411101408302784,0.2243242859840393,0.21020632982254028,0.25908559560775757,0.15942025184631348,0.44538968801498413,8.253592653773012e-08,0.0,200.7511188480652,313.6900590152643,1.111960615125508,0.5620946288108826,0.10897254198789597,0.8677504658699036,0.6188555955886841
PINN20260512-HS,2,475,physics,0.12799203395843506,0.014996254816651344,0.04120786115527153,0.03012191504240036,0.016968151554465294,0.01405082456767559,0.2243019938468933,0.2101850062608719,0.25901415944099426,0.15886171162128448,0.4457269012928009,8.230205850168204e-08,0.0,200.71662627321135,315.0810535600324,1.1134683995937478,0.5621400475502014,0.1089392751455307,0.8677825331687927,0.6188841462135315
PINN20260512-HS,2,477,physics,0.1278350055217743,0.014960886910557747,0.04112321883440018,0.03013867884874344,0.016940506175160408,0.014016316272318363,0.22429823875427246,0.2101570963859558,0.2589595317840576,0.15850980579853058,0.4459480941295624,8.216715485787063e-08,0.0,200.5391950467539,315.98509161825973,1.114467057546821,0.5621684193611145,0.10891801863908768,0.8678038716316223,0.6189528107643127
PINN20260512-HS,2,480,physics,0.1276085078716278,0.014938294887542725,0.04102553054690361,0.02998487651348114,0.016904225572943687,0.013998458161950111,0.2242611050605774,0.210006445646286,0.25881442427635193,0.1580471396446228,0.4464914798736572,8.214285429630763e-08,0.0,199.63752308872196,317.14733120034293,1.1158252360975265,0.5622043609619141,0.10888664424419403,0.867836594581604,0.6196163892745972
PINN20260512-HS,2,483,physics,0.1273951381444931,0.014866674318909645,0.04088934510946274,0.030169181525707245,0.016863739117980003,0.013923115096986294,0.22419121861457825,0.2100582867860794,0.2587927579879761,0.15752677619457245,0.4464621841907501,8.18566405769161e-08,0.0,200.0279863231643,318.7534068445387,1.1175711111770328,0.562247633934021,0.10885841399431229,0.8678684234619141,0.6190969347953796
PINN20260512-HS,2,485,physics,0.12726300954818726,0.014838161878287792,0.04081704840064049,0.03018341399729252,0.016839854419231415,0.013893205672502518,0.22416582703590393,0.21003083884716034,0.25874143838882446,0.1572183221578598,0.44656670093536377,8.175432952839401e-08,0.0,199.92122472051335,319.7103669729838,1.118623391920635,0.5622724890708923,0.1088399887084961,0.8678900599479675,0.6190794110298157
PINN20260512-HS,2,488,physics,0.12708814442157745,0.01484612189233303,0.040754541754722595,0.029917949810624123,0.01681128330528736,0.013901107013225555,0.22415420413017273,0.2098201960325241,0.2585623562335968,0.1568422019481659,0.44709256291389465,8.184161259805478e-08,0.0,198.66946088289464,320.69818852778076,1.11980013790898,0.5622999668121338,0.10881248116493225,0.8679230809211731,0.6199547648429871
PINN20260512-HS,2,490,physics,0.12699510157108307,0.014836752787232399,0.040705446153879166,0.029875168576836586,0.016791105270385742,0.013886366039514542,0.22413092851638794,0.20975922048091888,0.2584924101829529,0.15657082200050354,0.44721126556396484,8.179578969702561e-08,0.0,198.40783242793114,321.5477705567246,1.1207681579656816,0.5623209476470947,0.10879548639059067,0.8679447174072266,0.620068371295929
PINN20260512-HS,2,493,physics,0.1268938183784485,0.01474978681653738,0.04058416560292244,0.030337996780872345,0.016752781346440315,0.013779725879430771,0.224062979221344,0.20998024940490723,0.258583128452301,0.15605215728282928,0.44656795263290405,8.129323703087721e-08,0.0,200.11715318782646,323.7416263395858,1.1230790218581477,0.5623654127120972,0.10877300798892975,0.8679760694503784,0.618464469909668
PINN20260512-HS,2,495,physics,0.12680985033512115,0.014732277020812035,0.0405326783657074,0.030358944088220596,0.016733000054955482,0.013755754567682743,0.22404871881008148,0.20995910465717316,0.2585405707359314,0.15578418970108032,0.44652503728866577,8.118220762298733e-08,0.0,199.94676049201198,324.6774962366502,1.1241499129812897,0.5623859167098999,0.10875752568244934,0.8679976463317871,0.6183066964149475
PINN20260512-HS,2,498,physics,0.1265319436788559,0.014752048067748547,0.04045642539858818,0.029847009107470512,0.01671089045703411,0.013790001161396503,0.2240554243326187,0.20961514115333557,0.2582792341709137,0.15553465485572815,0.44720035791397095,8.145432417450138e-08,0.0,197.96778068034203,325.3306250954558,1.1250831034515785,0.5623992681503296,0.10873357206583023,0.8680311441421509,0.6198037266731262
PINN20260512-HS,2,500,physics,0.12633295357227325,0.014686916954815388,0.04034477844834328,0.029978297650814056,0.01668737456202507,0.013731062412261963,0.22403264045715332,0.20966482162475586,0.2582817077636719,0.15526120364665985,0.4469347894191742,8.12474709732669e-08,0.0,198.27261850795233,326.53122457890606,1.1264292821362367,0.5624207854270935,0.10871998220682144,0.8680524230003357,0.61922287940979
PINN20260512-HS,2,503,physics,0.12620311975479126,0.014675863087177277,0.04027832671999931,0.029907729476690292,0.016662636771798134,0.013712107203900814,0.22399242222309113,0.2095768004655838,0.2581847608089447,0.15493032336235046,0.4469066262245178,8.117817884567557e-08,0.0,197.56275703874454,327.62142310142053,1.1277849229221621,0.5624436736106873,0.1086994931101799,0.8680848479270935,0.6192325353622437
PINN20260512-HS,2,505,physics,0.12614065408706665,0.014676172286272049,0.04024726152420044,0.029849570244550705,0.016647886484861374,0.013705858960747719,0.2239653468132019,0.20951199531555176,0.2581169307231903,0.15471713244915009,0.44687896966934204,8.114877658726982e-08,0.0,197.39009006596558,328.52250921740506,1.1288341097309091,0.5624579191207886,0.10868605226278305,0.8681064248085022,0.6192577481269836
PINN20260512-HS,2,508,physics,0.12595708668231964,0.014588853344321251,0.04011942446231842,0.0301628690212965,0.016616424545645714,0.01361737959086895,0.22392892837524414,0.20965076982975006,0.2581702172756195,0.1543101817369461,0.4462236762046814,8.077407898099409e-08,0.0,198.11034054599472,330.5518468220984,1.131029843552547,0.5624895691871643,0.1086680069565773,0.868137776851654,0.6179446578025818
PINN20260512-HS,3,1,pretrain,12.151400566101074,3.110990524291992,3.907196521759033,0.3244374096393585,1.3431384563446045,1.301432728767395,2.971025228500366,1.1425724029541016,0.5545465350151062,0.0,0.0,0.0,0.0,3686.2611139201736,2751.157029324208,4.7905999279395575,0.4995671808719635,0.09062618762254715,0.8564242124557495,0.0
PINN20260512-HS,3,2,pretrain,12.002959251403809,3.0810294151306152,3.8492960929870605,0.31940731406211853,1.3327618837356567,1.2820481061935425,2.729959487915039,0.8739852905273438,0.5445191264152527,0.0,0.0,0.0,0.0,3660.0808734234274,2731.8812199654653,4.672228277178366,0.49998897314071655,0.0909564271569252,0.8566486239433289,0.003393069840967655
PINN20260512-HS,3,3,pretrain,11.845457077026367,3.0496115684509277,3.789576292037964,0.31186506152153015,1.3215678930282593,1.2614914178848267,2.4186863899230957,0.6424168348312378,0.534613311290741,0.0,0.0,0.0,0.0,3631.602676505237,2710.936369596306,4.556541537562035,0.5004252791404724,0.09130553901195526,0.8568727970123291,0.007549675181508064
PINN20260512-HS,3,5,pretrain,11.506673812866211,2.9787979125976562,3.658413887023926,0.29449573159217834,1.2961839437484741,1.2161883115768433,1.77095365524292,0.4193224310874939,0.5151705145835876,0.0,0.0,0.0,0.0,3566.9639751474924,2663.4579966652373,4.370123463643392,0.5013519525527954,0.09208012372255325,0.85732102394104,0.018566355109214783
PINN20260512-HS,3,6,pretrain,11.326621055603027,2.938918113708496,3.586740493774414,0.2850063443183899,1.281812071800232,1.1914716958999634,1.473376750946045,0.4457436203956604,0.5056688785552979,0.0,0.0,0.0,0.0,3530.4053591620327,2636.6282445578104,4.291288641761163,0.5018442869186401,0.09252271056175232,0.8575453758239746,0.025515688583254814
PINN20260512-HS,3,7,pretrain,11.137887001037598,2.895759105682373,3.511160373687744,0.2751025855541229,1.266194462776184,1.165476679801941,1.2204411029815674,0.5103961229324341,0.4963545501232147,0.0,0.0,0.0,0.0,3490.7547894402437,2607.539453201044,4.20998541422938,0.5023561716079712,0.09301744401454926,0.8577694296836853,0.03349962830543518
PINN20260512-HS,3,8,pretrain,10.938508987426758,2.8490896224975586,3.4316751956939697,0.2649385929107666,1.249231219291687,1.1382039785385132,1.02421236038208,0.5651955008506775,0.48725247383117676,0.0,0.0,0.0,0.0,3447.793642316779,2576.0201862563113,4.125356059353036,0.5028881430625916,0.09357038885354996,0.8579928874969482,0.042580749839544296
PINN20260512-HS,3,9,pretrain,10.727128028869629,2.798666477203369,3.3481602668762207,0.2547563910484314,1.230816125869751,1.1096469163894653,0.8899047374725342,0.5869349837303162,0.47837841510772705,0.0,0.0,0.0,0.0,3401.2849042677976,2541.8783409124835,4.039628475593853,0.503440260887146,0.09418042004108429,0.8582156896591187,0.05282793939113617
PINN20260512-HS,3,11,pretrain,10.263734817504883,2.6855669021606445,3.166470527648926,0.23530885577201843,1.1891088485717773,1.0477732419967651,0.7853594422340393,0.5406696796417236,0.46135419607162476,0.0,0.0,0.0,0.0,3296.714576665684,2464.9267737602268,3.8733035425752638,0.5046060681343079,0.09555241465568542,0.8586587905883789,0.0771159827709198
PINN20260512-HS,3,12,pretrain,10.010868072509766,2.6225883960723877,3.068903684616089,0.2264513522386551,1.1655421257019043,1.0149052143096924,0.7873114347457886,0.4969305098056793,0.45322513580322266,0.0,0.0,0.0,0.0,3238.2935320937167,2421.7518452558265,3.7944947379483898,0.5052201747894287,0.09630434960126877,0.8588790893554688,0.09128180891275406
PINN20260512-HS,3,13,pretrain,9.745206832885742,2.5553860664367676,2.969928741455078,0.21829643845558167,1.1399710178375244,0.9818916320800781,0.8035078048706055,0.4563457667827606,0.4453553259372711,0.0,0.0,0.0,0.0,3175.648910065469,2375.2451452429073,3.7185856952302587,0.5058560371398926,0.0970945805311203,0.8590986728668213,0.10685607045888901
PINN20260512-HS,3,14,pretrain,9.467952728271484,2.48419189453125,2.871088981628418,0.21090219914913177,1.1122444868087769,0.9490909576416016,0.8222612142562866,0.427979052066803,0.43773919343948364,0.0,0.0,0.0,0.0,3108.8002509006587,2325.312882173064,3.645053755089979,0.5065154433250427,0.09791947901248932,0.8593174815177917,0.12386734038591385
PINN20260512-HS,3,15,pretrain,9.179648399353027,2.409350633621216,2.771885395050049,0.20436352491378784,1.0822128057479858,0.9162707328796387,0.835716724395752,0.4157865643501282,0.4303700029850006,0.0,0.0,0.0,0.0,3037.909643159256,2271.940800285078,3.5726689653610144,0.5071998834609985,0.09877561777830124,0.8595356345176697,0.142328143119812
PINN20260512-HS,3,17,pretrain,8.571786880493164,2.250746965408325,2.5668087005615234,0.19362306594848633,1.0148234367370605,0.8482910990715027,0.8315671682357788,0.43306273221969604,0.41638660430908203,0.0,0.0,0.0,0.0,2885.6558180074076,2155.428031737548,3.4236457391610826,0.5086490511894226,0.10056804120540619,0.8599694967269897,0.18352819979190826
PINN20260512-HS,3,18,pretrain,8.25617504119873,2.168452739715576,2.4613277912139893,0.1892826110124588,0.9773215651512146,0.8134101033210754,0.8127062320709229,0.45035502314567566,0.40978142619132996,0.0,0.0,0.0,0.0,2805.7193373536134,2092.9331092990046,3.3439471004057095,0.5094153881072998,0.1014975905418396,0.8601850867271423,0.20614896714687347
PINN20260512-HS,3,19,pretrain,7.934848785400391,2.0850229263305664,2.3535244464874268,0.18555356562137604,0.9372256994247437,0.7777810096740723,0.7846634984016418,0.4643046259880066,0.4034390449523926,0.0,0.0,0.0,0.0,2724.6039161683666,2028.3073608307002,3.260354804499317,0.5102109909057617,0.1024451032280922,0.860399603843689,0.22997131943702698
PINN20260512-HS,3,20,pretrain,7.606142997741699,1.9999568462371826,2.2430920600891113,0.18244603276252747,0.8945446014404297,0.7413706183433533,0.7503952980041504,0.4706292450428009,0.39737021923065186,0.0,0.0,0.0,0.0,2643.6425628287952,1962.2925368048466,3.1738001153145294,0.5110376477241516,0.10340796411037445,0.860613226890564,0.2548399865627289
PINN20260512-HS,3,22,pretrain,6.928511619567871,1.8252193927764893,2.014951467514038,0.17780007421970367,0.8018206357955933,0.6663501262664795,0.6793228983879089,0.4583834111690521,0.386079341173172,0.0,0.0,0.0,0.0,2488.754407329096,1830.0782087113107,2.9988181592930783,0.5127931833267212,0.10537271946668625,0.8610374927520752,0.3069456219673157
PINN20260512-HS,3,23,pretrain,6.58893346786499,1.7375388145446777,1.902642011642456,0.17610518634319305,0.7522737979888916,0.6296229958534241,0.6504694223403931,0.4443342685699463,0.38086435198783875,0.0,0.0,0.0,0.0,2418.5104920177628,1766.3424781168571,2.9146492894345566,0.5137279629707336,0.10637150704860687,0.8612483739852905,0.3337286114692688
PINN20260512-HS,3,24,pretrain,6.253006458282471,1.6504802703857422,1.7940311431884766,0.17473794519901276,0.7007970809936523,0.5940927267074585,0.6305096745491028,0.4297454059123993,0.3759424686431885,0.0,0.0,0.0,0.0,2355.529770561179,1706.0831603412537,2.835495317971505,0.5147076845169067,0.10737888514995575,0.8614585995674133,0.36065682768821716
PINN20260512-HS,3,25,pretrain,5.922786235809326,1.5646765232086182,1.6888635158538818,0.1736367642879486,0.6477198600769043,0.5595595240592957,0.6211742162704468,0.41801488399505615,0.37131786346435547,0.0,0.0,0.0,0.0,2301.490603934763,1650.8520527291355,2.7629972792580024,0.5157389640808105,0.108393594622612,0.8616683483123779,0.3874675929546356
PINN20260512-HS,3,26,pretrain,5.603039741516113,1.4818122386932373,1.586057424545288,0.17274723947048187,0.593604564666748,0.5257284045219421,0.6222541928291321,0.4113140404224396,0.366992324590683,0.0,0.0,0.0,0.0,2257.7615020192015,1602.20988013431,2.697829047445083,0.5168285369873047,0.10941436141729355,0.8618776798248291,0.41390320658683777
PINN20260512-HS,3,28,pretrain,5.014919281005859,1.3301182985305786,1.3943958282470703,0.1712314486503601,0.4869706928730011,0.462486207485199,0.6437046527862549,0.4135032594203949,0.3592710494995117,0.0,0.0,0.0,0.0,2204.4891698531883,1530.3030745574551,2.586816730082889,0.5192174911499023,0.11146754771471024,0.8622955083847046,0.46467840671539307
PINN20260512-HS,3,29,pretrain,4.752159118652344,1.2626680135726929,1.308017373085022,0.1704774647951126,0.4373735785484314,0.4338721036911011,0.6529102325439453,0.4185498058795929,0.35588985681533813,0.0,0.0,0.0,0.0,2195.2586407983913,1509.145453559729,2.5402659930438256,0.5205366611480713,0.11249575018882751,0.8625043034553528,0.48858925700187683
PINN20260512-HS,3,30,pretrain,4.512104511260986,1.201536774635315,1.2267560958862305,0.16979816555976868,0.3921407163143158,0.4069090187549591,0.6552655696868896,0.4225490093231201,0.3528410494327545,0.0,0.0,0.0,0.0,2196.922392803169,1498.5369531646525,2.5005380857121295,0.521952211856842,0.11352144926786423,0.8627126216888428,0.5112804770469666
PINN20260512-HS,3,31,pretrain,4.298525333404541,1.1479487419128418,1.1499801874160767,0.16947755217552185,0.35235166549682617,0.3814123272895813,0.650013267993927,0.42336443066596985,0.3501322865486145,0.0,0.0,0.0,0.0,2208.1292987504153,1498.2317077141306,2.4682681173434005,0.5234739780426025,0.11454097181558609,0.8629205226898193,0.5326160788536072
PINN20260512-HS,3,32,pretrain,4.114535808563232,1.1027777194976807,1.0779646635055542,0.169891819357872,0.3183913230895996,0.3574667274951935,0.637911319732666,0.4203645586967468,0.3477643132209778,0.0,0.0,0.0,0.0,2226.776481822996,1507.19565750436,2.4442131444335784,0.5251148343086243,0.11554848402738571,0.8631271123886108,0.5524724125862122
PINN20260512-HS,3,34,pretrain,3.841930627822876,1.037949800491333,0.9555474519729614,0.17466656863689423,0.26882562041282654,0.3167778551578522,0.605665385723114,0.4091712236404419,0.34406182169914246,0.0,0.0,0.0,0.0,2273.4924675485513,1543.9314265860385,2.4214466112497517,0.5288006663322449,0.11748671531677246,0.8635309338569641,0.587212324142456
PINN20260512-HS,3,35,pretrain,3.7482686042785645,1.0159754753112793,0.9083423614501953,0.17874892055988312,0.2530389130115509,0.3011157214641571,0.5918980240821838,0.4060377776622772,0.3427143692970276,0.0,0.0,0.0,0.0,2293.5985917330872,1565.1520692891154,2.4202238566072016,0.5308490991592407,0.1183847114443779,0.8637223839759827,0.601768970489502
PINN20260512-HS,3,36,pretrain,3.6752004623413086,0.9983197450637817,0.8713725805282593,0.18331359326839447,0.24269340932369232,0.2888908088207245,0.5821888446807861,0.4062001705169678,0.34168127179145813,0.0,0.0,0.0,0.0,2306.473281874299,1583.578542415879,2.4217887730598227,0.5330053567886353,0.11920762062072754,0.8639018535614014,0.6142510771751404
PINN20260512-HS,3,37,pretrain,3.6137828826904297,0.9826332330703735,0.8425793051719666,0.18767108023166656,0.23657271265983582,0.2794248163700104,0.5763315558433533,0.408384770154953,0.34092971682548523,0.0,0.0,0.0,0.0,2309.5473582500967,1596.4506725859087,2.422580880359777,0.5352274775505066,0.11993715167045593,0.8640655279159546,0.6246129870414734
PINN20260512-HS,3,38,pretrain,3.555551767349243,0.9667837619781494,0.8197961449623108,0.19122570753097534,0.23325084149837494,0.27198922634124756,0.5729789137840271,0.41041576862335205,0.3404136598110199,0.0,0.0,0.0,0.0,2301.469747791615,1601.9772938465762,2.419696843475099,0.537475049495697,0.12056247144937515,0.8642109632492065,0.6329272389411926
PINN20260512-HS,3,40,pretrain,3.424736738204956,0.9287257194519043,0.7857583165168762,0.1942751109600067,0.23043616116046906,0.2609822154045105,0.5672867298126221,0.4089502990245819,0.33986395597457886,0.0,0.0,0.0,0.0,2251.2959601083107,1588.0569889018466,2.396609654414612,0.5419309139251709,0.12149197608232498,0.8644425272941589,0.6440573930740356
PINN20260512-HS,3,41,pretrain,3.345863103866577,0.9051766991615295,0.7716119289398193,0.1934376209974289,0.22939033806324005,0.2564134895801544,0.5628676414489746,0.4059033989906311,0.339725136756897,0.0,0.0,0.0,0.0,2210.695365716407,1568.7697409116483,2.375797108542752,0.5441063046455383,0.12180303782224655,0.8645287752151489,0.6472486257553101
PINN20260512-HS,3,42,pretrain,3.2573556900024414,0.8786603212356567,0.7580112814903259,0.19110392034053802,0.22802773118019104,0.2519897520542145,0.5571015477180481,0.4028662145137787,0.3396150469779968,0.0,0.0,0.0,0.0,2161.534524359951,1542.115105950266,2.3494851449742185,0.5462377667427063,0.12202062457799911,0.8645964860916138,0.6490980982780457
PINN20260512-HS,3,43,pretrain,3.160818338394165,0.849718451499939,0.7445396184921265,0.1875564008951187,0.2262311726808548,0.247569739818573,0.5505843162536621,0.4009688198566437,0.3394961357116699,0.0,0.0,0.0,0.0,2105.5322367515537,1509.1030448581039,2.318584609231071,0.5483255982398987,0.12215316295623779,0.8646469712257385,0.6497633457183838
PINN20260512-HS,3,44,pretrain,3.0590145587921143,0.819188117980957,0.7311198711395264,0.18316729366779327,0.22405759990215302,0.24312321841716766,0.5443781018257141,0.40058448910713196,0.3393379747867584,0.0,0.0,0.0,0.0,2044.6007556488871,1470.9362664643224,2.2840327163136274,0.550373911857605,0.12220972031354904,0.8646820187568665,0.6493808627128601
PINN20260512-HS,3,46,pretrain,2.8552279472351074,0.7578969597816467,0.7060970067977905,0.17336618900299072,0.21933995187282562,0.23471464216709137,0.5369222164154053,0.4016771614551544,0.3388141393661499,0.0,0.0,0.0,0.0,1916.2722275292724,1384.6791144521535,2.207944132038635,0.5543818473815918,0.12213363498449326,0.8647148013114929,0.6459420323371887
PINN20260512-HS,3,47,pretrain,2.7613134384155273,0.7293751239776611,0.6962320804595947,0.16859835386276245,0.21728163957595825,0.23124782741069794,0.53682541847229,0.4010186791419983,0.33841559290885925,0.0,0.0,0.0,0.0,1853.2795255977983,1339.7079905710796,2.1684724396366524,0.556364119052887,0.12202255427837372,0.8647186160087585,0.6431148648262024
PINN20260512-HS,3,48,pretrain,2.677461862564087,0.7035384178161621,0.6894451379776001,0.16429898142814636,0.21570512652397156,0.22873857617378235,0.5388153791427612,0.39918041229248047,0.33791080117225647,0.0,0.0,0.0,0.0,1794.9694983480917,1296.5518693827871,2.1307024161283254,0.5583540797233582,0.12188029289245605,0.8647198677062988,0.6397406458854675
PINN20260512-HS,3,49,pretrain,2.6083202362060547,0.6817723512649536,0.6864599585533142,0.1606612205505371,0.2146894633769989,0.2273707389831543,0.5419026017189026,0.3974354565143585,0.33731961250305176,0.0,0.0,0.0,0.0,1743.4473034766495,1257.151194168784,2.0960882836078127,0.5603402256965637,0.1217288076877594,0.8647249937057495,0.6361531615257263
PINN20260512-HS,3,50,pretrain,2.553356170654297,0.6641837954521179,0.6855544447898865,0.15777994692325592,0.21409724652767181,0.22681857645511627,0.5446617603302002,0.39674729108810425,0.3366648852825165,0.0,0.0,0.0,0.0,1699.3430348225752,1222.4964212626555,2.064943481159502,0.5623063445091248,0.12159030884504318,0.8647399544715881,0.6327189803123474
PINN20260512-HS,3,52,pretrain,2.4695956707000732,0.6373772621154785,0.6838371753692627,0.15415088832378387,0.21297584474086761,0.22587445378303528,0.5450333952903748,0.396747887134552,0.3352443277835846,0.0,0.0,0.0,0.0,1630.911938149942,1167.964201078098,2.011650593583361,0.5660969614982605,0.12141989916563034,0.8648166656494141,0.627497673034668
PINN20260512-HS,3,53,pretrain,2.4312591552734375,0.6256492137908936,0.6799951195716858,0.1530309021472931,0.2118338644504547,0.2245374172925949,0.5422788858413696,0.3957509994506836,0.3345078229904175,0.0,0.0,0.0,0.0,1604.2736674271007,1147.4729299639273,1.9892633503256187,0.5678792595863342,0.12141034007072449,0.864883303642273,0.6261008381843567
PINN20260512-HS,3,54,pretrain,2.3913092613220215,0.6139038801193237,0.6732616424560547,0.1521865278482437,0.21011961996555328,0.2222835272550583,0.5384798645973206,0.3942093849182129,0.333766371011734,0.0,0.0,0.0,0.0,1581.3017580461992,1131.064266520696,1.9702087439652516,0.5695608258247375,0.12145811319351196,0.86496901512146,0.6256208419799805
PINN20260512-HS,3,55,pretrain,2.3483176231384277,0.6016327738761902,0.6636955738067627,0.15154658257961273,0.20792897045612335,0.21913020312786102,0.5344562530517578,0.3929293155670166,0.33302539587020874,0.0,0.0,0.0,0.0,1561.3417306919073,1118.531906116227,1.9546594965674005,0.5711275339126587,0.12156278640031815,0.8650727272033691,0.6260425448417664
PINN20260512-HS,3,56,pretrain,2.3025078773498535,0.5887981057167053,0.6517857313156128,0.15106156468391418,0.20552566647529602,0.21524165570735931,0.530460000038147,0.3922829329967499,0.33228784799575806,0.0,0.0,0.0,0.0,1544.0369166571115,1109.7241774423048,1.9423883323408677,0.572571337223053,0.12171943485736847,0.8651919960975647,0.6272789835929871
PINN20260512-HS,3,58,pretrain,2.2095584869384766,0.5630903244018555,0.6246427893638611,0.15040133893489838,0.2015063762664795,0.20651693642139435,0.5218745470046997,0.39114174246788025,0.3308289647102356,0.0,0.0,0.0,0.0,1516.4772500766373,1102.0831411468012,1.926459830921107,0.575083315372467,0.12214963883161545,0.8654648065567017,0.6315865516662598
PINN20260512-HS,3,59,pretrain,2.1671557426452637,0.5513430833816528,0.6118329763412476,0.15018771588802338,0.2005012482404709,0.20245875418186188,0.5170871019363403,0.38988378643989563,0.3301091194152832,0.0,0.0,0.0,0.0,1505.4427920050632,1101.903069693519,1.9219807380446228,0.5761582851409912,0.12239553034305573,0.8656110167503357,0.6342599987983704
PINN20260512-HS,3,60,pretrain,2.129847526550293,0.5409075617790222,0.6006977558135986,0.15004119277000427,0.20036828517913818,0.19895407557487488,0.5119985342025757,0.3885065019130707,0.32939645648002625,0.0,0.0,0.0,0.0,1495.2611811987897,1102.649309617523,1.918910377631772,0.577122151851654,0.12264012545347214,0.8657583594322205,0.6369823813438416
PINN20260512-HS,3,61,pretrain,2.0980942249298096,0.531890869140625,0.5915215015411377,0.14994533360004425,0.2010459303855896,0.19608624279499054,0.5068471431732178,0.3874469995498657,0.32869210839271545,0.0,0.0,0.0,0.0,1484.8696070699273,1102.8551582143505,1.9158326495278626,0.5779848098754883,0.12286674231290817,0.865902841091156,0.6395346522331238
PINN20260512-HS,3,63,pretrain,2.0474398136138916,0.5171313285827637,0.5782051086425781,0.1497989296913147,0.20368847250938416,0.1919354349374771,0.49701181054115295,0.38599255681037903,0.327314168214798,0.0,0.0,0.0,0.0,1459.0476345890836,1095.8995734098996,1.903813539346061,0.5794508457183838,0.12320970743894577,0.8661684989929199,0.6433854103088379
PINN20260512-HS,3,64,pretrain,2.024940252304077,0.5104725956916809,0.5731133222579956,0.14966152608394623,0.20475620031356812,0.1903441846370697,0.4925128221511841,0.3849957287311554,0.3266449570655823,0.0,0.0,0.0,0.0,1442.0095353360184,1086.6252803979853,1.8926892396688573,0.5800750851631165,0.12330721318721771,0.866284191608429,0.644426703453064
PINN20260512-HS,3,65,pretrain,2.00193452835083,0.5036795139312744,0.5684024095535278,0.14941348135471344,0.2051572948694229,0.1888474076986313,0.48824435472488403,0.38384029269218445,0.3259924650192261,0.0,0.0,0.0,0.0,1421.8770164820867,1072.9101197211255,1.8773962557013053,0.5806379914283752,0.12335038930177689,0.8663861155509949,0.6448008418083191
PINN20260512-HS,3,66,pretrain,1.977332592010498,0.49646902084350586,0.5637292861938477,0.14903412759304047,0.20469750463962555,0.18732649087905884,0.4841652512550354,0.3828203082084656,0.32535940408706665,0.0,0.0,0.0,0.0,1399.0073266427164,1055.0107226943242,1.858016504634589,0.5811452269554138,0.12334097176790237,0.8664738535881042,0.6445226669311523
PINN20260512-HS,3,67,pretrain,1.950779914855957,0.48875272274017334,0.5589408874511719,0.1485302746295929,0.20332007110118866,0.18572959303855896,0.4802582561969757,0.3820628225803375,0.32474765181541443,0.0,0.0,0.0,0.0,1374.1357738593374,1033.6343042875465,1.835054175481302,0.5816001892089844,0.12328419089317322,0.8665480017662048,0.643663227558136
PINN20260512-HS,3,69,pretrain,1.8934789896011353,0.4722597599029541,0.5491693019866943,0.14730224013328552,0.19820666313171387,0.18237701058387756,0.4731804132461548,0.3806482255458832,0.32359015941619873,0.0,0.0,0.0,0.0,1322.2634003858686,984.7241999666709,1.7820856448540776,0.5823596715927124,0.12306004762649536,0.8666622042655945,0.640666663646698
PINN20260512-HS,3,70,pretrain,1.8642796277999878,0.46389180421829224,0.5444537997245789,0.14668405055999756,0.19484366476535797,0.1807205229997635,0.47017335891723633,0.3797537088394165,0.3230421543121338,0.0,0.0,0.0,0.0,1297.1222475156303,959.5620094605663,1.7543993137603124,0.582665205001831,0.12291127443313599,0.8667069673538208,0.6388340592384338
PINN20260512-HS,3,71,pretrain,1.8356268405914307,0.4556676745414734,0.5400484204292297,0.1461266279220581,0.19122359156608582,0.1791369467973709,0.4675544500350952,0.3788894712924957,0.32251065969467163,0.0,0.0,0.0,0.0,1273.4121485206585,935.3796689045577,1.7274571138543573,0.5829213261604309,0.12275084853172302,0.8667470812797546,0.6370047926902771
PINN20260512-HS,3,72,pretrain,1.8077939748764038,0.44764411449432373,0.5360028743743896,0.14564907550811768,0.18753795325756073,0.1776614785194397,0.46518367528915405,0.3781770169734955,0.3219913840293884,0.0,0.0,0.0,0.0,1251.4276846865744,912.976553641987,1.7020847458501613,0.5831280946731567,0.12258806824684143,0.8667855262756348,0.6353529691696167
PINN20260512-HS,3,73,pretrain,1.780627727508545,0.43977415561676025,0.5322049856185913,0.14525224268436432,0.18393471837043762,0.176280215382576,0.46286988258361816,0.37755608558654785,0.3214794993400574,0.0,0.0,0.0,0.0,1231.166773836916,892.8461513609161,1.6787964831102793,0.5832864046096802,0.12243139743804932,0.8668248057365417,0.6340316534042358
PINN20260512-HS,3,75,pretrain,1.7265082597732544,0.424005389213562,0.524616003036499,0.14465518295764923,0.17733822762966156,0.17363081872463226,0.45758673548698425,0.3760954439640045,0.3204594552516937,0.0,0.0,0.0,0.0,1194.8351350709436,859.856710446572,1.6387758780155155,0.5834673047065735,0.1221633180975914,0.8669136166572571,0.632768452167511
PINN20260512-HS,3,76,pretrain,1.6986277103424072,0.4158504605293274,0.5205298066139221,0.1444110870361328,0.17441847920417786,0.17226970195770264,0.4543118476867676,0.37528952956199646,0.31994447112083435,0.0,0.0,0.0,0.0,1178.1029772477448,846.6447380690439,1.6217304810333657,0.5834980010986328,0.12206095457077026,0.8669657707214355,0.6328702569007874
PINN20260512-HS,3,77,pretrain,1.6698576211929321,0.407418429851532,0.5161663293838501,0.14417724311351776,0.1717648208141327,0.1708317995071411,0.4505684971809387,0.37455588579177856,0.31942421197891235,0.0,0.0,0.0,0.0,1161.9295912403643,835.136253853226,1.6061579440772724,0.58349609375,0.12198225408792496,0.8670237064361572,0.6333832740783691
PINN20260512-HS,3,78,pretrain,1.640229344367981,0.39871981739997864,0.5115569829940796,0.14394301176071167,0.16934734582901,0.16932432353496552,0.4463821053504944,0.37388065457344055,0.31889912486076355,0.0,0.0,0.0,0.0,1146.1026895527293,824.8927960650402,1.5915589443053588,0.5834681391716003,0.12192654609680176,0.8670871257781982,0.6341764330863953
PINN20260512-HS,3,79,pretrain,1.609985113143921,0.389835000038147,0.506740927696228,0.14370475709438324,0.16711434721946716,0.16775576770305634,0.44187355041503906,0.37317943572998047,0.31837061047554016,0.0,0.0,0.0,0.0,1130.4585905728702,815.4435909368593,1.577456132998395,0.5834205150604248,0.12189168483018875,0.8671555519104004,0.6350855827331543
PINN20260512-HS,3,81,pretrain,1.5484490394592285,0.3717888295650482,0.49656838178634644,0.14321529865264893,0.16289646923542023,0.16443775594234467,0.4324343204498291,0.37161970138549805,0.3173113465309143,0.0,0.0,0.0,0.0,1099.0885997043185,796.867617612863,1.5488875360329326,0.583295464515686,0.12186979502439499,0.8673030138015747,0.636448085308075
PINN20260512-HS,3,82,pretrain,1.517383098602295,0.3627372980117798,0.49111407995224,0.1429620236158371,0.1607077419757843,0.16265255212783813,0.42777174711227417,0.37088483572006226,0.3167838752269745,0.0,0.0,0.0,0.0,1083.0619788359297,786.8268948758679,1.5335637673712041,0.5832318663597107,0.12187433242797852,0.8673797249794006,0.636458158493042
PINN20260512-HS,3,83,pretrain,1.4859637022018433,0.3536539673805237,0.4852762818336487,0.142699733376503,0.15831495821475983,0.16073042154312134,0.42327630519866943,0.370210200548172,0.31625857949256897,0.0,0.0,0.0,0.0,1066.6448565478577,775.783313819007,1.5170191478453152,0.5831766128540039,0.12188490480184555,0.8674573302268982,0.6357512474060059
PINN20260512-HS,3,84,pretrain,1.4538923501968384,0.34447750449180603,0.478910356760025,0.14242777228355408,0.15560100972652435,0.1586206555366516,0.41900384426116943,0.3695451021194458,0.31573498249053955,0.0,0.0,0.0,0.0,1049.812126049228,763.5113375058684,1.4989531880347962,0.5831354856491089,0.12189978361129761,0.8675350546836853,0.6341475248336792
PINN20260512-HS,3,85,pretrain,1.420900821685791,0.33515506982803345,0.4718613028526306,0.14214980602264404,0.15246379375457764,0.1562678962945938,0.4150024652481079,0.36885711550712585,0.31521207094192505,0.0,0.0,0.0,0.0,1032.679221733448,749.9743328941331,1.4791593343476934,0.5831129550933838,0.12191898375749588,0.8676125407218933,0.6315008997917175
PINN20260512-HS,3,87,pretrain,1.3518441915512085,0.3160661458969116,0.4552011489868164,0.14162535965442657,0.14474941790103912,0.1506616771221161,0.4076322317123413,0.3675428330898285,0.31416085362434387,0.0,0.0,0.0,0.0,998.6383542103717,720.0999062630129,1.4352155743609942,0.583135724067688,0.12197955697774887,0.8677670955657959,0.6227933168411255
PINN20260512-HS,3,88,pretrain,1.3163114786148071,0.3064785301685333,0.4454704523086548,0.14139807224273682,0.14027754962444305,0.14737460017204285,0.40436848998069763,0.3669586777687073,0.31362807750701904,0.0,0.0,0.0,0.0,982.2800326281706,704.8767844453383,1.4121910735517913,0.5831828713417053,0.12202892452478409,0.8678455352783203,0.6168238520622253
PINN20260512-HS,3,89,pretrain,1.2814264297485352,0.2972683906555176,0.43489599227905273,0.1411864012479782,0.13557957112789154,0.14380306005477905,0.40127360820770264,0.3663814067840576,0.3130861222743988,0.0,0.0,0.0,0.0,966.1556551612167,690.5009956546044,1.3898000176217722,0.5832528471946716,0.12209798395633698,0.8679260611534119,0.6101738214492798
PINN20260512-HS,3,90,pretrain,1.2474108934402466,0.2884386479854584,0.4237469434738159,0.14097818732261658,0.13092868030071259,0.1400383561849594,0.39815640449523926,0.3657744228839874,0.31252995133399963,0.0,0.0,0.0,0.0,949.4375308570859,677.4649898703253,1.369037024893042,0.5833432674407959,0.12219148129224777,0.8680101633071899,0.6035344004631042
PINN20260512-HS,3,91,pretrain,1.2130937576293945,0.2795228362083435,0.41240185499191284,0.14074395596981049,0.12660811841487885,0.13620345294475555,0.39416253566741943,0.36514025926589966,0.3119542598724365,0.0,0.0,0.0,0.0,931.2638925138244,665.8355887529593,1.3502699192365375,0.5834516286849976,0.1223110780119896,0.8680984377861023,0.5977107286453247
PINN20260512-HS,3,93,pretrain,1.1404213905334473,0.2600252330303192,0.3908398151397705,0.13998857140541077,0.11959332972764969,0.12893325090408325,0.3859019875526428,0.3637968897819519,0.31073302030563354,0.0,0.0,0.0,0.0,890.4017000769934,645.481869420048,1.3171766191889385,0.5837204456329346,0.12261700630187988,0.8682864904403687,0.5903382897377014
PINN20260512-HS,3,94,pretrain,1.1031371355056763,0.2497388869524002,0.38110172748565674,0.13940966129302979,0.11669895797967911,0.12566761672496796,0.38255760073661804,0.3630777895450592,0.31008973717689514,0.0,0.0,0.0,0.0,868.925521837171,634.9060461989632,1.2996334307048558,0.5838888883590698,0.12279272824525833,0.8683825135231018,0.5882791876792908
PINN20260512-HS,3,95,pretrain,1.0662842988967896,0.23960812389850616,0.37150293588638306,0.13871489465236664,0.11357955634593964,0.12246012687683105,0.37994903326034546,0.36234864592552185,0.30942967534065247,0.0,0.0,0.0,0.0,847.086624850139,621.811617372979,1.2776862524411463,0.584091067314148,0.12297701090574265,0.8684759140014648,0.5860024094581604
PINN20260512-HS,3,96,pretrain,1.0291121006011963,0.2296605110168457,0.36086124181747437,0.13797074556350708,0.10947165638208389,0.1188906729221344,0.37788325548171997,0.36164727807044983,0.308756947517395,0.0,0.0,0.0,0.0,824.5341108771668,604.5821129094046,1.2496894980446343,0.5843363404273987,0.12316765636205673,0.8685643076896667,0.5822490453720093
PINN20260512-HS,3,97,pretrain,0.9903627634048462,0.21970731019973755,0.34817221760749817,0.13724149763584137,0.1037384644150734,0.11455786228179932,0.3765021562576294,0.3610055148601532,0.3080761730670929,0.0,0.0,0.0,0.0,801.1261214690231,582.9237460851976,1.2152466556059371,0.5846306085586548,0.12336475402116776,0.8686458468437195,0.5761050581932068
PINN20260512-HS,3,99,pretrain,0.9085730910301208,0.19965916872024536,0.31824028491973877,0.13590477406978607,0.08736804872751236,0.10421875864267349,0.3752724826335907,0.3598996698856354,0.30671459436416626,0.0,0.0,0.0,0.0,752.0921236790078,533.2715947338654,1.137312768460553,0.5853535532951355,0.12378208339214325,0.8687901496887207,0.5567620396614075
PINN20260512-HS,3,100,pretrain,0.8670791983604431,0.1894945204257965,0.30359673500061035,0.13521817326545715,0.07818040996789932,0.09913916140794754,0.37512463331222534,0.3593813180923462,0.3060400187969208,0.0,0.0,0.0,0.0,725.1768749760296,509.8442317267108,1.1012231136434132,0.5857580304145813,0.12400025874376297,0.8688570261001587,0.5458534359931946
PINN20260512-HS,3,101,pretrain,0.8243972659111023,0.17864124476909637,0.2901909351348877,0.13444024324417114,0.06982817500829697,0.09459637105464935,0.3749711513519287,0.3588295578956604,0.3053610622882843,0.0,0.0,0.0,0.0,695.8826679117681,489.12888127772624,1.0698704474930627,0.586170494556427,0.1242193803191185,0.8689237833023071,0.5365146994590759
PINN20260512-HS,3,102,pretrain,0.7798058986663818,0.16686159372329712,0.2777736186981201,0.13355018198490143,0.06271614879369736,0.09047596156597137,0.3746626675128937,0.3582116961479187,0.30466827750205994,0.0,0.0,0.0,0.0,665.6682262959529,471.23632274581723,1.0426390668184073,0.5865817666053772,0.12443602830171585,0.8689913749694824,0.5296891331672668
PINN20260512-HS,3,104,pretrain,0.6913968920707703,0.14320087432861328,0.25351881980895996,0.13197262585163116,0.050095848739147186,0.0824887752532959,0.3762449026107788,0.356898695230484,0.30326977372169495,0.0,0.0,0.0,0.0,607.9362117031687,438.01910275123845,0.9902182019330419,0.5874189138412476,0.12487590312957764,0.8691251873970032,0.518352746963501
PINN20260512-HS,3,105,pretrain,0.6490312814712524,0.13238288462162018,0.23905694484710693,0.1313684731721878,0.043257780373096466,0.077674500644207,0.37810033559799194,0.35633960366249084,0.30260908603668213,0.0,0.0,0.0,0.0,580.9906679543141,420.9344144281862,0.9639573966934629,0.5878657102584839,0.12511396408081055,0.8691883683204651,0.509251058101654
PINN20260512-HS,3,106,pretrain,0.6086353063583374,0.12253960967063904,0.22257308661937714,0.1308491975069046,0.03640438988804817,0.0721702128648758,0.3801717758178711,0.3558956980705261,0.3019997775554657,0.0,0.0,0.0,0.0,556.6536176115269,407.87503830830343,0.9443022653014876,0.5883316993713379,0.1253664791584015,0.8692488670349121,0.49660468101501465
PINN20260512-HS,3,107,pretrain,0.5726403594017029,0.11400148272514343,0.20613674819469452,0.13036085665225983,0.03080349788069725,0.06668300926685333,0.3822910189628601,0.3555121123790741,0.30142974853515625,0.0,0.0,0.0,0.0,534.8746640569171,402.4840253041107,0.9357014455298561,0.5887978672981262,0.1256222426891327,0.8693088293075562,0.48244035243988037
PINN20260512-HS,3,108,pretrain,0.5421226024627686,0.10650189220905304,0.19310501217842102,0.12983496487140656,0.027160953730344772,0.06230366230010986,0.38444098830223083,0.3550642728805542,0.300846666097641,0.0,0.0,0.0,0.0,515.4037252484696,405.38459748120675,0.9368963428831446,0.5892374515533447,0.12586192786693573,0.8693708181381226,0.4705735445022583
PINN20260512-HS,3,110,pretrain,0.49733155965805054,0.0946747362613678,0.177889883518219,0.1286787986755371,0.023881733417510986,0.05720382183790207,0.3882783055305481,0.35376712679862976,0.2994956374168396,0.0,0.0,0.0,0.0,490.989848418478,424.5015091257038,0.9540846390247134,0.5899941921234131,0.1262582242488861,0.8695007562637329,0.45983707904815674
PINN20260512-HS,3,111,pretrain,0.4844169020652771,0.09127652645111084,0.17332839965820312,0.12820807099342346,0.023327399045228958,0.05567730963230133,0.38958340883255005,0.3531630039215088,0.29883167147636414,0.0,0.0,0.0,0.0,482.052415459149,429.71476731664694,0.9634006355973008,0.5903476476669312,0.12644265592098236,0.8695623874664307,0.45367440581321716
PINN20260512-HS,3,112,pretrain,0.4752942621707916,0.08863750100135803,0.17128953337669373,0.12778031826019287,0.023493239656090736,0.05497801676392555,0.390288770198822,0.35272470116615295,0.2982386648654938,0.0,0.0,0.0,0.0,475.4051561563042,433.5036404114734,0.9730456840406853,0.5907033085823059,0.1266295611858368,0.8696187734603882,0.4433947205543518
PINN20260512-HS,3,113,pretrain,0.46988463401794434,0.08684100210666656,0.1711345613002777,0.12739014625549316,0.02438047155737877,0.054901786148548126,0.3903769254684448,0.35232844948768616,0.29765141010284424,0.0,0.0,0.0,0.0,471.8438069160175,438.9442589896808,0.9813818415953427,0.5910402536392212,0.1267980933189392,0.8696709275245667,0.43298155069351196
PINN20260512-HS,3,114,pretrain,0.4657648503780365,0.08571610599756241,0.16966810822486877,0.12704861164093018,0.025117533281445503,0.05438240244984627,0.38982266187667847,0.3517700135707855,0.29696744680404663,0.0,0.0,0.0,0.0,471.21082396842286,445.04997963711895,0.9870436277194722,0.591333270072937,0.12692251801490784,0.8697201013565063,0.4279070794582367
PINN20260512-HS,3,116,pretrain,0.4599878489971161,0.08494246006011963,0.1634073257446289,0.12652361392974854,0.025834375992417336,0.05223596841096878,0.3865286111831665,0.35042378306388855,0.2954598069190979,0.0,0.0,0.0,0.0,467.77717384990046,441.1142319456492,0.986748442394575,0.5918409824371338,0.1270768940448761,0.8698019981384277,0.4263032078742981
PINN20260512-HS,3,117,pretrain,0.4570585787296295,0.08427570760250092,0.16173997521400452,0.1262901872396469,0.026465140283107758,0.05161461606621742,0.38387128710746765,0.3499600291252136,0.29479798674583435,0.0,0.0,0.0,0.0,465.3358666060462,434.34753510294036,0.982316984291556,0.5921050906181335,0.12714630365371704,0.8698294162750244,0.4217349588871002
PINN20260512-HS,3,118,pretrain,0.4545056223869324,0.08377334475517273,0.15997262299060822,0.1260945200920105,0.026911461725831032,0.05094292759895325,0.3808034658432007,0.3494936525821686,0.2941387891769409,0.0,0.0,0.0,0.0,464.4712888058852,430.68843872340017,0.9769839873705229,0.5923619270324707,0.1271926313638687,0.8698482513427734,0.4184657633304596
PINN20260512-HS,3,119,pretrain,0.4510110020637512,0.08341889083385468,0.15589027106761932,0.1259157359600067,0.026712430641055107,0.04955162853002548,0.37755149602890015,0.34884727001190186,0.29341310262680054,0.0,0.0,0.0,0.0,463.92220522410867,428.49391040013626,0.9718165447143364,0.5925933718681335,0.1271946281194687,0.8698601722717285,0.42083433270454407
PINN20260512-HS,3,120,pretrain,0.4472614526748657,0.08306211978197098,0.15141627192497253,0.12573987245559692,0.02635156363248825,0.04807151481509209,0.3742741048336029,0.3481454849243164,0.2926881015300751,0.0,0.0,0.0,0.0,460.369060510152,422.9197803662061,0.96572899580325,0.5928195118904114,0.12716993689537048,0.8698634505271912,0.42556339502334595
PINN20260512-HS,3,122,pretrain,0.43701085448265076,0.08078465610742569,0.1460578739643097,0.12540066242218018,0.025920402258634567,0.0461776964366436,0.3683014512062073,0.3471794128417969,0.2914850115776062,0.0,0.0,0.0,0.0,449.3928890736924,412.64037384264765,0.9552352673060839,0.5933438539505005,0.12712514400482178,0.8698386549949646,0.42702609300613403
PINN20260512-HS,3,123,pretrain,0.43079739809036255,0.07935287058353424,0.14302673935890198,0.1252506971359253,0.025488900020718575,0.04515761137008667,0.3658369779586792,0.3466525375843048,0.29090356826782227,0.0,0.0,0.0,0.0,444.31268902091915,413.8047169257499,0.9533373719029339,0.593612790107727,0.12707147002220154,0.869814395904541,0.4299154579639435
PINN20260512-HS,3,124,pretrain,0.4238613247871399,0.07776675373315811,0.13948413729667664,0.12512706220149994,0.024944348260760307,0.04403920844197273,0.3636859357357025,0.346007376909256,0.2903071343898773,0.0,0.0,0.0,0.0,438.08776589286305,414.9930722313326,0.9523843805615191,0.5938759446144104,0.12698687613010406,0.8697839379310608,0.4360526204109192
PINN20260512-HS,3,125,pretrain,0.4168251156806946,0.0759807676076889,0.13683584332466125,0.1250457465648651,0.02445085532963276,0.043188292533159256,0.36174529790878296,0.34544214606285095,0.2897624671459198,0.0,0.0,0.0,0.0,430.36280116315817,414.0293241426264,0.9507952117238856,0.5941570401191711,0.12689942121505737,0.8697466254234314,0.4406694173812866
PINN20260512-HS,3,126,pretrain,0.40962183475494385,0.07401454448699951,0.13491450250148773,0.12499461323022842,0.023923814296722412,0.04250882938504219,0.35996460914611816,0.34501057863235474,0.28928300738334656,0.0,0.0,0.0,0.0,423.3374651209127,414.8812894973694,0.9505560919612132,0.5944617390632629,0.12681883573532104,0.8697029948234558,0.4423447549343109
PINN20260512-HS,3,128,pretrain,0.3969966769218445,0.07053949683904648,0.1316363364458084,0.12501075863838196,0.022955123335123062,0.04143749549984932,0.3568446934223175,0.34400996565818787,0.28833478689193726,0.0,0.0,0.0,0.0,413.1689651341204,426.69035171890164,0.957236739109015,0.5950576066970825,0.12660738825798035,0.8696067929267883,0.4496494233608246
PINN20260512-HS,3,129,pretrain,0.3919801414012909,0.06913231313228607,0.13040563464164734,0.1250799149274826,0.02261168509721756,0.041082922369241714,0.35555145144462585,0.3434496819972992,0.28786563873291016,0.0,0.0,0.0,0.0,408.6474068497193,430.47201564097054,0.9597738399530105,0.5953420400619507,0.12648020684719086,0.8695566654205322,0.45504066348075867
PINN20260512-HS,3,130,pretrain,0.38771262764930725,0.06789040565490723,0.12966647744178772,0.1251806914806366,0.022272078320384026,0.04084806516766548,0.35404929518699646,0.34298956394195557,0.2874411344528198,0.0,0.0,0.0,0.0,404.577306426102,432.15383545677344,0.9611213118375447,0.5956325531005859,0.12636138498783112,0.8695052862167358,0.4581644535064697
PINN20260512-HS,3,131,pretrain,0.3843209445476532,0.06686778366565704,0.12927323579788208,0.1253109723329544,0.021961677819490433,0.040713679045438766,0.35289138555526733,0.34258967638015747,0.28704506158828735,0.0,0.0,0.0,0.0,401.67185767738323,435.4707761434744,0.9637598649505075,0.5959205031394958,0.12624657154083252,0.8694542646408081,0.45999616384506226
PINN20260512-HS,3,132,pretrain,0.3816084861755371,0.06604813784360886,0.12889614701271057,0.12541937828063965,0.021776119247078896,0.040614817291498184,0.3523072898387909,0.34213340282440186,0.28663867712020874,0.0,0.0,0.0,0.0,399.65266169512745,440.7179689154959,0.9678833574756375,0.5961870551109314,0.12612107396125793,0.8694053888320923,0.46313920617103577
PINN20260512-HS,3,134,pretrain,0.3771650493144989,0.06472241133451462,0.12810848653316498,0.12548397481441498,0.021711213514208794,0.04044295474886894,0.35182249546051025,0.34110894799232483,0.2857990562915802,0.0,0.0,0.0,0.0,395.2291858845953,444.1406730980625,0.9707849712662838,0.5966566205024719,0.12585283815860748,0.8693172335624695,0.4717768728733063
PINN20260512-HS,3,135,pretrain,0.37502366304397583,0.06410226970911026,0.12770937383174896,0.12544244527816772,0.021651094779372215,0.0403226874768734,0.35170143842697144,0.3406694233417511,0.28540265560150146,0.0,0.0,0.0,0.0,392.62137852516383,442.33356686441965,0.9694308158390653,0.5968785285949707,0.1257329285144806,0.8692775964736938,0.4739684462547302
PINN20260512-HS,3,136,pretrain,0.37287312746047974,0.06350266933441162,0.12718485295772552,0.12536846101284027,0.021596724167466164,0.04015209153294563,0.35175544023513794,0.340239942073822,0.2850065231323242,0.0,0.0,0.0,0.0,390.1985672385279,441.8679101269971,0.9691332341743786,0.5970855951309204,0.12561851739883423,0.86924147605896,0.47563236951828003
PINN20260512-HS,3,137,pretrain,0.3705718517303467,0.06287268549203873,0.12647950649261475,0.12528088688850403,0.021619008854031563,0.03993546962738037,0.3520618677139282,0.3397478461265564,0.28458768129348755,0.0,0.0,0.0,0.0,387.8625924538225,442.36744130304163,0.9696957823209043,0.5972672700881958,0.12550081312656403,0.8692100048065186,0.47834116220474243
PINN20260512-HS,3,138,pretrain,0.36816510558128357,0.06221328675746918,0.1256711333990097,0.1251959204673767,0.021704381331801414,0.039696741849184036,0.3525993824005127,0.3392108678817749,0.28415119647979736,0.0,0.0,0.0,0.0,385.31348844155457,441.1340853414073,0.968961630214842,0.5974270105361938,0.1253829002380371,0.869182825088501,0.4817098081111908
PINN20260512-HS,3,140,pretrain,0.36326315999031067,0.06095307692885399,0.12359621375799179,0.12505701184272766,0.021695833653211594,0.03900192677974701,0.3539905250072479,0.3382246196269989,0.28329822421073914,0.0,0.0,0.0,0.0,379.8853239794873,433.5727663841446,0.9634592345282338,0.597722589969635,0.12518095970153809,0.8691375255584717,0.48518022894859314
PINN20260512-HS,3,141,pretrain,0.3609086275100708,0.06038597226142883,0.12239010632038116,0.1250191330909729,0.02162178047001362,0.03857867419719696,0.3547055125236511,0.33774763345718384,0.28287583589553833,0.0,0.0,0.0,0.0,377.6178417064003,432.1146404601446,0.9627465565559954,0.5978571772575378,0.12509295344352722,0.8691188097000122,0.48600146174430847
PINN20260512-HS,3,142,pretrain,0.35861828923225403,0.059822097420692444,0.12122887372970581,0.12500257790088654,0.021603958681225777,0.03820066899061203,0.35539451241493225,0.3372200131416321,0.2824399173259735,0.0,0.0,0.0,0.0,375.64134739802006,432.0703429419798,0.963296278579029,0.5979752540588379,0.12500418722629547,0.8691028356552124,0.4877017140388489
PINN20260512-HS,3,143,pretrain,0.35646679997444153,0.059290289878845215,0.12012423574924469,0.1250048130750656,0.02159750647842884,0.0378582738339901,0.35605332255363464,0.33667102456092834,0.2820010781288147,0.0,0.0,0.0,0.0,373.69090251837815,430.9355556518863,0.9629598235068336,0.5980830192565918,0.12491849809885025,0.8690885901451111,0.4896664321422577
PINN20260512-HS,3,145,pretrain,0.3524438440799713,0.058392755687236786,0.1176803708076477,0.12504936754703522,0.021258441731333733,0.03704832121729851,0.3572083115577698,0.3356839716434479,0.2811710238456726,0.0,0.0,0.0,0.0,369.9788634165471,427.89031889025017,0.9616133205809088,0.5983018279075623,0.12478049099445343,0.869062066078186,0.4904799163341522
PINN20260512-HS,3,146,pretrain,0.3505669832229614,0.0579872727394104,0.11649718880653381,0.1250801682472229,0.02103203535079956,0.03666258975863457,0.3577643930912018,0.3351966142654419,0.28076717257499695,0.0,0.0,0.0,0.0,368.46938475265483,429.85060995071296,0.9637909175068533,0.5984067320823669,0.12471967935562134,0.8690494298934937,0.49052780866622925
PINN20260512-HS,3,147,pretrain,0.34873273968696594,0.05757252871990204,0.11544178426265717,0.125093013048172,0.020852334797382355,0.036344509571790695,0.358279287815094,0.33467215299606323,0.2803584933280945,0.0,0.0,0.0,0.0,367.10897564619694,432.7487904373622,0.9666243977523075,0.598502516746521,0.12465717643499374,0.8690374493598938,0.49134331941604614
PINN20260512-HS,3,148,pretrain,0.3469986915588379,0.057185593992471695,0.11446310579776764,0.12508372962474823,0.020661016926169395,0.03605543449521065,0.35867220163345337,0.3341486155986786,0.27995556592941284,0.0,0.0,0.0,0.0,365.6852728098303,434.515013405751,0.9683608535578427,0.5985952019691467,0.12459816783666611,0.8690255880355835,0.4920777380466461
PINN20260512-HS,3,149,pretrain,0.3453414738178253,0.05683724582195282,0.11348363757133484,0.1250590682029724,0.020408889278769493,0.035747017711400986,0.35890474915504456,0.3336615264415741,0.27956897020339966,0.0,0.0,0.0,0.0,364.30878472114836,435.992492051182,0.9697869341545747,0.5986906290054321,0.12454809248447418,0.8690133094787598,0.4918643832206726
PINN20260512-HS,3,151,pretrain,0.34243080019950867,0.0562276653945446,0.11184735596179962,0.12498123198747635,0.019963208585977554,0.035234738141298294,0.35888442397117615,0.3326958119869232,0.27881041169166565,0.0,0.0,0.0,0.0,362.3400940414958,443.9895128265982,0.976621460603862,0.5988692045211792,0.1244569942355156,0.8689889907836914,0.49113354086875916
PINN20260512-HS,3,152,pretrain,0.3411809802055359,0.05595631152391434,0.1112075224518776,0.12493911385536194,0.01982615329325199,0.03505896031856537,0.3586078882217407,0.33217039704322815,0.2784229815006256,0.0,0.0,0.0,0.0,361.5101896039723,447.79375833077444,0.9797982901423328,0.5989435315132141,0.12440881133079529,0.8689773678779602,0.49165382981300354
PINN20260512-HS,3,153,pretrain,0.3400610387325287,0.05571887642145157,0.11062679439783096,0.12490899115800858,0.01969916932284832,0.034891143441200256,0.3581163287162781,0.33166319131851196,0.2780419588088989,0.0,0.0,0.0,0.0,360.5475328406783,449.77063599127945,0.9814427905663683,0.5990133285522461,0.12436520308256149,0.8689659833908081,0.49181491136550903
PINN20260512-HS,3,154,pretrain,0.33901649713516235,0.05550060421228409,0.11008681356906891,0.12489364296197891,0.01957792043685913,0.03471758961677551,0.35740140080451965,0.33118271827697754,0.27767035365104675,0.0,0.0,0.0,0.0,359.6535333657936,451.66250190269284,0.9829748216478799,0.5990799069404602,0.12432776391506195,0.8689545392990112,0.4913727939128876
PINN20260512-HS,3,155,pretrain,0.33803147077560425,0.05529344081878662,0.10958197712898254,0.12489006668329239,0.01949138194322586,0.03455698490142822,0.3564920723438263,0.3306931257247925,0.2772960960865021,0.0,0.0,0.0,0.0,358.9231616063527,454.5413725668985,0.9852343630102617,0.5991368889808655,0.12429063022136688,0.8689436912536621,0.4911850094795227
PINN20260512-HS,3,157,pretrain,0.3360574245452881,0.054879121482372284,0.10851234197616577,0.12490534037351608,0.01940721645951271,0.03423965722322464,0.3543280065059662,0.3296428918838501,0.2765248715877533,0.0,0.0,0.0,0.0,357.1953356533369,457.26899905854106,0.9870598291682117,0.599215567111969,0.12421035766601562,0.8689237833023071,0.49251967668533325
PINN20260512-HS,3,158,pretrain,0.33503901958465576,0.05466586351394653,0.1079511046409607,0.12492046505212784,0.019371187314391136,0.03405154123902321,0.35316339135169983,0.3291391134262085,0.2761456370353699,0.0,0.0,0.0,0.0,356.1192742607454,456.6141868415829,0.9862507832282722,0.5992468595504761,0.12417561560869217,0.8689143061637878,0.49276992678642273
PINN20260512-HS,3,159,pretrain,0.3340100049972534,0.05445137247443199,0.10737667232751846,0.1249360591173172,0.019341493025422096,0.03384977951645851,0.3519623279571533,0.328643262386322,0.27576830983161926,0.0,0.0,0.0,0.0,355.16547639797426,456.7523946297381,0.9860354001244371,0.5992724895477295,0.12414304167032242,0.8689050674438477,0.4929178059101105
PINN20260512-HS,3,160,pretrain,0.3329748213291168,0.0542353093624115,0.10678330063819885,0.12494586408138275,0.019331399351358414,0.033650755882263184,0.3508477509021759,0.3281208574771881,0.27538415789604187,0.0,0.0,0.0,0.0,354.29602294550244,457.3631625962021,0.9861793104106134,0.599288821220398,0.12410784512758255,0.8688961267471313,0.49364179372787476
PINN20260512-HS,3,161,pretrain,0.3319552540779114,0.054020848125219345,0.10619901865720749,0.12494730949401855,0.019338000565767288,0.03345932811498642,0.34983572363853455,0.3275822401046753,0.2749970555305481,0.0,0.0,0.0,0.0,353.33157674484744,456.93780348095515,0.9854743130988703,0.599298357963562,0.1240713968873024,0.8688876032829285,0.49471423029899597
PINN20260512-HS,3,163,pretrain,0.3300038278102875,0.05361032485961914,0.10509385168552399,0.12493378669023514,0.019337797537446022,0.03306477144360542,0.34813955426216125,0.32655835151672363,0.2742457091808319,0.0,0.0,0.0,0.0,351.39745570365193,455.29080679275745,0.9835102956919688,0.5993160605430603,0.12400899827480316,0.8688698410987854,0.49581217765808105
PINN20260512-HS,3,164,pretrain,0.3290846645832062,0.05341512709856033,0.10458391904830933,0.12491586804389954,0.019343385472893715,0.03288508206605911,0.3474622964859009,0.3260427713394165,0.2738748788833618,0.0,0.0,0.0,0.0,350.6249442958958,456.040208616521,0.9839586592544705,0.5993213653564453,0.12397855520248413,0.8688607215881348,0.49647122621536255
PINN20260512-HS,3,165,pretrain,0.3281973898410797,0.053222041577100754,0.10411078482866287,0.12489138543605804,0.019361179322004318,0.03272928670048714,0.34689271450042725,0.32551270723342896,0.2735048234462738,0.0,0.0,0.0,0.0,349.8454011238393,456.5989419063518,0.9843646235552127,0.5993233323097229,0.12394662946462631,0.8688517212867737,0.4974779486656189
PINN20260512-HS,3,166,pretrain,0.32734254002571106,0.05303610861301422,0.10365869849920273,0.12486639618873596,0.019366804510354996,0.03257890045642853,0.3464109003543854,0.32499435544013977,0.27314332127571106,0.0,0.0,0.0,0.0,349.0098606235933,456.48815702052997,0.9843246366755647,0.599326491355896,0.12391730397939682,0.8688421845436096,0.4982629716396332
PINN20260512-HS,3,167,pretrain,0.3265097439289093,0.05285889282822609,0.10320623964071274,0.12484376132488251,0.019346868619322777,0.03242211788892746,0.3459963798522949,0.32449811697006226,0.27279263734817505,0.0,0.0,0.0,0.0,348.24583854297526,456.8755813949789,0.9848165134224349,0.5993321537971497,0.12389206886291504,0.868832528591156,0.4986276924610138
PINN20260512-HS,3,169,pretrain,0.32491782307624817,0.05251846835017204,0.10234803706407547,0.12479762732982635,0.019302302971482277,0.0321478396654129,0.3453088402748108,0.32349124550819397,0.2721012234687805,0.0,0.0,0.0,0.0,347.0242359151591,460.0039062334145,0.988055064860901,0.599338948726654,0.12384243309497833,0.8688133955001831,0.49971795082092285
PINN20260512-HS,3,170,pretrain,0.3241610825061798,0.05235850811004639,0.10193200409412384,0.12477446347475052,0.019274409860372543,0.03202226385474205,0.3450213074684143,0.32298338413238525,0.27176037430763245,0.0,0.0,0.0,0.0,346.4030686028921,460.8679481424153,0.9890567262411032,0.5993403196334839,0.12381911277770996,0.8688041567802429,0.5003117322921753
PINN20260512-HS,3,171,pretrain,0.32342857122421265,0.05221161991357803,0.1014966368675232,0.12475277483463287,0.0192240122705698,0.03188277781009674,0.3447713851928711,0.3224934935569763,0.27142688632011414,0.0,0.0,0.0,0.0,345.8213953762838,461.6589142700485,0.9899929248158242,0.5993426442146301,0.1237998679280281,0.8687952160835266,0.5005112290382385
PINN20260512-HS,3,172,pretrain,0.32272520661354065,0.05207515507936478,0.10105791687965393,0.12472964078187943,0.019168110564351082,0.03174152225255966,0.3445647358894348,0.3220060467720032,0.27109619975090027,0.0,0.0,0.0,0.0,345.3402081643549,463.1351719530703,0.9914910291959816,0.5993433594703674,0.1237826868891716,0.8687867522239685,0.5006131529808044
PINN20260512-HS,3,173,pretrain,0.3220421075820923,0.05194229632616043,0.10062992572784424,0.12470151484012604,0.019123971462249756,0.03161059692502022,0.34440308809280396,0.32150566577911377,0.2707633972167969,0.0,0.0,0.0,0.0,344.9011180758914,464.6632517210717,0.9929894859668181,0.5993397831916809,0.12376512587070465,0.8687790632247925,0.5009464621543884
PINN20260512-HS,3,175,pretrain,0.32072439789772034,0.05169709771871567,0.09975391626358032,0.12463431805372238,0.019029879942536354,0.03133552893996239,0.3441934585571289,0.3205103278160095,0.27010250091552734,0.0,0.0,0.0,0.0,343.8953897081204,465.4530219313223,0.9938483691786303,0.5993247628211975,0.1237359568476677,0.8687660694122314,0.5013662576675415
PINN20260512-HS,3,176,pretrain,0.3200782537460327,0.05158339813351631,0.09929581731557846,0.12459730356931686,0.01897302083671093,0.03118353709578514,0.3441254496574402,0.32002514600753784,0.2697766125202179,0.0,0.0,0.0,0.0,343.4247779718289,465.8909810781917,0.9941979711053779,0.599314272403717,0.12372549623250961,0.8687607049942017,0.5012911558151245
PINN20260512-HS,3,177,pretrain,0.3194352388381958,0.05146879702806473,0.09884382784366608,0.12455675005912781,0.018927639350295067,0.031037496402859688,0.344068706035614,0.31952980160713196,0.2694489061832428,0.0,0.0,0.0,0.0,342.9764819743476,466.4111484248634,0.9945475994885022,0.5992993116378784,0.12371494621038437,0.8687563538551331,0.50140380859375
PINN20260512-HS,3,178,pretrain,0.31879663467407227,0.051354482769966125,0.09839603304862976,0.12451482564210892,0.018889324739575386,0.030894624069333076,0.34400656819343567,0.31902948021888733,0.2691207230091095,0.0,0.0,0.0,0.0,342.4817399329488,466.2522117910005,0.9942500201444653,0.599280834197998,0.12370482087135315,0.8687524795532227,0.5016164779663086
PINN20260512-HS,3,179,pretrain,0.3181632161140442,0.05124440789222717,0.09793774038553238,0.12447640299797058,0.01884334348142147,0.030743131414055824,0.3439180552959442,0.31853944063186646,0.26879647374153137,0.0,0.0,0.0,0.0,341.9577139428207,465.58588761902996,0.9934564076864982,0.5992613434791565,0.12369716167449951,0.8687493205070496,0.5016307830810547
PINN20260512-HS,3,181,pretrain,0.31692323088645935,0.05103396624326706,0.09702078998088837,0.1244109496474266,0.018746107816696167,0.030435295775532722,0.34361112117767334,0.31757014989852905,0.2681547999382019,0.0,0.0,0.0,0.0,341.041717572792,465.2363646577941,0.9925864850592525,0.5992183685302734,0.1236855760216713,0.8687443137168884,0.5014795064926147
PINN20260512-HS,3,182,pretrain,0.3163203001022339,0.05093071237206459,0.09658099710941315,0.12438244372606277,0.018706461414694786,0.03029228188097477,0.3433767557144165,0.3170756995677948,0.2678341865539551,0.0,0.0,0.0,0.0,340.5957556253454,464.9590707793537,0.9920007920415382,0.599194347858429,0.12367923557758331,0.8687422275543213,0.5015830397605896
PINN20260512-HS,3,183,pretrain,0.31572985649108887,0.05083257332444191,0.09614097326993942,0.12435872107744217,0.018659241497516632,0.030146144330501556,0.34308844804763794,0.3165901303291321,0.26751795411109924,0.0,0.0,0.0,0.0,340.13715064661784,464.4144835166104,0.9911458588696159,0.5991709232330322,0.12367430329322815,0.8687403798103333,0.501548171043396
PINN20260512-HS,3,184,pretrain,0.3151507079601288,0.05073920637369156,0.09570072591304779,0.12433923780918121,0.01860322616994381,0.029997147619724274,0.34275346994400024,0.31611233949661255,0.26720669865608215,0.0,0.0,0.0,0.0,339.7187715596534,464.25183427208987,0.9905973469065132,0.5991489291191101,0.12367069721221924,0.8687382936477661,0.50136798620224
PINN20260512-HS,3,186,pretrain,0.314022421836853,0.05055544525384903,0.09486420452594757,0.12430041283369064,0.01849798858165741,0.029723215848207474,0.3419917821884155,0.3151490390300751,0.266590416431427,0.0,0.0,0.0,0.0,338.96173041731424,464.7190179291138,0.9901080455746806,0.5991047620773315,0.12366165965795517,0.8687340617179871,0.5013081431388855
PINN20260512-HS,3,187,pretrain,0.3134709596633911,0.05046670883893967,0.09445732831954956,0.12428132444620132,0.01844008080661297,0.02959049679338932,0.3415862023830414,0.31467127799987793,0.26628848910331726,0.0,0.0,0.0,0.0,338.5612481516454,464.6566776933266,0.9895794189443518,0.5990843176841736,0.12365750223398209,0.8687316179275513,0.5012505650520325
PINN20260512-HS,3,188,pretrain,0.31292667984962463,0.050380632281303406,0.0940527617931366,0.12426308542490005,0.018374985083937645,0.02945629693567753,0.3411753177642822,0.31420496106147766,0.26599210500717163,0.0,0.0,0.0,0.0,338.1877714377029,464.86745422754643,0.989280751284883,0.5990656018257141,0.12365429103374481,0.8687289953231812,0.5010793805122375
PINN20260512-HS,3,189,pretrain,0.3123910129070282,0.050294965505599976,0.09366150200366974,0.12424351274967194,0.018313009291887283,0.02932870015501976,0.3407660722732544,0.31373584270477295,0.265698105096817,0.0,0.0,0.0,0.0,337.8473790966862,465.4120486192853,0.98927304585931,0.5990469455718994,0.12365055084228516,0.8687261939048767,0.5009925365447998
PINN20260512-HS,3,190,pretrain,0.3118630647659302,0.05020912364125252,0.09328390657901764,0.1242220476269722,0.018256600946187973,0.02920857071876526,0.34036117792129517,0.31326135993003845,0.2654055058956146,0.0,0.0,0.0,0.0,337.4953587643836,465.76843428360405,0.9891079322233398,0.5990281105041504,0.12364605814218521,0.8687232136726379,0.5010270476341248
PINN20260512-HS,3,192,pretrain,0.31083083152770996,0.05004243180155754,0.09254078567028046,0.12418383359909058,0.018140526488423347,0.02896558865904808,0.33956992626190186,0.3123331367969513,0.2648311257362366,0.0,0.0,0.0,0.0,336.76539265117486,465.9911982806113,0.9883921494105875,0.5989924669265747,0.12363915145397186,0.8687172532081604,0.5009114146232605
PINN20260512-HS,3,193,pretrain,0.3103255331516266,0.049959588795900345,0.09218096733093262,0.1241660788655281,0.018088534474372864,0.028847532346844673,0.3391838073730469,0.3118709325790405,0.2645464241504669,0.0,0.0,0.0,0.0,336.42606914447043,466.3010193265719,0.9882386156725451,0.5989742279052734,0.12363582104444504,0.8687142729759216,0.5009003281593323
PINN20260512-HS,3,194,pretrain,0.3098260462284088,0.04987596720457077,0.09183061122894287,0.12414880841970444,0.018044080585241318,0.0287338700145483,0.33880627155303955,0.3114054799079895,0.26426199078559875,0.0,0.0,0.0,0.0,336.06649267667257,466.31862765709883,0.9878557198711673,0.5989547967910767,0.12363212555646896,0.8687114119529724,0.500994861125946
PINN20260512-HS,3,195,pretrain,0.3093317151069641,0.04979303479194641,0.09148243814706802,0.12413368374109268,0.018000861629843712,0.028618518263101578,0.33843863010406494,0.3109438419342041,0.2639799416065216,0.0,0.0,0.0,0.0,335.6816525742806,465.993528656783,0.9871985793286011,0.5989352464675903,0.12362923473119736,0.8687085509300232,0.501044750213623
PINN20260512-HS,3,196,pretrain,0.30884233117103577,0.04971088469028473,0.09113556146621704,0.12412090599536896,0.017957748845219612,0.02850073017179966,0.33808445930480957,0.31048986315727234,0.2637007236480713,0.0,0.0,0.0,0.0,335.3065295367807,465.71923543053276,0.9866127167031156,0.598915696144104,0.12362738698720932,0.8687059879302979,0.5010324716567993
PINN20260512-HS,3,198,pretrain,0.3078792691230774,0.04954537749290466,0.09046430885791779,0.12409406900405884,0.017886923626065254,0.02827550284564495,0.3374365568161011,0.30957862734794617,0.26314443349838257,0.0,0.0,0.0,0.0,334.57174118565365,465.17060042526333,0.9855122129514226,0.5988737940788269,0.12362371385097504,0.8687012791633606,0.5012357234954834
PINN20260512-HS,3,199,pretrain,0.3074064254760742,0.049463771283626556,0.0901346430182457,0.12408026307821274,0.017852898687124252,0.028163697570562363,0.3371496796607971,0.30912676453590393,0.262869268655777,0.0,0.0,0.0,0.0,334.1859862973012,464.59532122052195,0.9847268856770095,0.5988525152206421,0.12362287938594818,0.8686990141868591,0.501326858997345
PINN20260512-HS,3,200,pretrain,0.30694013833999634,0.04938387870788574,0.08980628103017807,0.12406664341688156,0.01781655102968216,0.02805088832974434,0.3368889093399048,0.3086816668510437,0.2625969648361206,0.0,0.0,0.0,0.0,333.8205449788853,464.19927698134126,0.9841123744488514,0.5988315343856812,0.12362313270568848,0.868696928024292,0.5013557076454163
PINN20260512-HS,3,201,pretrain,0.3064807951450348,0.04930467531085014,0.089485302567482,0.12405083328485489,0.01778232865035534,0.027942460030317307,0.33665400743484497,0.3082369267940521,0.2623256742954254,0.0,0.0,0.0,0.0,333.4722627146072,463.9656169911732,0.9836554896994135,0.5988102555274963,0.12362360209226608,0.8686949014663696,0.5014378428459167
PINN20260512-HS,3,202,pretrain,0.3060273826122284,0.049226224422454834,0.08917057514190674,0.12403309345245361,0.017748847603797913,0.027837881818413734,0.3364418148994446,0.3077908456325531,0.2620556652545929,0.0,0.0,0.0,0.0,333.1173896879297,463.6081150875166,0.9831032861801395,0.5987890362739563,0.12362443655729294,0.8686930537223816,0.5015504360198975
PINN20260512-HS,3,204,pretrain,0.305138498544693,0.049075983464717865,0.08853968232870102,0.12399817258119583,0.01766902580857277,0.027626315131783485,0.3360600471496582,0.30691662430763245,0.26152369379997253,0.0,0.0,0.0,0.0,332.43533205722883,463.1305330303758,0.9822405894060662,0.5987488031387329,0.12362958490848541,0.8686896562576294,0.5015527606010437
PINN20260512-HS,3,205,pretrain,0.3047018349170685,0.049002379179000854,0.08823017030954361,0.1239796131849289,0.017628204077482224,0.027524756267666817,0.33588212728500366,0.3064807057380676,0.261259526014328,0.0,0.0,0.0,0.0,332.1191192554262,463.15747187106894,0.9820599790263315,0.5987289547920227,0.12363291531801224,0.86868816614151,0.5015701055526733
PINN20260512-HS,3,206,pretrain,0.3042697310447693,0.04892981797456741,0.08792395889759064,0.12396111339330673,0.01758638583123684,0.02742556482553482,0.3357028365135193,0.30604517459869385,0.26099660992622375,0.0,0.0,0.0,0.0,331.7953176470397,463.06553261930435,0.9817792570242211,0.5987093448638916,0.12363684922456741,0.8686867952346802,0.5015869736671448
PINN20260512-HS,3,207,pretrain,0.30384209752082825,0.048859305679798126,0.0876154974102974,0.12394428253173828,0.01754005067050457,0.027324514463543892,0.3355223536491394,0.30561551451683044,0.2607361674308777,0.0,0.0,0.0,0.0,331.47411050864895,462.98246794560157,0.9815038703335555,0.5986904501914978,0.1236419528722763,0.8686855435371399,0.5015220046043396
PINN20260512-HS,3,208,pretrain,0.30341875553131104,0.04879005253314972,0.08730867505073547,0.12392784655094147,0.017492016777396202,0.027224082499742508,0.3353387713432312,0.3051888048648834,0.26047736406326294,0.0,0.0,0.0,0.0,331.1689877351139,463.0786245336746,0.9813781721242939,0.5986717939376831,0.12364785373210907,0.8686844706535339,0.5014297366142273
PINN20260512-HS,3,210,pretrain,0.3025839626789093,0.04865255206823349,0.08671097457408905,0.12389426678419113,0.017399394884705544,0.027032045647501945,0.3349592685699463,0.30433738231658936,0.25996163487434387,0.0,0.0,0.0,0.0,330.5484079526023,463.08231922089186,0.9809767928240967,0.598633885383606,0.12366073578596115,0.868682861328125,0.5013206601142883
PINN20260512-HS,3,211,pretrain,0.3021724820137024,0.04858551546931267,0.0864131823182106,0.12388025224208832,0.01735086366534233,0.026934951543807983,0.3347571790218353,0.3039182424545288,0.25970640778541565,0.0,0.0,0.0,0.0,330.2320916794732,462.9968277429123,0.9806924071266586,0.5986153483390808,0.12366846203804016,0.8686823844909668,0.5011981725692749
PINN20260512-HS,3,212,pretrain,0.30176401138305664,0.04851852357387543,0.08611968159675598,0.12386694550514221,0.01730344444513321,0.02683926932513714,0.3345513939857483,0.30349990725517273,0.25945204496383667,0.0,0.0,0.0,0.0,329.9249085966381,463.0100903328134,0.9804789038080156,0.5985965728759766,0.12367666512727737,0.8686821460723877,0.5010810494422913
PINN20260512-HS,3,213,pretrain,0.3013593554496765,0.04845135286450386,0.08583354949951172,0.12385290861129761,0.017258955165743828,0.026746883988380432,0.33434438705444336,0.30308210849761963,0.2591979503631592,0.0,0.0,0.0,0.0,329.61089749885394,462.9322979659121,0.9801617600319694,0.5985773801803589,0.12368495762348175,0.8686820864677429,0.5010077357292175
PINN20260512-HS,3,214,pretrain,0.30095797777175903,0.0483846440911293,0.08555064350366592,0.12383916974067688,0.017214493826031685,0.026654580608010292,0.3341377377510071,0.3026679456233978,0.2589453458786011,0.0,0.0,0.0,0.0,329.28596994102253,462.71302526512045,0.979696955535092,0.5985584259033203,0.1236938014626503,0.8686821460723877,0.5009136199951172
PINN20260512-HS,3,216,pretrain,0.3001653254032135,0.048252519220113754,0.08499656617641449,0.12381158769130707,0.017125876620411873,0.026471246033906937,0.3337262272834778,0.301851749420166,0.25844505429267883,0.0,0.0,0.0,0.0,328.65156558656463,462.4691205907698,0.9788787318724577,0.59852135181427,0.12371287494897842,0.8686825633049011,0.5006796717643738
PINN20260512-HS,3,217,pretrain,0.29977378249168396,0.04818623512983322,0.08472937345504761,0.1237969622015953,0.017084095627069473,0.02638360857963562,0.33351853489875793,0.30144476890563965,0.2581965923309326,0.0,0.0,0.0,0.0,328.3299360018821,462.29324770647474,0.9783973324133065,0.5985029935836792,0.12372248619794846,0.8686830401420593,0.5006103515625
PINN20260512-HS,3,218,pretrain,0.29938554763793945,0.0481206476688385,0.0844646692276001,0.12378330528736115,0.017041118815541267,0.026295840740203857,0.3333038091659546,0.30104318261146545,0.2579505443572998,0.0,0.0,0.0,0.0,328.00451359318214,462.07307998843646,0.9778651070550979,0.5984853506088257,0.1237325668334961,0.8686833381652832,0.5005112290382385
PINN20260512-HS,3,219,pretrain,0.29900044202804565,0.048055581748485565,0.08420290052890778,0.12377075850963593,0.016997283324599266,0.026208482682704926,0.33308038115501404,0.30064669251441956,0.2577069103717804,0.0,0.0,0.0,0.0,327.6885430557498,461.9813477024803,0.9774397874755582,0.5984684824943542,0.1237429678440094,0.8686837553977966,0.5003945231437683
PINN20260512-HS,3,220,pretrain,0.2986181676387787,0.04799032211303711,0.0839473307132721,0.12375853955745697,0.016954787075519562,0.02612420730292797,0.3328457772731781,0.3002508580684662,0.25746479630470276,0.0,0.0,0.0,0.0,327.3763363852067,461.9469835652139,0.9770627363383682,0.5984520316123962,0.12375330179929733,0.8686840534210205,0.5003160834312439
PINN20260512-HS,3,222,pretrain,0.2978612780570984,0.04786057025194168,0.08344567567110062,0.12373751401901245,0.016868609935045242,0.02595868892967701,0.3323444724082947,0.2994714081287384,0.25698724389076233,0.0,0.0,0.0,0.0,326.7404479284743,461.7711148393758,0.9762140737753271,0.5984213948249817,0.12377448379993439,0.8686846494674683,0.5001515746116638
PINN20260512-HS,3,223,pretrain,0.2974865734577179,0.04779616370797157,0.08319893479347229,0.12372851371765137,0.016824638471007347,0.02587699145078659,0.33208268880844116,0.299087256193161,0.25675201416015625,0.0,0.0,0.0,0.0,326.431187714195,461.80706536929466,0.9759048908223714,0.5984073281288147,0.12378541380167007,0.8686847686767578,0.5000569820404053
PINN20260512-HS,3,224,pretrain,0.2971140444278717,0.04773145914077759,0.08295712620019913,0.12371940910816193,0.0167818795889616,0.025797951966524124,0.33182013034820557,0.29870495200157166,0.25651833415031433,0.0,0.0,0.0,0.0,326.1194183117589,461.8233902153506,0.9755833390493363,0.5983936786651611,0.12379622459411621,0.8686849474906921,0.4999978840351105
PINN20260512-HS,3,225,pretrain,0.29674357175827026,0.04766683280467987,0.08271808922290802,0.12371070683002472,0.016738830134272575,0.025719573721289635,0.3315603733062744,0.2983258366584778,0.2562869191169739,0.0,0.0,0.0,0.0,325.8012358977479,461.76197872930163,0.975195280358983,0.5983806848526001,0.12380727380514145,0.8686851263046265,0.4999329745769501
PINN20260512-HS,3,227,pretrain,0.29600954055786133,0.04753803089261055,0.08224702626466751,0.12369328737258911,0.016652004793286324,0.025563934817910194,0.3310723900794983,0.29758259654045105,0.25583091378211975,0.0,0.0,0.0,0.0,325.1708805574386,461.72531403963546,0.9744996718337241,0.5983564257621765,0.1238301619887352,0.8686855435371399,0.4997780919075012
PINN20260512-HS,3,228,pretrain,0.2956458032131195,0.04747321456670761,0.08201815187931061,0.12368329614400864,0.016610214486718178,0.025488771498203278,0.3308490514755249,0.2972152829170227,0.2556053102016449,0.0,0.0,0.0,0.0,324.85101152297494,461.6510451629022,0.9741072680207661,0.5983448028564453,0.12384166568517685,0.8686858415603638,0.4997329115867615
PINN20260512-HS,3,229,pretrain,0.29528412222862244,0.04740850627422333,0.0817912369966507,0.12367317825555801,0.016568271443247795,0.025413554161787033,0.33063945174217224,0.2968519628047943,0.25538188219070435,0.0,0.0,0.0,0.0,324.5260486463298,461.5197720574927,0.9736682999232651,0.5983335375785828,0.12385351955890656,0.8686860203742981,0.4996741712093353
PINN20260512-HS,3,230,pretrain,0.2949240505695343,0.04734373837709427,0.08156625926494598,0.12366318702697754,0.01652638427913189,0.025338521227240562,0.3304435908794403,0.296492338180542,0.255160391330719,0.0,0.0,0.0,0.0,324.20401321929995,461.42342606872484,0.9732671317808524,0.5983226895332336,0.12386568635702133,0.8686863780021667,0.499606192111969
PINN20260512-HS,3,231,pretrain,0.29456597566604614,0.04727867245674133,0.08134495466947556,0.12365291267633438,0.016485709697008133,0.025264956057071686,0.3302575945854187,0.29613518714904785,0.25494030117988586,0.0,0.0,0.0,0.0,323.88135607425755,461.32282622909526,0.9728712411068905,0.5983120203018188,0.12387795001268387,0.8686867952346802,0.4995590150356293
PINN20260512-HS,3,233,pretrain,0.2938549518585205,0.04714860022068024,0.08090774714946747,0.12363364547491074,0.0164047684520483,0.025118976831436157,0.3299027681350708,0.2954324781894684,0.254505455493927,0.0,0.0,0.0,0.0,323.22621722255144,460.99533959141064,0.9719954343409063,0.5982914566993713,0.1239033192396164,0.8686877489089966,0.49945068359375
PINN20260512-HS,3,234,pretrain,0.29350200295448303,0.04708370193839073,0.08069121837615967,0.12362510710954666,0.01636415533721447,0.025046469643712044,0.3297290802001953,0.29508814215660095,0.25429075956344604,0.0,0.0,0.0,0.0,322.90310320977096,460.88942545907906,0.971621497726999,0.5982816815376282,0.12391646206378937,0.8686884045600891,0.49938705563545227
PINN20260512-HS,3,235,pretrain,0.2931506931781769,0.047018785029649734,0.08047714829444885,0.1236167922616005,0.016324017196893692,0.02497520111501217,0.3295569121837616,0.2947443127632141,0.25407758355140686,0.0,0.0,0.0,0.0,322.57810343000654,460.7638020179103,0.9712191826345693,0.5982720851898193,0.12392978370189667,0.8686890602111816,0.499336838722229
PINN20260512-HS,3,236,pretrain,0.29280078411102295,0.04695416986942291,0.08026373386383057,0.12360816448926926,0.01628323458135128,0.024903854355216026,0.3293912410736084,0.29440465569496155,0.2538664638996124,0.0,0.0,0.0,0.0,322.2520970645498,460.62052236629665,0.9707930001339247,0.5982629656791687,0.12394347786903381,0.8686898946762085,0.49927204847335815
PINN20260512-HS,3,237,pretrain,0.2924526631832123,0.046890005469322205,0.08005085587501526,0.12359937280416489,0.016241738572716713,0.024832425639033318,0.3292308449745178,0.2940688729286194,0.2536573112010956,0.0,0.0,0.0,0.0,321.9298011601287,460.5345569281419,0.9704098074925251,0.5982541441917419,0.12395752966403961,0.868690550327301,0.49919164180755615
PINN20260512-HS,3,239,pretrain,0.2917596995830536,0.04676181450486183,0.07963000982999802,0.12358085811138153,0.01615898124873638,0.02469206228852272,0.32891523838043213,0.2934074401855469,0.25324398279190063,0.0,0.0,0.0,0.0,321.2880206100128,460.388915076156,0.9696533801051476,0.5982373952865601,0.12398628890514374,0.86869215965271,0.4990476071834564
PINN20260512-HS,3,240,pretrain,0.29141518473625183,0.04669823497533798,0.07941998541355133,0.12357234954833984,0.016116853803396225,0.02462174743413925,0.32875382900238037,0.29308125376701355,0.25304022431373596,0.0,0.0,0.0,0.0,320.9677505217619,460.31583926147925,0.969270521440194,0.5982295274734497,0.12400119751691818,0.8686930537223816,0.4989573657512665
PINN20260512-HS,3,241,physics,0.301567405462265,0.04663494974374771,0.07921096682548523,0.1235644593834877,0.01607472263276577,0.024551870301365852,0.3285876512527466,0.2927597761154175,0.25283822417259216,0.28890693187713623,0.31445232033729553,1.639974414047174e-07,0.0,320.5954299229794,459.5327280238046,0.9682203416460128,0.5982218980789185,0.12401636689901352,0.8686939477920532,0.4988649785518646
PINN20260512-HS,4,1,pretrain,13.419965744018555,3.4939122200012207,4.03328800201416,0.2684321999549866,1.5262218713760376,1.3433784246444702,3.216514825820923,1.3910882472991943,0.5864635109901428,0.0,0.0,0.0,0.0,3016.0397875359668,3518.823524986725,6.70490588421261,0.4872443377971649,0.0864247977733612,0.8544065356254578,0.0
PINN20260512-HS,4,3,pretrain,13.046424865722656,3.415311574935913,3.8980884552001953,0.25826358795166016,1.4982120990753174,1.2976946830749512,2.665093183517456,0.7349599003791809,0.5655962824821472,0.0,0.0,0.0,0.0,2964.5384126369486,3453.6081132635763,6.417436113214787,0.4881044328212738,0.08710596710443497,0.854860246181488,0.011938383802771568
PINN20260512-HS,4,5,pretrain,12.634210586547852,3.325033187866211,3.7494053840637207,0.24449007213115692,1.4654673337936401,1.2465806007385254,1.9765582084655762,0.42171788215637207,0.5452761054039001,0.0,0.0,0.0,0.0,2904.103476117888,3376.299453543776,6.164866915378916,0.4890601336956024,0.08787959814071655,0.8553138971328735,0.027730079367756844
PINN20260512-HS,4,7,pretrain,12.18642520904541,3.2194557189941406,3.5840535163879395,0.22934535145759583,1.4269407987594604,1.1897801160812378,1.358921766281128,0.5556593537330627,0.525609016418457,0.0,0.0,0.0,0.0,2833.3470489864103,3284.695724112052,5.924574301702502,0.4900686740875244,0.08881339430809021,0.8557677268981934,0.04785609245300293
PINN20260512-HS,4,9,pretrain,11.686720848083496,3.0968048572540283,3.402524948120117,0.21383638679981232,1.3816509246826172,1.1277480125427246,0.9647195935249329,0.6577605605125427,0.5068638920783997,0.0,0.0,0.0,0.0,2750.98091596434,3176.5692185123244,5.673281279970985,0.4911229610443115,0.08997232466936111,0.8562187552452087,0.07274775207042694
PINN20260512-HS,4,11,pretrain,11.124161720275879,2.955176591873169,3.2032294273376465,0.19959241151809692,1.32850182056427,1.0601506233215332,0.813528299331665,0.5790849328041077,0.4891478717327118,0.0,0.0,0.0,0.0,2655.727772193528,3049.316644758297,5.420620318914041,0.4922372102737427,0.09132204949855804,0.8566656112670898,0.10272346436977386
PINN20260512-HS,4,13,pretrain,10.494895935058594,2.7931177616119385,2.9875850677490234,0.18767762184143066,1.266192078590393,0.9878606796264648,0.7853083610534668,0.4599113166332245,0.4724523425102234,0.0,0.0,0.0,0.0,2546.688634285707,2900.356874593194,5.166660652783669,0.4934229850769043,0.09282243251800537,0.8571091294288635,0.1380077600479126
PINN20260512-HS,4,15,pretrain,9.809514045715332,2.6121773719787598,2.76949405670166,0.1779850572347641,1.1932895183563232,0.9155473709106445,0.7769609689712524,0.41793033480644226,0.45673868060112,0.0,0.0,0.0,0.0,2424.226268317378,2729.079881571809,4.903586413697554,0.49469658732414246,0.0944487527012825,0.8575494289398193,0.17866730690002441
PINN20260512-HS,4,17,pretrain,9.081208229064941,2.41817569732666,2.545969009399414,0.17011378705501556,1.1084247827529907,0.8416538834571838,0.7483019232749939,0.4534930884838104,0.44199493527412415,0.0,0.0,0.0,0.0,2290.798441591927,2539.7447706413336,4.625119587123422,0.496070921421051,0.09617973119020462,0.8579862713813782,0.22433055937290192
PINN20260512-HS,4,19,pretrain,8.326335906982422,2.218149423599243,2.3142268657684326,0.16385936737060547,1.0108325481414795,0.7650294899940491,0.6988462209701538,0.49363580346107483,0.4282103478908539,0.0,0.0,0.0,0.0,2151.0088330827466,2340.7302279416995,4.332358238215577,0.4975525736808777,0.09799332171678543,0.8584192991256714,0.27393874526023865
PINN20260512-HS,4,21,pretrain,7.544792175292969,2.0121004581451416,2.076098680496216,0.15886104106903076,0.9012188911437988,0.6864866614341736,0.6453428268432617,0.4897467792034149,0.4153987467288971,0.0,0.0,0.0,0.0,2011.5741969910034,2140.3273114175786,4.03503622549482,0.49915602803230286,0.09987178444862366,0.8588480353355408,0.32582247257232666
PINN20260512-HS,4,23,pretrain,6.755167007446289,1.804304599761963,1.8377947807312012,0.15478834509849548,0.7833048105239868,0.6081933975219727,0.6103569269180298,0.45160454511642456,0.4036068916320801,0.0,0.0,0.0,0.0,1881.5180041657852,1948.793857748941,3.750055301102082,0.5008977651596069,0.10180353373289108,0.8592734932899475,0.3780013620853424
PINN20260512-HS,4,25,pretrain,5.99458122253418,1.6043652296066284,1.607992172241211,0.1513105183839798,0.6628350019454956,0.5328106880187988,0.6068205833435059,0.4174461364746094,0.39287230372428894,0.0,0.0,0.0,0.0,1771.1679762235992,1779.5242341704707,3.4959018631295824,0.5028076767921448,0.10377619415521622,0.8596969842910767,0.4284503757953644
PINN20260512-HS,4,27,pretrain,5.283874034881592,1.4172749519348145,1.392967939376831,0.14809724688529968,0.5473133325576782,0.46210238337516785,0.6204652786254883,0.4132964015007019,0.3832419514656067,0.0,0.0,0.0,0.0,1689.8633080814554,1646.9543861321722,3.2838645258002592,0.5049335360527039,0.10577332228422165,0.8601199388504028,0.475430965423584
PINN20260512-HS,4,29,pretrain,4.673304080963135,1.2567150592803955,1.2090706825256348,0.14456380903720856,0.44697651267051697,0.40128466486930847,0.6168515682220459,0.42748507857322693,0.3747595548629761,0.0,0.0,0.0,0.0,1643.1051396669661,1563.115478779479,3.1241084692110963,0.5073351263999939,0.10777273774147034,0.8605429530143738,0.5177529454231262
PINN20260512-HS,4,32,pretrain,3.997725486755371,1.0799520015716553,1.0039470195770264,0.1407516449689865,0.34061065316200256,0.33316975831985474,0.5611147880554199,0.42157530784606934,0.3642963767051697,0.0,0.0,0.0,0.0,1632.1794478549225,1533.253077609825,2.996894532435879,0.5115920305252075,0.11070095747709274,0.8611750602722168,0.5711751580238342
PINN20260512-HS,4,34,pretrain,3.716292381286621,1.0065710544586182,0.9104561805725098,0.14334160089492798,0.3024960160255432,0.3022706210613251,0.524193286895752,0.4063318371772766,0.3589768707752228,0.0,0.0,0.0,0.0,1641.824137963625,1554.2464412055124,2.9807394349488394,0.5149755477905273,0.11249369382858276,0.8615845441818237,0.5994608402252197
PINN20260512-HS,4,36,pretrain,3.5419468879699707,0.9595121145248413,0.8475486040115356,0.15037721395492554,0.28726691007614136,0.2817276418209076,0.5190641283988953,0.40869852900505066,0.35506513714790344,0.0,0.0,0.0,0.0,1632.2419397871138,1568.9866952909447,2.983058502445738,0.5187385082244873,0.11395808309316635,0.8619554042816162,0.6207898259162903
PINN20260512-HS,4,38,pretrain,3.393028974533081,0.9159733653068542,0.8048312067985535,0.15638941526412964,0.2842615246772766,0.2679503262042999,0.5333961248397827,0.41168826818466187,0.35247674584388733,0.0,0.0,0.0,0.0,1585.4300678364846,1553.7832860473175,2.9634588368699273,0.5225508809089661,0.11493795365095139,0.8622516989707947,0.634490430355072
PINN20260512-HS,4,40,pretrain,3.2081124782562256,0.8600019216537476,0.771144688129425,0.15755493938922882,0.28259867429733276,0.2570081651210785,0.5361165404319763,0.4034164249897003,0.35082870721817017,0.0,0.0,0.0,0.0,1501.8582656162998,1509.6544306562346,2.9112350667483278,0.5261512994766235,0.11543169617652893,0.8624581694602966,0.6413138508796692
PINN20260512-HS,4,42,pretrain,2.9784653186798096,0.7901281118392944,0.7426306009292603,0.1529649794101715,0.2778668999671936,0.24749712646007538,0.5098657608032227,0.39772796630859375,0.3496498465538025,0.0,0.0,0.0,0.0,1392.7073454247306,1454.0073933787269,2.8438536343607863,0.5294486284255981,0.11550908535718918,0.8625786304473877,0.6424195170402527
PINN20260512-HS,4,44,pretrain,2.7354581356048584,0.7159597873687744,0.7206560373306274,0.14476463198661804,0.2699953019618988,0.23985926806926727,0.4654357433319092,0.39932605624198914,0.3485218286514282,0.0,0.0,0.0,0.0,1274.3883336722758,1412.3078187845595,2.793680460826022,0.5324360132217407,0.11525294184684753,0.8626264929771423,0.6387439966201782
PINN20260512-HS,4,46,pretrain,2.5238049030303955,0.651019811630249,0.7064355611801147,0.13634715974330902,0.26121705770492554,0.23476627469062805,0.43052399158477783,0.3951713740825653,0.34711185097694397,0.0,0.0,0.0,0.0,1167.1408441143683,1409.5698812049015,2.7948859206826353,0.5351182818412781,0.11475341767072678,0.8626255989074707,0.6311374306678772
PINN20260512-HS,4,48,pretrain,2.369166612625122,0.6033208966255188,0.6945420503616333,0.13157424330711365,0.2539030909538269,0.23058001697063446,0.42715102434158325,0.3917732238769531,0.3453212380409241,0.0,0.0,0.0,0.0,1088.686823654994,1450.1191330370068,2.8520342360939774,0.5374603271484375,0.11416774988174438,0.8626241087913513,0.6218046545982361
PINN20260512-HS,4,50,pretrain,2.257429838180542,0.5688736438751221,0.6828247904777527,0.13015466928482056,0.24810819327831268,0.22629640996456146,0.43602752685546875,0.3909316062927246,0.34329095482826233,0.0,0.0,0.0,0.0,1036.31281474273,1512.928451712109,2.9322482301362416,0.5394189953804016,0.11366608738899231,0.8626707196235657,0.6139037609100342
PINN20260512-HS,4,52,pretrain,2.1589794158935547,0.5392047166824341,0.6690624356269836,0.12982046604156494,0.24254544079303741,0.22150349617004395,0.43373140692710876,0.38588854670524597,0.341191828250885,0.0,0.0,0.0,0.0,996.2493412795815,1573.1492300478044,3.0063066997473973,0.5409846305847168,0.11337451636791229,0.8627913594245911,0.6102957725524902
PINN20260512-HS,4,54,pretrain,2.0512046813964844,0.5079401731491089,0.6464541554450989,0.12968844175338745,0.23685696721076965,0.21408608555793762,0.4242737889289856,0.38395366072654724,0.339154452085495,0.0,0.0,0.0,0.0,958.674019153539,1617.929232074135,3.0635626487372556,0.5422168970108032,0.1133636012673378,0.862987756729126,0.6125624775886536
PINN20260512-HS,4,56,pretrain,1.934373378753662,0.4744213819503784,0.6182733774185181,0.12968885898590088,0.23249758780002594,0.20495770871639252,0.41498783230781555,0.38001805543899536,0.3372349143028259,0.0,0.0,0.0,0.0,923.2837456600219,1649.6345049737533,3.1085933746183922,0.5431806445121765,0.11360122263431549,0.8632404804229736,0.6200616359710693
PINN20260512-HS,4,58,pretrain,1.828249216079712,0.4439646601676941,0.590876579284668,0.12975390255451202,0.23131968080997467,0.19613099098205566,0.40516456961631775,0.3759785294532776,0.3354354500770569,0.0,0.0,0.0,0.0,893.98035492957,1677.758698383054,3.1532422897843815,0.5439085364341736,0.11396694928407669,0.8635172843933105,0.6306288838386536
PINN20260512-HS,4,60,pretrain,1.7464908361434937,0.42041584849357605,0.5687187314033508,0.12981016933918,0.23308305442333221,0.1890472024679184,0.3944440484046936,0.37291789054870605,0.33373185992240906,0.0,0.0,0.0,0.0,871.379975957676,1710.9664666497704,3.2062449105146626,0.544414758682251,0.1143052726984024,0.8637802600860596,0.6416448950767517
PINN20260512-HS,4,62,pretrain,1.6832282543182373,0.4022153317928314,0.5514108538627625,0.12989550828933716,0.23483100533485413,0.18345998227596283,0.38537919521331787,0.36855214834213257,0.3320988714694977,0.0,0.0,0.0,0.0,851.581213097142,1752.478316556299,3.2693850398066298,0.5447185635566711,0.11448634415864944,0.8639953136444092,0.6509042978286743
PINN20260512-HS,4,64,pretrain,1.6261717081069946,0.38585716485977173,0.5371813774108887,0.13000023365020752,0.2334880828857422,0.1787935048341751,0.379577100276947,0.36570534110069275,0.3305372893810272,0.0,0.0,0.0,0.0,831.5154839207746,1799.8985388071185,3.336798971571864,0.5448675751686096,0.11445951461791992,0.8641446828842163,0.6573434472084045
PINN20260512-HS,4,66,pretrain,1.5719118118286133,0.3705143928527832,0.5252608060836792,0.12999244034290314,0.22820542752742767,0.17470864951610565,0.3756055533885956,0.36210307478904724,0.3290702998638153,0.0,0.0,0.0,0.0,812.0468736470821,1847.6913973929738,3.4000229230396677,0.5449360013008118,0.1142517700791359,0.8642330169677734,0.6611405611038208
PINN20260512-HS,4,68,pretrain,1.5245572328567505,0.3574608862400055,0.5154016017913818,0.12980130314826965,0.22039470076560974,0.1712520718574524,0.3710203170776367,0.3591870367527008,0.32771387696266174,0.0,0.0,0.0,0.0,795.3490978809242,1889.3416842911183,3.4515383591678246,0.5450061559677124,0.11393584311008453,0.8642823100090027,0.663314938545227
PINN20260512-HS,4,70,pretrain,1.4858293533325195,0.3471238613128662,0.5070221424102783,0.12952053546905518,0.21210525929927826,0.1683020442724228,0.3654193580150604,0.35625752806663513,0.32645392417907715,0.0,0.0,0.0,0.0,781.634345458284,1918.9773318098366,3.485510537409073,0.5451547503471375,0.1136012151837349,0.8643205761909485,0.6651306748390198
PINN20260512-HS,4,72,pretrain,1.451613426208496,0.33807796239852905,0.4992677569389343,0.12926940619945526,0.20471224188804626,0.16554677486419678,0.35983002185821533,0.35319602489471436,0.3252525329589844,0.0,0.0,0.0,0.0,769.216443856994,1933.2239265020492,3.4990863110955255,0.5454428791999817,0.11333228647708893,0.8643712997436523,0.6676061153411865
PINN20260512-HS,4,74,pretrain,1.4164233207702637,0.3286139965057373,0.49093663692474365,0.12908759713172913,0.1986754685640335,0.16274003684520721,0.35468894243240356,0.350423127412796,0.32407253980636597,0.0,0.0,0.0,0.0,756.7835308065312,1932.6079530002976,3.493623208455285,0.5459049344062805,0.11317729949951172,0.8644466996192932,0.6711717844009399
PINN20260512-HS,4,76,pretrain,1.3787652254104614,0.3183439373970032,0.4817095398902893,0.12894338369369507,0.1938226819038391,0.15976721048355103,0.3487159013748169,0.3472636640071869,0.3228955864906311,0.0,0.0,0.0,0.0,744.3872899909026,1920.92822614485,3.474230690805699,0.5465431809425354,0.11312643438577652,0.8645462989807129,0.6756134033203125
PINN20260512-HS,4,78,pretrain,1.3406877517700195,0.30792614817619324,0.47199195623397827,0.12886707484722137,0.18959446251392365,0.15667444467544556,0.34258097410202026,0.3444729745388031,0.32171881198883057,0.0,0.0,0.0,0.0,732.2674545546867,1903.1456854376652,3.448188585426902,0.547336757183075,0.11312226206064224,0.8646601438522339,0.6802984476089478
PINN20260512-HS,4,80,pretrain,1.3032587766647339,0.2976818084716797,0.4622100591659546,0.12893138825893402,0.18515393137931824,0.15353639423847198,0.33979952335357666,0.341521292924881,0.3205398619174957,0.0,0.0,0.0,0.0,719.7909635790102,1883.3323525071191,3.4197922447905538,0.5482543110847473,0.11309623718261719,0.8647747039794922,0.6845329403877258
PINN20260512-HS,4,82,pretrain,1.2653363943099976,0.2873111069202423,0.45243602991104126,0.12905621528625488,0.17970645427703857,0.15035471320152283,0.3408903181552887,0.33892011642456055,0.31935131549835205,0.0,0.0,0.0,0.0,706.0976163038649,1863.7271125355235,3.3896447421237044,0.5492616891860962,0.11300156265497208,0.8648796081542969,0.6878558993339539
PINN20260512-HS,4,84,pretrain,1.2258996963500977,0.2766408622264862,0.4424935579299927,0.129042848944664,0.1730293333530426,0.1470530778169632,0.34166714549064636,0.3363510072231293,0.31814613938331604,0.0,0.0,0.0,0.0,691.2636526680685,1844.7619765162117,3.3569645932938617,0.5503284335136414,0.11282725632190704,0.8649721145629883,0.6901929974555969
PINN20260512-HS,4,86,pretrain,1.1860074996948242,0.2660280466079712,0.43235117197036743,0.12883877754211426,0.16559766232967377,0.14363577961921692,0.33924275636672974,0.33400288224220276,0.31692561507225037,0.0,0.0,0.0,0.0,676.1863417357674,1825.6591960166058,3.321831148325634,0.5514295101165771,0.1125936508178711,0.8650572896003723,0.6918253302574158
PINN20260512-HS,4,89,pretrain,1.1284455060958862,0.2509380280971527,0.4168492555618286,0.1285010576248169,0.15463967621326447,0.13837750256061554,0.3333877921104431,0.33050966262817383,0.315086305141449,0.0,0.0,0.0,0.0,654.4835750421854,1794.2402291777987,3.267202265534739,0.5531009435653687,0.11221947520971298,0.865193247795105,0.6939643621444702
PINN20260512-HS,4,91,pretrain,1.0917645692825317,0.24132931232452393,0.40624240040779114,0.1283831149339676,0.1481623649597168,0.1348048746585846,0.3318992853164673,0.3282378911972046,0.3138682544231415,0.0,0.0,0.0,0.0,640.6802781028928,1770.851348927967,3.2313049164877885,0.5541972517967224,0.11200865358114243,0.865300178527832,0.6957418322563171
PINN20260512-HS,4,93,pretrain,1.0559673309326172,0.2319445013999939,0.39544031023979187,0.12826865911483765,0.14240993559360504,0.13122670352458954,0.3314070999622345,0.32584118843078613,0.31266236305236816,0.0,0.0,0.0,0.0,627.3630079547247,1746.5820192593303,3.1972312829184832,0.5552505850791931,0.11184162646532059,0.8654214143753052,0.6979463696479797
PINN20260512-HS,4,95,pretrain,1.021381139755249,0.22288942337036133,0.38466688990592957,0.1281518191099167,0.13710087537765503,0.12769833207130432,0.3318176567554474,0.323486328125,0.31146883964538574,0.0,0.0,0.0,0.0,614.5387497953242,1723.2856698760074,3.166361040244421,0.5562346577644348,0.11169587075710297,0.8655518889427185,0.7004265785217285
PINN20260512-HS,4,97,pretrain,0.9884127378463745,0.214286208152771,0.37410563230514526,0.12811140716075897,0.1318044513463974,0.12424827367067337,0.33441823720932007,0.32110515236854553,0.3102860748767853,0.0,0.0,0.0,0.0,601.99550974239,1702.6641624231127,3.1390739039824336,0.557126522064209,0.11153638362884521,0.8656836748123169,0.7029080390930176
PINN20260512-HS,4,99,pretrain,0.9567917585372925,0.20611348748207092,0.3637447655200958,0.12812700867652893,0.12615267932415009,0.12084122747182846,0.3379775285720825,0.31883153319358826,0.30911341309547424,0.0,0.0,0.0,0.0,589.4152822925446,1685.579722232087,3.114572080549536,0.5579115748405457,0.11133655160665512,0.8658106327056885,0.7051551938056946
PINN20260512-HS,4,101,pretrain,0.9260719418525696,0.1983160674571991,0.3535037040710449,0.12809348106384277,0.12008362263441086,0.11742176860570908,0.3394092321395874,0.3166120946407318,0.3079531192779541,0.0,0.0,0.0,0.0,576.737862897868,1671.906172606585,3.0921439485180633,0.5585858821868896,0.11108924448490143,0.8659303188323975,0.7070909142494202
PINN20260512-HS,4,103,pretrain,0.8962765336036682,0.19089117646217346,0.3433722257614136,0.12796644866466522,0.11385244876146317,0.11399216949939728,0.3380993604660034,0.3144853115081787,0.3068085014820099,0.0,0.0,0.0,0.0,564.1807389923906,1660.8755973883174,3.071747869581605,0.5591568946838379,0.11080682277679443,0.8660454154014587,0.7088139653205872
PINN20260512-HS,4,105,pretrain,0.8676419258117676,0.18382501602172852,0.33334842324256897,0.12781929969787598,0.10782220959663391,0.11059004068374634,0.3362184762954712,0.31237533688545227,0.3056798279285431,0.0,0.0,0.0,0.0,551.9524436036133,1651.6069447662176,3.0535278524540117,0.5596393346786499,0.11051399260759354,0.8661606907844543,0.7105123400688171
PINN20260512-HS,4,107,pretrain,0.8401218056678772,0.1770520955324173,0.3234039545059204,0.127690851688385,0.10223598033189774,0.10724333673715591,0.33481866121292114,0.310281902551651,0.3045625686645508,0.0,0.0,0.0,0.0,540.1269526694628,1643.5821397180002,3.037510920035647,0.5600504279136658,0.11023543775081635,0.8662802577018738,0.7123305797576904
PINN20260512-HS,4,109,pretrain,0.8135803937911987,0.17054249346256256,0.31350335478782654,0.1275511384010315,0.09713480621576309,0.10395517945289612,0.33336973190307617,0.3081580698490143,0.3034505248069763,0.0,0.0,0.0,0.0,528.7314417546964,1636.7913733888017,3.023968747681938,0.5604045987129211,0.10998162627220154,0.8664051294326782,0.7142729163169861
PINN20260512-HS,4,111,pretrain,0.7881370186805725,0.1643509864807129,0.30364519357681274,0.1273835301399231,0.0924098938703537,0.10071257501840591,0.331937700510025,0.306048721075058,0.302339643239975,0.0,0.0,0.0,0.0,517.7635198621085,1631.4973184164294,3.0130821022811225,0.5607118010520935,0.10974539071321487,0.8665335178375244,0.7161952257156372
PINN20260512-HS,4,113,pretrain,0.7639781832695007,0.15854685008525848,0.29382267594337463,0.1271989345550537,0.08789308369159698,0.09747535735368729,0.3313353657722473,0.3039565086364746,0.30122897028923035,0.0,0.0,0.0,0.0,507.15048001061774,1627.856719739179,3.00468943364042,0.5609782338142395,0.10951104015111923,0.866661787033081,0.7178809642791748
PINN20260512-HS,4,115,pretrain,0.7410797476768494,0.1531604826450348,0.28397148847579956,0.1269858479499817,0.08346131443977356,0.09418139606714249,0.33097144961357117,0.30192360281944275,0.30011990666389465,0.0,0.0,0.0,0.0,496.8469803420365,1625.6864703872022,2.997951028229596,0.5612092614173889,0.10926781594753265,0.8667867183685303,0.7191563844680786
PINN20260512-HS,4,117,pretrain,0.7193969488143921,0.14819617569446564,0.27410757541656494,0.12672512233257294,0.07910977303981781,0.09083139896392822,0.3297971487045288,0.299938440322876,0.299015611410141,0.0,0.0,0.0,0.0,486.9549035845106,1624.521468002193,2.9923263452125526,0.5614112019538879,0.1090162917971611,0.8669078946113586,0.7199808359146118
PINN20260512-HS,4,119,pretrain,0.6990332007408142,0.14365093410015106,0.2643156051635742,0.12645293772220612,0.0749441459774971,0.08746947348117828,0.328033983707428,0.2979959547519684,0.2979205250740051,0.0,0.0,0.0,0.0,477.65220087423444,1623.808563224126,2.9877330106256217,0.5615917444229126,0.10876715928316116,0.867026150226593,0.7204626798629761
PINN20260512-HS,4,121,pretrain,0.6800370216369629,0.13949233293533325,0.25467854738235474,0.12619248032569885,0.07105988264083862,0.08415605127811432,0.32676902413368225,0.2960585951805115,0.2968396544456482,0.0,0.0,0.0,0.0,469.04559013490365,1623.125534270224,2.9843164129809736,0.5617573857307434,0.10853311419487,0.8671429753303528,0.7207897305488586
PINN20260512-HS,4,123,pretrain,0.6623266935348511,0.1356727033853531,0.24530822038650513,0.12590472400188446,0.06748319417238235,0.08095169812440872,0.3262852430343628,0.2941257655620575,0.2957780659198761,0.0,0.0,0.0,0.0,461.15718917197853,1622.2653143058938,2.981595482290436,0.561911404132843,0.10832037776708603,0.8672585487365723,0.721123993396759
PINN20260512-HS,4,125,pretrain,0.6458718180656433,0.1321769654750824,0.23628300428390503,0.1255897879600525,0.0641694962978363,0.07787488400936127,0.3264213800430298,0.29219865798950195,0.2947399616241455,0.0,0.0,0.0,0.0,453.95245139221356,1621.192308148543,2.979281347688058,0.5620532631874084,0.10812395811080933,0.8673713803291321,0.7215203642845154
PINN20260512-HS,4,127,pretrain,0.630542516708374,0.1289701759815216,0.2276119589805603,0.12525750696659088,0.06105601415038109,0.07492119073867798,0.3269253373146057,0.2902970612049103,0.29372724890708923,0.0,0.0,0.0,0.0,447.3628281384138,1619.8869559324194,2.9767349351634884,0.5621820092201233,0.10793295502662659,0.8674795031547546,0.7219297289848328
PINN20260512-HS,4,129,pretrain,0.6162615418434143,0.12604491412639618,0.21926593780517578,0.12493156641721725,0.058091357350349426,0.07207131385803223,0.32710182666778564,0.2884359359741211,0.29273927211761475,0.0,0.0,0.0,0.0,441.3034316091367,1618.2903015219488,2.973565981803391,0.5622975826263428,0.10773883759975433,0.867581307888031,0.7222543954849243
PINN20260512-HS,4,131,pretrain,0.6029671430587769,0.12338995933532715,0.21119911968708038,0.12463484704494476,0.055264342576265335,0.06929956376552582,0.3267061710357666,0.28661975264549255,0.2917730212211609,0.0,0.0,0.0,0.0,435.73723446591066,1616.2922074921973,2.9697837417700077,0.5624017119407654,0.1075386255979538,0.8676761388778687,0.722412109375
PINN20260512-HS,4,133,pretrain,0.5906068682670593,0.1209833174943924,0.2033916562795639,0.12436089664697647,0.052616775035858154,0.06660766154527664,0.3259698748588562,0.28484129905700684,0.29082438349723816,0.0,0.0,0.0,0.0,430.69959441007137,1613.801490270721,2.965540279983103,0.5624972581863403,0.10733698308467865,0.8677648901939392,0.7224092483520508
PINN20260512-HS,4,135,pretrain,0.5791130661964417,0.11879736185073853,0.19583547115325928,0.12408299744129181,0.050202254205942154,0.0640055313706398,0.3251866102218628,0.2830728590488434,0.2898886203765869,0.0,0.0,0.0,0.0,426.2268688738428,1610.821141529996,2.961157424639626,0.5625876784324646,0.1071421429514885,0.867848813533783,0.722321629524231
PINN20260512-HS,4,137,pretrain,0.5683876872062683,0.11679577827453613,0.18851238489151,0.12379235774278641,0.048040274530649185,0.06150069460272789,0.32468482851982117,0.2813032865524292,0.2889610528945923,0.0,0.0,0.0,0.0,422.31168140367606,1607.4685066899444,2.9570608954687887,0.5626736283302307,0.10695980489253998,0.8679288625717163,0.722210168838501
PINN20260512-HS,4,139,pretrain,0.5582884550094604,0.11494316160678864,0.18136917054653168,0.12348303943872452,0.04611457884311676,0.059075456112623215,0.3244636654853821,0.27952656149864197,0.2880384027957916,0.0,0.0,0.0,0.0,418.8777417099171,1603.9168463483386,2.9532476677186272,0.5627540946006775,0.10679122060537338,0.868005096912384,0.7220583558082581
PINN20260512-HS,4,141,pretrain,0.5487719178199768,0.11323556303977966,0.1743689775466919,0.12319079041481018,0.044380880892276764,0.05670155584812164,0.324216365814209,0.2777547538280487,0.28711915016174316,0.0,0.0,0.0,0.0,415.7790316081368,1600.2866930647147,2.949425976327748,0.5628253221511841,0.106631338596344,0.8680766820907593,0.7217536568641663
PINN20260512-HS,4,143,pretrain,0.5397897958755493,0.11166004836559296,0.1675230860710144,0.12294246256351471,0.04279935359954834,0.05436849594116211,0.32365137338638306,0.2760029435157776,0.2862045466899872,0.0,0.0,0.0,0.0,412.88398794334466,1596.6115682907975,2.945563835624159,0.5628831386566162,0.10647409409284592,0.8681424260139465,0.7212124466896057
PINN20260512-HS,4,145,pretrain,0.531294047832489,0.11018200218677521,0.16095252335071564,0.12272948771715164,0.041362322866916656,0.052109021693468094,0.3228432238101959,0.2742736339569092,0.2852974832057953,0.0,0.0,0.0,0.0,410.16747722729065,1592.8983803118138,2.9418159053651047,0.5629245042800903,0.1063186302781105,0.8682023286819458,0.720537006855011
PINN20260512-HS,4,148,pretrain,0.5193334817886353,0.1080651581287384,0.1518232226371765,0.12243694067001343,0.03949739784002304,0.04896346107125282,0.3216511309146881,0.2716991901397705,0.28395357728004456,0.0,0.0,0.0,0.0,406.4783588950339,1587.2884110961058,2.936548438563593,0.562954306602478,0.10609594732522964,0.8682824969291687,0.7197003960609436
PINN20260512-HS,4,150,pretrain,0.5118586421012878,0.1067337915301323,0.14611749351024628,0.122239850461483,0.03842860460281372,0.04699818044900894,0.32101452350616455,0.26998844742774963,0.28306105732917786,0.0,0.0,0.0,0.0,404.2262091020324,1583.470713338267,2.933354261126933,0.5629560947418213,0.10595736652612686,0.868330180644989,0.7191845178604126
PINN20260512-HS,4,152,pretrain,0.5048121213912964,0.10550297796726227,0.14059148728847504,0.12203087657690048,0.0374666191637516,0.04507021605968475,0.3205656111240387,0.2682853639125824,0.28216224908828735,0.0,0.0,0.0,0.0,402.1032205789951,1579.4924026407978,2.930296839305011,0.5629466772079468,0.10582559555768967,0.8683732748031616,0.718434751033783
PINN20260512-HS,4,154,pretrain,0.49823862314224243,0.10436899214982986,0.13535639643669128,0.1218203604221344,0.036610983312129974,0.04322624206542969,0.32017257809638977,0.26658400893211365,0.28125759959220886,0.0,0.0,0.0,0.0,400.2156840379947,1575.2807686250728,2.926980964934256,0.5629267692565918,0.10570110380649567,0.8684122562408447,0.7175812721252441
PINN20260512-HS,4,156,pretrain,0.4921780228614807,0.10332094132900238,0.1305481642484665,0.12162464112043381,0.03586545214056969,0.041552212089300156,0.3196015954017639,0.2648756504058838,0.2803536355495453,0.0,0.0,0.0,0.0,398.5591823995528,1570.6978544583296,2.9229873149650545,0.5628953576087952,0.10558188706636429,0.8684470653533936,0.7169389724731445
PINN20260512-HS,4,158,pretrain,0.48668044805526733,0.1023721843957901,0.12623386085033417,0.12147083878517151,0.03519938141107559,0.04006063938140869,0.31831467151641846,0.2631780207157135,0.27944889664649963,0.0,0.0,0.0,0.0,396.8755118106936,1565.5406414398828,2.9181506247125357,0.5628527998924255,0.10546170920133591,0.8684768676757812,0.7163049578666687
PINN20260512-HS,4,160,pretrain,0.4817712903022766,0.10151660442352295,0.12248808145523071,0.12137609720230103,0.0345882922410965,0.03873421996831894,0.31654268503189087,0.2615053653717041,0.2785390317440033,0.0,0.0,0.0,0.0,395.179429183757,1559.695242667618,2.91286548625263,0.5628012418746948,0.10533595830202103,0.8685012459754944,0.7154290080070496
PINN20260512-HS,4,162,pretrain,0.4774249196052551,0.10073366016149521,0.11935374140739441,0.12126512080430984,0.034059278666973114,0.03763488680124283,0.31508392095565796,0.2598356008529663,0.2776339054107666,0.0,0.0,0.0,0.0,393.6851335458325,1553.1512321728364,2.907462013182763,0.5627394318580627,0.10520442575216293,0.8685210943222046,0.7149028182029724
PINN20260512-HS,4,164,pretrain,0.4735525846481323,0.1000140905380249,0.11673590540885925,0.1210971474647522,0.03361225873231888,0.03673861175775528,0.3140948414802551,0.2581624984741211,0.2767351269721985,0.0,0.0,0.0,0.0,392.15554152657336,1545.9136457124634,2.9020909085229185,0.5626688599586487,0.10506748408079147,0.8685369491577148,0.7148494124412537
PINN20260512-HS,4,166,pretrain,0.4700738489627838,0.099331334233284,0.11462853848934174,0.12090746313333511,0.033216461539268494,0.03600050136446953,0.31357285380363464,0.2565016746520996,0.275833398103714,0.0,0.0,0.0,0.0,390.4169245819141,1538.0869611306118,2.8965747410338167,0.5625930428504944,0.1049254760146141,0.868548572063446,0.7147359848022461
PINN20260512-HS,4,168,pretrain,0.4668993353843689,0.0986689031124115,0.11292439699172974,0.12074656784534454,0.03288309648633003,0.035413943231105804,0.3130713105201721,0.25484609603881836,0.2749360203742981,0.0,0.0,0.0,0.0,388.6880376664556,1529.8217216394858,2.890395439485837,0.5625123977661133,0.10478091239929199,0.8685570359230042,0.7148653864860535
PINN20260512-HS,4,170,pretrain,0.46392112970352173,0.09801888465881348,0.1114666610956192,0.120646171271801,0.03261667862534523,0.03494332730770111,0.31204092502593994,0.2531922161579132,0.27404987812042236,0.0,0.0,0.0,0.0,386.7704624515683,1521.23140908936,2.883505676132038,0.5624269843101501,0.10463561862707138,0.8685628175735474,0.7154449820518494
PINN20260512-HS,4,172,pretrain,0.4610663652420044,0.09734954684972763,0.11031869798898697,0.1206001415848732,0.032390862703323364,0.034560494124889374,0.3106856346130371,0.25156012177467346,0.27316758036613464,0.0,0.0,0.0,0.0,384.5596914004379,1512.431155457993,2.8762907386585415,0.5623403787612915,0.10448992252349854,0.8685658574104309,0.7159653902053833
PINN20260512-HS,4,174,pretrain,0.45829272270202637,0.09666953235864639,0.10933983325958252,0.12055988609790802,0.032217565923929214,0.03424297645688057,0.3094215393066406,0.24994416534900665,0.27229589223861694,0.0,0.0,0.0,0.0,382.3475186267069,1503.5004156966502,2.868929861546427,0.5622523427009583,0.10434481501579285,0.8685672879219055,0.7167192697525024
PINN20260512-HS,4,176,pretrain,0.4555819630622864,0.09598825871944427,0.10843688249588013,0.12050780653953552,0.03210345283150673,0.033970028162002563,0.30837392807006836,0.24833470582962036,0.2714371979236603,0.0,0.0,0.0,0.0,380.03533963961826,1494.534208373967,2.8616103248160893,0.5621644258499146,0.10420215874910355,0.8685675859451294,0.717811107635498
PINN20260512-HS,4,178,pretrain,0.4529448449611664,0.09529483318328857,0.10771360248327255,0.12045016139745712,0.03202936053276062,0.03374285250902176,0.307540625333786,0.2467397004365921,0.2705834209918976,0.0,0.0,0.0,0.0,377.66416132590604,1485.5896977294908,2.8542263492821194,0.5620793700218201,0.1040630042552948,0.8685672879219055,0.718815803527832
PINN20260512-HS,4,180,pretrain,0.4504081904888153,0.0946149230003357,0.10705690085887909,0.12040624767541885,0.03200443461537361,0.03355119749903679,0.30668342113494873,0.24515597522258759,0.2697431445121765,0.0,0.0,0.0,0.0,375.42311546440504,1476.6724416741852,2.846280958214962,0.561996340751648,0.10392740368843079,0.8685663938522339,0.7200162410736084
PINN20260512-HS,4,182,pretrain,0.4479968845844269,0.09395527094602585,0.10648943483829498,0.12040025740861893,0.03201590105891228,0.033394426107406616,0.30551600456237793,0.24358709156513214,0.2689167857170105,0.0,0.0,0.0,0.0,373.18192614326864,1467.8584741043667,2.8378213804988737,0.5619159936904907,0.10379546880722046,0.8685653805732727,0.72128826379776
PINN20260512-HS,4,184,pretrain,0.4457301199436188,0.09331656247377396,0.10606107860803604,0.12042362987995148,0.032040879130363464,0.03327091038227081,0.30418258905410767,0.24204523861408234,0.2681006193161011,0.0,0.0,0.0,0.0,371.04691414968,1459.1663715971526,2.8291705409679655,0.56183922290802,0.10366752743721008,0.8685640096664429,0.7223730683326721
PINN20260512-HS,4,186,pretrain,0.44361594319343567,0.09271742403507233,0.10567210614681244,0.12044482678174973,0.03208667039871216,0.03317014500498772,0.3029573857784271,0.24052071571350098,0.26730045676231384,0.0,0.0,0.0,0.0,369.1119410151885,1450.6147834625153,2.8205835464340825,0.5617651343345642,0.10354509204626083,0.8685630559921265,0.7235292196273804
PINN20260512-HS,4,188,pretrain,0.4416497051715851,0.09215475618839264,0.10534606873989105,0.1204514428973198,0.032138824462890625,0.03308607637882233,0.3019810616970062,0.23901207745075226,0.2665090560913086,0.0,0.0,0.0,0.0,367.29675502242054,1442.2948294298221,2.8122279143482865,0.5616952180862427,0.10343125462532043,0.8685626983642578,0.7245323657989502
PINN20260512-HS,4,190,pretrain,0.43981847167015076,0.09162971377372742,0.1050584465265274,0.12045058608055115,0.03218967095017433,0.03300775960087776,0.30116355419158936,0.23751406371593475,0.265723317861557,0.0,0.0,0.0,0.0,365.68747329516225,1434.1937194814375,2.8038337310588006,0.5616300106048584,0.10332880169153214,0.8685634732246399,0.7253095507621765
PINN20260512-HS,4,192,pretrain,0.4381082355976105,0.09114786237478256,0.10474628955125809,0.12045599520206451,0.03224114328622818,0.03292715176939964,0.3003128468990326,0.23602572083473206,0.2649467885494232,0.0,0.0,0.0,0.0,364.23794592271685,1426.341912025304,2.7953992444237157,0.561569094657898,0.10323921591043472,0.8685653209686279,0.7260056138038635
PINN20260512-HS,4,194,pretrain,0.4364917576313019,0.09069959819316864,0.10443177819252014,0.12046930938959122,0.03226704150438309,0.03283531591296196,0.29944908618927,0.23455752432346344,0.2641752064228058,0.0,0.0,0.0,0.0,362.8656991574155,1418.7602422537784,2.7870826225557037,0.5615130066871643,0.10316231101751328,0.8685680627822876,0.7263848185539246
PINN20260512-HS,4,196,pretrain,0.434944212436676,0.09028248488903046,0.10408042371273041,0.12047925591468811,0.032262228429317474,0.032728161662817,0.29869815707206726,0.23311564326286316,0.2634122371673584,0.0,0.0,0.0,0.0,361.6261666071746,1411.3602038459212,2.7789141056569835,0.5614610910415649,0.10309656709432602,0.8685717582702637,0.726550281047821
PINN20260512-HS,4,198,pretrain,0.4334452748298645,0.08989265561103821,0.10367469489574432,0.12047958374023438,0.03222733736038208,0.03260387107729912,0.29811254143714905,0.23169612884521484,0.2626580595970154,0.0,0.0,0.0,0.0,360.4627668012329,1404.141285626201,2.7709271956035204,0.5614129304885864,0.10304157435894012,0.8685762882232666,0.7265645265579224
PINN20260512-HS,4,200,pretrain,0.4319814443588257,0.08952291309833527,0.10323918610811234,0.12047753483057022,0.03215635195374489,0.03246032074093819,0.29760822653770447,0.2302987426519394,0.2619059085845947,0.0,0.0,0.0,0.0,359.38529333084847,1397.0523433286241,2.762961793997013,0.5613698959350586,0.10299813747406006,0.8685817122459412,0.726281464099884
PINN20260512-HS,4,202,pretrain,0.43054190278053284,0.08917243778705597,0.10275284945964813,0.12047329545021057,0.03206342086195946,0.03230223432183266,0.29709988832473755,0.22891592979431152,0.2611587941646576,0.0,0.0,0.0,0.0,358.41156728333976,1390.0250447384033,2.755075124838837,0.5613314509391785,0.10296542197465897,0.8685879707336426,0.7258819937705994
PINN20260512-HS,4,205,pretrain,0.4284190237522125,0.08867203444242477,0.10197602212429047,0.12045549601316452,0.03187129646539688,0.03204289451241493,0.2964976131916046,0.22687911987304688,0.2600444257259369,0.0,0.0,0.0,0.0,357.0131518935962,1379.6432962907477,2.743544005398823,0.5612821578979492,0.10293299704790115,0.8685986399650574,0.7249460220336914
PINN20260512-HS,4,207,pretrain,0.4270210564136505,0.08835203945636749,0.10143183171749115,0.12044461071491241,0.03171367943286896,0.03185993805527687,0.2960585355758667,0.2255520522594452,0.2593071162700653,0.0,0.0,0.0,0.0,356.1360782762679,1372.791544627224,2.7358695820205226,0.56125408411026,0.10292065888643265,0.8686061501502991,0.7241719365119934
PINN20260512-HS,4,209,pretrain,0.42563438415527344,0.08803881704807281,0.100879967212677,0.1204349547624588,0.031537976115942,0.031672149896621704,0.29561251401901245,0.2242513746023178,0.2585727870464325,0.0,0.0,0.0,0.0,355.2578289074007,1366.043557138644,2.7283415567682754,0.5612296462059021,0.10291533172130585,0.8686140775680542,0.7232784032821655
PINN20260512-HS,4,211,pretrain,0.42425528168678284,0.08772799372673035,0.10033328831195831,0.12042254209518433,0.03135131672024727,0.03148266673088074,0.2952200472354889,0.2229747325181961,0.25783905386924744,0.0,0.0,0.0,0.0,354.39907325640684,1359.3757298848616,2.720978148062282,0.5612086057662964,0.10291727632284164,0.8686224222183228,0.7222577333450317
PINN20260512-HS,4,213,pretrain,0.4228760600090027,0.08741702139377594,0.09978300333023071,0.1204022690653801,0.031165707856416702,0.031293947249650955,0.2949231266975403,0.22172041237354279,0.25710681080818176,0.0,0.0,0.0,0.0,353.53598870907047,1352.8054645809204,2.713847050490454,0.5611899495124817,0.10292593389749527,0.8686308264732361,0.7212038636207581
PINN20260512-HS,4,215,pretrain,0.42149120569229126,0.08710020780563354,0.09925056993961334,0.12037553638219833,0.03097899816930294,0.031107887625694275,0.2947589159011841,0.2204887866973877,0.25637444853782654,0.0,0.0,0.0,0.0,352.64414162863955,1346.3406886817318,2.706914235772006,0.5611729025840759,0.10294027626514435,0.8686394691467285,0.7200519442558289
PINN20260512-HS,4,217,pretrain,0.4200974106788635,0.08677683025598526,0.0987279936671257,0.1203480139374733,0.030798200517892838,0.030925657600164413,0.2946518659591675,0.21928244829177856,0.2556440234184265,0.0,0.0,0.0,0.0,351.7296436007349,1339.9576019411957,2.7001584794940143,0.5611557364463806,0.10295891016721725,0.8686479330062866,0.7188799381256104
PINN20260512-HS,4,219,pretrain,0.41868871450424194,0.08644317835569382,0.09822603315114975,0.12032241374254227,0.030624931678175926,0.030749421566724777,0.29456812143325806,0.2181004285812378,0.2549150884151459,0.0,0.0,0.0,0.0,350.7677182802032,1333.6747635761876,2.693487779206769,0.561137318611145,0.10298067331314087,0.8686562180519104,0.7176749110221863
PINN20260512-HS,4,221,pretrain,0.4172607660293579,0.08609739691019058,0.09774953126907349,0.12030385434627533,0.03046339936554432,0.030581090599298477,0.2943948805332184,0.2169385403394699,0.25418737530708313,0.0,0.0,0.0,0.0,349.7754860263938,1327.4670429053974,2.6868339649037867,0.561116099357605,0.10300485789775848,0.868664026260376,0.7164499759674072
PINN20260512-HS,4,223,pretrain,0.4158138334751129,0.08573892712593079,0.09729569405317307,0.12029033899307251,0.030316952615976334,0.03042140230536461,0.29419639706611633,0.2157955765724182,0.2534618079662323,0.0,0.0,0.0,0.0,348.7392919503049,1321.3529997695543,2.680298986998484,0.5610906481742859,0.10303042829036713,0.8686712384223938,0.715242326259613
PINN20260512-HS,4,225,pretrain,0.4143500328063965,0.08536684513092041,0.09687194228172302,0.1202760562300682,0.030183084309101105,0.030271023511886597,0.2940802574157715,0.21467505395412445,0.2527385652065277,0.0,0.0,0.0,0.0,347.6626305594261,1315.3405452581471,2.6740061047978156,0.5610592365264893,0.10305643826723099,0.8686777949333191,0.7140248417854309
PINN20260512-HS,4,227,pretrain,0.41287192702293396,0.08498303592205048,0.0964706689119339,0.12025797367095947,0.03006383776664734,0.030129393562674522,0.2940746545791626,0.2135729342699051,0.2520189881324768,0.0,0.0,0.0,0.0,346.55260919159156,1309.4463047410536,2.667906363752397,0.5610206127166748,0.10308213531970978,0.8686834573745728,0.7128362655639648
PINN20260512-HS,4,229,pretrain,0.4113823473453522,0.08458796888589859,0.09609883278608322,0.12024188041687012,0.029957564547657967,0.02999703772366047,0.29409119486808777,0.21249011158943176,0.25130242109298706,0.0,0.0,0.0,0.0,345.40930204251885,1303.6962836489179,2.661982850571456,0.5609735250473022,0.10310755670070648,0.86868816614151,0.7116417288780212
PINN20260512-HS,4,231,pretrain,0.4098886251449585,0.08418457210063934,0.09575334191322327,0.1202319860458374,0.02986617013812065,0.029873831197619438,0.2940717041492462,0.2114233523607254,0.2505892515182495,0.0,0.0,0.0,0.0,344.2514637768444,1298.0917725646366,2.6561885907322345,0.5609169602394104,0.10313249379396439,0.8686921000480652,0.7104623913764954
PINN20260512-HS,4,233,pretrain,0.4083959460258484,0.08377452939748764,0.09543734788894653,0.12023049592971802,0.029788609594106674,0.0297597274184227,0.2939745783805847,0.21037231385707855,0.2498796582221985,0.0,0.0,0.0,0.0,343.073003801669,1292.660338217275,2.6505414700496357,0.5608499646186829,0.10315670073032379,0.8686950206756592,0.7092897891998291
PINN20260512-HS,4,235,pretrain,0.4069114625453949,0.08336032181978226,0.09515053033828735,0.12023521214723587,0.029722854495048523,0.029654402285814285,0.2938328683376312,0.20933972299098969,0.2491743564605713,0.0,0.0,0.0,0.0,341.8924241446423,1287.3960637659259,2.6451429473342642,0.5607718229293823,0.10317978262901306,0.8686968684196472,0.7081143856048584
PINN20260512-HS,4,237,pretrain,0.4054451286792755,0.08294515311717987,0.09488475322723389,0.12023260444402695,0.02967066690325737,0.02955782413482666,0.2938680350780487,0.20832110941410065,0.24847400188446045,0.0,0.0,0.0,0.0,340.7177396687763,1282.3163123816214,2.64011275685273,0.5606819987297058,0.103201724588871,0.8686977624893188,0.7069680690765381
PINN20260512-HS,4,239,pretrain,0.40400582551956177,0.08253113925457001,0.09465005993843079,0.12022777646780014,0.029629992321133614,0.02947114035487175,0.29399096965789795,0.20732015371322632,0.24777793884277344,0.0,0.0,0.0,0.0,339.54989738254966,1277.4339023996506,2.635311631796445,0.5605806708335876,0.10322286188602448,0.8686976432800293,0.7058063745498657
PINN20260512-HS,4,241,physics,0.41344866156578064,0.08212243765592575,0.09444063901901245,0.12023031711578369,0.029600605368614197,0.029393281787633896,0.2940325438976288,0.20633834600448608,0.24708785116672516,0.1517963409423828,0.5208380818367004,1.3720395486416237e-07,0.0,338.34628849375605,1272.8350737625044,2.6307827602896476,0.5604677200317383,0.10324278473854065,0.8686966896057129,0.7046574950218201
PINN20260512-HS,4,243,physics,0.41206350922584534,0.08171919733285904,0.09428238123655319,0.12024770677089691,0.029557012021541595,0.02932097390294075,0.29397475719451904,0.20540472865104675,0.2464045286178589,0.1522105187177658,0.5189433097839355,1.3634451079269638e-07,0.0,337.22243215717424,1268.2764879946328,2.6262561373424527,0.5603449940681458,0.10326184332370758,0.8686949014663696,0.7032287120819092
PINN20260512-HS,4,245,physics,0.4107171297073364,0.0813322514295578,0.09407363831996918,0.12025865912437439,0.02954629622399807,0.02925203926861286,0.29388439655303955,0.20446442067623138,0.24573390185832977,0.15259575843811035,0.5174625515937805,1.3556993394558958e-07,0.0,336.1237565056954,1263.8801367218332,2.621951001326673,0.5602101683616638,0.10327880084514618,0.8686931729316711,0.7022003531455994
PINN20260512-HS,4,247,physics,0.4094119668006897,0.0809444934129715,0.09396257996559143,0.12027607858181,0.029532363638281822,0.029198704287409782,0.29378581047058105,0.2035515457391739,0.2450600266456604,0.15292564034461975,0.5156713128089905,1.3474213744757435e-07,0.0,335.0547646467664,1259.6296082579197,2.617834493327846,0.5600674748420715,0.10329664498567581,0.8686912059783936,0.7007653713226318
PINN20260512-HS,4,249,physics,0.40815046429634094,0.08057347685098648,0.09381170570850372,0.12028826773166656,0.029546406120061874,0.029149068519473076,0.2936457395553589,0.20263874530792236,0.24440030753612518,0.1532289683818817,0.5142788887023926,1.3409265875452547e-07,0.0,334.0426151705797,1255.4493219560875,2.6138249469894874,0.559913158416748,0.10331094264984131,0.8686888813972473,0.6997081637382507
PINN20260512-HS,4,251,physics,0.40693220496177673,0.08020897209644318,0.09372033178806305,0.12030776590108871,0.029544198885560036,0.029105590656399727,0.2935306429862976,0.20178095996379852,0.2437509447336197,0.153445765376091,0.5125875473022461,1.3334907578155253e-07,0.0,332.9882810437929,1251.562173845151,2.610260710369606,0.5597504377365112,0.10332255810499191,0.8686854839324951,0.6983562707901001
PINN20260512-HS,4,253,physics,0.40575703978538513,0.07986055314540863,0.09360086917877197,0.1203252524137497,0.029557468369603157,0.029063457623124123,0.2933877110481262,0.20093783736228943,0.24311687052249908,0.15363161265850067,0.5111531019210815,1.327283314367378e-07,0.0,332.03695436276365,1247.667072980609,2.6066372371040556,0.5595778226852417,0.10333088785409927,0.8686816692352295,0.697256326675415
PINN20260512-HS,4,255,physics,0.40462395548820496,0.07952012866735458,0.09351760149002075,0.12034625560045242,0.029573848471045494,0.02902725711464882,0.29320961236953735,0.20011956989765167,0.24248827993869781,0.15379542112350464,0.5096399784088135,1.3219901973116066e-07,0.0,331.06513709540604,1244.0553645236212,2.603362017983576,0.5593987107276917,0.10333923995494843,0.8686774373054504,0.6960157752037048
PINN20260512-HS,4,257,physics,0.4035307466983795,0.07919354736804962,0.09341955929994583,0.12036250531673431,0.029600637033581734,0.028991464525461197,0.29304879903793335,0.19931471347808838,0.24187088012695312,0.15395312011241913,0.5082705616950989,1.3179982261135592e-07,0.0,330.1947697003997,1240.4299153922402,2.6000622377607785,0.559212863445282,0.10334708541631699,0.8686731457710266,0.6948884725570679
PINN20260512-HS,4,259,physics,0.4024750292301178,0.07887908816337585,0.09332343935966492,0.12037357687950134,0.029620179906487465,0.028953781351447105,0.29300186038017273,0.19855274260044098,0.24126699566841125,0.15408046543598175,0.5068070888519287,1.3137585597178258e-07,0.0,329.29015747893226,1237.100642631795,2.597192552696095,0.5590221881866455,0.10335488617420197,0.8686684966087341,0.6936801075935364
PINN20260512-HS,4,262,physics,0.4009549021720886,0.07843218743801117,0.09315142035484314,0.12038053572177887,0.02964675799012184,0.028891772031784058,0.29304707050323486,0.19746223092079163,0.24038560688495636,0.15425579249858856,0.5046296715736389,1.3082411953746487e-07,0.0,328.0747937780347,1232.1587762946788,2.5927713809219277,0.5587285161018372,0.10336796194314957,0.8686615228652954,0.6918951272964478
PINN20260512-HS,4,264,physics,0.39997848868370056,0.0781463086605072,0.09304404258728027,0.12038638442754745,0.029660532251000404,0.028848417103290558,0.2930470108985901,0.19676855206489563,0.2398076206445694,0.15437932312488556,0.5030552744865417,1.3054051350991358e-07,0.0,327.30540497370345,1229.0106285138465,2.5898322259036233,0.5585300326347351,0.10337983071804047,0.868657112121582,0.690546452999115
PINN20260512-HS,4,266,physics,0.3990272581577301,0.07787419855594635,0.09290162473917007,0.12039121985435486,0.02967797964811325,0.028800345957279205,0.29296839237213135,0.19609396159648895,0.23924237489700317,0.1545209437608719,0.5016062259674072,1.3043027990988776e-07,0.0,326.56993412590816,1225.9497338798194,2.586795042268041,0.5583285689353943,0.10339311510324478,0.8686529397964478,0.6893294453620911
PINN20260512-HS,4,268,physics,0.39809754490852356,0.07761001586914062,0.0927673801779747,0.12039828300476074,0.029681844636797905,0.02874823473393917,0.29287877678871155,0.19546212255954742,0.23868784308433533,0.15465544164180756,0.4999449849128723,1.303644978634111e-07,0.0,325.84634991050615,1223.0184994512551,2.5838711227425892,0.5581257343292236,0.10340849310159683,0.868648886680603,0.687917172908783
PINN20260512-HS,4,270,physics,0.3971865475177765,0.07735618203878403,0.09260060638189316,0.12039639800786972,0.02968762442469597,0.02869144268333912,0.29287081956863403,0.19485236704349518,0.23814526200294495,0.15480051934719086,0.4983918070793152,1.3034876644724136e-07,0.0,325.1610538448601,1220.1438439790613,2.5810012339858193,0.5579203367233276,0.10342507064342499,0.868645191192627,0.6866217851638794
PINN20260512-HS,4,272,physics,0.3962908387184143,0.07710757106542587,0.09243644773960114,0.120392344892025,0.029687540605664253,0.028630776330828667,0.29291266202926636,0.19427157938480377,0.23760955035686493,0.15494878590106964,0.4967223107814789,1.3031797152507352e-07,0.0,324.4916336556306,1217.3720672004924,2.5782023743520197,0.5577136874198914,0.10344402492046356,0.8686417937278748,0.6851888298988342
PINN20260512-HS,4,274,physics,0.3954073190689087,0.07686758786439896,0.09224218875169754,0.12038856744766235,0.02968760021030903,0.02856477163732052,0.2929076552391052,0.19370898604393005,0.23708462715148926,0.1551090031862259,0.4951441287994385,1.3033016443841916e-07,0.0,323.84127574322576,1214.681594081346,2.575397122836161,0.5575048327445984,0.10346420854330063,0.868638813495636,0.6838549971580505
PINN20260512-HS,4,276,physics,0.3945334553718567,0.07663246989250183,0.09204749763011932,0.12039176374673843,0.029676616191864014,0.028494101017713547,0.29283004999160767,0.19318608939647675,0.23656882345676422,0.15526604652404785,0.49341630935668945,1.303090755300218e-07,0.0,323.19878267870996,1212.0947776473588,2.5726429436942815,0.5572947859764099,0.10348624736070633,0.8686360716819763,0.6823851466178894
PINN20260512-HS,4,278,physics,0.393667072057724,0.07640405744314194,0.09182566404342651,0.12039437890052795,0.02966419793665409,0.028418639674782753,0.29272735118865967,0.192681223154068,0.23606263101100922,0.15543624758720398,0.4917563796043396,1.302947651993236e-07,0.0,322.5732959344279,1209.5878430275332,2.569979927865862,0.557083010673523,0.10350973159074783,0.8686337471008301,0.6809934973716736
PINN20260512-HS,4,280,physics,0.392805278301239,0.07617862522602081,0.09160087257623672,0.12039602547883987,0.029644988477230072,0.02833876758813858,0.2926369905471802,0.19220297038555145,0.23556232452392578,0.15561820566654205,0.4899897575378418,1.3026088652168255e-07,0.0,321.9677414936161,1207.1527450989788,2.5673613513743727,0.5568705201148987,0.10353577136993408,0.868631899356842,0.679483950138092
PINN20260512-HS,4,282,physics,0.39194682240486145,0.07595814019441605,0.09135393053293228,0.12039410322904587,0.029623055830597878,0.02825462445616722,0.29254576563835144,0.19174298644065857,0.23507025837898254,0.1558251529932022,0.48825332522392273,1.303157119991738e-07,0.0,321.36081503117333,1204.8420020899007,2.564927086136971,0.5566568374633789,0.10356377065181732,0.868630588054657,0.6780155301094055
PINN20260512-HS,4,284,physics,0.3910906910896301,0.0757397934794426,0.09110356867313385,0.12038841843605042,0.02959226258099079,0.0281669981777668,0.29251807928085327,0.19131387770175934,0.23458558320999146,0.15604496002197266,0.4863969683647156,1.3036084567374928e-07,0.0,320.7707514721378,1202.6081032489346,2.562632734836054,0.5564424991607666,0.10359407961368561,0.8686296939849854,0.6764397621154785
PINN20260512-HS,4,286,physics,0.39023557305336,0.07552414387464523,0.09083685278892517,0.12037713080644608,0.029558539390563965,0.028075985610485077,0.29255765676498413,0.19090308248996735,0.23410822451114655,0.15628346800804138,0.4845496714115143,1.3035716506237804e-07,0.0,320.1770384295226,1200.512286484399,2.560581963996861,0.5562269687652588,0.10362626612186432,0.8686294555664062,0.6748794317245483
PINN20260512-HS,4,288,physics,0.38938042521476746,0.07530982047319412,0.09056302160024643,0.12036596983671188,0.029520493000745773,0.027981629595160484,0.29260772466659546,0.19051335752010345,0.23363691568374634,0.15653567016124725,0.4826522469520569,1.302438192851696e-07,0.0,319.6014241402876,1198.4942115004144,2.5585749117981003,0.5560103058815002,0.10366044193506241,0.8686296343803406,0.6732631921768188
PINN20260512-HS,4,290,physics,0.3885241448879242,0.07509741187095642,0.09028024226427078,0.12036211043596268,0.029478101059794426,0.027884449809789658,0.29253989458084106,0.19014345109462738,0.23317287862300873,0.15680432319641113,0.48072758316993713,1.3009288579723943e-07,0.0,319.0100532310855,1196.643900665524,2.5566611626867597,0.5557922720909119,0.10369608551263809,0.8686303496360779,0.6716270446777344
PINN20260512-HS,4,292,physics,0.38766562938690186,0.07488656044006348,0.08999097347259521,0.12036645412445068,0.029430953785777092,0.02778501622378826,0.29232269525527954,0.18979257345199585,0.23271648585796356,0.1570916771888733,0.47876882553100586,1.299640501883914e-07,0.0,318.4283671408689,1194.8923068628403,2.554784777815403,0.555572509765625,0.1037328690290451,0.8686313033103943,0.669967532157898
PINN20260512-HS,4,294,physics,0.38680487871170044,0.0746755376458168,0.08969757705926895,0.12036630511283875,0.02937992475926876,0.027683639898896217,0.29217448830604553,0.1894633024930954,0.23226645588874817,0.15739169716835022,0.47677597403526306,1.2978149754871993e-07,0.0,317.8411307162747,1193.2807716543496,2.5532719935013324,0.5553511381149292,0.10377059131860733,0.8686327338218689,0.6682716012001038
PINN20260512-HS,4,296,physics,0.385940819978714,0.07446408271789551,0.08939579129219055,0.12035740166902542,0.029327137395739555,0.027580874040722847,0.29214760661125183,0.18914516270160675,0.2318229377269745,0.1577031910419464,0.4748082160949707,1.2952438055435778e-07,0.0,317.2579909356106,1191.7782931401293,2.5519479165111867,0.5551277995109558,0.1038086786866188,0.8686344027519226,0.666598916053772
PINN20260512-HS,4,298,physics,0.385073184967041,0.074252188205719,0.08909489214420319,0.12035403400659561,0.02926965244114399,0.027477171272039413,0.2920307219028473,0.18884634971618652,0.23138606548309326,0.15803015232086182,0.47278931736946106,1.2930016168866132e-07,0.0,316.6672642538221,1190.412638541779,2.5504822256769883,0.5549027919769287,0.10384722799062729,0.8686364889144897,0.6648767590522766
PINN20260512-HS,4,300,physics,0.3842014968395233,0.0740412026643753,0.0887906402349472,0.12036336213350296,0.029209526255726814,0.02737301215529442,0.2916582226753235,0.18856143951416016,0.23095574975013733,0.1583884060382843,0.4707704484462738,1.2929614001677692e-07,0.0,316.0695755090958,1189.184384357615,2.5491346426797277,0.5546757578849792,0.10388605296611786,0.8686387538909912,0.6631595492362976
PINN20260512-HS,4,302,physics,0.3833262324333191,0.07382840663194656,0.08848648518323898,0.12036457657814026,0.029146574437618256,0.027268359437584877,0.29142168164253235,0.1882900446653366,0.23053105175495148,0.15875926613807678,0.46872594952583313,1.2923165115807933e-07,0.0,315.4741595004256,1188.0655495384083,2.5481437328853596,0.5544470548629761,0.1039251834154129,0.8686413168907166,0.6614118814468384
PINN20260512-HS,4,304,physics,0.3824453055858612,0.073612742125988,0.08817921578884125,0.1203521266579628,0.029081959277391434,0.027163425460457802,0.29141712188720703,0.18803052604198456,0.23011182248592377,0.15913498401641846,0.4666879177093506,1.289747473265379e-07,0.0,314.86838768364794,1187.0884023525796,2.547585679501764,0.5542166829109192,0.10396439582109451,0.8686442375183105,0.6596664190292358
PINN20260512-HS,4,306,physics,0.3815594017505646,0.0733952522277832,0.08787187188863754,0.12034136801958084,0.029015248641371727,0.027058640494942665,0.2913997173309326,0.18778474628925323,0.22969812154769897,0.15952055156230927,0.46464434266090393,1.286123278987361e-07,0.0,314.25938480417733,1186.2281610213104,2.5468695199936056,0.5539846420288086,0.10400361567735672,0.8686473965644836,0.6579140424728394
PINN20260512-HS,4,308,physics,0.38066765666007996,0.07317759841680527,0.08756881952285767,0.12035154551267624,0.028945935890078545,0.026954181492328644,0.291008859872818,0.18755125999450684,0.22928981482982635,0.15993434190750122,0.4625697731971741,1.2843894126035593e-07,0.0,313.63759191541436,1185.5042176221896,2.5460640328349142,0.5537512302398682,0.10404299199581146,0.8686509132385254,0.6561260223388672
PINN20260512-HS,4,310,physics,0.37977170944213867,0.0729580819606781,0.08726654946804047,0.12036218494176865,0.028875473886728287,0.02685081958770752,0.29061412811279297,0.18732765316963196,0.2288871556520462,0.16035930812358856,0.46051713824272156,1.2826622253214737e-07,0.0,313.00903541271776,1184.8885496113126,2.545702107227015,0.553516149520874,0.10408169031143188,0.8686544895172119,0.6543581485748291
PINN20260512-HS,4,312,physics,0.3788701593875885,0.0727342963218689,0.08696767687797546,0.12035593390464783,0.028803391382098198,0.026748767122626305,0.29051482677459717,0.18711413443088531,0.22848984599113464,0.16077692806720734,0.458473265171051,1.279071852877678e-07,0.0,312.37641306203,1184.37187994312,2.5455925425090826,0.5532795786857605,0.10411933809518814,0.8686582446098328,0.6525939702987671
PINN20260512-HS,4,314,physics,0.3779638409614563,0.07250843197107315,0.08667255938053131,0.12035177648067474,0.02873026579618454,0.026648182421922684,0.290368914604187,0.18690967559814453,0.22809770703315735,0.16120630502700806,0.45644718408584595,1.2763653955971677e-07,0.0,311.730389820274,1183.970333243194,2.54552366535817,0.5530416369438171,0.10415594279766083,0.8686621785163879,0.6508421301841736
PINN20260512-HS,4,316,physics,0.3770521879196167,0.072280652821064,0.08638313412666321,0.120355986058712,0.028655890375375748,0.026549534872174263,0.2900700271129608,0.1867142915725708,0.2277110368013382,0.16164922714233398,0.45443400740623474,1.2749815425650013e-07,0.0,311.0742726825862,1183.666179714534,2.545464735095331,0.5528024435043335,0.10419151932001114,0.8686662316322327,0.6491017937660217
PINN20260512-HS,4,318,physics,0.37613412737846375,0.07204993069171906,0.08610019832849503,0.12036307901144028,0.028580106794834137,0.026452794671058655,0.28971847891807556,0.1865280419588089,0.22732949256896973,0.16210044920444489,0.4524242877960205,1.274168823783839e-07,0.0,310.40769561980903,1183.458543845115,2.545572776515484,0.5525623559951782,0.10422605276107788,0.8686703443527222,0.6473608016967773
PINN20260512-HS,4,321,physics,0.37474536895751953,0.07169698178768158,0.08568441867828369,0.12036086618900299,0.028465919196605682,0.026311390101909637,0.2893901467323303,0.18626123666763306,0.22676578164100647,0.16278529167175293,0.44945916533470154,1.272759249104638e-07,0.0,309.3879163970371,1183.3158918902425,2.546258359769088,0.5522007942199707,0.1042759045958519,0.8686767816543579,0.6447877883911133
PINN20260512-HS,4,323,physics,0.37381142377853394,0.07145728170871735,0.08541498333215714,0.12035752087831497,0.028388937935233116,0.026219811290502548,0.28920215368270874,0.18609198927879333,0.2263958603143692,0.16325166821479797,0.44750022888183594,1.2723182862828253e-07,0.0,308.6916822454081,1183.333321596244,2.5468119684814576,0.5519590377807617,0.10430803149938583,0.8686813712120056,0.6430858373641968
PINN20260512-HS,4,325,physics,0.3728707432746887,0.07121376693248749,0.0851525217294693,0.12035362422466278,0.02831105887889862,0.026130380108952522,0.2890338897705078,0.18593189120292664,0.22603069245815277,0.16372185945510864,0.44554927945137024,1.2718018638224748e-07,0.0,307.98509754937817,1183.424796934727,2.5475637793794457,0.5517170429229736,0.10433928668498993,0.8686859011650085,0.6413878202438354
PINN20260512-HS,4,327,physics,0.3719232976436615,0.07096678018569946,0.08489567786455154,0.12035059928894043,0.028232986107468605,0.026042930781841278,0.2888612747192383,0.18577486276626587,0.2256699800491333,0.16419608891010284,0.44361984729766846,1.2711939234577585e-07,0.0,307.26357781227506,1183.598221526207,2.5483280379710163,0.5514748692512512,0.10436969250440598,0.8686907291412354,0.6397055983543396
PINN20260512-HS,4,329,physics,0.3709685504436493,0.07071588188409805,0.08464521169662476,0.12034758180379868,0.028154129162430763,0.025957560166716576,0.28870052099227905,0.18562863767147064,0.22531424462795258,0.1646708846092224,0.44170552492141724,1.270344540671431e-07,0.0,306.5321149569813,1183.8333919939917,2.5492625040738037,0.5512325167655945,0.10439920425415039,0.8686954975128174,0.6380354166030884
PINN20260512-HS,4,331,physics,0.3700059652328491,0.0704614520072937,0.0844011977314949,0.1203460544347763,0.028074339032173157,0.02587430365383625,0.2885114550590515,0.18548665940761566,0.2249637097120285,0.1651487797498703,0.43980297446250916,1.269660288016894e-07,0.0,305.7848763837087,1184.1425695413539,2.5501106588014815,0.5509901642799377,0.10442788898944855,0.8687005043029785,0.6363746523857117
PINN20260512-HS,4,333,physics,0.3690353333950043,0.07020402699708939,0.08416198194026947,0.12034927308559418,0.02799379453063011,0.02579282782971859,0.2882247865200043,0.1853487193584442,0.22461842000484467,0.16563884913921356,0.437917023897171,1.2702275853371248e-07,0.0,305.0247812678504,1184.5144574888059,2.5510544606670065,0.5507478713989258,0.10445590317249298,0.8687057495117188,0.6347273588180542
PINN20260512-HS,4,335,physics,0.3680569529533386,0.06994172185659409,0.08392838388681412,0.12034109979867935,0.027912050485610962,0.025713367387652397,0.2881447970867157,0.18521811068058014,0.2242787927389145,0.16612009704113007,0.43604153394699097,1.269481941790218e-07,0.0,304.2549044386959,1184.935968734176,2.5522416540838275,0.5505054593086243,0.10448313504457474,0.8687108755111694,0.6330893039703369
PINN20260512-HS,4,337,physics,0.3670707046985626,0.06967619061470032,0.08369871973991394,0.12033570557832718,0.027829231694340706,0.02563534677028656,0.28802257776260376,0.18509405851364136,0.22394481301307678,0.1666075587272644,0.43417879939079285,1.2690932749137573e-07,0.0,303.46811766230076,1185.4249238142413,2.553276043336324,0.5502632260322571,0.1045098677277565,0.8687162399291992,0.6314610242843628
PINN20260512-HS,4,339,physics,0.3660762310028076,0.06940813362598419,0.08347275853157043,0.12033958733081818,0.0277452040463686,0.025558674708008766,0.28773999214172363,0.18497450649738312,0.22361664474010468,0.16710734367370605,0.43232500553131104,1.2696737883288733e-07,0.0,302.66861261534865,1185.9667997039378,2.5542993168117167,0.5500211715698242,0.10453637689352036,0.8687217831611633,0.6298395991325378
PINN20260512-HS,4,341,physics,0.36507388949394226,0.06913571804761887,0.08325139433145523,0.12033716589212418,0.027659256011247635,0.025483358651399612,0.2875933051109314,0.18486054241657257,0.22329476475715637,0.16760031878948212,0.43046650290489197,1.2687158346125216e-07,0.0,301.86007985903007,1186.550725843611,2.555513391557562,0.5497791171073914,0.10456257313489914,0.8687275052070618,0.6282123327255249
PINN20260512-HS,4,343,physics,0.36406245827674866,0.06885986775159836,0.08303210139274597,0.12033579498529434,0.02757192775607109,0.025408975780010223,0.2874351441860199,0.18475225567817688,0.22297880053520203,0.16809816658496857,0.42861413955688477,1.267462579335188e-07,0.0,301.0358808555884,1187.1955925625734,2.5567968750848284,0.5495373010635376,0.10458875447511673,0.868733286857605,0.6265864968299866
PINN20260512-HS,4,345,physics,0.3630415201187134,0.06858077645301819,0.0828135535120964,0.12033641338348389,0.027483250945806503,0.025335311889648438,0.2872476279735565,0.18464593589305878,0.2226690798997879,0.16859927773475647,0.42677462100982666,1.2655387138238439e-07,0.0,300.1988793908132,1187.8899885932199,2.5580448287316013,0.5492957234382629,0.10461496561765671,0.8687392473220825,0.6249715685844421
PINN20260512-HS,4,347,physics,0.3620113730430603,0.0682990550994873,0.08259889483451843,0.12034357339143753,0.027391856536269188,0.025262435898184776,0.2869357764720917,0.18454699218273163,0.22236628830432892,0.16911537945270538,0.4249074459075928,1.2645782021536434e-07,0.0,299.3511733733476,1188.6308299888574,2.5592720064423844,0.5490543842315674,0.10464151203632355,0.8687455058097839,0.6233259439468384
PINN20260512-HS,4,349,physics,0.3609723746776581,0.06801418960094452,0.08238477259874344,0.12034808844327927,0.0272984579205513,0.025190170854330063,0.28665637969970703,0.18445362150669098,0.22207029163837433,0.16964352130889893,0.4230385422706604,1.2641629609788652e-07,0.0,298.4872275324356,1189.4293274507738,2.560702064896481,0.5488132238388062,0.10466833412647247,0.8687517642974854,0.621677041053772
PINN20260512-HS,4,351,physics,0.35992419719696045,0.06772558391094208,0.08216974884271622,0.12034336477518082,0.027203325182199478,0.025118201971054077,0.2865283191204071,0.18436241149902344,0.2217809408903122,0.17017638683319092,0.42117738723754883,1.2633601897960034e-07,0.0,297.6129906228893,1190.2712926051775,2.562343262170275,0.5485720038414001,0.10469533503055573,0.8687582015991211,0.620033860206604
PINN20260512-HS,4,353,physics,0.35886716842651367,0.06743404269218445,0.08195637911558151,0.1203383207321167,0.027105577290058136,0.025046560913324356,0.2863958775997162,0.18427743017673492,0.22149860858917236,0.17071926593780518,0.4192977249622345,1.2629406853648106e-07,0.0,296.7265154986996,1191.1601487625414,2.5639846697365924,0.548331081867218,0.10472269356250763,0.8687648177146912,0.6183679699897766
PINN20260512-HS,4,355,physics,0.3578009009361267,0.06714005768299103,0.08174338936805725,0.12033893167972565,0.02700561285018921,0.02497522346675396,0.286161869764328,0.18419626355171204,0.22122322022914886,0.17127367854118347,0.41741371154785156,1.2630097501187265e-07,0.0,295.82473432338276,1192.1029737401043,2.565598299856297,0.5480901002883911,0.1047503873705864,0.8687715530395508,0.6166950464248657
PINN20260512-HS,4,357,physics,0.3567242920398712,0.06684321910142899,0.08152983337640762,0.12034335732460022,0.026903575286269188,0.024903852492570877,0.2858600616455078,0.18411734700202942,0.2209545373916626,0.171837717294693,0.4155274033546448,1.2633712742626813e-07,0.0,294.91073861424576,1193.0935629698117,2.5671741318805106,0.547849178314209,0.10477843135595322,0.8687784671783447,0.6150155663490295
PINN20260512-HS,4,359,physics,0.355637788772583,0.0665440708398819,0.08131656795740128,0.12035107612609863,0.026799039915204048,0.02483259327709675,0.285461962223053,0.18404455482959747,0.2206927090883255,0.1724277138710022,0.4136234521865845,1.266204350258704e-07,0.0,293.98133178400974,1194.1363510922863,2.568805761171654,0.5476084351539612,0.10480701923370361,0.868785560131073,0.6133129596710205
PINN20260512-HS,4,361,physics,0.35454002022743225,0.06624113768339157,0.08110213279724121,0.12034617364406586,0.026692267507314682,0.024761727079749107,0.2852167785167694,0.1839752495288849,0.22043772041797638,0.1730324774980545,0.41171562671661377,1.2702732021807606e-07,0.0,293.0361005917189,1195.2333454183747,2.5706652231596414,0.5473678112030029,0.10483595728874207,0.868792712688446,0.6116057634353638
PINN20260512-HS,4,363,physics,0.3534317910671234,0.0659341886639595,0.08088671416044235,0.12032953649759293,0.026583444327116013,0.024690862745046616,0.28514474630355835,0.1839069277048111,0.22018897533416748,0.1736462116241455,0.4098052382469177,1.2748834876674664e-07,0.0,292.0793315821919,1196.3766129442686,2.572704950051797,0.5471272468566895,0.10486521571874619,0.8688001036643982,0.6098901629447937
PINN20260512-HS,4,365,physics,0.3523135185241699,0.06562376022338867,0.08067131042480469,0.12031134963035583,0.02647245302796364,0.024619951844215393,0.28510648012161255,0.1838442087173462,0.21994654834270477,0.1742667257785797,0.40788713097572327,1.279700256873184e-07,0.0,291.1083883195398,1197.571083485235,2.574718854942977,0.5468868017196655,0.10489480942487717,0.8688074946403503,0.608159065246582
PINN20260512-HS,4,367,physics,0.3511841595172882,0.06531074643135071,0.08045615255832672,0.12030161172151566,0.026359183713793755,0.024549076333642006,0.2849096357822418,0.18378321826457977,0.21971043944358826,0.17490017414093018,0.4059615731239319,1.2856008879680303e-07,0.0,290.11887380434246,1198.826561684383,2.5766677919647094,0.5466465353965759,0.104924775660038,0.868815004825592,0.6064153909683228
PINN20260512-HS,4,369,physics,0.35004130005836487,0.06499440968036652,0.08023867756128311,0.12029542773962021,0.026244349777698517,0.02447790838778019,0.2846234440803528,0.18372514843940735,0.2194802612066269,0.17554441094398499,0.4040467143058777,1.2923410963594506e-07,0.0,289.1122592307355,1200.1404084522778,2.5784536438187207,0.5464062690734863,0.1049550250172615,0.8688227534294128,0.6046769022941589
PINN20260512-HS,4,371,physics,0.34888583421707153,0.06467483192682266,0.08002051711082458,0.12028742581605911,0.02612694725394249,0.02440641075372696,0.28431111574172974,0.18367169797420502,0.21925686299800873,0.17621101438999176,0.40211382508277893,1.3016224897910433e-07,0.0,288.09326018235834,1201.502236785267,2.580394580623598,0.5461663007736206,0.10498581826686859,0.8688305616378784,0.6029133796691895
PINN20260512-HS,4,373,physics,0.34771859645843506,0.06435055285692215,0.07980095595121384,0.1202659159898758,0.0260069090873003,0.02433478832244873,0.284220814704895,0.1836213767528534,0.219040647149086,0.17688173055648804,0.40016862750053406,1.3112433805417822e-07,0.0,287.0584789071732,1202.9205085956428,2.582729058188898,0.5459264516830444,0.10501691699028015,0.8688384294509888,0.6011342406272888
PINN20260512-HS,4,375,physics,0.34654074907302856,0.06402164697647095,0.07957730442285538,0.12023299932479858,0.025885408744215965,0.024262499064207077,0.2843601703643799,0.18357138335704803,0.21883079409599304,0.17754365503787994,0.3982405364513397,1.3193728420901607e-07,0.0,286.00665147422706,1204.4000581202245,2.5853170816992153,0.5456869006156921,0.10504820197820663,0.8688464760780334,0.5993661880493164
PINN20260512-HS,4,378,physics,0.3447445034980774,0.06352287530899048,0.07923777401447296,0.12020979821681976,0.025698745623230934,0.024152137339115143,0.2840731143951416,0.18350434303283691,0.2185295969247818,0.17855770885944366,0.3953326940536499,1.3335321114027465e-07,0.0,284.3988863594582,1206.7264603049027,2.5883844067726884,0.54532790184021,0.10509610921144485,0.8688588738441467,0.5966852307319641
PINN20260512-HS,4,380,physics,0.343532919883728,0.0631871372461319,0.07900731265544891,0.12020790576934814,0.025571342557668686,0.02407734841108322,0.28368741273880005,0.183464914560318,0.21833838522434235,0.1792510747909546,0.39338696002960205,1.344745612641418e-07,0.0,283.30339302592193,1208.357459529257,2.590665467587045,0.5450888872146606,0.10512875765562057,0.8688673973083496,0.5948866605758667
PINN20260512-HS,4,382,physics,0.3423087000846863,0.06284582614898682,0.07877060770988464,0.1201859638094902,0.025442276149988174,0.02400108426809311,0.28367501497268677,0.1834259331226349,0.21815408766269684,0.17992372810840607,0.39145419001579285,1.3527869668905623e-07,0.0,282.19572939273905,1210.0392039103526,2.593514329635749,0.5448504090309143,0.10516170412302017,0.8688760995864868,0.5930945873260498
PINN20260512-HS,4,384,physics,0.34106987714767456,0.062499672174453735,0.07852969318628311,0.1201547384262085,0.0253108162432909,0.023923473432660103,0.28381919860839844,0.18339122831821442,0.21797746419906616,0.18057982623577118,0.3895164728164673,1.3581500013515324e-07,0.0,281.07452859517525,1211.7734421087137,2.596347648772376,0.5446121692657471,0.10519510507583618,0.8688850402832031,0.5912917256355286
PINN20260512-HS,4,386,physics,0.3398149013519287,0.06215120851993561,0.07828529179096222,0.12014401704072952,0.025176478549838066,0.02384418435394764,0.28360193967819214,0.1833605170249939,0.2178093045949936,0.18125343322753906,0.38755467534065247,1.3654099006998877e-07,0.0,279.9356371337883,1213.5690647837064,2.59882409608906,0.544374406337738,0.10522934794425964,0.8688942193984985,0.5894573330879211
PINN20260512-HS,4,388,physics,0.3385467231273651,0.0618002749979496,0.07803551852703094,0.12014563381671906,0.025039946660399437,0.02376294881105423,0.2831902801990509,0.1833336353302002,0.2176491618156433,0.18193718791007996,0.38558894395828247,1.3735450465901522e-07,0.0,278.777927412663,1215.4265712086435,2.601333333526532,0.5441372990608215,0.10526438802480698,0.868903636932373,0.5876132845878601
PINN20260512-HS,4,390,physics,0.3372659981250763,0.06144500896334648,0.07777946442365646,0.12013828754425049,0.02490157261490822,0.02368013560771942,0.28295621275901794,0.1833069771528244,0.2174966186285019,0.18261121213436127,0.38363033533096313,1.380012690788135e-07,0.0,277.6038094119027,1217.340543972803,2.6043607960734168,0.5439009070396423,0.1052999272942543,0.8689134120941162,0.5857721567153931
PINN20260512-HS,4,392,physics,0.3359711468219757,0.06108439341187477,0.07751710712909698,0.12011715769767761,0.0247613824903965,0.023595672100782394,0.28298094868659973,0.18328654766082764,0.21735166013240814,0.1832641214132309,0.38167804479599,1.3833535206231318e-07,0.0,276.41447309701425,1219.3086668272313,2.6077460383408795,0.5436651706695557,0.10533594340085983,0.8689233660697937,0.583932101726532
PINN20260512-HS,4,394,physics,0.33466312289237976,0.06072014570236206,0.07725022733211517,0.12009995430707932,0.024619199335575104,0.023509524762630463,0.2829749286174774,0.1832682341337204,0.21721461415290833,0.18390466272830963,0.37972402572631836,1.3847434843228257e-07,0.0,275.20918180540417,1221.332776109771,2.611055732074629,0.5434300899505615,0.10537250339984894,0.8689337372779846,0.5820833444595337
PINN20260512-HS,4,396,physics,0.33334022760391235,0.06035365164279938,0.07697948813438416,0.12010183185338974,0.02447492815554142,0.023421449586749077,0.28264185786247253,0.18325279653072357,0.21708571910858154,0.18454718589782715,0.37776267528533936,1.386245145340581e-07,0.0,273.98651312610264,1223.4125428488953,2.614233717210099,0.5431959629058838,0.10540977865457535,0.8689443469047546,0.5802184343338013
PINN20260512-HS,4,398,physics,0.3320019245147705,0.05998339504003525,0.07670345902442932,0.12011153995990753,0.02432898059487343,0.02333161234855652,0.2822014093399048,0.18324117362499237,0.21696478128433228,0.18517939746379852,0.37580543756484985,1.386289909532934e-07,0.0,272.74717860593904,1225.5487036425766,2.6175280047752936,0.5429627895355225,0.10544759780168533,0.8689553737640381,0.5783510208129883
PINN20260512-HS,4,400,physics,0.3306492269039154,0.05960896983742714,0.07642170041799545,0.12011903524398804,0.024181319400668144,0.023240258917212486,0.28180357813835144,0.18323388695716858,0.21685190498828888,0.18581080436706543,0.37384843826293945,1.3864590187040449e-07,0.0,271.4900867204915,1227.7402514375751,2.621062792953547,0.5427307486534119,0.10548599064350128,0.8689667582511902,0.5764776468276978
PINN20260512-HS,4,402,physics,0.32928311824798584,0.05923003703355789,0.07613548636436462,0.12011756002902985,0.024031950160861015,0.023147955536842346,0.28155553340911865,0.18322975933551788,0.21674704551696777,0.18644000589847565,0.3718910217285156,1.3867261827726907e-07,0.0,270.21571244100517,1229.9830791519043,2.6248611925922343,0.5425000190734863,0.10552491247653961,0.8689783811569214,0.5745987296104431
PINN20260512-HS,4,404,physics,0.32790490984916687,0.05884702503681183,0.07584592700004578,0.1201125830411911,0.02388133481144905,0.023054972290992737,0.2813798189163208,0.18322797119617462,0.21664948761463165,0.1870684176683426,0.36993998289108276,1.3873756188331754e-07,0.0,268.9235050390724,1232.2782762022546,2.6287679716379704,0.5422706604003906,0.10556436330080032,0.8689904808998108,0.5727182626724243
PINN20260512-HS,4,406,physics,0.32651615142822266,0.0584607794880867,0.07555469125509262,0.12011299282312393,0.023729698732495308,0.02296154387295246,0.28113970160484314,0.1832304298877716,0.21655899286270142,0.18769562244415283,0.3679979741573334,1.3885855310036277e-07,0.0,267.61281207651473,1234.6239812185734,2.6326560277750364,0.5420427918434143,0.10560425370931625,0.8690029978752136,0.5708380341529846
PINN20260512-HS,5,1,pretrain,11.584053993225098,2.748631477355957,4.146698474884033,0.6640745997428894,1.9029581546783447,1.3834763765335083,3.228149652481079,1.2204289436340332,0.5780389904975891,0.0,0.0,0.0,0.0,3624.1278950942115,3178.7620231782057,5.308218303680114,0.46280941367149353,0.08544944226741791,0.8521078824996948,0.0
PINN20260512-HS,5,3,pretrain,11.281193733215332,2.694941520690918,4.023866653442383,0.6295403838157654,1.8715753555297852,1.3418759107589722,2.6980478763580322,0.6436073184013367,0.5600401163101196,0.0,0.0,0.0,0.0,3570.54435625718,3124.066900692109,5.0658591687205154,0.463691771030426,0.08609725534915924,0.8525676727294922,0.009863085113465786
PINN20260512-HS,5,4,pretrain,11.115630149841309,2.6650171279907227,3.9577648639678955,0.6066513061523438,1.8539073467254639,1.3191450834274292,2.3752994537353516,0.4592863619327545,0.5512496829032898,0.0,0.0,0.0,0.0,3539.990960440436,3092.8848992485964,4.963790405256837,0.46415945887565613,0.08644912391901016,0.8527974486351013,0.016141336411237717
PINN20260512-HS,5,6,pretrain,10.763325691223145,2.5971784591674805,3.8130922317504883,0.5552172660827637,1.8138741254806519,1.269355297088623,1.7377831935882568,0.42545458674430847,0.5340585112571716,0.0,0.0,0.0,0.0,3470.2726117698594,3021.7592557978537,4.767143965482003,0.46516120433807373,0.08723831176757812,0.8532575964927673,0.031698599457740784
PINN20260512-HS,5,8,pretrain,10.373217582702637,2.5172882080078125,3.651156425476074,0.49794331192970276,1.7666412591934204,1.213707685470581,1.2172179222106934,0.5630361437797546,0.5175378322601318,0.0,0.0,0.0,0.0,3387.6050537215815,2937.497234041251,4.547152360050684,0.46625322103500366,0.08820473402738571,0.8537171483039856,0.0515957735478878
PINN20260512-HS,5,9,pretrain,10.160017967224121,2.47232723236084,3.5639712810516357,0.467681884765625,1.7399580478668213,1.1838324069976807,1.0317662954330444,0.587302029132843,0.5095847249031067,0.0,0.0,0.0,0.0,3340.805142476885,2889.8613288529955,4.434266706480979,0.4668291509151459,0.08876438438892365,0.853945791721344,0.06327692419290543
PINN20260512-HS,5,11,pretrain,9.69570541381836,2.3711740970611572,3.3769912719726562,0.4057176113128662,1.6794716119766235,1.1199367046356201,0.8491581678390503,0.5338990688323975,0.4943283200263977,0.0,0.0,0.0,0.0,3234.8066402800646,2782.175407841856,4.229399790486578,0.46803638339042664,0.09002141654491425,0.8544005155563354,0.09037424623966217
PINN20260512-HS,5,13,pretrain,9.177458763122559,2.253300189971924,3.171473741531372,0.3442557752132416,1.6080061197280884,1.0498422384262085,0.8810088038444519,0.43821606040000916,0.47994786500930786,0.0,0.0,0.0,0.0,3110.3398528135153,2656.09252474382,4.0693636804744,0.46931710839271545,0.09143511205911636,0.8548523187637329,0.1227540671825409
PINN20260512-HS,5,14,pretrain,8.896930694580078,2.187509298324585,3.06190824508667,0.3148399889469147,1.5676275491714478,1.0127408504486084,0.9527373313903809,0.40602782368659973,0.4730950593948364,0.0,0.0,0.0,0.0,3040.598625271017,2585.6565897272594,4.000670373917626,0.4699845016002655,0.09219200909137726,0.8550772070884705,0.14099708199501038
PINN20260512-HS,5,16,pretrain,8.292476654052734,2.041585683822632,2.8341307640075684,0.26085713505744934,1.4766530990600586,0.9360642433166504,1.1474382877349854,0.39686739444732666,0.4601188600063324,0.0,0.0,0.0,0.0,2885.773119980155,2430.0863153394366,3.8640679892929417,0.4713729918003082,0.09379080682992935,0.8555246591567993,0.1815546303987503
PINN20260512-HS,5,18,pretrain,7.629645824432373,1.877070665359497,2.5949971675872803,0.21901632845401764,1.3711576461791992,0.8558697700500488,1.3340085744857788,0.4328218400478363,0.44817885756492615,0.0,0.0,0.0,0.0,2711.9118717244482,2257.4545399630974,3.705922687154656,0.47283241152763367,0.0954851508140564,0.8559683561325073,0.22708772122859955
PINN20260512-HS,5,19,pretrain,7.279726028442383,1.7888551950454712,2.471778154373169,0.20590798556804657,1.3128689527511597,0.8147405982017517,1.4034353494644165,0.4504859447479248,0.4426186978816986,0.0,0.0,0.0,0.0,2619.1525346951444,2166.728524758005,3.6132909021902715,0.4735886752605438,0.09636249393224716,0.8561885356903076,0.2514148950576782
PINN20260512-HS,5,21,pretrain,6.549548625946045,1.6028873920440674,2.2199885845184326,0.1962425261735916,1.185546636581421,0.7308162450790405,1.4723947048187256,0.46200260519981384,0.43235042691230774,0.0,0.0,0.0,0.0,2426.7110458396155,1983.2727371695503,3.3992198443862227,0.47515594959259033,0.09816824644804001,0.8566251397132874,0.3023082911968231
PINN20260512-HS,5,23,pretrain,5.775669574737549,1.4034881591796875,1.9623959064483643,0.2051849514245987,1.0460505485534668,0.6453702449798584,1.435457706451416,0.4412086606025696,0.4232804775238037,0.0,0.0,0.0,0.0,2234.6670892998804,1810.6328313603506,3.157078682824544,0.476800799369812,0.10003454983234406,0.857057511806488,0.3547406494617462
PINN20260512-HS,5,24,pretrain,5.380873203277588,1.3016064167022705,1.8341730833053589,0.21274840831756592,0.973056435585022,0.6030752658843994,1.3770735263824463,0.42528030276298523,0.41920557618141174,0.0,0.0,0.0,0.0,2143.6122550498726,1734.9608785214725,3.032964259913239,0.4776543974876404,0.10098868608474731,0.8572723865509033,0.3809441328048706
PINN20260512-HS,5,26,pretrain,4.615336894989014,1.1064616441726685,1.584517240524292,0.22545844316482544,0.824978768825531,0.5210759043693542,1.191814661026001,0.3985673189163208,0.4119965136051178,0.0,0.0,0.0,0.0,1983.3662672335638,1620.160640183559,2.7998951919043877,0.47942987084388733,0.10293461382389069,0.8577002286911011,0.4321584701538086
PINN20260512-HS,5,28,pretrain,3.9151175022125244,0.9334715604782104,1.346347689628601,0.22729182243347168,0.6796981692314148,0.44319814443588257,0.9517203569412231,0.3909066319465637,0.4059950113296509,0.0,0.0,0.0,0.0,1868.287718741415,1570.8415738068559,2.624062986076944,0.48131439089775085,0.10492130368947983,0.858127236366272,0.48042672872543335
PINN20260512-HS,5,29,pretrain,3.603757381439209,0.8583935499191284,1.238020658493042,0.22262728214263916,0.6120054125785828,0.40814176201820374,0.83392733335495,0.39413782954216003,0.40343406796455383,0.0,0.0,0.0,0.0,1832.2617853352724,1573.3283986504534,2.575914036522283,0.4823072552680969,0.10592518746852875,0.8583409786224365,0.5030543804168701
PINN20260512-HS,5,31,pretrain,3.0911850929260254,0.7374563217163086,1.0564196109771729,0.2038566917181015,0.49480998516082764,0.3496878445148468,0.6709456443786621,0.4038904309272766,0.399157851934433,0.0,0.0,0.0,0.0,1805.2869577992303,1625.7517491917392,2.5944331105916842,0.4844367504119873,0.10794166475534439,0.8587701320648193,0.5447790622711182
PINN20260512-HS,5,33,pretrain,2.764153003692627,0.6646559238433838,0.916031002998352,0.18318799138069153,0.412029504776001,0.30444443225860596,0.709365963935852,0.40084975957870483,0.3959658145904541,0.0,0.0,0.0,0.0,1828.3270358445177,1718.1858164936643,2.735004156492953,0.48687586188316345,0.1099463626742363,0.8592013716697693,0.5814129114151001
PINN20260512-HS,5,34,pretrain,2.677300214767456,0.6469807624816895,0.863134503364563,0.1786089539527893,0.3854703903198242,0.2874850630760193,0.8023506999015808,0.39417994022369385,0.39475932717323303,0.0,0.0,0.0,0.0,1849.51872118127,1765.8476010120467,2.805517593682195,0.4882883131504059,0.1109222024679184,0.8594152927398682,0.5976195335388184
PINN20260512-HS,5,36,pretrain,2.6052470207214355,0.6355780959129333,0.7952162623405457,0.1772235631942749,0.3594833314418793,0.26533809304237366,0.9252980947494507,0.3896123170852661,0.3930879533290863,0.0,0.0,0.0,0.0,1882.6773488837646,1831.3871791622873,2.867156774547242,0.4914582073688507,0.11265992373228073,0.8598114252090454,0.6243850588798523
PINN20260512-HS,5,38,pretrain,2.560997724533081,0.6299034953117371,0.7606946229934692,0.1672908216714859,0.3553743064403534,0.2540384829044342,0.8590021133422852,0.3960021436214447,0.392190158367157,0.0,0.0,0.0,0.0,1878.4156888186385,1836.7237816285822,2.8314313147533827,0.4946456253528595,0.11390668153762817,0.8601210117340088,0.6425451636314392
PINN20260512-HS,5,39,pretrain,2.5295233726501465,0.6229165196418762,0.7489491701126099,0.16406162083148956,0.356037437915802,0.2502177953720093,0.7966403961181641,0.3964802324771881,0.3919004201889038,0.0,0.0,0.0,0.0,1858.9753898317213,1815.9255216004867,2.788931961804285,0.49613717198371887,0.11432665586471558,0.8602364659309387,0.6486834287643433
PINN20260512-HS,5,41,pretrain,2.436418056488037,0.5962411165237427,0.7281932830810547,0.16860851645469666,0.355915904045105,0.2434406280517578,0.6983163952827454,0.39036884903907776,0.39139580726623535,0.0,0.0,0.0,0.0,1789.200589648908,1734.7567552829994,2.6821650542610027,0.4988442063331604,0.11479472368955612,0.8603892922401428,0.6561833024024963
PINN20260512-HS,5,43,pretrain,2.3038766384124756,0.5552217960357666,0.7075670957565308,0.17668990790843964,0.3508809208869934,0.23657619953155518,0.6654583215713501,0.3857240080833435,0.39075276255607605,0.0,0.0,0.0,0.0,1690.252865697911,1615.7887392849352,2.566904512597044,0.50118088722229,0.11484432220458984,0.8604490160942078,0.6586987972259521
PINN20260512-HS,5,44,pretrain,2.2268598079681396,0.5318375825881958,0.6973652839660645,0.1763022243976593,0.3468207120895386,0.23312793672084808,0.6628654599189758,0.38635170459747314,0.3903234004974365,0.0,0.0,0.0,0.0,1635.3029535838307,1548.260233294132,2.5083195234396767,0.5022233724594116,0.11474285274744034,0.8604493737220764,0.6585173010826111
PINN20260512-HS,5,46,pretrain,2.0729706287384033,0.48647069931030273,0.6784165501594543,0.16692619025707245,0.33785098791122437,0.2266474962234497,0.6624242067337036,0.388195276260376,0.38919365406036377,0.0,0.0,0.0,0.0,1526.324506780914,1410.1861579238396,2.3921374351952456,0.504106342792511,0.11434696614742279,0.860403299331665,0.6559478640556335
PINN20260512-HS,5,48,pretrain,1.952132225036621,0.4504355192184448,0.665538489818573,0.15973247587680817,0.33119574189186096,0.22202160954475403,0.6673805713653564,0.38452082872390747,0.38772132992744446,0.0,0.0,0.0,0.0,1436.7286191205353,1291.4194709698318,2.2874037840635006,0.5058364272117615,0.11379930377006531,0.8603224754333496,0.6515530943870544
PINN20260512-HS,5,49,pretrain,1.9125142097473145,0.4379579424858093,0.6625919342041016,0.15948711335659027,0.32939210534095764,0.22091235220432281,0.6704176664352417,0.383355051279068,0.3869238495826721,0.0,0.0,0.0,0.0,1402.8818553249594,1245.6007586702892,2.2414374415523737,0.5066895484924316,0.11352624744176865,0.8602853417396545,0.6493470668792725
PINN20260512-HS,5,51,pretrain,1.8626466989517212,0.42207038402557373,0.6596053242683411,0.16018329560756683,0.32769128680229187,0.21979297697544098,0.6613650321960449,0.3842430114746094,0.38533344864845276,0.0,0.0,0.0,0.0,1353.7683516761647,1181.7425692594813,2.16116628713371,0.5084373354911804,0.11308415979146957,0.8602478504180908,0.6462149620056152
PINN20260512-HS,5,53,pretrain,1.8250548839569092,0.4118066132068634,0.6531982421875,0.15800105035305023,0.32582464814186096,0.21763837337493896,0.6289206743240356,0.38278260827064514,0.3838386833667755,0.0,0.0,0.0,0.0,1319.3468080834546,1146.663638561893,2.098363279798993,0.5102612972259521,0.11286989599466324,0.8602825403213501,0.6458942890167236
PINN20260512-HS,5,54,pretrain,1.8036621809005737,0.4064401686191559,0.6471770405769348,0.1566161811351776,0.3241574168205261,0.21565081179141998,0.6118031144142151,0.38136157393455505,0.38313809037208557,0.0,0.0,0.0,0.0,1304.592752547706,1136.5378898215404,2.0755331162584483,0.5111894011497498,0.11286427080631256,0.8603299856185913,0.6469382643699646
PINN20260512-HS,5,56,pretrain,1.752160668373108,0.3933320641517639,0.6294053792953491,0.1555880606174469,0.31960609555244446,0.20986349880695343,0.5903671979904175,0.38064244389533997,0.38182124495506287,0.0,0.0,0.0,0.0,1277.912995864742,1127.0153060185119,2.0485425800245274,0.5130327939987183,0.11304691433906555,0.8604788184165955,0.6511590480804443
PINN20260512-HS,5,58,pretrain,1.694745659828186,0.37845396995544434,0.6074313521385193,0.1558207869529724,0.31520429253578186,0.2028135061264038,0.5834096670150757,0.3800114393234253,0.380592405796051,0.0,0.0,0.0,0.0,1255.9727803579185,1129.1727613611656,2.0435622752256806,0.5147994756698608,0.11343119293451309,0.8606811761856079,0.6573964953422546
PINN20260512-HS,5,59,pretrain,1.6675119400024414,0.3714570701122284,0.5964992642402649,0.15540778636932373,0.31382447481155396,0.19934846460819244,0.5828989744186401,0.3788990080356598,0.38000252842903137,0.0,0.0,0.0,0.0,1247.3029904558075,1133.6275292175997,2.0479395849524207,0.5156347751617432,0.11366688460111618,0.8607940077781677,0.6609020233154297
PINN20260512-HS,5,61,pretrain,1.6227952241897583,0.36018645763397217,0.5773062705993652,0.15309035778045654,0.31327587366104126,0.1932568997144699,0.5872522592544556,0.3774103820323944,0.3788597583770752,0.0,0.0,0.0,0.0,1234.0344403621805,1145.7000043641442,2.066074639762562,0.517184317111969,0.11414767801761627,0.8610237836837769,0.6679496765136719
PINN20260512-HS,5,63,pretrain,1.5931462049484253,0.3528503179550171,0.5628931522369385,0.1505071371793747,0.31477126479148865,0.18859195709228516,0.5974975824356079,0.3767615556716919,0.37775588035583496,0.0,0.0,0.0,0.0,1222.7673020652785,1155.344699645954,2.0847254425917265,0.5185565948486328,0.1145443320274353,0.8612358570098877,0.6742166876792908
PINN20260512-HS,5,64,pretrain,1.5819512605667114,0.350106805562973,0.5572768449783325,0.14945672452449799,0.31559842824935913,0.18672262132167816,0.6011842489242554,0.3759841322898865,0.3772161900997162,0.0,0.0,0.0,0.0,1216.2572199169056,1156.875101296592,2.0885930470221323,0.5191753506660461,0.1146838515996933,0.8613277673721313,0.6768231987953186
PINN20260512-HS,5,66,pretrain,1.559632658958435,0.3446654677391052,0.5479303598403931,0.14758765697479248,0.3157718777656555,0.18355610966682434,0.5963364839553833,0.37444087862968445,0.3761584758758545,0.0,0.0,0.0,0.0,1199.3334086066309,1150.8166122367195,2.079180852467187,0.5202838778495789,0.11482150107622147,0.8614744544029236,0.6807417869567871
PINN20260512-HS,5,68,pretrain,1.5324333906173706,0.33791303634643555,0.540127158164978,0.14597095549106598,0.312718003988266,0.18089468777179718,0.5762921571731567,0.3736979365348816,0.3751279413700104,0.0,0.0,0.0,0.0,1177.366765285992,1133.3619788046535,2.0487502151781523,0.5212355852127075,0.11477815359830856,0.8615691661834717,0.6829372644424438
PINN20260512-HS,5,69,pretrain,1.517159104347229,0.3340451717376709,0.536702036857605,0.14536218345165253,0.30994078516960144,0.17971837520599365,0.5642188787460327,0.37314262986183167,0.37462231516838074,0.0,0.0,0.0,0.0,1165.3716145504832,1121.7137001035514,2.0289400267531406,0.5216597318649292,0.11469987779855728,0.8615989089012146,0.6834790706634521
PINN20260512-HS,5,71,pretrain,1.4860633611679077,0.32609933614730835,0.5308572053909302,0.14427562057971954,0.30260345339775085,0.17768606543540955,0.5429378151893616,0.37179452180862427,0.37362879514694214,0.0,0.0,0.0,0.0,1141.7438416737793,1096.302079720731,1.988412865540666,0.5224208235740662,0.11446234583854675,0.8616330623626709,0.6837800145149231
PINN20260512-HS,5,73,pretrain,1.457094430923462,0.318825364112854,0.5260524153709412,0.14252561330795288,0.2941942512989044,0.1760181486606598,0.5278130173683167,0.3709520399570465,0.3726561367511749,0.0,0.0,0.0,0.0,1120.773449453546,1072.286109207799,1.9541473209769435,0.5230893492698669,0.11416435241699219,0.8616485595703125,0.683565080165863
PINN20260512-HS,5,74,pretrain,1.4437209367752075,0.3155656158924103,0.523808479309082,0.1413011997938156,0.2900054156780243,0.17523445188999176,0.5220240950584412,0.3704795241355896,0.3721765875816345,0.0,0.0,0.0,0.0,1111.5447584330557,1061.8057143376088,1.9405118971896074,0.5233978629112244,0.11401102691888809,0.861655592918396,0.6834601759910583
PINN20260512-HS,5,76,pretrain,1.4183332920074463,0.30951064825057983,0.5189635753631592,0.138594850897789,0.2821311354637146,0.17355884611606598,0.5128170251846313,0.36926913261413574,0.37123003602027893,0.0,0.0,0.0,0.0,1095.0894369867697,1044.5147796943804,1.919190433908034,0.5239796042442322,0.11373081058263779,0.861677885055542,0.6835808753967285
PINN20260512-HS,5,78,pretrain,1.3927043676376343,0.30342596769332886,0.512810468673706,0.13606828451156616,0.27512818574905396,0.1714724898338318,0.5052894353866577,0.3682957589626312,0.37030231952667236,0.0,0.0,0.0,0.0,1080.2492767875385,1031.762933042276,1.9019728115377101,0.5245304107666016,0.11352149397134781,0.8617200255393982,0.6844128966331482
PINN20260512-HS,5,79,pretrain,1.3791648149490356,0.3002018928527832,0.5090755224227905,0.1348775178194046,0.27195072174072266,0.17021802067756653,0.501421332359314,0.3678010404109955,0.3698468804359436,0.0,0.0,0.0,0.0,1073.1676243718873,1026.804387407845,1.8936052267394397,0.5247979760169983,0.11345003545284271,0.8617500066757202,0.6851329803466797
PINN20260512-HS,5,81,pretrain,1.3504667282104492,0.2933770418167114,0.5003952980041504,0.13247644901275635,0.26616254448890686,0.16731850802898407,0.49237459897994995,0.3666018545627594,0.3689558804035187,0.0,0.0,0.0,0.0,1059.5816981243117,1019.050630488986,1.876917388540528,0.5253205299377441,0.11336793005466461,0.8618258237838745,0.6871157288551331
PINN20260512-HS,5,83,pretrain,1.3208003044128418,0.28636759519577026,0.4906901717185974,0.13000647723674774,0.2609459459781647,0.1640871912240982,0.4818977117538452,0.3655175566673279,0.3680918216705322,0.0,0.0,0.0,0.0,1046.8447234427845,1013.0878848846235,1.861407554895051,0.5258241891860962,0.11333823204040527,0.8619169592857361,0.6895976662635803
PINN20260512-HS,5,84,pretrain,1.3061387538909912,0.2829245626926422,0.4857218563556671,0.1287831813097,0.2584436535835266,0.1624387502670288,0.47664499282836914,0.36498603224754333,0.36766842007637024,0.0,0.0,0.0,0.0,1040.7435442989786,1010.257671339347,1.8542752176256563,0.526067316532135,0.11332894116640091,0.8619650602340698,0.6909182667732239
PINN20260512-HS,5,86,pretrain,1.2776496410369873,0.2762782871723175,0.47600167989730835,0.12636157870292664,0.25332877039909363,0.1592174768447876,0.4668329060077667,0.36381426453590393,0.3668321669101715,0.0,0.0,0.0,0.0,1028.6361723175012,1003.6929933998742,1.8402367830665716,0.5265321135520935,0.11329418420791626,0.8620593547821045,0.6934994459152222
PINN20260512-HS,5,87,pretrain,1.263742208480835,0.27305158972740173,0.4713512063026428,0.1251324713230133,0.2505687177181244,0.1576755791902542,0.4623851776123047,0.3632587492465973,0.36641624569892883,0.0,0.0,0.0,0.0,1022.3863628785352,999.5197284196046,1.8325519803357848,0.526752233505249,0.11326022446155548,0.862103283405304,0.6946868896484375
PINN20260512-HS,5,89,pretrain,1.2360503673553467,0.2666319012641907,0.4625397026538849,0.12263326346874237,0.24434328079223633,0.15474790334701538,0.4543759822845459,0.36222800612449646,0.3655821681022644,0.0,0.0,0.0,0.0,1009.0056986955029,988.7477560025105,1.8142723645124743,0.5271663665771484,0.1131458431482315,0.8621809482574463,0.6967384219169617
PINN20260512-HS,5,91,pretrain,1.2079763412475586,0.26009243726730347,0.45430752635002136,0.12018310278654099,0.23704206943511963,0.15200500190258026,0.44716739654541016,0.3611573874950409,0.3647410571575165,0.0,0.0,0.0,0.0,994.3125451788286,974.8621376892222,1.7918957585650261,0.5275455713272095,0.11296377331018448,0.8622434735298157,0.6983235478401184
PINN20260512-HS,5,92,pretrain,1.1938025951385498,0.2567724585533142,0.45036569237709045,0.11903645098209381,0.23303969204425812,0.150689959526062,0.4436906576156616,0.36065077781677246,0.3643180727958679,0.0,0.0,0.0,0.0,986.5999695925395,967.0819187121637,1.7796191829656458,0.5277230739593506,0.1128486767411232,0.8622698783874512,0.6989651322364807
PINN20260512-HS,5,94,pretrain,1.1654865741729736,0.2501246929168701,0.4427255392074585,0.11690972000360489,0.22461405396461487,0.1481413096189499,0.4364580810070038,0.3596963882446289,0.363470196723938,0.0,0.0,0.0,0.0,970.9058914230565,950.845347572359,1.7543117713882017,0.5280570983886719,0.11258091032505035,0.8623167872428894,0.7000597715377808
PINN20260512-HS,5,96,pretrain,1.137629508972168,0.243595153093338,0.4352107644081116,0.11497537046670914,0.21607044339179993,0.1456390917301178,0.4287768602371216,0.3587137758731842,0.3626234829425812,0.0,0.0,0.0,0.0,955.3661928810335,934.9244956144854,1.7292868025702077,0.5283682346343994,0.11228552460670471,0.8623623847961426,0.7010948657989502
PINN20260512-HS,5,97,pretrain,1.123918056488037,0.24039164185523987,0.43139803409576416,0.1140575259923935,0.21189852058887482,0.14437194168567657,0.4248896837234497,0.358235627412796,0.36220112442970276,0.0,0.0,0.0,0.0,947.7540226767703,927.3915367847607,1.7171646909896652,0.5285174250602722,0.11213701963424683,0.8623871207237244,0.7016599178314209
PINN20260512-HS,5,99,pretrain,1.0967400074005127,0.2340623140335083,0.4234410524368286,0.11228388547897339,0.2039116621017456,0.14173215627670288,0.4174692928791046,0.35729604959487915,0.3613574504852295,0.0,0.0,0.0,0.0,932.8526812953908,913.3991460473345,1.693984600145253,0.5288057923316956,0.11185480654239655,0.8624439835548401,0.7029894590377808
PINN20260512-HS,5,101,pretrain,1.0695439577102661,0.227752685546875,0.41484570503234863,0.11053625494241714,0.19646306335926056,0.13888442516326904,0.41085347533226013,0.35631346702575684,0.3605118989944458,0.0,0.0,0.0,0.0,918.2920967753125,900.7189142568285,1.6726796636290622,0.529083251953125,0.11160320788621902,0.8625131845474243,0.7046497464179993
PINN20260512-HS,5,102,pretrain,1.0558781623840332,0.224590465426445,0.41029301285743713,0.10965807735919952,0.19293014705181122,0.13737621903419495,0.407892107963562,0.35582566261291504,0.36008721590042114,0.0,0.0,0.0,0.0,911.1053726106547,894.740604868249,1.6628150740930017,0.5292180776596069,0.11148890107870102,0.8625524044036865,0.7056030035018921
PINN20260512-HS,5,104,pretrain,1.02847421169281,0.21826773881912231,0.4007687568664551,0.10789257287979126,0.1861741542816162,0.134222149848938,0.4025343060493469,0.35485005378723145,0.35923245549201965,0.0,0.0,0.0,0.0,896.8461058063418,883.140348415811,1.6444460747529879,0.5294783115386963,0.11127547919750214,0.8626382946968079,0.707704484462738
PINN20260512-HS,5,106,pretrain,1.0011658668518066,0.2119932770729065,0.39090496301651,0.1061306819319725,0.179671049118042,0.13095422089099884,0.3977970778942108,0.3538578748703003,0.35836902260780334,0.0,0.0,0.0,0.0,882.5884162507459,871.4758315639052,1.626789987599498,0.5297221541404724,0.11106729507446289,0.8627305030822754,0.7099598050117493
PINN20260512-HS,5,107,pretrain,0.9875984191894531,0.20888318121433258,0.38592684268951416,0.10526777803897858,0.17644818127155304,0.12930358946323395,0.39559829235076904,0.35337233543395996,0.35793378949165344,0.0,0.0,0.0,0.0,875.3841299680957,865.4382199209831,1.6177137197400022,0.5298362374305725,0.11095936596393585,0.8627774715423584,0.7111027836799622
PINN20260512-HS,5,109,pretrain,0.9606350660324097,0.20271097123622894,0.3759859800338745,0.10360156744718552,0.1699499785900116,0.12600286304950714,0.39131873846054077,0.3524129092693329,0.35705623030662537,0.0,0.0,0.0,0.0,860.6905294587597,852.7439900110701,1.598433441699194,0.5300453305244446,0.11072638630867004,0.862870454788208,0.713351845741272
PINN20260512-HS,5,111,pretrain,0.9338162541389465,0.19657498598098755,0.36613136529922485,0.10202711075544357,0.16329602897167206,0.12271597981452942,0.3870161473751068,0.351467490196228,0.35616931319236755,0.0,0.0,0.0,0.0,845.5903263401256,839.2560321499036,1.577884074507292,0.5302252173423767,0.11046334356069565,0.8629605770111084,0.7155091166496277
PINN20260512-HS,5,112,pretrain,0.9204658269882202,0.19352054595947266,0.36125218868255615,0.10127215087413788,0.15990780293941498,0.12108295410871506,0.38483113050460815,0.3510088622570038,0.3557225465774536,0.0,0.0,0.0,0.0,837.9288454278203,832.3067343233503,1.5674134755831952,0.5303036570549011,0.1103198379278183,0.8630044460296631,0.7165519595146179
PINN20260512-HS,5,114,pretrain,0.8939718008041382,0.1874631643295288,0.351581871509552,0.09981813281774521,0.15306009352207184,0.11784407496452332,0.38051509857177734,0.35010388493537903,0.35482335090637207,0.0,0.0,0.0,0.0,822.5448316049406,818.27677163659,1.5465944044580702,0.530438244342804,0.11001183837652206,0.8630903959274292,0.718586802482605
PINN20260512-HS,5,116,pretrain,0.8678880333900452,0.1815171241760254,0.3419705033302307,0.09841810911893845,0.14623409509658813,0.11462166905403137,0.3763922452926636,0.3492114543914795,0.3539179563522339,0.0,0.0,0.0,0.0,807.3189812583375,804.4287957923933,1.5262246141080644,0.530545175075531,0.10968511551618576,0.8631755709648132,0.7206006646156311
PINN20260512-HS,5,117,pretrain,0.8550382256507874,0.17859846353530884,0.3371618986129761,0.09772887080907822,0.14287477731704712,0.11300750076770782,0.3744499981403351,0.3487710654735565,0.35346361994743347,0.0,0.0,0.0,0.0,799.8384211826786,797.6656567760706,1.5162300518938512,0.5305894017219543,0.10951897501945496,0.8632184267044067,0.7216187715530396
PINN20260512-HS,5,119,pretrain,0.8297569155693054,0.1728818565607071,0.32750120759010315,0.09636169672012329,0.13632608950138092,0.10976245999336243,0.3708142042160034,0.34788939356803894,0.352553129196167,0.0,0.0,0.0,0.0,785.2290668970425,784.5280030056289,1.496686351441469,0.530661404132843,0.10918856412172318,0.8633059859275818,0.7237059473991394
PINN20260512-HS,5,121,pretrain,0.8050531148910522,0.16732847690582275,0.31777024269104004,0.09500740468502045,0.13007166981697083,0.10648686438798904,0.3674600422382355,0.3470049798488617,0.3516421318054199,0.0,0.0,0.0,0.0,771.1533975156954,771.8760829951916,1.4778936235504139,0.5307140946388245,0.10886646807193756,0.8633963465690613,0.7258816957473755
PINN20260512-HS,5,122,pretrain,0.7929360270500183,0.16461476683616638,0.31289738416671753,0.09433837980031967,0.1270635575056076,0.10484207421541214,0.36586523056030273,0.3465633988380432,0.35118719935417175,0.0,0.0,0.0,0.0,764.3276048266215,765.697272099098,1.468765730926297,0.5307336449623108,0.1087094098329544,0.863442599773407,0.7270038723945618
PINN20260512-HS,5,124,pretrain,0.769220232963562,0.1593257635831833,0.3031737208366394,0.09301983565092087,0.12126655876636505,0.10155397653579712,0.3627847731113434,0.34567514061927795,0.3502799868583679,0.0,0.0,0.0,0.0,751.0974054674933,753.5468217038673,1.4508510566884567,0.5307585597038269,0.1084022969007492,0.8635364770889282,0.7293028235435486
PINN20260512-HS,5,126,pretrain,0.7462682723999023,0.15424437820911407,0.2935490608215332,0.0917167216539383,0.11571470648050308,0.09829634428024292,0.3596503734588623,0.3447897434234619,0.34937864542007446,0.0,0.0,0.0,0.0,738.3969545576417,741.5838624188096,1.432741162081081,0.5307615995407104,0.10809966921806335,0.8636308908462524,0.7316364049911499
PINN20260512-HS,5,127,pretrain,0.735102117061615,0.15178588032722473,0.28880244493484497,0.09107565879821777,0.11300605535507202,0.09668931365013123,0.35809850692749023,0.34435057640075684,0.34893113374710083,0.0,0.0,0.0,0.0,732.2298136514246,735.659313133464,1.4234528828445814,0.5307532548904419,0.10794776678085327,0.8636775016784668,0.7328004837036133
PINN20260512-HS,5,129,pretrain,0.713407576084137,0.14703531563282013,0.27948224544525146,0.08982168883085251,0.10768364369869232,0.0935342013835907,0.3550453186035156,0.3434793949127197,0.348044216632843,0.0,0.0,0.0,0.0,720.2425589688519,723.9456125980736,1.4049030102567597,0.5307145118713379,0.10763852298259735,0.8637687563896179,0.7350974082946777
PINN20260512-HS,5,131,pretrain,0.6925625801086426,0.14250436425209045,0.2704148590564728,0.08860572427511215,0.10246826708316803,0.09046927094459534,0.3520723581314087,0.34262382984161377,0.347170889377594,0.0,0.0,0.0,0.0,708.7328481169756,712.4863156580623,1.386665963447647,0.530644416809082,0.107319176197052,0.8638561964035034,0.7373349666595459
PINN20260512-HS,5,132,pretrain,0.6824560761451721,0.14032042026519775,0.26597025990486145,0.08801225572824478,0.09990421682596207,0.08897154778242111,0.3506317138671875,0.34220242500305176,0.34674036502838135,0.0,0.0,0.0,0.0,703.1756537309864,706.881752841308,1.377729577895367,0.5305980443954468,0.10715597867965698,0.8638984560966492,0.738430380821228
PINN20260512-HS,5,134,pretrain,0.6628679633140564,0.13611561059951782,0.25722959637641907,0.08685067296028137,0.0948905423283577,0.08603007346391678,0.34786516427993774,0.3413698673248291,0.345892995595932,0.0,0.0,0.0,0.0,692.5083483251303,695.9580177711871,1.360182128015409,0.5304849147796631,0.10682611167430878,0.8639803528785706,0.7405826449394226
PINN20260512-HS,5,136,pretrain,0.6441313624382019,0.13213633000850677,0.2486433982849121,0.08572487533092499,0.09007075428962708,0.08313893526792526,0.3452775478363037,0.34054914116859436,0.3450658321380615,0.0,0.0,0.0,0.0,682.5157049475125,685.4038499308273,1.3430031476709783,0.5303499102592468,0.10649863630533218,0.864059329032898,0.7427012324333191
PINN20260512-HS,5,137,pretrain,0.635101854801178,0.13023874163627625,0.2443913072347641,0.08517611771821976,0.08774775266647339,0.08170648664236069,0.34405985474586487,0.3401394188404083,0.3446601927280426,0.0,0.0,0.0,0.0,677.797328668386,680.2460262654976,1.3345999576000085,0.5302767753601074,0.1063387393951416,0.864098072052002,0.7437556982040405
PINN20260512-HS,5,139,pretrain,0.617701530456543,0.12662678956985474,0.23594477772712708,0.0840950459241867,0.08328818529844284,0.07885955274105072,0.3417275547981262,0.33932286500930786,0.3438655734062195,0.0,0.0,0.0,0.0,668.9375204381946,670.123076382242,1.318239444501448,0.530124306678772,0.10603071004152298,0.8641744256019592,0.7458629012107849
PINN20260512-HS,5,141,pretrain,0.6012023687362671,0.1232672780752182,0.2275734543800354,0.08302653580904007,0.0790744423866272,0.07603709399700165,0.3396466374397278,0.33850574493408203,0.3430933654308319,0.0,0.0,0.0,0.0,660.8442044082705,660.2489113963006,1.3024656249155635,0.5299668312072754,0.10574012994766235,0.864249050617218,0.747964084148407
PINN20260512-HS,5,142,pretrain,0.5932965874671936,0.1216830313205719,0.2234339416027069,0.08249306678771973,0.07705190032720566,0.07464171200990677,0.33868226408958435,0.33809712529182434,0.34271588921546936,0.0,0.0,0.0,0.0,657.0731979772116,655.4239324666136,1.2947589290292432,0.5298865437507629,0.1056007519364357,0.8642857074737549,0.7490062117576599
PINN20260512-HS,5,144,pretrain,0.5781984925270081,0.11870899051427841,0.21530351042747498,0.08142784982919693,0.07315510511398315,0.07189840078353882,0.33680295944213867,0.3372822403907776,0.34197863936424255,0.0,0.0,0.0,0.0,650.0311050249826,646.0802001299838,1.2797002367482164,0.5297224521636963,0.10533090680837631,0.8643563389778137,0.7510557770729065
PINN20260512-HS,5,146,pretrain,0.5640496611595154,0.11598131060600281,0.2074541598558426,0.08038230240345001,0.06942364573478699,0.06924932450056076,0.3349143862724304,0.3364761471748352,0.3412661850452423,0.0,0.0,0.0,0.0,643.5550675738635,637.2712334634289,1.265245351422325,0.5295507311820984,0.10506707429885864,0.864422619342804,0.7530312538146973
PINN20260512-HS,5,147,pretrain,0.5573229789733887,0.11470398306846619,0.20366206765174866,0.0798698142170906,0.06761173158884048,0.06796938180923462,0.3339056968688965,0.33607813715934753,0.34091973304748535,0.0,0.0,0.0,0.0,640.4913153197317,633.1036151373644,1.258303427993256,0.5294609665870667,0.104935422539711,0.8644540309906006,0.7539827227592468
PINN20260512-HS,5,149,pretrain,0.544559895992279,0.11230726540088654,0.19638065993785858,0.07888226211071014,0.0640980452299118,0.06550919264554977,0.3319864273071289,0.33529186248779297,0.34024709463119507,0.0,0.0,0.0,0.0,634.6683681262207,625.2534985907715,1.2450470953701005,0.5292734503746033,0.10467132925987244,0.8645126223564148,0.755807101726532
PINN20260512-HS,5,151,pretrain,0.5326932072639465,0.11010491847991943,0.1895308494567871,0.07793618738651276,0.06075974926352501,0.06320185959339142,0.33027106523513794,0.33452117443084717,0.33960217237472534,0.0,0.0,0.0,0.0,629.235995076569,617.9738313634324,1.2325432749317062,0.5290778279304504,0.10440903156995773,0.8645663261413574,0.7575327157974243
PINN20260512-HS,5,152,pretrain,0.5270852446556091,0.1090717762708664,0.18626900017261505,0.07747441530227661,0.059172194451093674,0.06210501864552498,0.32949474453926086,0.3341391384601593,0.33929014205932617,0.0,0.0,0.0,0.0,626.6678246886463,614.4964147576453,1.2265134720396285,0.5289787650108337,0.10428076982498169,0.8645914793014526,0.7583639621734619
PINN20260512-HS,5,154,pretrain,0.5164886116981506,0.10713266581296921,0.18004770576953888,0.07656987756490707,0.05619046092033386,0.060013603419065475,0.3280857801437378,0.3333815932273865,0.3386865258216858,0.0,0.0,0.0,0.0,621.8221711229023,607.7609264752053,1.2148261558316187,0.5287820100784302,0.10403478890657425,0.8646392822265625,0.7599747776985168
PINN20260512-HS,5,156,pretrain,0.506667971611023,0.10534976422786713,0.17419904470443726,0.07569356262683868,0.05349012091755867,0.058047980070114136,0.32678788900375366,0.3326285779476166,0.3381095230579376,0.0,0.0,0.0,0.0,617.319001813487,601.2414240552625,1.2036395722847248,0.5285902619361877,0.10380685329437256,0.8646840453147888,0.7615253329277039
PINN20260512-HS,5,157,pretrain,0.5020288228988647,0.10451151430606842,0.17140831053256989,0.07526684552431107,0.0522477924823761,0.0571100153028965,0.3261415958404541,0.3322550356388092,0.33783072233200073,0.0,0.0,0.0,0.0,615.166567890356,598.065266087239,1.198249284675439,0.528496503829956,0.10369992256164551,0.8647053837776184,0.7622779607772827
PINN20260512-HS,5,159,pretrain,0.49324849247932434,0.10292887687683105,0.16609764099121094,0.07443366944789886,0.049969810992479324,0.055323876440525055,0.32478466629981995,0.33151188492774963,0.3372921645641327,0.0,0.0,0.0,0.0,610.9839656243034,591.9403738975742,1.1879070370538045,0.5283122062683105,0.10349830240011215,0.864745557308197,0.7637303471565247
PINN20260512-HS,5,161,pretrain,0.4850843548774719,0.10145437717437744,0.16116425395011902,0.07362936437129974,0.04794624447822571,0.053662292659282684,0.32336556911468506,0.3307815194129944,0.3367784023284912,0.0,0.0,0.0,0.0,606.8822476395236,586.2081275025108,1.178218598873047,0.5281294584274292,0.1033092811703682,0.8647821545600891,0.7651013135910034
PINN20260512-HS,5,162,pretrain,0.48121511936187744,0.10075192153453827,0.15884271264076233,0.07323712110519409,0.047022294253110886,0.05287889391183853,0.32264256477355957,0.33042073249816895,0.3365303575992584,0.0,0.0,0.0,0.0,604.8465972872791,583.5039631399259,1.173640925018125,0.5280381441116333,0.10321846604347229,0.8647990822792053,0.7657532691955566
PINN20260512-HS,5,164,pretrain,0.4738767147064209,0.09940855205059052,0.15449032187461853,0.07247212529182434,0.04533892497420311,0.051405683159828186,0.3212180733680725,0.32970771193504333,0.33605092763900757,0.0,0.0,0.0,0.0,600.8112484383095,578.404540525055,1.1650541046580856,0.5278555750846863,0.1030435860157013,0.864829957485199,0.76698899269104
PINN20260512-HS,5,166,pretrain,0.4670489430427551,0.09814099967479706,0.15052273869514465,0.07173065096139908,0.04386428743600845,0.0500558502972126,0.3198819160461426,0.3290065824985504,0.33559125661849976,0.0,0.0,0.0,0.0,596.8620024762843,573.6511625108068,1.1571879369649638,0.5276749134063721,0.10287836939096451,0.8648572564125061,0.7681365013122559
PINN20260512-HS,5,167,pretrain,0.46381959319114685,0.09753383696079254,0.14868229627609253,0.07136596739292145,0.043201327323913574,0.04942711070179939,0.31928306818008423,0.3286588191986084,0.33536791801452637,0.0,0.0,0.0,0.0,594.9334521608279,571.3806469858775,1.1535055594726198,0.5275858640670776,0.10279978066682816,0.8648695945739746,0.7686781883239746
PINN20260512-HS,5,169,pretrain,0.457722932100296,0.09637053310871124,0.145296111702919,0.07064622640609741,0.04202010855078697,0.04826703667640686,0.31819218397140503,0.32796546816825867,0.33493250608444214,0.0,0.0,0.0,0.0,591.1850651445789,567.0095898659916,1.1465404522920377,0.5274110436439514,0.10265103727579117,0.8648918867111206,0.7696974873542786
PINN20260512-HS,5,171,pretrain,0.452088862657547,0.09527181833982468,0.1422860026359558,0.06995471566915512,0.04101325944066048,0.04723842069506645,0.3171559274196625,0.32727503776550293,0.33451029658317566,0.0,0.0,0.0,0.0,587.5826803523058,562.8439781591343,1.1400102022061065,0.5272400379180908,0.10251308977603912,0.8649106621742249,0.7706274390220642
PINN20260512-HS,5,172,pretrain,0.4494345486164093,0.09474554657936096,0.1409136950969696,0.06962244212627411,0.0405670702457428,0.04677142947912216,0.3166159689426422,0.32693207263946533,0.33430373668670654,0.0,0.0,0.0,0.0,585.8363946103042,560.8302996450888,1.1368875094034196,0.527155339717865,0.10244771838188171,0.8649187684059143,0.77105712890625
PINN20260512-HS,5,174,pretrain,0.4444271922111511,0.09373750537633896,0.13840755820274353,0.0689878910779953,0.03977535292506218,0.04592315852642059,0.3154463768005371,0.3262454569339752,0.33389905095100403,0.0,0.0,0.0,0.0,582.4520366519462,556.9150238142261,1.130903907127044,0.5269867181777954,0.10232366621494293,0.8649321794509888,0.7718433737754822
PINN20260512-HS,5,176,pretrain,0.4397977590560913,0.09278564155101776,0.13618908822536469,0.06839460134506226,0.03910145163536072,0.04517768695950508,0.3142792582511902,0.325560599565506,0.333505243062973,0.0,0.0,0.0,0.0,579.2104809566208,553.1167654754283,1.1252679851963532,0.5268193483352661,0.10220807790756226,0.8649420738220215,0.7725314497947693
PINN20260512-HS,5,177,pretrain,0.4376157522201538,0.0923299640417099,0.13517646491527557,0.06811118125915527,0.038803908973932266,0.04483886808156967,0.31373679637908936,0.32522037625312805,0.3333122730255127,0.0,0.0,0.0,0.0,577.6451386881049,551.2401076209894,1.1225652964045698,0.526736319065094,0.10215356945991516,0.8649458289146423,0.7728390097618103
PINN20260512-HS,5,179,pretrain,0.43349912762641907,0.09145812690258026,0.133322611451149,0.06756555289030075,0.03828129917383194,0.0442197322845459,0.3127623200416565,0.32454046607017517,0.3329342007637024,0.0,0.0,0.0,0.0,574.6246872959775,547.4904108749303,1.117353365700305,0.5265723466873169,0.10205169767141342,0.8649508357048035,0.7733829617500305
PINN20260512-HS,5,181,pretrain,0.4296858608722687,0.09063634276390076,0.13166837394237518,0.06704600900411606,0.037846557796001434,0.04366780444979668,0.31194227933883667,0.3238636255264282,0.332566499710083,0.0,0.0,0.0,0.0,571.7480870103545,543.7074121253085,1.1123671406931608,0.5264120697975159,0.10196005553007126,0.8649529218673706,0.7738343477249146
PINN20260512-HS,5,182,pretrain,0.42788398265838623,0.09024327993392944,0.1309063881635666,0.06679699569940567,0.037658561021089554,0.04341360926628113,0.31157806515693665,0.323526531457901,0.33238643407821655,0.0,0.0,0.0,0.0,570.3615081682844,541.7951065670491,1.109934819546769,0.5263335108757019,0.10191821306943893,0.8649529218673706,0.7740259766578674
PINN20260512-HS,5,184,pretrain,0.42447277903556824,0.08949071913957596,0.12949854135513306,0.06632332503795624,0.03733246773481369,0.04294374957680702,0.31089967489242554,0.32285431027412415,0.33203354477882385,0.0,0.0,0.0,0.0,567.6849643508273,537.9406042956788,1.1051434235635007,0.5261797904968262,0.10184244811534882,0.8649508953094482,0.774341344833374
PINN20260512-HS,5,186,pretrain,0.42129775881767273,0.08878042548894882,0.1282304972410202,0.06588367372751236,0.0370582640171051,0.04252098500728607,0.31026268005371094,0.32218706607818604,0.3316900432109833,0.0,0.0,0.0,0.0,565.1312624072393,534.0717999482841,1.1004419661032876,0.526030957698822,0.10177658498287201,0.8649464845657349,0.7745652794837952
PINN20260512-HS,5,187,pretrain,0.4197915494441986,0.08844031393527985,0.12764336168766022,0.06567583978176117,0.03693518787622452,0.042325228452682495,0.30996349453926086,0.3218556046485901,0.33152148127555847,0.0,0.0,0.0,0.0,563.9005065168855,532.1421919938317,1.0981427454726322,0.5259585380554199,0.10174709558486938,0.8649432063102722,0.7746429443359375
PINN20260512-HS,5,189,pretrain,0.41692620515823364,0.08778825402259827,0.1265522539615631,0.06528250128030777,0.036706991493701935,0.04196127504110336,0.3094097375869751,0.3211962878704071,0.3311900496482849,0.0,0.0,0.0,0.0,561.5345603789673,528.3137680394104,1.0936383141192794,0.5258182883262634,0.1016944944858551,0.8649351596832275,0.7747286558151245
PINN20260512-HS,5,191,pretrain,0.41424116492271423,0.08717226982116699,0.12555769085884094,0.06491581350564957,0.036491475999355316,0.04162941873073578,0.3089407682418823,0.3205398917198181,0.3308650851249695,0.0,0.0,0.0,0.0,559.2997854460522,524.549687827569,1.0892648667859106,0.5256850719451904,0.10164995491504669,0.8649247288703918,0.7747220993041992
PINN20260512-HS,5,192,pretrain,0.4129602015018463,0.08687705546617508,0.12509191036224365,0.0647415816783905,0.03638501092791557,0.04147439822554588,0.3087430000305176,0.32021424174308777,0.3307044804096222,0.0,0.0,0.0,0.0,558.2306031112948,522.702741766293,1.087129369503531,0.5256214141845703,0.10163058340549469,0.8649188876152039,0.7746841907501221
PINN20260512-HS,5,194,pretrain,0.4105040729045868,0.08630923926830292,0.12421393394470215,0.0644090548157692,0.03616931289434433,0.041183505207300186,0.30840596556663513,0.3195650577545166,0.330386221408844,0.0,0.0,0.0,0.0,556.1827487436121,519.1069254016941,1.0829794697493227,0.5255007743835449,0.10159727185964584,0.8649054169654846,0.7745386958122253
PINN20260512-HS,5,196,pretrain,0.4081742763519287,0.08576851338148117,0.12339787185192108,0.06410012394189835,0.03594566136598587,0.04091490060091019,0.30813542008399963,0.31892064213752747,0.33007100224494934,0.0,0.0,0.0,0.0,554.2366371866804,515.6786487241836,1.0790181658731437,0.5253890752792358,0.10157077014446259,0.8648899793624878,0.774299144744873
PINN20260512-HS,5,197,pretrain,0.40704941749572754,0.08550665527582169,0.12301012128591537,0.06395381689071655,0.035830188542604446,0.04078782722353935,0.3080202639102936,0.31859907507896423,0.32991424202919006,0.0,0.0,0.0,0.0,553.2947056045268,514.0376627738477,1.0771063087844595,0.525336742401123,0.10155993700027466,0.864881694316864,0.7741437554359436
PINN20260512-HS,5,199,pretrain,0.4048679769039154,0.08499663323163986,0.12226997315883636,0.06368009001016617,0.03559335693717003,0.04054620862007141,0.30780595541000366,0.317964106798172,0.3296017646789551,0.0,0.0,0.0,0.0,551.4568772805359,510.9095596336009,1.0734007519922726,0.5252394676208496,0.10154317319393158,0.8648638725280762,0.7737610936164856
PINN20260512-HS,5,201,pretrain,0.40275871753692627,0.08449957519769669,0.12157106399536133,0.06343124806880951,0.03535275161266327,0.04031926766037941,0.3075900077819824,0.3173331618309021,0.32929036021232605,0.0,0.0,0.0,0.0,549.6569953161699,507.9981237662202,1.0698432028081772,0.5251524448394775,0.10153333842754364,0.8648446202278137,0.7732815742492676
PINN20260512-HS,5,202,pretrain,0.4017251431941986,0.08425389975309372,0.12123613804578781,0.06331614404916763,0.035232577472925186,0.040211498737335205,0.3074789047241211,0.317021906375885,0.32913485169410706,0.0,0.0,0.0,0.0,548.7606490994048,506.6305822539733,1.0681305852032452,0.5251129865646362,0.10153117030858994,0.8648344874382019,0.7730048894882202
PINN20260512-HS,5,204,pretrain,0.39968451857566833,0.0837634727358818,0.12059152126312256,0.06310364603996277,0.034995339810848236,0.04000503197312355,0.3072551488876343,0.31640124320983887,0.32882383465766907,0.0,0.0,0.0,0.0,546.9597791428544,504.0810326723274,1.064866360591811,0.5250425934791565,0.10153251886367798,0.8648134469985962,0.7723748683929443
PINN20260512-HS,5,206,pretrain,0.39766132831573486,0.08326912671327591,0.11997344344854355,0.06291462481021881,0.0347648523747921,0.039807140827178955,0.30704164505004883,0.3157884478569031,0.328512579202652,0.0,0.0,0.0,0.0,545.1245557209838,501.78279040835986,1.061838142845342,0.5249841213226318,0.10154184699058533,0.864791750907898,0.771638035774231
PINN20260512-HS,5,207,pretrain,0.3966481685638428,0.08301840722560883,0.11967062950134277,0.06282833218574524,0.03465249761939049,0.0397094190120697,0.30694258213043213,0.31548523902893066,0.3283568024635315,0.0,0.0,0.0,0.0,544.186003357308,500.7275956046361,1.0604127498597233,0.52495938539505,0.1015496477484703,0.8647805452346802,0.771227240562439
PINN20260512-HS,5,209,pretrain,0.3946019411087036,0.08250565826892853,0.11906903982162476,0.06267218291759491,0.03443313390016556,0.03951377049088478,0.3067706227302551,0.31488120555877686,0.32804468274116516,0.0,0.0,0.0,0.0,542.2540629170057,498.80504082256425,1.0577311797417364,0.5249190330505371,0.10157185792922974,0.864757776260376,0.7703142166137695
PINN20260512-HS,5,211,pretrain,0.39250779151916504,0.08197275549173355,0.11846128106117249,0.06253953278064728,0.03421818092465401,0.03931364789605141,0.30662375688552856,0.31428396701812744,0.3277318477630615,0.0,0.0,0.0,0.0,540.2263992994049,497.14456524234475,1.0553066818692185,0.5248907804489136,0.10160297155380249,0.8647344708442688,0.7692672610282898
PINN20260512-HS,5,212,pretrain,0.39143338799476624,0.08169649541378021,0.1181497573852539,0.06248326972126961,0.03411103039979935,0.03921016305685043,0.30655598640441895,0.31398770213127136,0.3275752663612366,0.0,0.0,0.0,0.0,539.1690945334311,496.4143776876331,1.0541942767230077,0.52488112449646,0.10162197053432465,0.864722728729248,0.7686877846717834
PINN20260512-HS,5,214,pretrain,0.38921090960502625,0.08111996948719025,0.1174989640712738,0.06239430978894234,0.033894460648298264,0.03899247571825981,0.30642634630203247,0.3133973479270935,0.32726168632507324,0.0,0.0,0.0,0.0,536.9495146193914,495.1642088741875,1.0521662441225124,0.524870753288269,0.10166727006435394,0.8646988868713379,0.7674031257629395
PINN20260512-HS,5,216,pretrain,0.3868620991706848,0.08050484955310822,0.11679226160049438,0.062341537326574326,0.03367128223180771,0.0387541726231575,0.30629411339759827,0.3128124177455902,0.3269481658935547,0.0,0.0,0.0,0.0,534.5663838570473,494.20134434256653,1.0503815629033175,0.5248728394508362,0.10172326117753983,0.864674985408783,0.7659268379211426
PINN20260512-HS,5,217,pretrain,0.38562875986099243,0.08018011599779129,0.11641006171703339,0.0623304545879364,0.03355604410171509,0.03862476721405983,0.30622613430023193,0.3125205636024475,0.32679152488708496,0.0,0.0,0.0,0.0,533.3044686199432,493.8352141656162,1.0495907705742595,0.524878740310669,0.10175571590662003,0.8646628260612488,0.7651063799858093
PINN20260512-HS,5,219,pretrain,0.3830225467681885,0.07949113100767136,0.11557146906852722,0.06234455108642578,0.03331600874662399,0.0383400060236454,0.3060830235481262,0.31193897128105164,0.3264791667461395,0.0,0.0,0.0,0.0,530.6175352831831,493.3699961742708,1.0482634214259274,0.5249010324478149,0.10183055698871613,0.8646388053894043,0.7632752656936646
PINN20260512-HS,5,221,pretrain,0.3802063465118408,0.0787440687417984,0.1146104633808136,0.06241317465901375,0.03305996209383011,0.03801286220550537,0.30596375465393066,0.31135761737823486,0.32616913318634033,0.0,0.0,0.0,0.0,527.6944546799787,493.32890271096016,1.0473348231460986,0.5249381065368652,0.10192003101110458,0.8646149635314941,0.7611494660377502
PINN20260512-HS,5,222,pretrain,0.3787144422531128,0.07834803313016891,0.11407507210969925,0.06247115880250931,0.03292486071586609,0.037830647081136703,0.3059180974960327,0.3110654950141907,0.32601553201675415,0.0,0.0,0.0,0.0,526.1439323036996,493.4952823989303,1.0470397136385785,0.5249626040458679,0.10197081416845322,0.8646031618118286,0.7599595189094543
PINN20260512-HS,5,224,pretrain,0.37557274103164673,0.07751494646072388,0.11287952214479446,0.06264370679855347,0.03263949602842331,0.03742394596338272,0.3058550953865051,0.31048470735549927,0.3257124423980713,0.0,0.0,0.0,0.0,522.8964106302509,494.2235071301243,1.0467924887588134,0.5250236392021179,0.10208546370267868,0.8645797371864319,0.7572953701019287
PINN20260512-HS,5,226,pretrain,0.3722763955593109,0.07664361596107483,0.11151750385761261,0.06290579587221146,0.03233455866575241,0.03695833310484886,0.30582183599472046,0.30989623069763184,0.3254167437553406,0.0,0.0,0.0,0.0,519.5646314463678,495.34120184979565,1.0468649014504732,0.5251011848449707,0.1022186130285263,0.8645567893981934,0.7542372941970825
PINN20260512-HS,5,227,pretrain,0.37060239911079407,0.0762038305401802,0.11077407002449036,0.06307365000247955,0.0321749746799469,0.03670302405953407,0.30581051111221313,0.30959948897361755,0.32527244091033936,0.0,0.0,0.0,0.0,517.9269374149214,495.9208133613672,1.0469131937823284,0.525145947933197,0.10229203850030899,0.8645452857017517,0.7525720596313477
PINN20260512-HS,5,229,pretrain,0.3672766387462616,0.07534115016460419,0.10916706919670105,0.06348030269145966,0.031837135553359985,0.03614778071641922,0.30578285455703735,0.3089953660964966,0.32499316334724426,0.0,0.0,0.0,0.0,514.8364728241386,496.6355083207402,1.046624774615893,0.5252437591552734,0.10244980454444885,0.8645222783088684,0.7490465641021729
PINN20260512-HS,5,231,pretrain,0.3640546202659607,0.07452423870563507,0.10744888335466385,0.0639568418264389,0.03145932778716087,0.03555652126669884,0.3057050108909607,0.30837416648864746,0.3247295320034027,0.0,0.0,0.0,0.0,512.1191267664194,495.7216961158751,1.0449970627588865,0.5253445506095886,0.10261426120996475,0.8644981384277344,0.7454604506492615
PINN20260512-HS,5,232,pretrain,0.3624843657016754,0.0741337388753891,0.10657419264316559,0.06419945508241653,0.031247437000274658,0.035265032202005386,0.30564630031585693,0.30805504322052,0.32460469007492065,0.0,0.0,0.0,0.0,510.908871522114,494.31236961055305,1.0434395716608225,0.5253919959068298,0.1026950404047966,0.8644852638244629,0.7437466979026794
PINN20260512-HS,5,234,pretrain,0.359378844499588,0.07337690889835358,0.10482707619667053,0.06464723497629166,0.03075454942882061,0.03470519557595253,0.3055787682533264,0.3074066936969757,0.32437193393707275,0.0,0.0,0.0,0.0,508.68081532037354,489.6880384489701,1.039087333352675,0.5254711508750916,0.10284379124641418,0.864456832408905,0.7406362891197205
PINN20260512-HS,5,236,pretrain,0.356309175491333,0.07264039665460587,0.10316531360149384,0.06504065543413162,0.030154217034578323,0.03418715298175812,0.3054397702217102,0.3067634701728821,0.32416605949401855,0.0,0.0,0.0,0.0,506.4874134665145,483.94107983307225,1.0338960322527235,0.5255181193351746,0.10296549648046494,0.8644238710403442,0.7379602789878845
PINN20260512-HS,5,237,pretrain,0.3548032343387604,0.0722779780626297,0.10240498185157776,0.06521812081336975,0.02982461452484131,0.03394848108291626,0.3053026795387268,0.3064526319503784,0.3240741193294525,0.0,0.0,0.0,0.0,505.32848227662765,481.21735278873723,1.031460111492,0.5255289673805237,0.1030159667134285,0.8644055724143982,0.7367280721664429
PINN20260512-HS,5,239,pretrain,0.35186973214149475,0.07155655324459076,0.10106605291366577,0.06552185863256454,0.029175475239753723,0.03352964669466019,0.30503708124160767,0.305856317281723,0.32390984892845154,0.0,0.0,0.0,0.0,502.81322638232183,476.798421112109,1.027598178735252,0.5255377292633057,0.1031070426106453,0.8643670082092285,0.7343399524688721
PINN20260512-HS,5,241,physics,0.36058831214904785,0.07081254571676254,0.09997375309467316,0.06574589014053345,0.02864133194088936,0.033193182200193405,0.30486589670181274,0.3052884638309479,0.32376110553741455,0.17548389732837677,0.5389246940612793,9.463136052545451e-08,0.0,499.9190872031193,474.54038618962664,1.0253333864517096,0.5255537629127502,0.10320702940225601,0.8643285036087036,0.7319221496582031
PINN20260512-HS,5,242,physics,0.3590959310531616,0.07041694968938828,0.0994982123374939,0.0658276304602623,0.028431428596377373,0.0330425463616848,0.3048129081726074,0.3050127625465393,0.3236885666847229,0.17556844651699066,0.5372164249420166,9.439268922051269e-08,0.0,498.2716848015749,474.54581904701257,1.0250116397712057,0.5255709886550903,0.10326573997735977,0.8643100261688232,0.730624794960022
PINN20260512-HS,5,244,physics,0.3559545576572418,0.0695565938949585,0.0986403226852417,0.065916508436203,0.028131162747740746,0.032754234969615936,0.3048209846019745,0.3044704794883728,0.3235393762588501,0.17591774463653564,0.5335819125175476,9.389231792056307e-08,0.0,494.62081436187054,476.7241406201284,1.025936018559545,0.5256300568580627,0.10340569913387299,0.864276111125946,0.7278132438659668
PINN20260512-HS,5,246,physics,0.35258471965789795,0.06860468536615372,0.09788407385349274,0.06589735299348831,0.02796567976474762,0.03248337283730507,0.3050069808959961,0.30393117666244507,0.3233788311481476,0.1764788031578064,0.5297632217407227,9.341368212290035e-08,0.0,490.58045976169905,481.4713289750491,1.0288178310704896,0.5257167816162109,0.10357166081666946,0.8642460107803345,0.724783182144165
PINN20260512-HS,5,247,physics,0.35083508491516113,0.06810176372528076,0.09755264967679977,0.06585302203893661,0.02791096456348896,0.032361678779125214,0.30514782667160034,0.3036639988422394,0.3232954144477844,0.17678703367710114,0.5278202295303345,9.318704030647496e-08,0.0,488.4268912795445,484.5825684287457,1.0308738659600398,0.5257642269134521,0.10365921258926392,0.8642318248748779,0.7232151031494141
PINN20260512-HS,5,249,physics,0.34722480177879333,0.06705157458782196,0.09698638319969177,0.06571824848651886,0.027796994894742966,0.032154347747564316,0.3054504990577698,0.3031485378742218,0.3231288194656372,0.1773289442062378,0.5239272117614746,9.27342185264024e-08,0.0,483.8571909665082,491.2809468623834,1.0355128396489957,0.5258517861366272,0.10383090376853943,0.8642041683197021,0.7200397849082947
PINN20260512-HS,5,250,physics,0.34534773230552673,0.06650231778621674,0.09673826396465302,0.0656348466873169,0.027719298377633095,0.03206554427742958,0.30557864904403687,0.3029017746448517,0.32304826378822327,0.17753154039382935,0.5220168828964233,9.251625954220799e-08,0.0,481.44836820784843,494.3457955975756,1.0376915414394219,0.5258877873420715,0.10391179472208023,0.8641904592514038,0.7184764742851257
PINN20260512-HS,5,252,physics,0.3413883149623871,0.06534368544816971,0.09625978767871857,0.06544703245162964,0.027509232982993126,0.03189905732870102,0.305732786655426,0.3024331331253052,0.32289618253707886,0.177804633975029,0.518363893032074,9.212601526087383e-08,0.0,476.39815608900085,499.117909416202,1.0411322209357023,0.5259422063827515,0.10406258702278137,0.8641632795333862,0.7155062556266785
PINN20260512-HS,5,254,physics,0.33711495995521545,0.06409209966659546,0.09576632082462311,0.06524666398763657,0.027249911800026894,0.031730856746435165,0.3057515323162079,0.3019963502883911,0.32275593280792236,0.17799603939056396,0.5148970484733582,9.180592286384126e-08,0.0,470.9802112350369,502.63365759765827,1.0437023286640046,0.5259804725646973,0.10420572012662888,0.864138126373291,0.7127245664596558
PINN20260512-HS,5,255,physics,0.3348575532436371,0.06342665106058121,0.09551829099655151,0.065147764980793,0.027115238830447197,0.031648699194192886,0.3057361841201782,0.3017914295196533,0.32268911600112915,0.17810486257076263,0.5131544470787048,9.16557780783478e-08,0.0,468.0865471523402,504.4797908489497,1.0450664604256232,0.5259975790977478,0.1042780801653862,0.8641268610954285,0.7113294005393982
PINN20260512-HS,5,257,physics,0.3300706446170807,0.061997465789318085,0.09504738450050354,0.06496073305606842,0.02686065062880516,0.03149063140153885,0.3056889474391937,0.3014063537120819,0.3225571811199188,0.17842936515808105,0.509473443031311,9.135786882552566e-08,0.0,461.8617217306496,509.317235988534,1.0486429700809754,0.5260348916053772,0.10443085432052612,0.8641085624694824,0.7083430886268616
PINN20260512-HS,5,259,physics,0.3248288631439209,0.06040508300065994,0.09461528062820435,0.06477797776460648,0.02664545364677906,0.031337887048721313,0.30564138293266296,0.3010466396808624,0.32241836190223694,0.17896303534507751,0.5054852962493896,9.108060083917735e-08,0.0,455.0652769109065,515.9802564052234,1.0534993178136023,0.5260815024375916,0.10459829866886139,0.864096462726593,0.7050053477287292
PINN20260512-HS,5,260,physics,0.32200199365615845,0.05953790992498398,0.09440605342388153,0.06468312442302704,0.026552023366093636,0.03126345947384834,0.3056206703186035,0.3008727431297302,0.32234370708465576,0.1793099343776703,0.5034160017967224,9.097278308445311e-08,0.0,451.47210600434664,519.8887501187153,1.0563190910786613,0.5261072516441345,0.10468662530183792,0.864093005657196,0.7032261490821838
PINN20260512-HS,5,262,physics,0.3159964680671692,0.05768897384405136,0.09397293627262115,0.06448445469141006,0.026369456201791763,0.03111862763762474,0.30556732416152954,0.30051925778388977,0.3221832811832428,0.18011145293712616,0.4992973208427429,9.084548224791433e-08,0.0,444.11975792009076,527.1962099161943,1.0613433516685702,0.5261548161506653,0.10486503690481186,0.8640906810760498,0.6995922923088074
PINN20260512-HS,5,264,physics,0.30968207120895386,0.0557623952627182,0.09341847896575928,0.06427431106567383,0.026136940345168114,0.03096570260822773,0.3054450452327728,0.3001287877559662,0.32200440764427185,0.18097835779190063,0.49571850895881653,9.096751796278113e-08,0.0,436.64371560232036,533.3153382380822,1.0652774324168168,0.5261783599853516,0.10503150522708893,0.864094078540802,0.6963348388671875
PINN20260512-HS,5,265,physics,0.3064415454864502,0.05478508025407791,0.0930856466293335,0.06418236345052719,0.025963732972741127,0.03087526187300682,0.30533966422080994,0.29993751645088196,0.32191553711891174,0.1813516914844513,0.4940486252307892,9.104365972234518e-08,0.0,432.7856715511732,536.5648551200497,1.067492729877989,0.5261703729629517,0.10510209202766418,0.8640969395637512,0.694782018661499
PINN20260512-HS,5,267,physics,0.29981520771980286,0.05282305181026459,0.09225430339574814,0.06404485553503036,0.02544867992401123,0.030631136149168015,0.3050588369369507,0.29959625005722046,0.3217530846595764,0.18185074627399445,0.49075284600257874,9.10588724423178e-08,0.0,424.97409847542474,542.6720061418315,1.0718945954892132,0.5260985493659973,0.10520599782466888,0.8641042113304138,0.6916489601135254
PINN20260512-HS,5,269,physics,0.2930300533771515,0.05086845904588699,0.0911470502614975,0.06393452733755112,0.02474517561495304,0.030309971421957016,0.30478203296661377,0.29924124479293823,0.3215915858745575,0.1820916086435318,0.488195538520813,9.110152632274549e-08,0.0,417.24011372350094,547.1350096182842,1.075280611660812,0.5259501338005066,0.10525844246149063,0.8641142249107361,0.6890832185745239
PINN20260512-HS,5,270,physics,0.2895859479904175,0.04989226534962654,0.09050777554512024,0.06388229131698608,0.02433893270790577,0.030128875747323036,0.3046683371067047,0.2990485429763794,0.32150647044181824,0.1821296066045761,0.4872819185256958,9.115474597365392e-08,0.0,413.28279891014097,549.7483515209482,1.0774408925871923,0.5258468389511108,0.1052653044462204,0.8641202449798584,0.6880810260772705
PINN20260512-HS,5,272,physics,0.2826210856437683,0.04793757200241089,0.08912722021341324,0.0637999027967453,0.023437798023223877,0.029717886820435524,0.30448484420776367,0.2986844480037689,0.32133999466896057,0.1819855123758316,0.4856899380683899,9.108641307875587e-08,0.0,405.01743789619724,556.7067506775896,1.083597178930504,0.5255798101425171,0.10523925721645355,0.864133894443512,0.6861277222633362
PINN20260512-HS,5,274,physics,0.27560362219810486,0.045968860387802124,0.08773179352283478,0.0637299194931984,0.02249354124069214,0.029293574392795563,0.30433809757232666,0.29831662774086,0.3211638629436493,0.18162588775157928,0.4847238063812256,9.092052977166531e-08,0.0,396.53676531943415,563.7358645677956,1.0903623589187188,0.5252401232719421,0.10516492277383804,0.8641497492790222,0.6845231056213379
PINN20260512-HS,5,275,physics,0.27211108803749084,0.04497774690389633,0.08709203451871872,0.06369388103485107,0.02203121967613697,0.02910570800304413,0.3042681813240051,0.2981138825416565,0.32106587290763855,0.18139810860157013,0.4846314787864685,9.086161156801609e-08,0.0,392.1735107066769,567.3799432479086,1.094051949694959,0.5250473022460938,0.10511188954114914,0.8641586899757385,0.6840206384658813
PINN20260512-HS,5,277,physics,0.2652377188205719,0.042997971177101135,0.0859665647149086,0.06365423649549484,0.021140610799193382,0.0287625715136528,0.3040817379951477,0.29773539304733276,0.32087066769599915,0.18080052733421326,0.48473885655403137,9.062338079957044e-08,0.0,383.1313824916983,575.0717346557732,1.1020846085821991,0.5246207118034363,0.10497663915157318,0.8641769289970398,0.6831900477409363
PINN20260512-HS,5,279,physics,0.25856444239616394,0.041034452617168427,0.08506014943122864,0.06364786624908447,0.020323442295193672,0.028480365872383118,0.30378037691116333,0.2973659634590149,0.3206637501716614,0.18005481362342834,0.48540788888931274,9.034518200223829e-08,0.0,374.0668389472662,581.6037901785029,1.109428748034322,0.5241528749465942,0.10480852425098419,0.8641955852508545,0.6828469634056091
PINN20260512-HS,5,280,physics,0.2553119361400604,0.04006342589855194,0.08468522131443024,0.06364473700523376,0.0199486892670393,0.028366906568408012,0.3035980463027954,0.2971673905849457,0.32054662704467773,0.17964066565036774,0.48602262139320374,9.024758185205428e-08,0.0,369.4782216180001,585.064900246118,1.113328178258853,0.5239088535308838,0.10471445322036743,0.8642048835754395,0.6829498410224915
PINN20260512-HS,5,282,physics,0.2489757239818573,0.038153186440467834,0.08404694497585297,0.0636473149061203,0.01925407163798809,0.02815994620323181,0.303195983171463,0.29678934812545776,0.32029256224632263,0.17867767810821533,0.4872979521751404,8.99538363796637e-08,0.0,360.21423746848205,592.7228483870011,1.1216817829666346,0.5234073400497437,0.10450967401266098,0.8642227053642273,0.6831600666046143
PINN20260512-HS,5,284,physics,0.2428457885980606,0.03628822788596153,0.08354270458221436,0.06360983103513718,0.018634097650647163,0.028001539409160614,0.30277812480926514,0.2963762581348419,0.3199819028377533,0.17759767174720764,0.488940954208374,8.971458953510592e-08,0.0,351.09658571395994,600.3137460944902,1.1296480191542162,0.5229024887084961,0.10428915172815323,0.8642393946647644,0.6837010383605957
PINN20260512-HS,5,285,physics,0.23985522985458374,0.035376906394958496,0.08331429958343506,0.06357783079147339,0.018345758318901062,0.027930505573749542,0.30255308747291565,0.29616203904151917,0.31980714201927185,0.17702293395996094,0.4898516833782196,8.960670783153546e-08,0.0,346.5107772494241,604.2556112689397,1.1336090367719083,0.5226531624794006,0.10417483747005463,0.8642474412918091,0.6840581297874451
PINN20260512-HS,5,287,physics,0.2340308576822281,0.03360960632562637,0.08282529562711716,0.06351635605096817,0.017796050757169724,0.02776861935853958,0.3020665645599365,0.2957545220851898,0.3194364607334137,0.17581816017627716,0.4916943311691284,8.935300144230496e-08,0.0,337.59630570401686,611.1091095295503,1.1403108338873347,0.5221680402755737,0.10394057631492615,0.864262580871582,0.6848282814025879
PINN20260512-HS,5,289,physics,0.22843699157238007,0.031937453895807266,0.0822208970785141,0.063435859978199,0.017274776473641396,0.02757510356605053,0.30155110359191895,0.2953360080718994,0.3190303444862366,0.17461684346199036,0.4938987195491791,8.920115845967302e-08,0.0,328.99151062375455,617.0420619779497,1.1456106047190504,0.5217112302780151,0.10370238125324249,0.8642774820327759,0.686095118522644
PINN20260512-HS,5,290,physics,0.2257373034954071,0.031143955886363983,0.08184866607189178,0.06340163946151733,0.01701938547194004,0.02744854800403118,0.30129098892211914,0.29514554142951965,0.3188237249851227,0.17401275038719177,0.4949982464313507,8.909520232691648e-08,0.0,324.83424859841983,619.7930854325498,1.1478455344396183,0.5214950442314148,0.10358253121376038,0.8642849326133728,0.6867519021034241
PINN20260512-HS,5,292,physics,0.2205502986907959,0.029652537778019905,0.08096718788146973,0.06330758333206177,0.016519997268915176,0.027151700109243393,0.3007967472076416,0.2947579324245453,0.31838709115982056,0.17281778156757355,0.4974357485771179,8.893487546401957e-08,0.0,316.9766725446843,624.6838200241783,1.1513688622132676,0.521088719367981,0.10334121435880661,0.8643001317977905,0.6883484125137329
PINN20260512-HS,5,294,physics,0.2156640738248825,0.02829146198928356,0.07991091161966324,0.06320028752088547,0.016032414510846138,0.026783069595694542,0.30030977725982666,0.2943853735923767,0.3179323673248291,0.17159375548362732,0.5000502467155457,8.879565882580209e-08,0.0,309.5823673717546,628.9296959915313,1.153934043190819,0.5207107067108154,0.1030932366847992,0.8643154501914978,0.6901407837867737
PINN20260512-HS,5,295,physics,0.21333478391170502,0.027660232037305832,0.07931654155254364,0.06313930451869965,0.015793202444911003,0.02657562494277954,0.3000798225402832,0.2942061424255371,0.3177017867565155,0.17095470428466797,0.5014435052871704,8.873364265582495e-08,0.0,306.13069104550755,630.4891454259938,1.1546462377620799,0.5205299258232117,0.10296464711427689,0.8643231391906738,0.6911459565162659
PINN20260512-HS,5,297,physics,0.20887836813926697,0.026492193341255188,0.07797620445489883,0.06300260126590729,0.015326072461903095,0.026108572259545326,0.29956018924713135,0.2938685715198517,0.3172450661659241,0.16961072385311127,0.5043924450874329,8.861555755856898e-08,0.0,299.5234757076647,632.694979828353,1.155184315249194,0.5201818943023682,0.10269627720117569,0.8643383979797363,0.6934030652046204
PINN20260512-HS,5,299,physics,0.20467804372310638,0.025438988581299782,0.07643543928861618,0.06287221610546112,0.014879519119858742,0.025569459423422813,0.2990153431892395,0.2935721278190613,0.31680211424827576,0.16821348667144775,0.5074759721755981,8.853137245523612e-08,0.0,293.4353234743561,633.5585016397459,1.154493186113829,0.5198540687561035,0.10241654515266418,0.8643537163734436,0.6958920359611511
PINN20260512-HS,5,300,physics,0.2026677131652832,0.024951450526714325,0.07560346275568008,0.06280243396759033,0.014666067436337471,0.025279128924012184,0.2987684905529022,0.29343366622924805,0.3165830671787262,0.167519211769104,0.5090676546096802,8.850037858110227e-08,0.0,290.5073686673025,633.7097127234204,1.1538850531078946,0.5197004079818726,0.10227540880441666,0.8643617630004883,0.6972071528434753
PINN20260512-HS,5,302,physics,0.19881132245063782,0.024044020101428032,0.07383975386619568,0.06266071647405624,0.01426011323928833,0.02465994656085968,0.298346608877182,0.2931835949420929,0.31615135073661804,0.1661773920059204,0.5122449398040771,8.842621213034363e-08,0.0,285.01037535938934,633.2031911243025,1.1518931935705696,0.5194178819656372,0.10199659317731857,0.8643787503242493,0.6998350620269775
PINN20260512-HS,5,304,physics,0.195161372423172,0.023217208683490753,0.07197296619415283,0.06251540035009384,0.013884054496884346,0.024008842185139656,0.2979997992515564,0.292949914932251,0.31572386622428894,0.16493310034275055,0.515473484992981,8.83958009012531e-08,0.0,279.8567714028017,631.5807796711359,1.1488536154267732,0.5191709995269775,0.10172680020332336,0.864396870136261,0.7025618553161621
PINN20260512-HS,5,305,physics,0.19341018795967102,0.0228290855884552,0.07101155072450638,0.06245486065745354,0.013707861304283142,0.023674165830016136,0.29782891273498535,0.2928459942340851,0.31551629304885864,0.16434264183044434,0.5170590281486511,8.838793519316823e-08,0.0,277.4425616231223,630.2370337817351,1.1468543508002877,0.5190596580505371,0.10159549862146378,0.8644062280654907,0.703924298286438
PINN20260512-HS,5,307,physics,0.19006472826004028,0.022097215056419373,0.06910735368728638,0.062336571514606476,0.013380906544625759,0.023022055625915527,0.29750585556030273,0.2926427125930786,0.315103143453598,0.16321931779384613,0.5202347636222839,8.8416364008026e-08,0.0,272.82915899881374,626.8985663566316,1.1423600024709877,0.5188592672348022,0.10134125500917435,0.864425003528595,0.7067105770111084
PINN20260512-HS,5,309,physics,0.18692445755004883,0.021415647119283676,0.06728483736515045,0.062215059995651245,0.013086972758173943,0.02240251936018467,0.2972523868083954,0.2924499809741974,0.31469255685806274,0.16214749217033386,0.5232654213905334,8.840570586698959e-08,0.0,268.5504346254163,622.7737349953031,1.1372390549409528,0.5186843872070312,0.10110021382570267,0.8644433617591858,0.7093663215637207
PINN20260512-HS,5,310,physics,0.1854308694601059,0.021092984825372696,0.06641407310962677,0.06214895844459534,0.012951351702213287,0.022110803052783012,0.29713472723960876,0.2923486828804016,0.31448522210121155,0.16163234412670135,0.5247533321380615,8.84078659169063e-08,0.0,266.5155219447828,620.4116073221068,1.1344311935383349,0.5186047554016113,0.1009850800037384,0.8644523620605469,0.7106751799583435
PINN20260512-HS,5,312,physics,0.18260064721107483,0.020483093336224556,0.06474509090185165,0.062033843249082565,0.012698131613433361,0.021553102880716324,0.296882688999176,0.2921593189239502,0.3140786290168762,0.16063658893108368,0.5275844931602478,8.83882762536814e-08,0.0,262.6915521338667,614.8566906198549,1.1281465485001463,0.5184561610221863,0.10076544433832169,0.8644692897796631,0.713174045085907
PINN20260512-HS,5,314,physics,0.1799812614917755,0.01992323435842991,0.06317409873008728,0.061929717659950256,0.012463081628084183,0.02103518694639206,0.2965974807739258,0.29196983575820923,0.3136790990829468,0.15970923006534576,0.5302993655204773,8.837924525550989e-08,0.0,259.13393918493193,608.5394142945878,1.121274328953092,0.5183191299438477,0.10056198388338089,0.8644848465919495,0.7156010270118713
PINN20260512-HS,5,315,physics,0.17874884605407715,0.01966138556599617,0.06242752820253372,0.061883583664894104,0.01234991755336523,0.02078688144683838,0.29644468426704407,0.29187825322151184,0.3134829103946686,0.159277081489563,0.5315728187561035,8.836718734528404e-08,0.0,257.4549111009538,605.2173679761677,1.11771989623208,0.5182539820671082,0.10046757757663727,0.8644919991493225,0.7167302370071411
PINN20260512-HS,5,317,physics,0.1764310598373413,0.019174082204699516,0.061015672981739044,0.061782192438840866,0.012129844166338444,0.02031683176755905,0.2961481809616089,0.2916871905326843,0.3130907714366913,0.15849202871322632,0.5340151786804199,8.835648657168349e-08,0.0,254.2559610903941,598.2869294911932,1.1104619686535722,0.5181296467781067,0.10029514878988266,0.8645052909851074,0.7188830375671387
PINN20260512-HS,5,319,physics,0.17429709434509277,0.018731066957116127,0.059695981442928314,0.06168517470359802,0.011915852315723896,0.019871070981025696,0.29588964581489563,0.29150262475013733,0.3127107322216034,0.15780103206634521,0.5362410545349121,8.832613929143918e-08,0.0,251.25764913729492,590.7558188456547,1.1029077785306676,0.5180099606513977,0.10014352947473526,0.8645169138908386,0.7208324670791626
PINN20260512-HS,5,320,physics,0.17329372465610504,0.018524525687098503,0.05907193571329117,0.06163569912314415,0.011811556294560432,0.01966083236038685,0.29576799273490906,0.29140886664390564,0.3125244081020355,0.15748952329158783,0.5372975468635559,8.831693776301108e-08,0.0,249.82339074334092,586.8352888588074,1.099081223209446,0.5179509520530701,0.10007494688034058,0.8645219802856445,0.7217631936073303
PINN20260512-HS,5,322,physics,0.1714058220386505,0.018136166036128998,0.057900071144104004,0.06154928356409073,0.011609746143221855,0.01926194131374359,0.295504629611969,0.2912227213382721,0.3121606111526489,0.15692450106143951,0.5392278432846069,8.830838282847253e-08,0.0,247.07732215846926,578.9952504122983,1.0915552336483016,0.5178330540657043,0.09995166957378387,0.8645306825637817,0.7234511971473694
PINN20260512-HS,5,324,physics,0.16966143250465393,0.017775343731045723,0.05684120953083038,0.06147128716111183,0.011420641094446182,0.018901241943240166,0.29518112540245056,0.2910282611846924,0.31180107593536377,0.15643349289894104,0.5409565567970276,8.835009879248901e-08,0.0,244.49552654394313,571.1580888860807,1.084166007419584,0.5177142024040222,0.09984610974788666,0.8645375370979309,0.724946141242981
PINN20260512-HS,5,325,physics,0.1688365638256073,0.017602577805519104,0.0563497468829155,0.06144735962152481,0.011331550776958466,0.018733670935034752,0.2949376106262207,0.29092925786972046,0.31162509322166443,0.15621419250965118,0.5417313575744629,8.841265497494533e-08,0.0,243.25623064990546,567.1777444064603,1.0804733803787145,0.5176540017127991,0.09979914128780365,0.8645400404930115,0.7256107926368713
PINN20260512-HS,5,327,physics,0.16727237403392792,0.01726957969367504,0.05544038861989975,0.061422914266586304,0.011165797710418701,0.018428299576044083,0.29433393478393555,0.2907251715660095,0.31127986311912537,0.155824214220047,0.5431466102600098,8.862701150746943e-08,0.0,240.87960556053724,559.1385394068271,1.0732296630445712,0.5175320506095886,0.09971553087234497,0.8645439147949219,0.7268287539482117
PINN20260512-HS,5,329,physics,0.16581164300441742,0.016951585188508034,0.05462287738919258,0.06141301617026329,0.011016741394996643,0.018154462799429893,0.29374030232429504,0.2905174493789673,0.31094446778297424,0.15548594295978546,0.5443465113639832,8.888336822110432e-08,0.0,238.60222848393516,551.3672494354375,1.0665174777092394,0.517409086227417,0.09964538365602493,0.8645460605621338,0.7278487086296082
PINN20260512-HS,5,330,physics,0.1651153713464737,0.016798099502921104,0.05424666777253151,0.06140371784567833,0.010948438197374344,0.018029121682047844,0.29348552227020264,0.29040953516960144,0.3107791244983673,0.15533430874347687,0.544881284236908,8.901125170268642e-08,0.0,237.49694076977076,547.5467160434806,1.0633217406707536,0.5173473358154297,0.09961511194705963,0.8645465970039368,0.7282980680465698
PINN20260512-HS,5,332,physics,0.1637851893901825,0.01650078594684601,0.0535438098013401,0.06138664111495018,0.01082261186093092,0.017793767154216766,0.2930808663368225,0.290196031332016,0.31045860052108765,0.15505746006965637,0.5458070039749146,8.922640404307458e-08,0.0,235.3234144215148,539.8997013334977,1.057085297151227,0.5172225832939148,0.09956247359514236,0.8645465970039368,0.7290675044059753
PINN20260512-HS,6,1,pretrain,11.007960319519043,2.5792958736419678,4.140779972076416,0.7133745551109314,1.6028316020965576,1.3816545009613037,3.5144402980804443,1.1841793060302734,0.5759550333023071,0.0,0.0,0.0,0.0,3376.4784909725104,2907.0722385245263,5.154521828690496,0.47467222809791565,0.08363519608974457,0.8528764247894287,0.0
PINN20260512-HS,6,3,pretrain,10.695684432983398,2.5220792293548584,4.023697376251221,0.6716462969779968,1.5784153938293457,1.3419549465179443,2.935277223587036,0.6649051904678345,0.5569631457328796,0.0,0.0,0.0,0.0,3320.892651080429,2849.566107322306,4.859482114048944,0.4754997789859772,0.0841444805264473,0.8533340096473694,0.01080901175737381
PINN20260512-HS,6,5,pretrain,10.344514846801758,2.456191301345825,3.8931329250335693,0.6117686033248901,1.5496031045913696,1.2970638275146484,2.2537379264831543,0.4103919267654419,0.5383689999580383,0.0,0.0,0.0,0.0,3255.2489920127464,2782.481716022587,4.6038181022984626,0.4762621223926544,0.0847068578004837,0.8537910580635071,0.025453995913267136
PINN20260512-HS,6,7,pretrain,9.960063934326172,2.379005193710327,3.744920253753662,0.5423475503921509,1.5153459310531616,1.2461249828338623,1.6307063102722168,0.49771928787231445,0.5202269554138184,0.0,0.0,0.0,0.0,3177.772647626007,2704.6755812851197,4.376731963626802,0.47701480984687805,0.08538119494915009,0.8542482256889343,0.044502463191747665
PINN20260512-HS,6,8,pretrain,9.751830101013184,2.3356404304504395,3.6636509895324707,0.504875123500824,1.4958715438842773,1.2182302474975586,1.3880577087402344,0.5609338879585266,0.5113894939422607,0.0,0.0,0.0,0.0,3134.0577531372965,2661.5241873783525,4.263344573765147,0.47740301489830017,0.08578328043222427,0.8544760346412659,0.05582163482904434
PINN20260512-HS,6,10,pretrain,9.298314094543457,2.238363742828369,3.4858808517456055,0.42691805958747864,1.4515657424926758,1.1573364734649658,1.0990417003631592,0.5849804282188416,0.49431222677230835,0.0,0.0,0.0,0.0,3035.657918804423,2566.71297577271,4.053539304841597,0.4782225489616394,0.08672752976417542,0.8549291491508484,0.08229885250329971
PINN20260512-HS,6,12,pretrain,8.795382499694824,2.1258769035339355,3.2912094593048096,0.3485040068626404,1.3992100954055786,1.0911729335784912,1.0449256896972656,0.5065593719482422,0.47806477546691895,0.0,0.0,0.0,0.0,2921.5689278194345,2461.638478737282,3.8880855080924657,0.4791114330291748,0.08783836662769318,0.8553786277770996,0.1141301840543747
PINN20260512-HS,6,14,pretrain,8.251163482666016,1.9980950355529785,3.0927305221557617,0.2740895748138428,1.33784019947052,1.0243756771087646,1.13863205909729,0.4265834391117096,0.46264418959617615,0.0,0.0,0.0,0.0,2791.5522563620407,2350.0318082953686,3.768674212684664,0.48008033633232117,0.08908610790967941,0.8558251261711121,0.1514631062746048
PINN20260512-HS,6,16,pretrain,7.673717021942139,1.857532262802124,2.8878769874572754,0.20959146320819855,1.266778588294983,0.9553995728492737,1.3073968887329102,0.40816280245780945,0.4480401277542114,0.0,0.0,0.0,0.0,2647.7049495742535,2239.980133840477,3.676996771030246,0.4811415374279022,0.09044374525547028,0.8562684059143066,0.19411271810531616
PINN20260512-HS,6,18,pretrain,7.080905437469482,1.7093474864959717,2.670520067214966,0.17278650403022766,1.185921549797058,0.8821991086006165,1.4753121137619019,0.4389552175998688,0.4342573285102844,0.0,0.0,0.0,0.0,2495.6671452739847,2144.707089557919,3.5874573360835798,0.4823043942451477,0.09188667684793472,0.8567087054252625,0.24139124155044556
PINN20260512-HS,6,19,pretrain,6.78106164932251,1.633399486541748,2.5561282634735107,0.16767072677612305,1.142053484916687,0.8437819480895996,1.535356044769287,0.455647349357605,0.4276706576347351,0.0,0.0,0.0,0.0,2419.378019243789,2107.7504596132817,3.53788369371962,0.4829261600971222,0.09263348579406738,0.8569275140762329,0.266399621963501
PINN20260512-HS,6,21,pretrain,6.175246238708496,1.4791359901428223,2.3231985569000244,0.17537066340446472,1.0481994152069092,0.7665126919746399,1.5768885612487793,0.46622300148010254,0.4151262938976288,0.0,0.0,0.0,0.0,2273.590992241129,2065.262453055301,3.429967090185378,0.48426008224487305,0.09417036175727844,0.8573624491691589,0.31813734769821167
PINN20260512-HS,6,23,pretrain,5.586111068725586,1.3304493427276611,2.1028409004211426,0.18914014101028442,0.9471415877342224,0.6942101120948792,1.4982922077178955,0.44433966279029846,0.4034532308578491,0.0,0.0,0.0,0.0,2147.360356344505,2072.0735990789517,3.3213110077335792,0.4857454299926758,0.09576080739498138,0.8577943444252014,0.37059810757637024
PINN20260512-HS,6,25,pretrain,5.038182258605957,1.198052167892456,1.8927762508392334,0.19407427310943604,0.8418993353843689,0.6250096559524536,1.2968251705169678,0.41429832577705383,0.3926513195037842,0.0,0.0,0.0,0.0,2050.546024843139,2124.9530583050537,3.227749833793707,0.4874325394630432,0.09739949554204941,0.8582243919372559,0.4218532145023346
PINN20260512-HS,6,27,pretrain,4.542473793029785,1.0856242179870605,1.6969057321548462,0.1781732439994812,0.737892746925354,0.5608544945716858,1.002833604812622,0.4039095938205719,0.38273701071739197,0.0,0.0,0.0,0.0,1987.6748350774078,2210.6388216983796,3.175208284005051,0.4893745481967926,0.09907828271389008,0.8586535453796387,0.4701288044452667
PINN20260512-HS,6,29,pretrain,4.105766773223877,0.9919456243515015,1.5219273567199707,0.1406743973493576,0.6407890319824219,0.5036291480064392,0.7272789478302002,0.4138934314250946,0.3737775981426239,0.0,0.0,0.0,0.0,1958.2994536076449,2314.243180826077,3.209969643380967,0.49163001775741577,0.10078582167625427,0.8590818643569946,0.514014482498169
PINN20260512-HS,6,31,pretrain,3.747401714324951,0.9163233041763306,1.368263840675354,0.10402178019285202,0.5563493967056274,0.4534306228160858,0.6278311014175415,0.41841572523117065,0.3658965229988098,0.0,0.0,0.0,0.0,1957.368897270006,2422.036333336063,3.3462525118078617,0.494262158870697,0.10251037776470184,0.8595078587532043,0.552688717842102
PINN20260512-HS,6,32,pretrain,3.609259605407715,0.8862524032592773,1.3003817796707153,0.09774290770292282,0.5203018188476562,0.4313022196292877,0.6744834184646606,0.4137805998325348,0.3623959422111511,0.0,0.0,0.0,0.0,1964.514189309917,2472.6655657407455,3.4255043058282606,0.4957400858402252,0.1033705621957779,0.859718918800354,0.5699439644813538
PINN20260512-HS,6,34,pretrain,3.4085309505462646,0.8410582542419434,1.183342695236206,0.10919571667909622,0.4629846513271332,0.39288318157196045,0.8297485113143921,0.4018643796443939,0.3563821315765381,0.0,0.0,0.0,0.0,1984.061238974241,2554.804297788776,3.528086662361739,0.4990329444408417,0.10504265129566193,0.8601300716400146,0.6000236868858337
PINN20260512-HS,6,36,pretrain,3.2582528591156006,0.8107297420501709,1.0923911333084106,0.10635107010602951,0.4240759611129761,0.36296573281288147,0.8591135740280151,0.40231814980506897,0.3518696427345276,0.0,0.0,0.0,0.0,1993.883083332621,2593.5443894408286,3.5344502766510035,0.5026843547821045,0.10653944313526154,0.8605060577392578,0.6236975193023682
PINN20260512-HS,6,38,pretrain,3.123866558074951,0.7834621667861938,1.0260686874389648,0.0941184014081955,0.3999156355857849,0.34116846323013306,0.772734522819519,0.40618643164634705,0.34884247183799744,0.0,0.0,0.0,0.0,1977.3475921041297,2574.624050225586,3.4589893054440504,0.5065187215805054,0.10773422569036484,0.8608232736587524,0.6408550143241882
PINN20260512-HS,6,40,pretrain,2.990063428878784,0.7494548559188843,0.9780682325363159,0.09867647290229797,0.3850727081298828,0.32540470361709595,0.6755276918411255,0.4013335406780243,0.34700557589530945,0.0,0.0,0.0,0.0,1927.4813877181798,2495.5471343975855,3.3357055235685253,0.5103524923324585,0.10856205224990845,0.8610674738883972,0.6520298719406128
PINN20260512-HS,6,42,pretrain,2.8434057235717773,0.7061704397201538,0.9416215419769287,0.11235158145427704,0.37473049759864807,0.31341829895973206,0.6309393048286438,0.3954547345638275,0.34594738483428955,0.0,0.0,0.0,0.0,1848.172746255068,2365.0433399834346,3.1917922422505316,0.5140556693077087,0.1090305894613266,0.8612368106842041,0.6582446694374084
PINN20260512-HS,6,43,pretrain,2.7625207901000977,0.6819057464599609,0.9263509511947632,0.11497686058282852,0.3704816699028015,0.30838313698768616,0.6231478452682495,0.3950384855270386,0.34558796882629395,0.0,0.0,0.0,0.0,1800.6376648287683,2284.9043743666825,3.1152296778424695,0.5158413052558899,0.10914663225412369,0.8612960577011108,0.6598630547523499
PINN20260512-HS,6,45,pretrain,2.5907959938049316,0.6316447257995605,0.8999425768852234,0.10577673465013504,0.36350104212760925,0.299669086933136,0.6175442934036255,0.3964293301105499,0.34500595927238464,0.0,0.0,0.0,0.0,1697.9530323304,2105.0273157372567,2.957916821911854,0.519291341304779,0.10918805748224258,0.8613731861114502,0.6608185768127441
PINN20260512-HS,6,47,pretrain,2.428694009780884,0.5848803520202637,0.8770692944526672,0.08902650326490402,0.35873353481292725,0.29213571548461914,0.6303452253341675,0.3934258818626404,0.3443968594074249,0.0,0.0,0.0,0.0,1597.124525514526,1915.1883719362959,2.80351658274158,0.5226688385009766,0.10905010998249054,0.8614146709442139,0.659669041633606
PINN20260512-HS,6,49,pretrain,2.3028292655944824,0.5468939542770386,0.856297492980957,0.08564574271440506,0.35586604475975037,0.2852436900138855,0.6603443026542664,0.39018309116363525,0.34360313415527344,0.0,0.0,0.0,0.0,1512.3379252005816,1741.6897685868169,2.650766899751928,0.5261003375053406,0.10885235667228699,0.861457347869873,0.6579527854919434
PINN20260512-HS,6,51,pretrain,2.2077853679656982,0.51849764585495,0.8377094268798828,0.08688181638717651,0.35280707478523254,0.2789853513240814,0.6578216552734375,0.39029964804649353,0.34262362122535706,0.0,0.0,0.0,0.0,1447.4475810888628,1602.9022116149195,2.5000940625216557,0.5295631885528564,0.10872175544500351,0.8615395426750183,0.6574764251708984
PINN20260512-HS,6,53,pretrain,2.1241955757141113,0.49543261528015137,0.8193102478981018,0.08475250005722046,0.34696635603904724,0.27266743779182434,0.621900200843811,0.3875047564506531,0.34151050448417664,0.0,0.0,0.0,0.0,1397.3812114093992,1503.432239909734,2.371783093668163,0.5329287648200989,0.10874775052070618,0.8616839051246643,0.659405529499054
PINN20260512-HS,6,54,pretrain,2.082685947418213,0.48425358533859253,0.8084588050842285,0.08442482352256775,0.34260743856430054,0.26900404691696167,0.6069308519363403,0.3859587609767914,0.3409203588962555,0.0,0.0,0.0,0.0,1375.8951177324527,1467.0898915881057,2.3229995887639645,0.5345240831375122,0.10883395373821259,0.8617810606956482,0.6613703966140747
PINN20260512-HS,6,56,pretrain,1.9967174530029297,0.46110641956329346,0.7814570069313049,0.08694452047348022,0.3315768837928772,0.25999289751052856,0.5977623462677002,0.3849104046821594,0.33969226479530334,0.0,0.0,0.0,0.0,1337.7704866680233,1416.2663944329117,2.2589002625030434,0.5374687910079956,0.10914746671915054,0.8620190620422363,0.6670096516609192
PINN20260512-HS,6,58,pretrain,1.906946063041687,0.4376855492591858,0.7491014003753662,0.08858188986778259,0.3194560706615448,0.2493894100189209,0.5999796390533447,0.38300469517707825,0.3384123742580414,0.0,0.0,0.0,0.0,1305.2593611999112,1387.4452691908248,2.23342862754732,0.540033221244812,0.10960259288549423,0.8622996211051941,0.674232006072998
PINN20260512-HS,6,60,pretrain,1.821908712387085,0.41638684272766113,0.715937614440918,0.08632337301969528,0.3089808225631714,0.23869965970516205,0.6090799570083618,0.38031622767448425,0.3370852470397949,0.0,0.0,0.0,0.0,1277.373623886136,1370.4762858218305,2.23780185378935,0.5421959757804871,0.11010648310184479,0.8626001477241516,0.6820927262306213
PINN20260512-HS,6,62,pretrain,1.7519817352294922,0.39875030517578125,0.686592698097229,0.08436185121536255,0.3015364408493042,0.22928190231323242,0.6370042562484741,0.3789111077785492,0.33571451902389526,0.0,0.0,0.0,0.0,1251.0955199344294,1353.270990969658,2.2496738033002517,0.5439721941947937,0.11054755747318268,0.8628963828086853,0.6896825432777405
PINN20260512-HS,6,64,pretrain,1.6952131986618042,0.38395005464553833,0.6634118556976318,0.08418199419975281,0.29658740758895874,0.22181515395641327,0.6602193117141724,0.3766561448574066,0.3343126177787781,0.0,0.0,0.0,0.0,1221.8994946393914,1324.3258662428973,2.23797618765048,0.5454002618789673,0.11083250492811203,0.8631665110588074,0.6962665319442749
PINN20260512-HS,6,66,pretrain,1.6419446468353271,0.3698084056377411,0.6458360552787781,0.08413723111152649,0.29237592220306396,0.2160603404045105,0.6515097618103027,0.3746373653411865,0.33290669322013855,0.0,0.0,0.0,0.0,1187.0427014223203,1277.643631847316,2.1913315033627527,0.5465275049209595,0.11091383546590805,0.8633954524993896,0.7013938426971436
PINN20260512-HS,6,67,pretrain,1.615276575088501,0.36257320642471313,0.638677716255188,0.08440107107162476,0.29000887274742126,0.21368828415870667,0.6385694146156311,0.3739468455314636,0.33221447467803955,0.0,0.0,0.0,0.0,1167.8508038272696,1248.222686462636,2.1585078167312597,0.5469926595687866,0.11087808012962341,0.8634927272796631,0.7033767104148865
PINN20260512-HS,6,69,pretrain,1.5634427070617676,0.3481444716453552,0.6268001198768616,0.08589193224906921,0.28429245948791504,0.20972618460655212,0.6125357151031494,0.37213757634162903,0.33087629079818726,0.0,0.0,0.0,0.0,1128.7042903258587,1182.5848806745332,2.087290574107007,0.5477520227432251,0.11067795753479004,0.8636558055877686,0.7063394784927368
PINN20260512-HS,6,71,pretrain,1.516014814376831,0.33487704396247864,0.6169934272766113,0.0869598463177681,0.2774725556373596,0.2064620852470398,0.596556544303894,0.37028342485427856,0.3296188712120056,0.0,0.0,0.0,0.0,1092.5044050254444,1117.175288394798,2.023345805515475,0.5483151078224182,0.11035501211881638,0.8637881875038147,0.7083798050880432
PINN20260512-HS,6,73,pretrain,1.4738719463348389,0.32353246212005615,0.6075716614723206,0.08627872914075851,0.2701996862888336,0.20334067940711975,0.5890222787857056,0.36885586380958557,0.3284430205821991,0.0,0.0,0.0,0.0,1061.8865287779104,1061.7662760702094,1.975292784164321,0.5487191081047058,0.10997641831636429,0.8639063239097595,0.7100846767425537
PINN20260512-HS,6,75,pretrain,1.4359567165374756,0.3137180805206299,0.5975045561790466,0.08505142480134964,0.2630864679813385,0.20000311732292175,0.5858095288276672,0.367074191570282,0.3273235857486725,0.0,0.0,0.0,0.0,1036.5292446429091,1022.0123225773748,1.9436571906615,0.5490061044692993,0.1096121147274971,0.8640252351760864,0.7119850516319275
PINN20260512-HS,6,77,pretrain,1.399221658706665,0.304419606924057,0.5861926078796387,0.08399738371372223,0.2564961314201355,0.19625233113765717,0.5819641351699829,0.36547285318374634,0.3262265920639038,0.0,0.0,0.0,0.0,1014.6477221183715,998.9156308217426,1.9245078343060913,0.5492201447486877,0.109317846596241,0.8641547560691833,0.714404821395874
PINN20260512-HS,6,78,pretrain,1.3804619312286377,0.2997269034385681,0.5800453424453735,0.0834263265132904,0.25345295667648315,0.19421443343162537,0.5784122347831726,0.3646983206272125,0.3256787955760956,0.0,0.0,0.0,0.0,1004.5208745964417,992.9450513497713,1.9182728628176027,0.5493114590644836,0.109204962849617,0.8642244338989258,0.7158337235450745
PINN20260512-HS,6,80,pretrain,1.3420004844665527,0.290175199508667,0.5670552253723145,0.0820862203836441,0.24787850677967072,0.18991272151470184,0.5681731700897217,0.36291030049324036,0.32458046078681946,0.0,0.0,0.0,0.0,985.3793685682688,989.5126957245167,1.9108276654954635,0.5494793653488159,0.10903926193714142,0.8643711805343628,0.719035267829895
PINN20260512-HS,6,82,pretrain,1.3034007549285889,0.2806297540664673,0.5537331700325012,0.08063076436519623,0.24273332953453064,0.18550418317317963,0.5562986135482788,0.36120104789733887,0.32348403334617615,0.0,0.0,0.0,0.0,967.2720015590237,992.768068332176,1.9081971589489097,0.549639880657196,0.10891616344451904,0.8645214438438416,0.7224449515342712
PINN20260512-HS,6,84,pretrain,1.2654417753219604,0.271284282207489,0.5406589508056641,0.07901234924793243,0.23742671310901642,0.18117180466651917,0.5456647276878357,0.3595304787158966,0.32240018248558044,0.0,0.0,0.0,0.0,949.4465493117556,996.7611298601084,1.9068468184992748,0.5498000383377075,0.10877940058708191,0.8646655082702637,0.725722074508667
PINN20260512-HS,6,86,pretrain,1.2274869680404663,0.2620118260383606,0.528080940246582,0.07695221900939941,0.23121950030326843,0.17698229849338531,0.5370209217071533,0.35782113671302795,0.3213351368904114,0.0,0.0,0.0,0.0,931.0331962395326,996.8626096408672,1.902092521542582,0.5499621033668518,0.10858415812253952,0.8647956252098083,0.7285938858985901
PINN20260512-HS,6,88,pretrain,1.188636302947998,0.25256118178367615,0.5159385204315186,0.07460102438926697,0.22362031042575836,0.1729128658771515,0.5296627879142761,0.3562779128551483,0.3202879726886749,0.0,0.0,0.0,0.0,911.6505292599791,991.4129752529972,1.8904027754478534,0.5501269102096558,0.10831184685230255,0.8649083971977234,0.7309457659721375
PINN20260512-HS,6,90,pretrain,1.148762822151184,0.24287843704223633,0.504045307636261,0.07232879847288132,0.2146611213684082,0.1689125895500183,0.5219848155975342,0.35471677780151367,0.31925442814826965,0.0,0.0,0.0,0.0,891.6345593907854,981.9374025364345,1.8712365970268372,0.5502948760986328,0.1079687848687172,0.8650062680244446,0.7328411340713501
PINN20260512-HS,6,91,pretrain,1.128618836402893,0.23799604177474976,0.4981304407119751,0.07129260897636414,0.2098132222890854,0.16692225635051727,0.517594575881958,0.3539668023586273,0.3187415599822998,0.0,0.0,0.0,0.0,881.5807535331065,976.7391540221985,1.8596614285628097,0.5503804087638855,0.10777745395898819,0.8650516271591187,0.7336750626564026
PINN20260512-HS,6,93,pretrain,1.088221788406372,0.22825120389461517,0.4862295389175415,0.06930948048830032,0.1998128741979599,0.16292734444141388,0.5072200298309326,0.3525320589542389,0.31772178411483765,0.0,0.0,0.0,0.0,861.6297783851252,967.8202958194254,1.835649899852899,0.5505562424659729,0.10737430304288864,0.8651398420333862,0.7352659702301025
PINN20260512-HS,6,95,pretrain,1.0478646755218506,0.21856333315372467,0.47404980659484863,0.06734197586774826,0.1899685263633728,0.1588466316461563,0.49575138092041016,0.35105523467063904,0.3167084753513336,0.0,0.0,0.0,0.0,841.8890217837503,963.3879994581622,1.8148169971632553,0.5507412552833557,0.10697196424007416,0.8652315735816956,0.7369421124458313
PINN20260512-HS,6,97,pretrain,1.007378339767456,0.20886415243148804,0.4613993167877197,0.06529675424098969,0.18061426281929016,0.1546143889427185,0.4844732880592346,0.3496054708957672,0.31569918990135193,0.0,0.0,0.0,0.0,822.1619746132753,964.9133056912419,1.8008420543930022,0.550936758518219,0.10659731924533844,0.8653318881988525,0.7388537526130676
PINN20260512-HS,6,99,pretrain,0.9666522145271301,0.1991206705570221,0.4482663869857788,0.06308341771364212,0.17178314924240112,0.15022939443588257,0.4740685820579529,0.34811994433403015,0.31469133496284485,0.0,0.0,0.0,0.0,802.3263441393408,971.9003614054272,1.7942580681731524,0.5511387586593628,0.10625852644443512,0.8654423356056213,0.7410332560539246
PINN20260512-HS,6,101,pretrain,0.9259731769561768,0.18941569328308105,0.4348180890083313,0.060727111995220184,0.16330619156360626,0.14573638141155243,0.46456342935562134,0.34662318229675293,0.31368228793144226,0.0,0.0,0.0,0.0,782.3822994546847,982.2639347446286,1.7926623037192915,0.5513356328010559,0.10594099760055542,0.8655605912208557,0.7434079051017761
PINN20260512-HS,6,102,pretrain,0.9057798385620117,0.18461406230926514,0.42803534865379333,0.059535253793001175,0.15911608934402466,0.14346878230571747,0.4600783586502075,0.34588634967803955,0.3131767213344574,0.0,0.0,0.0,0.0,772.3648344532525,987.8366514763461,1.7924598242737368,0.5514270067214966,0.10578151792287827,0.8656213879585266,0.7446290254592896
PINN20260512-HS,6,104,pretrain,0.8658334612846375,0.17515520751476288,0.41442370414733887,0.057213425636291504,0.15066280961036682,0.13891716301441193,0.4515472650527954,0.34440937638282776,0.31216296553611755,0.0,0.0,0.0,0.0,752.1801645882455,998.1755544492161,1.7906184104507292,0.5515842437744141,0.10544349998235703,0.8657434582710266,0.7470569610595703
PINN20260512-HS,6,106,pretrain,0.8264708518981934,0.16589777171611786,0.4007335901260376,0.05504073202610016,0.14198392629623413,0.13434211909770966,0.44328975677490234,0.3429752588272095,0.3111468553543091,0.0,0.0,0.0,0.0,731.7520925832737,1006.3279783450324,1.7849625534169735,0.551693856716156,0.10506470501422882,0.8658636212348938,0.7493926882743835
PINN20260512-HS,6,108,pretrain,0.7877730131149292,0.15685822069644928,0.38691577315330505,0.05310458317399025,0.13309945166110992,0.12973076105117798,0.43531543016433716,0.34158220887184143,0.31013184785842896,0.0,0.0,0.0,0.0,711.1782037576799,1012.5077777479045,1.775645664231122,0.5517438054084778,0.10464056581258774,0.8659810423851013,0.7516127228736877
PINN20260512-HS,6,110,pretrain,0.7499306201934814,0.1480889767408371,0.37295231223106384,0.05131089687347412,0.12429356575012207,0.12507638335227966,0.4275250732898712,0.3402206301689148,0.30912211537361145,0.0,0.0,0.0,0.0,690.6862076949271,1018.5181638046521,1.7656538875633625,0.5517304539680481,0.10418146103620529,0.8660973310470581,0.7537667155265808
PINN20260512-HS,6,112,pretrain,0.713015615940094,0.1396300345659256,0.3588189482688904,0.04948565363883972,0.11584258079528809,0.12038123607635498,0.4191513657569885,0.3388855457305908,0.3081205189228058,0.0,0.0,0.0,0.0,670.4482176126654,1026.7053496500348,1.7584599880634373,0.5516583919525146,0.1037079468369484,0.8662152886390686,0.7559441328048706
PINN20260512-HS,6,113,pretrain,0.6949686408042908,0.1355268657207489,0.35172009468078613,0.04854869470000267,0.11181638389825821,0.11801720410585403,0.41480833292007446,0.33821457624435425,0.30762290954589844,0.0,0.0,0.0,0.0,660.4453989543723,1032.2174552874021,1.7565719357181244,0.551602840423584,0.10347282886505127,0.8662756681442261,0.7570682764053345
PINN20260512-HS,6,115,pretrain,0.6596736311912537,0.1275625228881836,0.33744311332702637,0.04666325822472572,0.10421241074800491,0.11325878649950027,0.4053696095943451,0.33687081933021545,0.30663397908210754,0.0,0.0,0.0,0.0,640.7033000929525,1046.4779022989449,1.7550877700591738,0.5514585375785828,0.10301737487316132,0.8664007782936096,0.7594190835952759
PINN20260512-HS,6,117,pretrain,0.6259621381759644,0.11994125694036484,0.32321467995643616,0.04526340216398239,0.09716686606407166,0.10853439569473267,0.39722806215286255,0.33551859855651855,0.3056546449661255,0.0,0.0,0.0,0.0,621.414741738559,1064.49148657939,1.7541021342442122,0.551274299621582,0.10258393734693527,0.8665305376052856,0.761899471282959
PINN20260512-HS,6,119,pretrain,0.5940348505973816,0.11275221407413483,0.30930590629577637,0.04401286691427231,0.09062767028808594,0.10390377044677734,0.39048299193382263,0.33416295051574707,0.3046896159648895,0.0,0.0,0.0,0.0,602.736831046519,1084.5579744762379,1.7540368300302873,0.5510503649711609,0.10216329991817474,0.8666629791259766,0.7644464373588562
PINN20260512-HS,6,121,pretrain,0.5641520023345947,0.1060495674610138,0.29590266942977905,0.04289889708161354,0.0845484808087349,0.0994282141327858,0.3856717050075531,0.332826167345047,0.3037463128566742,0.0,0.0,0.0,0.0,584.7825717734755,1104.7701118332266,1.7555361071719957,0.5507834553718567,0.10173888504505157,0.8667942881584167,0.7669664025306702
PINN20260512-HS,6,123,pretrain,0.536426305770874,0.09986123442649841,0.28316617012023926,0.04188338667154312,0.07887092232704163,0.09516382217407227,0.38257038593292236,0.33151862025260925,0.30283260345458984,0.0,0.0,0.0,0.0,567.6372906619156,1124.0859620153612,1.7588470653020338,0.5504710078239441,0.10129769146442413,0.8669219613075256,0.7693840861320496
PINN20260512-HS,6,125,pretrain,0.5108554363250732,0.09419707953929901,0.2712227702140808,0.04085531830787659,0.07362420856952667,0.09114305675029755,0.3803108334541321,0.3302481174468994,0.3019542098045349,0.0,0.0,0.0,0.0,551.4375247931537,1143.116081157115,1.765206277591243,0.550121009349823,0.10084287822246552,0.8670450448989868,0.7716836929321289
PINN20260512-HS,6,126,pretrain,0.49890393018722534,0.09156268835067749,0.2656121850013733,0.04032821208238602,0.07118667662143707,0.08924520760774612,0.3792351186275482,0.3296205401420593,0.3015289604663849,0.0,0.0,0.0,0.0,543.7420976437267,1152.986123073474,1.7699257417024217,0.5499380230903625,0.10061577707529068,0.86710524559021,0.7727998495101929
PINN20260512-HS,6,128,pretrain,0.47668954730033875,0.08668527007102966,0.2550831437110901,0.039324138313531876,0.06671645492315292,0.08567854762077332,0.377047061920166,0.3283724784851074,0.3007059395313263,0.0,0.0,0.0,0.0,529.2327583398443,1174.0986968734783,1.7823785898962434,0.5495702624320984,0.10017486661672592,0.8672236800193787,0.7749970555305481
PINN20260512-HS,6,130,pretrain,0.4566633701324463,0.08231615275144577,0.2453630566596985,0.03843385726213455,0.06277839094400406,0.08239024132490158,0.3750030994415283,0.327125608921051,0.2999190092086792,0.0,0.0,0.0,0.0,515.9547581910647,1196.9388037823821,1.797475856588706,0.5492134690284729,0.09976121783256531,0.867340087890625,0.7771661877632141
PINN20260512-HS,6,132,pretrain,0.4387197494506836,0.0784376710653305,0.23641282320022583,0.03760964050889015,0.05932047218084335,0.07936251908540726,0.3733420670032501,0.32588088512420654,0.29916906356811523,0.0,0.0,0.0,0.0,503.9110009465957,1220.253149965203,1.812680671872095,0.5488719940185547,0.09937352687120438,0.8674535751342773,0.7792864441871643
PINN20260512-HS,6,134,pretrain,0.4227287471294403,0.07501541823148727,0.22824206948280334,0.036825984716415405,0.056277841329574585,0.07659498602151871,0.3721662759780884,0.3246541917324066,0.29845866560935974,0.0,0.0,0.0,0.0,492.9989382595058,1242.352154181736,1.8264069168671506,0.5485413670539856,0.09900141507387161,0.8675622940063477,0.7813018560409546
PINN20260512-HS,6,136,pretrain,0.4085595905780792,0.07199624180793762,0.22088012099266052,0.03615859895944595,0.05360317975282669,0.07409229874610901,0.3712557554244995,0.3234565258026123,0.2977895736694336,0.0,0.0,0.0,0.0,483.073396338486,1262.1954583185602,1.8386612925789663,0.5482169985771179,0.09863576292991638,0.8676642179489136,0.7831548452377319
PINN20260512-HS,6,137,pretrain,0.4020994007587433,0.07062016427516937,0.21748922765254974,0.035882361233234406,0.052395306527614594,0.0729365274310112,0.37081944942474365,0.322870135307312,0.29747024178504944,0.0,0.0,0.0,0.0,478.4505590967577,1271.2432399033632,1.8444536664633078,0.5480577945709229,0.09845509380102158,0.8677124381065369,0.784011721611023
PINN20260512-HS,6,139,pretrain,0.39030566811561584,0.06810837984085083,0.2112475484609604,0.035427067428827286,0.050226304680109024,0.07080648094415665,0.3698185682296753,0.3217199742794037,0.2968590557575226,0.0,0.0,0.0,0.0,469.8713919786988,1288.0249415286958,1.8558153518904832,0.5477508902549744,0.09810297191143036,0.867803692817688,0.7855933904647827
PINN20260512-HS,6,141,pretrain,0.37988781929016113,0.0658939778804779,0.20566198229789734,0.03507019579410553,0.04836490377783775,0.06887809932231903,0.3687073588371277,0.3205869495868683,0.2962786853313446,0.0,0.0,0.0,0.0,462.18141054135873,1303.7358819945089,1.8671861848714137,0.5474714040756226,0.09777422994375229,0.8678891062736511,0.7870262265205383
PINN20260512-HS,6,143,pretrain,0.3706797957420349,0.06394930183887482,0.20061157643795013,0.034773293882608414,0.04677101969718933,0.06711804866790771,0.3677295446395874,0.31946128606796265,0.29572179913520813,0.0,0.0,0.0,0.0,455.33763228509895,1318.6236669345808,1.8781002443241535,0.5472313761711121,0.09747917950153351,0.8679694533348083,0.7883344888687134
PINN20260512-HS,6,145,pretrain,0.3624913990497589,0.06223948299884796,0.19597308337688446,0.03449741378426552,0.045397017151117325,0.06551197916269302,0.36709147691726685,0.3183448910713196,0.2951839864253998,0.0,0.0,0.0,0.0,449.2011137842381,1331.9831080009985,1.887199300098683,0.547034740447998,0.09721798449754715,0.8680449724197388,0.7895128130912781
PINN20260512-HS,6,147,pretrain,0.35512879490852356,0.060714107006788254,0.1917068362236023,0.0342264398932457,0.04419971629977226,0.06403760612010956,0.36683619022369385,0.31724807620048523,0.29466453194618225,0.0,0.0,0.0,0.0,443.5577928804768,1342.734150902553,1.8931673265978033,0.546876072883606,0.09698059409856796,0.8681144118309021,0.790523111820221
PINN20260512-HS,6,149,pretrain,0.3484290540218353,0.05932045727968216,0.18782475590705872,0.03396933153271675,0.043145474046468735,0.06269385665655136,0.36689281463623047,0.3161793053150177,0.2941635549068451,0.0,0.0,0.0,0.0,438.2446876460683,1350.4218322435402,1.8957604240379355,0.5467496514320374,0.09675771743059158,0.8681774139404297,0.7913297414779663
PINN20260512-HS,6,150,pretrain,0.3452846109867096,0.0586622878909111,0.18601231276988983,0.03384910896420479,0.04266407713294029,0.06206589564681053,0.3669959604740143,0.3156578540802002,0.29391929507255554,0.0,0.0,0.0,0.0,435.69950940986837,1353.2582902018373,1.8960731558533859,0.5466985702514648,0.09665127098560333,0.8682064414024353,0.7916541695594788
PINN20260512-HS,6,152,pretrain,0.33934035897254944,0.05741731822490692,0.18256285786628723,0.03362801671028137,0.04178061708807945,0.060872312635183334,0.3672582507133484,0.31462806463241577,0.29344016313552856,0.0,0.0,0.0,0.0,430.8552178516584,1357.5383972470172,1.8956601170778704,0.546625018119812,0.09645251929759979,0.8682603240013123,0.7921587228775024
PINN20260512-HS,6,154,pretrain,0.3337755799293518,0.056265391409397125,0.1792193055152893,0.03343456983566284,0.04098769649863243,0.059722017496824265,0.3674880862236023,0.3136127293109894,0.2929690480232239,0.0,0.0,0.0,0.0,426.35814244013216,1360.6299552045737,1.8946563845528561,0.5465959906578064,0.09627926349639893,0.868309497833252,0.7924986481666565
PINN20260512-HS,6,156,pretrain,0.3285144567489624,0.055198296904563904,0.17588123679161072,0.0332939438521862,0.04026985913515091,0.05858409032225609,0.3675040304660797,0.31260058283805847,0.29250219464302063,0.0,0.0,0.0,0.0,422.17620728790484,1362.8209255070894,1.8947664532038107,0.5466146469116211,0.09613502025604248,0.8683549165725708,0.7926928997039795
PINN20260512-HS,6,158,pretrain,0.3234966993331909,0.054192688316106796,0.17258481681346893,0.03318007290363312,0.039615850895643234,0.0574658140540123,0.367510050535202,0.31159648299217224,0.2920404076576233,0.0,0.0,0.0,0.0,418.16903729233707,1363.4789143950852,1.8924140754429475,0.5466739535331726,0.0960136130452156,0.8683962821960449,0.792731761932373
PINN20260512-HS,6,160,pretrain,0.31865277886390686,0.053221046924591064,0.16941384971141815,0.03303397819399834,0.03901681303977966,0.05638887360692024,0.36765170097351074,0.3106110692024231,0.29158642888069153,0.0,0.0,0.0,0.0,414.24524740786103,1362.3369168454624,1.8874699825726386,0.5467641353607178,0.09590614587068558,0.8684335350990295,0.7925924062728882
PINN20260512-HS,6,161,pretrain,0.31630054116249084,0.052744023501873016,0.16788479685783386,0.03297144174575806,0.03873588517308235,0.055868037045001984,0.3677743375301361,0.31012678146362305,0.2913627028465271,0.0,0.0,0.0,0.0,412.31844489423463,1361.2296371296065,1.8853775456612267,0.5468190908432007,0.09585653245449066,0.8684505820274353,0.7924516797065735
PINN20260512-HS,6,163,pretrain,0.3117038905620575,0.051812268793582916,0.16486184298992157,0.03290785476565361,0.03821055218577385,0.05484685301780701,0.36751788854599,0.3091637194156647,0.29091891646385193,0.0,0.0,0.0,0.0,408.53641208587516,1358.1466691782593,1.8816523405453016,0.546951174736023,0.09577007591724396,0.8684819340705872,0.7920297384262085
PINN20260512-HS,6,165,pretrain,0.3072534501552582,0.05090299993753433,0.16195203363895416,0.03285030648112297,0.037728503346443176,0.053860776126384735,0.3673291504383087,0.30821338295936584,0.2904820144176483,0.0,0.0,0.0,0.0,404.83499725196685,1354.0227102969875,1.8751983188364696,0.5471064448356628,0.09569601714611053,0.868509829044342,0.7914317846298218
PINN20260512-HS,6,167,pretrain,0.3029089570045471,0.050017789006233215,0.15915466845035553,0.032721616327762604,0.03728711977601051,0.05290648341178894,0.36719071865081787,0.3072759509086609,0.2900514304637909,0.0,0.0,0.0,0.0,401.24542442874036,1349.3379395095951,1.8670872551638902,0.5472825169563293,0.09563472121953964,0.8685351014137268,0.7906728386878967
PINN20260512-HS,6,169,pretrain,0.2987455725669861,0.049163028597831726,0.15642355382442474,0.03267018869519234,0.036886122077703476,0.05197339504957199,0.36705005168914795,0.30634036660194397,0.2896251976490021,0.0,0.0,0.0,0.0,397.78965468573966,1344.489122306313,1.861604082582713,0.5474793910980225,0.09558927267789841,0.8685579299926758,0.7897578477859497
PINN20260512-HS,6,171,pretrain,0.2946693003177643,0.04833245277404785,0.1537318378686905,0.032638709992170334,0.036525312811136246,0.051063816994428635,0.36626842617988586,0.3054094612598419,0.28920239210128784,0.0,0.0,0.0,0.0,394.39534416623127,1339.124714132332,1.857367670838972,0.5476950407028198,0.09556017816066742,0.8685781955718994,0.788669764995575
PINN20260512-HS,6,173,pretrain,0.2907584011554718,0.047512128949165344,0.15122604370117188,0.032638102769851685,0.03619828447699547,0.05021166428923607,0.3657412827014923,0.3044910132884979,0.28878772258758545,0.0,0.0,0.0,0.0,390.9825563564185,1332.791619121309,1.8496756064237112,0.5479177832603455,0.09553677588701248,0.8685959577560425,0.7873851656913757
PINN20260512-HS,6,174,pretrain,0.2888314425945282,0.04710414633154869,0.1500510722398758,0.03259711340069771,0.036046095192432404,0.049809206277132034,0.365503191947937,0.30403968691825867,0.28858378529548645,0.0,0.0,0.0,0.0,389.2812888837582,1329.402309310466,1.8448088289509124,0.5480303168296814,0.09552616626024246,0.8686038255691528,0.7866672873497009
PINN20260512-HS,6,176,pretrain,0.28509098291397095,0.04630141705274582,0.1478067934513092,0.032522592693567276,0.03576451539993286,0.04903648421168327,0.36520737409591675,0.3031406104564667,0.2881806194782257,0.0,0.0,0.0,0.0,385.9447418348901,1322.7223348080277,1.8355452212172527,0.5482600331306458,0.09551022201776505,0.8686182498931885,0.785094141960144
PINN20260512-HS,6,178,pretrain,0.28146892786026,0.04552452266216278,0.1455816924571991,0.03250532224774361,0.03551569581031799,0.048279210925102234,0.36465132236480713,0.30224037170410156,0.28777873516082764,0.0,0.0,0.0,0.0,382.7224843146794,1316.5846440696473,1.8300812557386223,0.54850172996521,0.09550883620977402,0.86863112449646,0.783354640007019
PINN20260512-HS,6,180,pretrain,0.2779381275177002,0.044767994433641434,0.14338570833206177,0.03251860663294792,0.03529723361134529,0.0475388765335083,0.36383700370788574,0.30133700370788574,0.28737807273864746,0.0,0.0,0.0,0.0,379.52890206148993,1310.4546920821033,1.8240900010767571,0.5487527847290039,0.09551997482776642,0.8686426877975464,0.781440019607544
PINN20260512-HS,6,182,pretrain,0.27451345324516296,0.04402117431163788,0.14131340384483337,0.032524678856134415,0.03510228544473648,0.046835098415613174,0.3632437586784363,0.3004445433616638,0.28698232769966125,0.0,0.0,0.0,0.0,376.29810738960674,1303.955808300266,1.815895894856832,0.5490049123764038,0.09553501009941101,0.86865234375,0.7793197631835938
PINN20260512-HS,6,184,pretrain,0.2711653709411621,0.04328044503927231,0.13933631777763367,0.03252842277288437,0.03492891415953636,0.04616323113441467,0.36272865533828735,0.2995600700378418,0.2865908145904541,0.0,0.0,0.0,0.0,373.05376204375693,1297.4881984049027,1.809025899179716,0.5492574572563171,0.0955536887049675,0.8686606884002686,0.7769792079925537
PINN20260512-HS,6,185,pretrain,0.2695273458957672,0.04291358217597008,0.1383541226387024,0.03256719931960106,0.03485099598765373,0.04583252966403961,0.36244189739227295,0.2991165220737457,0.28639543056488037,0.0,0.0,0.0,0.0,371.4265152759022,1294.3253551561138,1.8054876700986773,0.5493853092193604,0.0955660492181778,0.8686642050743103,0.7757316827774048
PINN20260512-HS,6,187,pretrain,0.266281396150589,0.042185671627521515,0.136427104473114,0.032614704221487045,0.03471009060740471,0.04518147185444832,0.3619746267795563,0.2982335090637207,0.2860068082809448,0.0,0.0,0.0,0.0,368.1652354921632,1288.2830628398403,1.7975605299392698,0.5496404767036438,0.09559333324432373,0.8686703443527222,0.7731012105941772
PINN20260512-HS,6,189,pretrain,0.2630774974822998,0.04146597534418106,0.13450878858566284,0.03266653046011925,0.03458961844444275,0.044534459710121155,0.3615763783454895,0.29734641313552856,0.2856198251247406,0.0,0.0,0.0,0.0,364.8989157972383,1282.835092675594,1.7909170020120133,0.5498954653739929,0.09562520682811737,0.8686752915382385,0.7703145146369934
PINN20260512-HS,6,191,pretrain,0.25991395115852356,0.04074990004301071,0.13258105516433716,0.03277076035737991,0.03448783978819847,0.043889120221138,0.3611413836479187,0.29645735025405884,0.2852349281311035,0.0,0.0,0.0,0.0,361.58980558085426,1277.7875410255024,1.7853696291717949,0.5501481890678406,0.09566038846969604,0.8686788082122803,0.7673803567886353
PINN20260512-HS,6,193,pretrain,0.256769597530365,0.04003221541643143,0.13066813349723816,0.032892633229494095,0.034399740397930145,0.04325040802359581,0.36073970794677734,0.2955667972564697,0.28485509753227234,0.0,0.0,0.0,0.0,358.2112025397866,1272.9515407115857,1.7789292962175969,0.550392746925354,0.09569361805915833,0.868680477142334,0.76430743932724
PINN20260512-HS,6,195,pretrain,0.2536463737487793,0.03931351751089096,0.12876199185848236,0.03303147479891777,0.03432226926088333,0.0426146537065506,0.36048614978790283,0.29467615485191345,0.2844817638397217,0.0,0.0,0.0,0.0,354.80844303652077,1268.7663792046194,1.7734257566555507,0.5506258606910706,0.09572195261716843,0.8686801195144653,0.7611505389213562
PINN20260512-HS,6,196,pretrain,0.2520788908004761,0.03895429149270058,0.12778827548027039,0.03311524912714958,0.034288257360458374,0.04229340702295303,0.3602403998374939,0.2942277789115906,0.28429681062698364,0.0,0.0,0.0,0.0,353.1160286471006,1267.076556487413,1.7720805673399411,0.5507386326789856,0.0957350805401802,0.8686790466308594,0.7595685720443726
PINN20260512-HS,6,198,pretrain,0.2489626109600067,0.03823768347501755,0.12580348551273346,0.03334050625562668,0.034227438271045685,0.04164441302418709,0.35968494415283203,0.29332467913627625,0.28393101692199707,0.0,0.0,0.0,0.0,349.72969472865753,1264.1756701503157,1.7687534830552043,0.5509548187255859,0.09575677663087845,0.8686754703521729,0.7564448714256287
PINN20260512-HS,6,200,pretrain,0.24585019052028656,0.03752364590764046,0.12382084876298904,0.03353385254740715,0.03416845202445984,0.040997300297021866,0.35936030745506287,0.2924186587333679,0.28357407450675964,0.0,0.0,0.0,0.0,346.33604526528853,1261.603097253649,1.7642573885384096,0.5511519908905029,0.09576505422592163,0.8686692118644714,0.7533950209617615
PINN20260512-HS,6,202,pretrain,0.2427479475736618,0.03681502491235733,0.1218334436416626,0.03370419889688492,0.03410720452666283,0.040350861847400665,0.3592143654823303,0.2915157675743103,0.28322523832321167,0.0,0.0,0.0,0.0,342.9709809152955,1259.3248687292728,1.7595299992181066,0.5513292551040649,0.09575711190700531,0.8686602115631104,0.7504286766052246
PINN20260512-HS,6,204,pretrain,0.2396891862154007,0.03612029552459717,0.11979120969772339,0.03393153101205826,0.034044623374938965,0.039692554622888565,0.35901951789855957,0.2906058430671692,0.282880038022995,0.0,0.0,0.0,0.0,339.71130896321364,1257.6799076076552,1.7580477908439265,0.5514888763427734,0.09573423117399216,0.8686487674713135,0.7475859522819519
PINN20260512-HS,6,206,pretrain,0.2366381734609604,0.035445280373096466,0.11764959245920181,0.03419370576739311,0.033980417996644974,0.0390101782977581,0.3583999276161194,0.2896856367588043,0.2825341522693634,0.0,0.0,0.0,0.0,336.56306290575026,1256.3280324023658,1.756984549531555,0.5516322255134583,0.0956973060965538,0.8686348795890808,0.7449007630348206
PINN20260512-HS,6,208,pretrain,0.23362259566783905,0.034795068204402924,0.11544480174779892,0.03442566841840744,0.033907320350408554,0.03830307722091675,0.3580396771430969,0.28876379132270813,0.2821887731552124,0.0,0.0,0.0,0.0,333.52272223943004,1254.9467120160919,1.75464695108423,0.5517536997795105,0.09564051777124405,0.8686187267303467,0.7423721551895142
PINN20260512-HS,6,209,pretrain,0.2321193367242813,0.03447975218296051,0.11431600898504257,0.03451674059033394,0.03386640548706055,0.037939026951789856,0.35793763399124146,0.28830063343048096,0.2820162773132324,0.0,0.0,0.0,0.0,332.0493892104004,1254.2797734158037,1.7531735309615062,0.5518054962158203,0.0956043004989624,0.8686097264289856,0.7411822080612183
PINN20260512-HS,6,211,pretrain,0.2291231006383896,0.033867157995700836,0.11200454831123352,0.03466454893350601,0.0337744802236557,0.037191253155469894,0.35784947872161865,0.2873741686344147,0.28167229890823364,0.0,0.0,0.0,0.0,329.1814303123735,1252.9499690729874,1.750168600180228,0.551889181137085,0.09551629424095154,0.8685900568962097,0.7390128970146179
PINN20260512-HS,6,213,pretrain,0.22613391280174255,0.03327144309878349,0.10962902009487152,0.03479982912540436,0.03366626426577568,0.03642112761735916,0.357779860496521,0.2864501476287842,0.2813313901424408,0.0,0.0,0.0,0.0,326.36310300032386,1251.3063673617264,1.7482403822468353,0.5519441962242126,0.09540754556655884,0.8685682415962219,0.7371510863304138
PINN20260512-HS,6,215,pretrain,0.22312718629837036,0.03268561139702797,0.10717453807592392,0.034965068101882935,0.03354036808013916,0.0356280691921711,0.35733258724212646,0.2855331003665924,0.2809932231903076,0.0,0.0,0.0,0.0,323.57566493403056,1249.198743195013,1.7468879753616648,0.5519709587097168,0.09527979046106339,0.8685442805290222,0.7355648279190063
PINN20260512-HS,6,217,pretrain,0.2201051115989685,0.03211505711078644,0.10464233160018921,0.03509313985705376,0.03339540958404541,0.034808892756700516,0.35697370767593384,0.2846237123012543,0.2806571424007416,0.0,0.0,0.0,0.0,320.85946592706284,1246.7750398528196,1.7447758711018166,0.5519692301750183,0.0951312705874443,0.8685186505317688,0.7342687845230103
PINN20260512-HS,6,219,pretrain,0.21706871688365936,0.031567469239234924,0.10201336443424225,0.035155288875103,0.03323294594883919,0.0339534692466259,0.35677534341812134,0.28371891379356384,0.28032079339027405,0.0,0.0,0.0,0.0,318.2501104673807,1244.2015009635697,1.7419434897073403,0.551941454410553,0.09496302902698517,0.868492066860199,0.7332302927970886
PINN20260512-HS,6,220,pretrain,0.21555571258068085,0.031302716583013535,0.10068419575691223,0.03515923395752907,0.03314594551920891,0.03351651504635811,0.35673531889915466,0.28326675295829773,0.2801528871059418,0.0,0.0,0.0,0.0,316.9912138963792,1243.0065365878008,1.740495668705826,0.5519182682037354,0.094871886074543,0.8684784173965454,0.7328299880027771
PINN20260512-HS,6,222,pretrain,0.2125667780637741,0.03078332543373108,0.09808699786663055,0.03512277454137802,0.032961953431367874,0.03266517445445061,0.35672125220298767,0.282368004322052,0.27982234954833984,0.0,0.0,0.0,0.0,314.49721779373505,1240.34727999863,1.7374549530220469,0.551853358745575,0.09467604011297226,0.8684507012367249,0.7323654294013977
PINN20260512-HS,6,224,pretrain,0.20966297388076782,0.0302734337747097,0.09561329334974289,0.03509733825922012,0.03276519104838371,0.03186041861772537,0.3565289378166199,0.28149378299713135,0.2795018255710602,0.0,0.0,0.0,0.0,311.99939903788277,1236.6436936320824,1.735151189588334,0.5517648458480835,0.0944640189409256,0.8684223890304565,0.7321742177009583
PINN20260512-HS,6,226,pretrain,0.2068926990032196,0.02979164943099022,0.09323352575302124,0.03508764132857323,0.03256018087267876,0.031081272289156914,0.35625970363616943,0.28064388036727905,0.27918654680252075,0.0,0.0,0.0,0.0,309.69226156783446,1232.9474339970866,1.7323229721000242,0.5516589879989624,0.09423944354057312,0.8683942556381226,0.7320829629898071
PINN20260512-HS,6,228,pretrain,0.20430393517017365,0.02935628779232502,0.09100641310214996,0.03499337285757065,0.03235636278986931,0.030360527336597443,0.3562055826187134,0.27979445457458496,0.2788739502429962,0.0,0.0,0.0,0.0,307.67404881221296,1229.7554634967066,1.7291371071796675,0.5515421032905579,0.09400581568479538,0.8683673143386841,0.7323970794677734
PINN20260512-HS,6,230,pretrain,0.20193007588386536,0.028969408944249153,0.08893270790576935,0.034870557487010956,0.03215367719531059,0.029678648337721825,0.35633301734924316,0.27896419167518616,0.27856317162513733,0.0,0.0,0.0,0.0,305.7989791104607,1225.9283727037237,1.724886935221376,0.5514172911643982,0.0937657430768013,0.8683416247367859,0.7327337861061096
PINN20260512-HS,6,232,pretrain,0.19979096949100494,0.028620166704058647,0.08709309995174408,0.034744858741760254,0.031955935060977936,0.02908051386475563,0.3565097749233246,0.27815714478492737,0.27826228737831116,0.0,0.0,0.0,0.0,304.09494302766694,1221.860773574469,1.7206767699629248,0.5512858629226685,0.09352102875709534,0.8683174848556519,0.7332996129989624
PINN20260512-HS,6,233,pretrain,0.19881127774715424,0.028460072353482246,0.08624853193759918,0.034699857234954834,0.031859200447797775,0.02880175970494747,0.3565624952316284,0.2777658998966217,0.27811405062675476,0.0,0.0,0.0,0.0,303.29088244620874,1219.6073138514707,1.7186042918913444,0.5512192845344543,0.09339834004640579,0.8683059215545654,0.7335607409477234
PINN20260512-HS,6,235,pretrain,0.19703078269958496,0.028173446655273438,0.08469851315021515,0.034629326313734055,0.031674958765506744,0.028292126953601837,0.35654664039611816,0.27699509263038635,0.2778196334838867,0.0,0.0,0.0,0.0,301.9319045745249,1215.8411183209753,1.7156512087980262,0.5510882139205933,0.09315510839223862,0.8682847023010254,0.7341223359107971
PINN20260512-HS,6,237,pretrain,0.19547946751117706,0.027931569144129753,0.08332718908786774,0.03456554561853409,0.03150639683008194,0.027851253747940063,0.35642209649086,0.2762347459793091,0.2775265872478485,0.0,0.0,0.0,0.0,300.7639102144737,1212.2570890698062,1.713104001790846,0.5509633421897888,0.0929170772433281,0.8682661652565002,0.7347863912582397
PINN20260512-HS,6,239,pretrain,0.1941414475440979,0.027724411338567734,0.08214762806892395,0.03451301157474518,0.03135140612721443,0.027476541697978973,0.35632064938545227,0.27549076080322266,0.2772373855113983,0.0,0.0,0.0,0.0,299.77560618319166,1208.9784944323865,1.7105586652317926,0.5508455038070679,0.09268483519554138,0.8682501912117004,0.7354729175567627
PINN20260512-HS,6,241,physics,0.204386904835701,0.02754146233201027,0.08115391433238983,0.0344788022339344,0.03120666928589344,0.02716081775724888,0.35633033514022827,0.2747742533683777,0.27695387601852417,0.1468576043844223,0.5640451908111572,9.706572257073276e-08,0.0,298.79114517920374,1205.1317355376548,1.7068747994315263,0.5507348775863647,0.0924590602517128,0.8682366013526917,0.7361047267913818
PINN20260512-HS,6,243,physics,0.2034052014350891,0.027374064549803734,0.08033950626850128,0.034468378871679306,0.031070198863744736,0.026905089616775513,0.3564563989639282,0.2740859091281891,0.2766795754432678,0.14633944630622864,0.5654712319374084,9.679254731054243e-08,0.0,297.9949008582194,1201.9756653110744,1.703437689077491,0.5506317019462585,0.09224157780408859,0.8682259321212769,0.7366827130317688
PINN20260512-HS,6,244,physics,0.2029656618833542,0.027299370616674423,0.07997586578130722,0.0344628170132637,0.031007682904601097,0.026793325319886208,0.35654425621032715,0.27374473214149475,0.2765423059463501,0.14606359601020813,0.5661476850509644,9.666497646776406e-08,0.0,297.60919739651865,1200.4912536124534,1.7017802358480878,0.5505848526954651,0.09213776141405106,0.8682219386100769,0.7369617223739624
PINN20260512-HS,6,246,physics,0.20217111706733704,0.027169164270162582,0.07929438352584839,0.034454572945833206,0.030896443873643875,0.026583628728985786,0.35671114921569824,0.2730625867843628,0.27626001834869385,0.1455204337835312,0.5673980116844177,9.646733900581239e-08,0.0,297.08712158641276,1199.0102689301707,1.7001332469330697,0.5505035519599915,0.09194298088550568,0.8682169914245605,0.7374131679534912
PINN20260512-HS,6,248,physics,0.20147496461868286,0.02705462835729122,0.07868584245443344,0.034474410116672516,0.030799316242337227,0.026397688314318657,0.35680800676345825,0.2723897695541382,0.275972843170166,0.1449829787015915,0.568503201007843,9.632841369011658e-08,0.0,296.5251754699759,1197.3560978255382,1.698636239051147,0.5504353642463684,0.09176425635814667,0.8682155013084412,0.7377621531486511
PINN20260512-HS,6,250,physics,0.2008594423532486,0.026944288983941078,0.07817167043685913,0.0345320887863636,0.030709318816661835,0.026248984038829803,0.3568473160266876,0.27174076437950134,0.27569252252578735,0.14442050457000732,0.5695304274559021,9.619947860528555e-08,0.0,295.9173897602167,1195.3448247263213,1.6968899052240243,0.5503743290901184,0.09159745275974274,0.8682166337966919,0.7381801009178162
PINN20260512-HS,6,252,physics,0.20031286776065826,0.026838157325983047,0.07773396372795105,0.034628577530384064,0.030622471123933792,0.026115095242857933,0.35690194368362427,0.27111467719078064,0.2754114270210266,0.14382468163967133,0.5703088641166687,9.603400741298174e-08,0.0,295.4399262117428,1193.9292797314254,1.6955003211048842,0.5503198504447937,0.09144222736358643,0.8682202100753784,0.738395094871521
PINN20260512-HS,6,254,physics,0.19982296228408813,0.026746051385998726,0.07734876126050949,0.03469517081975937,0.03054347075521946,0.025997722521424294,0.35702162981033325,0.2704920768737793,0.27512460947036743,0.1432264745235443,0.5710239410400391,9.588406157945428e-08,0.0,295.06098416259647,1193.0214792701763,1.6942608256204503,0.5502729415893555,0.09129811823368073,0.8682261109352112,0.7385583519935608
PINN20260512-HS,6,256,physics,0.19937856495380402,0.026666676625609398,0.07701548933982849,0.03471572697162628,0.030471129342913628,0.025904865935444832,0.35718947649002075,0.2698742151260376,0.27483657002449036,0.14262963831424713,0.5717861652374268,9.576069714967161e-08,0.0,294.6916953571987,1192.0139470660567,1.692760848303053,0.5502310991287231,0.09116330742835999,0.8682341575622559,0.7388333082199097
PINN20260512-HS,6,257,physics,0.199171245098114,0.02662726491689682,0.07686837762594223,0.034738268703222275,0.03043418750166893,0.02585936337709427,0.35727259516716003,0.2695747911930084,0.27469179034233093,0.14232288300991058,0.5720677971839905,9.567429515300319e-08,0.0,294.53473638520126,1191.5394978765917,1.6920765201163246,0.5502111911773682,0.09109944105148315,0.868238627910614,0.7388742566108704
PINN20260512-HS,6,259,physics,0.19877997040748596,0.02655067667365074,0.0766083151102066,0.03478312864899635,0.03036092221736908,0.0257833544164896,0.357402503490448,0.26899096369743347,0.27440622448921204,0.14171218872070312,0.5726256370544434,9.54955297061133e-08,0.0,294.1424240482831,1190.1884304596479,1.690474325254881,0.5501728057861328,0.0909779965877533,0.8682488799095154,0.7390385270118713
PINN20260512-HS,6,261,physics,0.19841547310352325,0.026480741798877716,0.07636995613574982,0.03482421487569809,0.03029068559408188,0.02571398764848709,0.35746902227401733,0.2684172987937927,0.2741185426712036,0.14113456010818481,0.5731368064880371,9.53396934733064e-08,0.0,293.82725048061826,1189.3114604677785,1.689499508221616,0.5501385927200317,0.09086702764034271,0.8682606816291809,0.7391996383666992
PINN20260512-HS,6,263,physics,0.19807113707065582,0.026419557631015778,0.07614100724458694,0.0348472073674202,0.030223693698644638,0.02564227394759655,0.35751837491989136,0.2678515613079071,0.2738248407840729,0.14058910310268402,0.5735762119293213,9.514394605503185e-08,0.0,293.57925888931595,1188.8093308012012,1.688648909211975,0.5501091480255127,0.0907665565609932,0.8682740330696106,0.7392791509628296
PINN20260512-HS,6,265,physics,0.19774313271045685,0.02636280283331871,0.07592429965734482,0.03486974537372589,0.03015768900513649,0.02557120844721794,0.357515811920166,0.2672996520996094,0.2735297679901123,0.1400718092918396,0.5739442110061646,9.49364675761899e-08,0.0,293.3060608178767,1188.178595582331,1.6880277180305157,0.5500833988189697,0.09067530930042267,0.8682885766029358,0.73931485414505
PINN20260512-HS,6,267,physics,0.19742684066295624,0.026307297870516777,0.07572176307439804,0.034900013357400894,0.0300910584628582,0.02550504542887211,0.3574390709400177,0.2667650282382965,0.2732381224632263,0.1395777463912964,0.5742595791816711,9.475275675185912e-08,0.0,293.0028930104616,1187.3650976005654,1.6873612997886136,0.5500603318214417,0.09059171378612518,0.8683040142059326,0.7393649816513062
PINN20260512-HS,6,268,physics,0.19727273285388947,0.026280758902430534,0.07562568783760071,0.03491143137216568,0.030057640746235847,0.025473542511463165,0.35739627480506897,0.2665030360221863,0.27309316396713257,0.13933542370796204,0.5744013786315918,9.465651373830042e-08,0.0,292.87881452914957,1187.0925090320468,1.6870676490555558,0.5500498414039612,0.09055235981941223,0.8683119416236877,0.7393907904624939
PINN20260512-HS,6,270,physics,0.19697082042694092,0.02623196318745613,0.07543734461069107,0.034918323159217834,0.029991410672664642,0.025408390909433365,0.35733306407928467,0.2659844756126404,0.2728019654750824,0.13886043429374695,0.5746325254440308,9.445165716215342e-08,0.0,292.65667545350817,1186.7373867035622,1.6865210065327636,0.5500317811965942,0.0904785618185997,0.8683283925056458,0.7393833994865417
PINN20260512-HS,6,272,physics,0.19667550921440125,0.026188425719738007,0.0752519741654396,0.03490261361002922,0.029927074909210205,0.02534637041389942,0.35727062821388245,0.2654702365398407,0.2725116014480591,0.13841186463832855,0.5748634338378906,9.428654124121749e-08,0.0,292.4359304830718,1186.4658128239516,1.6860928863868974,0.5500179529190063,0.09041108191013336,0.8683452606201172,0.7394044399261475
PINN20260512-HS,6,274,physics,0.19638408720493317,0.02614535577595234,0.07506930828094482,0.03489413857460022,0.029862631112337112,0.025285091251134872,0.3571449816226959,0.2649705111980438,0.272224485874176,0.1379871815443039,0.5750376582145691,9.417185253823845e-08,0.0,292.1920654723533,1186.1216210827624,1.6860243240674095,0.550007700920105,0.09034963697195053,0.8683626651763916,0.7394080758094788
PINN20260512-HS,6,276,physics,0.19609704613685608,0.026101674884557724,0.07488905638456345,0.034900832921266556,0.029797568917274475,0.025222422555088997,0.35696643590927124,0.264486163854599,0.27194055914878845,0.13757725059986115,0.5751357674598694,9.407940382288871e-08,0.0,291.9549676319963,1185.8313539454082,1.6855585011722916,0.5500003099441528,0.0902935266494751,0.8683801889419556,0.7393608689308167
PINN20260512-HS,6,278,physics,0.19581305980682373,0.026061194017529488,0.07471268624067307,0.034885697066783905,0.02973354421555996,0.02515861764550209,0.3568614721298218,0.2640078365802765,0.271657794713974,0.13716982305049896,0.5752010941505432,9.391415289883298e-08,0.0,291.75348112747514,1185.8740447450564,1.6852735645213375,0.549995481967926,0.09024182707071304,0.868398129940033,0.7392837405204773
PINN20260512-HS,6,279,physics,0.1956726461648941,0.026042280718684196,0.07462212443351746,0.03487612307071686,0.029702726751565933,0.025126798078417778,0.35678815841674805,0.2637702226638794,0.2715165317058563,0.13698060810565948,0.5752343535423279,9.386211274886591e-08,0.0,291.64724786546503,1185.936444334181,1.6855294582922842,0.5499948263168335,0.09021814912557602,0.868407130241394,0.7392497062683105
PINN20260512-HS,6,281,physics,0.19538211822509766,0.02600368857383728,0.07443530857563019,0.034876301884651184,0.02964242734014988,0.025063393637537956,0.3563098907470703,0.26330018043518066,0.2712355852127075,0.1366397589445114,0.5752750635147095,9.389832200668025e-08,0.0,291.426475504543,1186.0070088325785,1.6863439489408207,0.5499966144561768,0.09017497301101685,0.8684253096580505,0.7391735315322876
PINN20260512-HS,6,283,physics,0.19509734213352203,0.025963321328163147,0.07426071166992188,0.034885603934526443,0.029580729082226753,0.02500212751328945,0.35585421323776245,0.26284316182136536,0.2709601819515228,0.1362849771976471,0.5752571821212769,9.388264032850202e-08,0.0,291.1946835881452,1185.8989206504912,1.686178574769544,0.5499985814094543,0.09013371914625168,0.8684431910514832,0.7390623092651367
PINN20260512-HS,6,285,physics,0.19481585919857025,0.02592468447983265,0.07409822940826416,0.03486833721399307,0.02951914072036743,0.024943897500634193,0.355538547039032,0.2623937129974365,0.2706884741783142,0.13591039180755615,0.5752205848693848,9.377357201856285e-08,0.0,290.99467080601323,1186.0013701509793,1.685870313597838,0.5500010848045349,0.0900936871767044,0.8684607744216919,0.7389395833015442
PINN20260512-HS,6,287,physics,0.19454073905944824,0.025888413190841675,0.07393264770507812,0.03484860062599182,0.029460210353136063,0.02488650195300579,0.3552309274673462,0.2619464695453644,0.2704176902770996,0.13555920124053955,0.5751842856407166,9.37065962602901e-08,0.0,290.80278164505233,1186.2577713127953,1.6858405814857795,0.5500062704086304,0.09005718678236008,0.8684784173965454,0.7388145923614502
PINN20260512-HS,6,289,physics,0.19427065551280975,0.025851136073470116,0.07376830279827118,0.03484218567609787,0.02940228581428528,0.02483014203608036,0.35490882396698,0.26150596141815186,0.27015045285224915,0.13522350788116455,0.575121283531189,9.364218556129345e-08,0.0,290.57947224038384,1186.3923254977672,1.6857945236337397,0.5500129461288452,0.09002374112606049,0.868495762348175,0.7386782169342041
PINN20260512-HS,6,291,physics,0.19400420784950256,0.025811906903982162,0.07360947877168655,0.034847889095544815,0.02934461645781994,0.024775449186563492,0.35458603501319885,0.2610725462436676,0.26988765597343445,0.13489343225955963,0.5750254988670349,9.354522489957162e-08,0.0,290.34774409318214,1186.5131162359733,1.6857312804653704,0.5500202178955078,0.08999252319335938,0.8685128688812256,0.7385274767875671
PINN20260512-HS,6,292,physics,0.1938726156949997,0.02579263225197792,0.0735321193933487,0.034848518669605255,0.029316287487745285,0.024749359115958214,0.3544313311576843,0.26085761189460754,0.26975730061531067,0.13473112881183624,0.574979841709137,9.348340768156049e-08,0.0,290.24209991402006,1186.6446919781843,1.685748428857854,0.5500239133834839,0.08997762948274612,0.8685212135314941,0.7384576797485352
PINN20260512-HS,6,294,physics,0.1936081051826477,0.025755899026989937,0.07337892055511475,0.034836702048778534,0.029260795563459396,0.024696899577975273,0.35410892963409424,0.260430246591568,0.26949700713157654,0.13441132009029388,0.5748751163482666,9.332377715054463e-08,0.0,290.0518272654044,1187.0404373904032,1.6862267144966074,0.550031840801239,0.08994930237531662,0.868537962436676,0.7382878065109253
PINN20260512-HS,6,296,physics,0.1933261901140213,0.02572048082947731,0.0732240378856659,0.03480193391442299,0.029207248240709305,0.024646414443850517,0.3535950779914856,0.26000407338142395,0.2692383825778961,0.13412368297576904,0.5747625231742859,9.329372119282198e-08,0.0,289.86171271832364,1187.4197341294273,1.6875268909636771,0.5500410199165344,0.08992334455251694,0.8685544729232788,0.7381116151809692
PINN20260512-HS,6,298,physics,0.1930500566959381,0.025684406980872154,0.07307581603527069,0.03476443886756897,0.029153695330023766,0.024599310010671616,0.353190541267395,0.25958654284477234,0.2689839005470276,0.13384346663951874,0.57462477684021,9.332246264648347e-08,0.0,289.6612110509448,1187.60015367126,1.687930662225177,0.5500494241714478,0.08989810943603516,0.8685703873634338,0.7379222512245178
PINN20260512-HS,6,300,physics,0.1927749216556549,0.02564825676381588,0.07294639945030212,0.03467421233654022,0.02909931167960167,0.02455700747668743,0.3532198667526245,0.25917693972587585,0.2687342166900635,0.1335255354642868,0.5744791030883789,9.31851715790799e-08,0.0,289.463309959138,1187.6908793958132,1.6867963865630957,0.550054669380188,0.08987149596214294,0.8685858249664307,0.7377302646636963
PINN20260512-HS,6,302,physics,0.19250427186489105,0.025613006204366684,0.0728253573179245,0.034547436982393265,0.029045799747109413,0.024515684694051743,0.3536020517349243,0.2587720453739166,0.2684866786003113,0.1331949383020401,0.5743345022201538,9.289978919468922e-08,0.0,289.26111419874604,1187.872362672017,1.6856616645477358,0.5500585436820984,0.08984564989805222,0.868601381778717,0.7375317215919495
PINN20260512-HS,6,303,physics,0.19237437844276428,0.02559531107544899,0.07276256382465363,0.03449573367834091,0.029019970446825027,0.02449476718902588,0.3537833094596863,0.25857099890708923,0.2683632969856262,0.13304594159126282,0.5742660164833069,9.277018619968658e-08,0.0,289.14762935652783,1187.994949484214,1.685706579422368,0.550061047077179,0.08983422815799713,0.8686090707778931,0.737438976764679
PINN20260512-HS,6,305,physics,0.19211260974407196,0.025558272376656532,0.07262463867664337,0.03443518280982971,0.028969665989279747,0.02444756031036377,0.35383927822113037,0.2581753730773926,0.26811686158180237,0.13279809057712555,0.5740797519683838,9.263853684160495e-08,0.0,288.91427956662164,1188.2966801266425,1.6869305425974073,0.5500680208206177,0.08981534093618393,0.8686244487762451,0.7371938824653625
PINN20260512-HS,6,307,physics,0.19185388088226318,0.025520088151097298,0.07248599827289581,0.03440753370523453,0.028919965028762817,0.024400990456342697,0.35365504026412964,0.25778430700302124,0.2678733170032501,0.13257846236228943,0.5738687515258789,9.257207267410195e-08,0.0,288.69141721741573,1188.5755129565812,1.6884952190392295,0.550075352191925,0.08979853242635727,0.8686395287513733,0.7369298934936523
PINN20260512-HS,6,309,physics,0.1916009485721588,0.025483237579464912,0.07236120104789734,0.03436167165637016,0.028869688510894775,0.024359943345189095,0.35357022285461426,0.25739723443984985,0.2676338255405426,0.13233666121959686,0.5736608505249023,9.244081411452498e-08,0.0,288.5015029206954,1188.784410648121,1.6891318551501324,0.5500809550285339,0.08978015929460526,0.8686542510986328,0.73666912317276
PINN20260512-HS,6,311,physics,0.19134920835494995,0.025447923690080643,0.07225166261196136,0.03427964448928833,0.02881871536374092,0.024324655532836914,0.35366809368133545,0.2570168972015381,0.2673987150192261,0.13206271827220917,0.5734569430351257,9.220399022069614e-08,0.0,288.3223158420104,1188.9139476850291,1.689189643951438,0.5500842928886414,0.0897597149014473,0.8686683177947998,0.7364135980606079
PINN20260512-HS,6,313,physics,0.19109535217285156,0.025412309914827347,0.07214630395174026,0.03420472890138626,0.02876802161335945,0.024290064349770546,0.35361725091934204,0.25664222240448,0.2671673595905304,0.13179612159729004,0.5732326507568359,9.197523098691818e-08,0.0,288.12708784493,1189.030960488414,1.690234634615418,0.5500875115394592,0.0897400975227356,0.8686822056770325,0.7361451983451843
PINN20260512-HS,6,315,physics,0.19083553552627563,0.02537621557712555,0.07203122973442078,0.03417208045721054,0.02871924825012684,0.02425183355808258,0.3530752658843994,0.2562759220600128,0.2669377028942108,0.13158029317855835,0.5729853510856628,9.190036109885114e-08,0.0,287.92221714379735,1189.2276380071228,1.692030065306773,0.5500930547714233,0.08972413092851639,0.8686960935592651,0.735858142375946
PINN20260512-HS,6,316,physics,0.19070827960968018,0.025358403101563454,0.07196926325559616,0.034166041761636734,0.028695398941636086,0.024230074137449265,0.3527737855911255,0.25609466433525085,0.2668232023715973,0.13148103654384613,0.5728448629379272,9.187487393091942e-08,0.0,287.83054367978394,1189.3842944986284,1.692809303297039,0.5500963926315308,0.08971713483333588,0.8687030673027039,0.7356887459754944
PINN20260512-HS,6,318,physics,0.19045709073543549,0.025323616340756416,0.07184720039367676,0.03413856774568558,0.02864842116832733,0.024188216775655746,0.35231924057006836,0.2557382583618164,0.26659685373306274,0.131276935338974,0.572580873966217,9.177672666282888e-08,0.0,287.63604118312435,1189.556535016306,1.6934186999106355,0.550102710723877,0.0897032842040062,0.8687167763710022,0.7353775501251221
PINN20260512-HS,6,320,physics,0.1902063637971878,0.025289084762334824,0.07172984629869461,0.034084856510162354,0.02860124781727791,0.024147041141986847,0.35210999846458435,0.25538909435272217,0.2663748562335968,0.13104696571826935,0.5723007321357727,9.155650815273475e-08,0.0,287.44143425226645,1189.610282823749,1.6930745499282964,0.5501075387001038,0.08968853205442429,0.8687304258346558,0.7350516319274902
PINN20260512-HS,6,322,physics,0.18996082246303558,0.02525477483868599,0.07161343842744827,0.03403308987617493,0.028554290533065796,0.02410491369664669,0.35196423530578613,0.25504931807518005,0.2661564350128174,0.13080908358097076,0.5719926357269287,9.128135047831165e-08,0.0,287.2636528522187,1189.7246530185041,1.692877661156339,0.5501117706298828,0.08967393636703491,0.8687436580657959,0.7346931099891663
PINN20260512-HS,6,324,physics,0.1897215098142624,0.02522192895412445,0.0714922845363617,0.03400144726037979,0.028508352115750313,0.02405874989926815,0.35168156027793884,0.2547161877155304,0.2659391462802887,0.130584716796875,0.5716454386711121,9.101191977833878e-08,0.0,287.1337204814161,1190.0977375829264,1.6934902144442652,0.5501164197921753,0.08966092020273209,0.8687570095062256,0.7342686057090759
PINN20260512-HS,6,326,physics,0.18950045108795166,0.025192195549607277,0.07137632369995117,0.03400029242038727,0.02846306562423706,0.02400897443294525,0.35121098160743713,0.2543926537036896,0.2657223045825958,0.13037492334842682,0.5712202191352844,9.075612439346514e-08,0.0,287.08852347751554,1190.7707063074738,1.6948891066040972,0.5501219034194946,0.08964976668357849,0.8687700629234314,0.733713686466217
PINN20260512-HS,6,327,physics,0.18940690159797668,0.025184055790305138,0.07141780108213425,0.03386646509170532,0.028449473902583122,0.024072743952274323,0.35093605518341064,0.254181444644928,0.2656268775463104,0.13030730187892914,0.57177734375,9.078667773110283e-08,0.0,286.56028488783994,1188.2927353981424,1.6927948390132657,0.5501220226287842,0.08964109420776367,0.8687769770622253,0.7346659898757935
PINN20260512-HS,6,329,physics,0.18920864164829254,0.025159824639558792,0.07135383784770966,0.03381720185279846,0.0284085962921381,0.024061430245637894,0.35041970014572144,0.2538449168205261,0.2654173970222473,0.13011379539966583,0.5716332197189331,9.058797445504752e-08,0.0,286.3830476826448,1188.424324473376,1.6933571240034337,0.550125777721405,0.08962899446487427,0.8687900900840759,0.734559178352356
PINN20260512-HS,6,331,physics,0.18888680636882782,0.02511100471019745,0.0711178109049797,0.033849142491817474,0.02836095727980137,0.02395772933959961,0.3500238060951233,0.25354859232902527,0.2652047574520111,0.12988464534282684,0.570982813835144,9.024585523320638e-08,0.0,286.455016647466,1189.9842435931662,1.6948288727223095,0.5501306056976318,0.0896187573671341,0.8688028454780579,0.7336676716804504
PINN20260512-HS,6,333,physics,0.18868322670459747,0.025079984217882156,0.07098690420389175,0.03389841318130493,0.028313009068369865,0.023879414424300194,0.3497418165206909,0.25326815247535706,0.2649938762187958,0.12964531779289246,0.5702056884765625,8.985482224943553e-08,0.0,286.4703573234062,1190.7456697380846,1.6952225550479576,0.5501353740692139,0.08960919082164764,0.8688153624534607,0.7325661182403564
PINN20260512-HS,6,335,physics,0.18844382464885712,0.02504519373178482,0.07087728381156921,0.033853061497211456,0.028271524235606194,0.023847639560699463,0.34948116540908813,0.2529539167881012,0.2647930085659027,0.129439577460289,0.5699597597122192,8.958120645274903e-08,0.0,286.03153508398333,1189.5215424699127,1.6938922903985016,0.5501378178596497,0.08959809690713882,0.8688281774520874,0.7323302030563354
PINN20260512-HS,6,337,physics,0.188205286860466,0.025012921541929245,0.07080309092998505,0.0337502621114254,0.028235899284482002,0.023856984451413155,0.3491143584251404,0.25261515378952026,0.26459717750549316,0.12927751243114471,0.5701079368591309,8.944597595927917e-08,0.0,285.6776483206203,1188.4444139294021,1.6931876926194476,0.5501394271850586,0.08958717435598373,0.8688411712646484,0.732721209526062
PINN20260512-HS,6,338,physics,0.18811334669589996,0.024995602667331696,0.07071761041879654,0.033840276300907135,0.028209952637553215,0.023792844265699387,0.3488803207874298,0.25250232219696045,0.2644929885864258,0.1291666030883789,0.5694599151611328,8.924200756155187e-08,0.0,285.89624702416086,1190.2382114518084,1.6952603278810512,0.5501431226730347,0.08958542346954346,0.8688474297523499,0.7317708730697632
PINN20260512-HS,6,340,physics,0.1878649890422821,0.024960171431303024,0.07060246169567108,0.033796701580286026,0.028172463178634644,0.023769870400428772,0.34839245676994324,0.25218671560287476,0.2642965316772461,0.12901127338409424,0.5693433284759521,8.911702309433167e-08,0.0,285.49596374117095,1189.1090677477823,1.6947144510180543,0.5501463413238525,0.08957725018262863,0.8688604235649109,0.7317386269569397
PINN20260512-HS,6,342,physics,0.18766024708747864,0.024932334199547768,0.07054917514324188,0.033722639083862305,0.028136691078543663,0.023777784779667854,0.34795910120010376,0.2518652081489563,0.26410478353500366,0.12885379791259766,0.5693535804748535,8.901336201461163e-08,0.0,285.24750765782335,1188.524768357816,1.6943403153498868,0.5501479506492615,0.0895678922533989,0.8688733577728271,0.7319229245185852
PINN20260512-HS,6,344,physics,0.1874331682920456,0.02489648014307022,0.07043275237083435,0.033722665160894394,0.028095215559005737,0.02373371832072735,0.3476230502128601,0.2515853941440582,0.26391303539276123,0.12866292893886566,0.5689213275909424,8.879455748456166e-08,0.0,285.19962854989836,1189.216969270116,1.694739817236654,0.5501502156257629,0.08955980092287064,0.8688860535621643,0.7314186692237854
PINN20260512-HS,6,346,physics,0.1872217208147049,0.024861687794327736,0.07030854374170303,0.033757295459508896,0.02805223874747753,0.023672467097640038,0.3473305106163025,0.25132662057876587,0.26372191309928894,0.12846679985523224,0.568289577960968,8.853628941096758e-08,0.0,285.13220617811663,1189.7001197780894,1.6949102243828116,0.550153374671936,0.08955338597297668,0.8688987493515015,0.7305930256843567
PINN20260512-HS,6,348,physics,0.1870081126689911,0.02482907846570015,0.07020784914493561,0.03373980522155762,0.02801395021378994,0.02364087849855423,0.3470136523246765,0.2510470449924469,0.2635347843170166,0.1283034384250641,0.567960262298584,8.837558596042072e-08,0.0,284.83059658330245,1189.0576100425076,1.6941065290986501,0.5501561164855957,0.08954739570617676,0.8689116835594177,0.7302537560462952
PINN20260512-HS,6,350,physics,0.18679480254650116,0.024798043072223663,0.07012607157230377,0.03368809074163437,0.027978938072919846,0.023630987852811813,0.34666144847869873,0.25075483322143555,0.26335135102272034,0.1281644105911255,0.5678415894508362,8.829128717025014e-08,0.0,284.54522377822474,1188.388983035437,1.6933321892970445,0.5501582622528076,0.08954180777072906,0.8689249157905579,0.7302641868591309
PINN20260512-HS,6,351,physics,0.1866961121559143,0.024780098348855972,0.07005438208580017,0.0337357334792614,0.027956971898674965,0.023588528856635094,0.3464975357055664,0.25064322352409363,0.2632586359977722,0.12807267904281616,0.56740403175354,8.815491270297571e-08,0.0,284.61665556498974,1189.288179963124,1.6940981360621648,0.5501605868339539,0.089540496468544,0.8689312934875488,0.7296627163887024
PINN20260512-HS,6,353,physics,0.18648198246955872,0.024748075753450394,0.06995931267738342,0.033698614686727524,0.027920663356781006,0.023564204573631287,0.3462305963039398,0.25036972761154175,0.2630781829357147,0.1279151290655136,0.5671480894088745,8.798372874707638e-08,0.0,284.33068336006227,1188.5815600958986,1.6930723850455236,0.5501620769500732,0.08953528851270676,0.8689444661140442,0.7294536232948303
PINN20260512-HS,6,355,physics,0.1862807273864746,0.024719268083572388,0.06988510489463806,0.03364057466387749,0.027885587885975838,0.023552151396870613,0.34600329399108887,0.2500942051410675,0.26290035247802734,0.127754345536232,0.566966712474823,8.780035898325877e-08,0.0,284.11240623211086,1188.1572917757985,1.6923686048499262,0.5501627326011658,0.0895295962691307,0.86895751953125,0.7293635606765747
PINN20260512-HS,6,357,physics,0.18607598543167114,0.024687577039003372,0.06978766620159149,0.033624760806560516,0.027848221361637115,0.02351774275302887,0.34575414657592773,0.24984042346477509,0.26272425055503845,0.12758313119411469,0.5665799975395203,8.756720148994646e-08,0.0,283.9941680739237,1188.3711541433509,1.6924622703725458,0.5501634478569031,0.08952488750219345,0.8689705729484558,0.7289481163024902
PINN20260512-HS,6,359,physics,0.18587447702884674,0.024655036628246307,0.06967899203300476,0.033637885004282,0.027809981256723404,0.023470817133784294,0.3454691171646118,0.2496013641357422,0.26254990696907043,0.12741303443908691,0.566073477268219,8.732420297974386e-08,0.0,283.88046284924224,1188.6007529864685,1.692699875717307,0.5501647591590881,0.08952131867408752,0.8689836859703064,0.7283390164375305
PINN20260512-HS,6,361,physics,0.18567758798599243,0.024624448269605637,0.06958368420600891,0.03362952172756195,0.02777385711669922,0.02343655750155449,0.34518468379974365,0.24935631453990936,0.2623778283596039,0.127256378531456,0.5656844973564148,8.711889876167334e-08,0.0,283.67003278457173,1188.3199274606145,1.6924195095052643,0.5501657128334045,0.08951809257268906,0.8689968585968018,0.7279180884361267
PINN20260512-HS,6,362,physics,0.1855766624212265,0.024610135704278946,0.06954950839281082,0.03359382227063179,0.02775777317583561,0.023435108363628387,0.3450588583946228,0.2492201328277588,0.26229310035705566,0.12718714773654938,0.5656442642211914,8.705466569836062e-08,0.0,283.55907673710607,1188.1322527395678,1.6921914993548544,0.550165593624115,0.0895160436630249,0.8690035343170166,0.7279616594314575
PINN20260512-HS,6,364,physics,0.18538130819797516,0.024578355252742767,0.06944818794727325,0.033597495406866074,0.02772090770304203,0.023392988368868828,0.3448418974876404,0.2489900141954422,0.26212483644485474,0.12702392041683197,0.5651673078536987,8.683525720698526e-08,0.0,283.4188872058459,1188.1969007702385,1.6920998172356532,0.5501664280891418,0.08951311558485031,0.8690166473388672,0.7274062037467957
PINN20260512-HS,6,366,physics,0.18518725037574768,0.024547360837459564,0.06935930252075195,0.03357921913266182,0.027685439214110374,0.023362545296549797,0.34466123580932617,0.2487523853778839,0.2619594633579254,0.12686480581760406,0.5647868514060974,8.664283512871407e-08,0.0,283.2105555059698,1187.8696266846796,1.6915869879734289,0.5501666069030762,0.08950977772474289,0.8690298795700073,0.7270135879516602
PINN20260512-HS,6,368,physics,0.1849929690361023,0.0245172381401062,0.06927866488695145,0.033541932702064514,0.02765151485800743,0.023341428488492966,0.34449172019958496,0.24850969016551971,0.26179608702659607,0.12671372294425964,0.5644975900650024,8.64894218466361e-08,0.0,282.9886951143102,1187.4655258153814,1.6910382633495291,0.5501664280891418,0.0895063653588295,0.869043231010437,0.7267704606056213
PINN20260512-HS,7,1,pretrain,12.223930358886719,3.0757651329040527,3.8844351768493652,0.608060896396637,1.4290179014205933,1.2964507341384888,2.995762348175049,1.1529980897903442,0.5918638110160828,0.0,0.0,0.0,0.0,3201.7543628454696,4067.638872859782,6.375946029154484,0.4660475254058838,0.0848136842250824,0.8547085523605347,0.0
PINN20260512-HS,7,4,pretrain,11.673429489135742,2.961817741394043,3.692888021469116,0.5528708696365356,1.3913859128952026,1.2310588359832764,2.188981056213379,0.4635714590549469,0.5615292191505432,0.0,0.0,0.0,0.0,3114.6269439533203,3959.0366252410445,5.997029312361079,0.4673416316509247,0.08595778048038483,0.8553884029388428,0.014346577227115631
PINN20260512-HS,7,6,pretrain,11.263720512390137,2.8721213340759277,3.5505669116973877,0.5019104480743408,1.360755443572998,1.1820625066757202,1.6023564338684082,0.4545307755470276,0.5419701933860779,0.0,0.0,0.0,0.0,3044.5924193559963,3870.176869343312,5.7756768679496755,0.46828627586364746,0.0868474617600441,0.8558415174484253,0.02845512330532074
PINN20260512-HS,7,9,pretrain,10.574207305908203,2.7126028537750244,3.310262680053711,0.4181099534034729,1.3043874502182007,1.0994973182678223,1.0236455202102661,0.5903344750404358,0.5141050219535828,0.0,0.0,0.0,0.0,2919.125896565614,3706.3198728658053,5.452543476581694,0.46984314918518066,0.08851664513349533,0.8565186858177185,0.057806722819805145
PINN20260512-HS,7,12,pretrain,9.788241386413574,2.5226998329162598,3.0448217391967773,0.3338475227355957,1.233077883720398,1.0091725587844849,0.8935878276824951,0.4797656834125519,0.48830458521842957,0.0,0.0,0.0,0.0,2768.4062201924053,3498.401063343081,5.225711620862457,0.4715863764286041,0.09058676660060883,0.8571892380714417,0.09827470034360886
PINN20260512-HS,7,14,pretrain,9.230541229248047,2.3837058544158936,2.861165761947632,0.2817918658256531,1.1756997108459473,0.9472894072532654,0.9542648196220398,0.4180799722671509,0.4722091853618622,0.0,0.0,0.0,0.0,2655.864360241313,3331.6555944455004,5.0855989713370935,0.4728749394416809,0.09213553369045258,0.8576330542564392,0.13205136358737946
PINN20260512-HS,7,17,pretrain,8.387317657470703,2.1730990409851074,2.564619302749634,0.22091911733150482,1.0722019672393799,0.8476553559303284,1.0860357284545898,0.4432187080383301,0.449667751789093,0.0,0.0,0.0,0.0,2479.7088538778094,3040.1626601219878,4.813970665516464,0.47504881024360657,0.09463108330965042,0.8582945466041565,0.1934412717819214
PINN20260512-HS,7,19,pretrain,7.824548244476318,2.03371000289917,2.3502233028411865,0.20004408061504364,0.9902468919754028,0.7760180830955505,1.1327567100524902,0.4684475064277649,0.43572112917900085,0.0,0.0,0.0,0.0,2367.3857944999163,2822.9017871686574,4.566300465999345,0.4766996502876282,0.09636785089969635,0.8587316870689392,0.24099144339561462
PINN20260512-HS,7,22,pretrain,6.985270977020264,1.8285670280456543,2.016740322113037,0.19579625129699707,0.8490159511566162,0.6661765575408936,1.058894157409668,0.4413667321205139,0.4166824519634247,0.0,0.0,0.0,0.0,2228.334355522079,2475.4265289036553,4.088601706814589,0.4795590937137604,0.09903678297996521,0.8593799471855164,0.3191221058368683
PINN20260512-HS,7,25,pretrain,6.1802263259887695,1.6366994380950928,1.6981925964355469,0.19113244116306305,0.6960906386375427,0.561481773853302,0.8107393980026245,0.41043877601623535,0.40024179220199585,0.0,0.0,0.0,0.0,2150.8247255413444,2127.0729888746177,3.5337033382851466,0.483053058385849,0.10174603760242462,0.8600181937217712,0.3991885185241699
PINN20260512-HS,7,27,pretrain,5.685337543487549,1.5216262340545654,1.5015461444854736,0.17687535285949707,0.5979999303817749,0.4969768524169922,0.624987781047821,0.41872671246528625,0.3909268081188202,0.0,0.0,0.0,0.0,2140.97489476173,1911.996077401834,3.165544981712382,0.4858338534832001,0.1035635694861412,0.8604371547698975,0.44987252354621887
PINN20260512-HS,7,30,pretrain,5.077141761779785,1.3800771236419678,1.2582345008850098,0.1492379605770111,0.4745749235153198,0.41792768239974976,0.553238570690155,0.42454901337623596,0.37975141406059265,0.0,0.0,0.0,0.0,2178.9364378062983,1640.932585452553,2.728775979378426,0.4908047616481781,0.10628300160169601,0.8610521554946899,0.5172867774963379
PINN20260512-HS,7,33,pretrain,4.692355632781982,1.2876044511795044,1.1002676486968994,0.13751085102558136,0.3950864374637604,0.36633336544036865,0.6874707341194153,0.40746569633483887,0.37218204140663147,0.0,0.0,0.0,0.0,2235.5211920265933,1448.37529666865,2.4698916936376745,0.4969680607318878,0.10886387526988983,0.861632764339447,0.5703738331794739
PINN20260512-HS,7,35,pretrain,4.5173258781433105,1.2455592155456543,1.0307046175003052,0.1306481510400772,0.3662041127681732,0.3433980345726013,0.6826053857803345,0.40996769070625305,0.3691043555736542,0.0,0.0,0.0,0.0,2247.8451903990185,1355.9012224347318,2.344782846129057,0.5017154216766357,0.11034318804740906,0.8619745373725891,0.5960641503334045
PINN20260512-HS,7,38,pretrain,4.275655746459961,1.1811496019363403,0.959561824798584,0.13122421503067017,0.34534338116645813,0.3199237585067749,0.5649204254150391,0.41131332516670227,0.3668493330478668,0.0,0.0,0.0,0.0,2192.9457357627434,1242.4279657187374,2.223160139034034,0.5092852711677551,0.11192916333675385,0.862369179725647,0.619264543056488
PINN20260512-HS,7,40,pretrain,4.089686870574951,1.1254920959472656,0.9238250255584717,0.13934360444545746,0.3373563885688782,0.30808085203170776,0.5146498680114746,0.4044504761695862,0.36632493138313293,0.0,0.0,0.0,0.0,2109.223316768521,1179.574340599184,2.1771450583896823,0.5143649578094482,0.1125389114022255,0.8625442981719971,0.6259437203407288
PINN20260512-HS,7,43,pretrain,3.7627413272857666,1.0262632369995117,0.8802452087402344,0.13353398442268372,0.3272964358329773,0.2934693992137909,0.5009382963180542,0.4034608006477356,0.36595845222473145,0.0,0.0,0.0,0.0,1939.9460044032153,1128.1462117119395,2.1422522579606813,0.5218948721885681,0.11290500313043594,0.8626949787139893,0.6261106729507446
PINN20260512-HS,7,46,pretrain,3.4380807876586914,0.9273334741592407,0.8497205972671509,0.11343695968389511,0.3202057182788849,0.28291597962379456,0.5230624675750732,0.40110546350479126,0.3652295470237732,0.0,0.0,0.0,0.0,1763.351850879455,1157.9461343257726,2.171532381279059,0.5294622778892517,0.1128542348742485,0.8627691268920898,0.6179022789001465
PINN20260512-HS,7,48,pretrain,3.2672410011291504,0.8731327056884766,0.8403795957565308,0.10782628506422043,0.3173840641975403,0.2794441878795624,0.5371870994567871,0.39838358759880066,0.3642980754375458,0.0,0.0,0.0,0.0,1666.9273379484782,1208.526065089206,2.2218685385993378,0.5346558094024658,0.11277015507221222,0.8628325462341309,0.6103196740150452
PINN20260512-HS,7,51,pretrain,3.0615952014923096,0.8094170093536377,0.8226053714752197,0.10472902655601501,0.31114277243614197,0.27323266863822937,0.5057535767555237,0.3975602388381958,0.36239001154899597,0.0,0.0,0.0,0.0,1564.4689194739535,1266.6780372296664,2.2798913313388165,0.5422364473342896,0.11285347491502762,0.8630366921424866,0.6011584997177124
PINN20260512-HS,7,54,pretrain,2.8711347579956055,0.7554316520690918,0.7814581990242004,0.10306880623102188,0.2981622517108917,0.25948119163513184,0.460843026638031,0.3941501975059509,0.3602191209793091,0.0,0.0,0.0,0.0,1495.880677059504,1263.72277418744,2.2672460362173403,0.5485849380493164,0.11332117021083832,0.8633916974067688,0.5974672436714172
PINN20260512-HS,7,56,pretrain,2.7416088581085205,0.7204042077064514,0.7414264678955078,0.10308177024126053,0.28760504722595215,0.2463204264640808,0.44742774963378906,0.39321571588516235,0.3587389290332794,0.0,0.0,0.0,0.0,1461.2988229653783,1230.4015604671508,2.2104107798419235,0.5518185496330261,0.11382538080215454,0.8636938333511353,0.5983197689056396
PINN20260512-HS,7,59,pretrain,2.5653443336486816,0.672649621963501,0.6851956844329834,0.10190016031265259,0.27594929933547974,0.2278614342212677,0.4479089677333832,0.3898411691188812,0.3565528988838196,0.0,0.0,0.0,0.0,1418.3870240523213,1162.8128073770085,2.0986550824576717,0.5551851987838745,0.11469533294439316,0.864193320274353,0.6037710905075073
PINN20260512-HS,7,61,pretrain,2.4700002670288086,0.6457826495170593,0.6583149433135986,0.10046917200088501,0.2733701467514038,0.21908409893512726,0.4571027159690857,0.3887173533439636,0.3551669418811798,0.0,0.0,0.0,0.0,1386.507077154675,1126.0803701334999,2.0449763476460947,0.5565946102142334,0.11519846320152283,0.8645170331001282,0.6088993549346924
PINN20260512-HS,7,64,pretrain,2.331343650817871,0.6047967672348022,0.6323710680007935,0.09766306728124619,0.2717101275920868,0.2105782926082611,0.4483996629714966,0.38590484857559204,0.35325974225997925,0.0,0.0,0.0,0.0,1312.752642351178,1108.4689328077716,2.027612026724082,0.5578830242156982,0.11564639210700989,0.8649243116378784,0.614445686340332
PINN20260512-HS,7,67,pretrain,2.154066801071167,0.5507165193557739,0.6166166663169861,0.09370388090610504,0.26268941164016724,0.205024853348732,0.4154966473579407,0.3842208683490753,0.35159340500831604,0.0,0.0,0.0,0.0,1207.255668862234,1148.8381086993936,2.0865612564505236,0.5586245059967041,0.11573712527751923,0.8652112483978271,0.6120549440383911
PINN20260512-HS,7,69,pretrain,2.0205674171447754,0.5096558928489685,0.6088544726371765,0.09045420587062836,0.25224167108535767,0.20210422575473785,0.398470938205719,0.38295164704322815,0.3505875766277313,0.0,0.0,0.0,0.0,1138.6843285125162,1203.4259948164656,2.1541808398723363,0.5589047074317932,0.11570633202791214,0.8653603792190552,0.6050531268119812
PINN20260512-HS,7,72,pretrain,1.8373658657073975,0.4540424048900604,0.5904085040092468,0.08960720896720886,0.23648321628570557,0.195627361536026,0.37852048873901367,0.38170668482780457,0.3490849435329437,0.0,0.0,0.0,0.0,1067.5428562825944,1275.9687006349334,2.243860060651756,0.5589298605918884,0.11575409770011902,0.8655975461006165,0.5898783802986145
PINN20260512-HS,7,75,pretrain,1.6718103885650635,0.4076172709465027,0.5458112955093384,0.08998071402311325,0.2277812659740448,0.1812199503183365,0.3569224774837494,0.38018304109573364,0.347358763217926,0.0,0.0,0.0,0.0,1011.3587086192515,1231.6499604189496,2.2126324973353997,0.5583768486976624,0.11611274629831314,0.8659282326698303,0.5847815275192261
PINN20260512-HS,7,77,pretrain,1.5635424852371216,0.3771519958972931,0.517169713973999,0.08580680191516876,0.22888197004795074,0.17275787889957428,0.3428378701210022,0.3789861798286438,0.34606531262397766,0.0,0.0,0.0,0.0,974.1629740448977,1143.408118302472,2.1322221046516936,0.5578547120094299,0.11649871617555618,0.8661972880363464,0.5925905108451843
PINN20260512-HS,7,80,pretrain,1.449087381362915,0.34361597895622253,0.49570316076278687,0.07891973853111267,0.23338036239147186,0.16621100902557373,0.326088547706604,0.3771738111972809,0.34402236342430115,0.0,0.0,0.0,0.0,927.4219643722053,1064.3929607997227,2.059644989594974,0.5576170682907104,0.11719806492328644,0.8665899038314819,0.6015234589576721
PINN20260512-HS,7,82,pretrain,1.376150369644165,0.3242040276527405,0.4763692021369934,0.07541390508413315,0.2261866331100464,0.15949229896068573,0.3170766234397888,0.3762195110321045,0.3425663709640503,0.0,0.0,0.0,0.0,894.8499874280604,1067.4718380360205,2.0610517002617024,0.5581953525543213,0.11769462376832962,0.8667994141578674,0.5946857929229736
PINN20260512-HS,7,85,pretrain,1.2517826557159424,0.29308009147644043,0.4396212100982666,0.0692034363746643,0.2020014226436615,0.14654088020324707,0.30725711584091187,0.3749507665634155,0.34021103382110596,0.0,0.0,0.0,0.0,834.4186599064045,1048.500655698412,2.0382319544649565,0.5600187182426453,0.11844053119421005,0.8670442700386047,0.5756840705871582
PINN20260512-HS,7,88,pretrain,1.081140398979187,0.2486594021320343,0.39846324920654297,0.05402430519461632,0.17926238477230072,0.13278117775917053,0.3006856143474579,0.3733997344970703,0.3377770781517029,0.0,0.0,0.0,0.0,751.6639458561252,959.6170785787423,1.9434092749593126,0.5624533295631409,0.11916019767522812,0.8672538995742798,0.5668126344680786
PINN20260512-HS,7,90,pretrain,0.9556807279586792,0.21646864712238312,0.36520934104919434,0.04449436068534851,0.1599331796169281,0.12181305140256882,0.2973681092262268,0.37246933579444885,0.3360729515552521,0.0,0.0,0.0,0.0,692.2287826289803,922.8555547863382,1.8940353223721849,0.5643943548202515,0.11969558894634247,0.8673751950263977,0.5576079487800598
PINN20260512-HS,7,93,pretrain,0.767564594745636,0.17029955983161926,0.3051314651966095,0.034810103476047516,0.12060148268938065,0.10143906623125076,0.29193851351737976,0.3713921010494232,0.3333039879798889,0.0,0.0,0.0,0.0,604.0868108144723,889.9591985029426,1.8329328505637104,0.5676230192184448,0.12065780162811279,0.8675448894500732,0.5262452363967896
PINN20260512-HS,7,96,pretrain,0.6017332673072815,0.12775680422782898,0.25700828433036804,0.0282734464854002,0.09150253236293793,0.08566302061080933,0.2872067093849182,0.37015095353126526,0.3304269313812256,0.0,0.0,0.0,0.0,521.5791826271444,773.0638314524875,1.6872957791206993,0.5702988505363464,0.12165604531764984,0.867766797542572,0.5009634494781494
PINN20260512-HS,7,98,pretrain,0.512967586517334,0.10483932495117188,0.23056256771087646,0.026655642315745354,0.07524881511926651,0.07706575095653534,0.28461721539497375,0.3692823052406311,0.32841983437538147,0.0,0.0,0.0,0.0,477.11005019806487,717.9314251723489,1.6108273149861827,0.5716612935066223,0.1223517432808876,0.8679426312446594,0.48331552743911743
PINN20260512-HS,7,101,pretrain,0.425845742225647,0.08240347355604172,0.20485427975654602,0.02700622007250786,0.05526184290647507,0.06846103817224503,0.28460124135017395,0.3685479462146759,0.325366735458374,0.0,0.0,0.0,0.0,435.2055907844016,613.4099618118375,1.4806518871096728,0.5730844140052795,0.1234033927321434,0.8682243824005127,0.44601115584373474
PINN20260512-HS,7,103,pretrain,0.39621877670288086,0.07515329122543335,0.19203904271125793,0.028133776038885117,0.049394138157367706,0.06432296335697174,0.2856760025024414,0.36776435375213623,0.32342493534088135,0.0,0.0,0.0,0.0,425.2471524008127,539.6120713067861,1.3944617032059237,0.5734365582466125,0.123933807015419,0.8684209585189819,0.4332909882068634
PINN20260512-HS,7,106,pretrain,0.3812190592288971,0.07197350263595581,0.18377017974853516,0.028316063806414604,0.0455244816839695,0.06147898733615875,0.2869740426540375,0.3672926127910614,0.3208067715167999,0.0,0.0,0.0,0.0,422.5893951284154,489.9690360114606,1.3284671122567462,0.5736533403396606,0.12463603913784027,0.8686803579330444,0.40336671471595764
PINN20260512-HS,7,109,pretrain,0.37800726294517517,0.07231876999139786,0.176279217004776,0.02790110558271408,0.04496468976140022,0.05906219035387039,0.28770017623901367,0.3663651645183563,0.31857696175575256,0.0,0.0,0.0,0.0,419.9897320173435,472.2704799688416,1.2936393790339054,0.5734977126121521,0.1250075250864029,0.8688868880271912,0.39351722598075867
PINN20260512-HS,7,111,pretrain,0.370413601398468,0.07025809586048126,0.1752074658870697,0.027040712535381317,0.04475603625178337,0.05862928554415703,0.28254905343055725,0.3660339117050171,0.31739315390586853,0.0,0.0,0.0,0.0,410.83978400953333,476.8415617372294,1.2789802167573312,0.5735054612159729,0.12520208954811096,0.868979275226593,0.38199326395988464
PINN20260512-HS,7,114,pretrain,0.3452836275100708,0.06454403698444366,0.16356804966926575,0.02568986639380455,0.04185360670089722,0.05472428351640701,0.2765493094921112,0.364888072013855,0.3159025311470032,0.0,0.0,0.0,0.0,387.5135683108399,489.53737727572957,1.2802564080866894,0.5735592842102051,0.1253218799829483,0.8690669536590576,0.38212844729423523
PINN20260512-HS,7,117,pretrain,0.3136436343193054,0.05684198439121246,0.15172359347343445,0.02369675412774086,0.03812325745820999,0.05062907189130783,0.2744067311286926,0.3639274835586548,0.3148488700389862,0.0,0.0,0.0,0.0,363.6779567831958,494.49277990178985,1.2839153374707704,0.5738632082939148,0.12543712556362152,0.8691002130508423,0.3783811330795288
PINN20260512-HS,7,119,pretrain,0.2961982488632202,0.05303385481238365,0.14346271753311157,0.02200515940785408,0.0357639417052269,0.047861646860837936,0.2728622853755951,0.3631245493888855,0.31427329778671265,0.0,0.0,0.0,0.0,351.2205170010716,507.63177168593376,1.2978824446607515,0.5740691423416138,0.12549588084220886,0.8691092133522034,0.38022831082344055
PINN20260512-HS,7,122,pretrain,0.28051427006721497,0.04976625740528107,0.13576644659042358,0.02037673443555832,0.033173415809869766,0.045308198779821396,0.2695128917694092,0.3622187674045563,0.31355181336402893,0.0,0.0,0.0,0.0,344.07774148802474,510.93417812375793,1.3016390625517635,0.5743930339813232,0.1256338506937027,0.8691162467002869,0.3776361346244812
PINN20260512-HS,7,125,pretrain,0.27561378479003906,0.04926980659365654,0.13098962604999542,0.01955675706267357,0.03196576610207558,0.0437917560338974,0.26768985390663147,0.3612901568412781,0.3127482235431671,0.0,0.0,0.0,0.0,342.96817909975266,527.5266877135223,1.322022574862787,0.5745934844017029,0.1257920265197754,0.8691368699073792,0.37628620862960815
PINN20260512-HS,7,127,pretrain,0.2746562063694,0.049383796751499176,0.12900784611701965,0.019302118569612503,0.03162435069680214,0.04312931001186371,0.2676706910133362,0.36073434352874756,0.312106728553772,0.0,0.0,0.0,0.0,343.3248507244997,525.5517636256204,1.3219460329600068,0.5746749043464661,0.12591399252414703,0.8691617250442505,0.37403562664985657
PINN20260512-HS,7,130,pretrain,0.2717571556568146,0.0490395613014698,0.1257038563489914,0.01924983784556389,0.0315474197268486,0.04198088496923447,0.26628994941711426,0.35986366868019104,0.31091412901878357,0.0,0.0,0.0,0.0,340.1250459389899,537.059063325441,1.3304364239006483,0.5747149586677551,0.1261010318994522,0.869216799736023,0.3709774911403656
PINN20260512-HS,7,132,pretrain,0.2682695686817169,0.04832373559474945,0.12323233485221863,0.019347405061125755,0.031507886946201324,0.041092030704021454,0.2647661864757538,0.35932037234306335,0.3100016415119171,0.0,0.0,0.0,0.0,337.0501168224097,533.4934395098031,1.3236883716140428,0.5747199058532715,0.1262340396642685,0.8692611455917358,0.36773619055747986
PINN20260512-HS,7,135,pretrain,0.26185742020606995,0.046902984380722046,0.11933059990406036,0.019294295459985733,0.03148554265499115,0.039709191769361496,0.2636611759662628,0.35845544934272766,0.3085063099861145,0.0,0.0,0.0,0.0,331.329448019641,536.5541969363393,1.3248438289765052,0.5747061371803284,0.1264326423406601,0.8693316578865051,0.3634272515773773
PINN20260512-HS,7,138,pretrain,0.2554859519004822,0.045486196875572205,0.11582206189632416,0.01892605610191822,0.03124980628490448,0.03851444646716118,0.2640248239040375,0.35757437348365784,0.30698227882385254,0.0,0.0,0.0,0.0,327.12513135266755,525.6316438343491,1.313897783958518,0.5747123956680298,0.1266338974237442,0.8693967461585999,0.3589046001434326
PINN20260512-HS,7,140,pretrain,0.2517574429512024,0.04464711248874664,0.1139463260769844,0.018771158531308174,0.030876321718096733,0.037917543202638626,0.2640090882778168,0.35702136158943176,0.3060118854045868,0.0,0.0,0.0,0.0,324.80121324434737,523.8018172457977,1.3097053571166888,0.5747518539428711,0.1267726868391037,0.8694328665733337,0.35495638847351074
PINN20260512-HS,7,143,pretrain,0.24729157984256744,0.04369534179568291,0.11144867539405823,0.018708672374486923,0.0303863063454628,0.03723040223121643,0.2623424530029297,0.3560708463191986,0.30460432171821594,0.0,0.0,0.0,0.0,323.1757697058986,512.0370469995311,1.291572561669131,0.574851393699646,0.1269637942314148,0.8694759607315063,0.3510606288909912
PINN20260512-HS,7,146,pretrain,0.2438013106584549,0.04297395050525665,0.10949794203042984,0.01871364377439022,0.029870711266994476,0.03668229281902313,0.2603510916233063,0.3551435172557831,0.30331289768218994,0.0,0.0,0.0,0.0,321.75551180205133,506.9634633038164,1.2816746392844163,0.57503342628479,0.1271422654390335,0.8695040941238403,0.3466002941131592
PINN20260512-HS,7,148,pretrain,0.2415529191493988,0.04258224368095398,0.10779649764299393,0.018610879778862,0.029656965285539627,0.0361606702208519,0.2596399188041687,0.35442203283309937,0.302471786737442,0.0,0.0,0.0,0.0,320.49005444787207,505.8793705024944,1.2796096348681976,0.5751712918281555,0.12723791599273682,0.8695167303085327,0.34574317932128906
PINN20260512-HS,7,151,pretrain,0.23786890506744385,0.04187506437301636,0.10532184690237045,0.01841180957853794,0.029346022754907608,0.035315386950969696,0.25930243730545044,0.35341042280197144,0.3013109564781189,0.0,0.0,0.0,0.0,317.8887875499858,506.5756668554067,1.2803626621548139,0.5754095315933228,0.12736442685127258,0.8695256114006042,0.34390583634376526
PINN20260512-HS,7,153,pretrain,0.23524576425552368,0.04137597233057022,0.10342460870742798,0.018312176689505577,0.029213037341833115,0.034662578254938126,0.259014755487442,0.35268715023994446,0.3005727231502533,0.0,0.0,0.0,0.0,315.5563415422038,511.0779508793155,1.2844147837020339,0.5755561590194702,0.127427875995636,0.8695266246795654,0.3441964387893677
PINN20260512-HS,7,156,pretrain,0.23129025101661682,0.04056724160909653,0.1008174940943718,0.01829807087779045,0.028996311128139496,0.0337550975382328,0.2579318881034851,0.351648211479187,0.2995557188987732,0.0,0.0,0.0,0.0,312.2278565006652,514.4511942351771,1.2862346413846286,0.575764000415802,0.12750767171382904,0.8695212006568909,0.3446107506752014
PINN20260512-HS,7,159,pretrain,0.22757530212402344,0.03979863226413727,0.09842971712350845,0.018300995230674744,0.028740933164954185,0.03293805941939354,0.2570289969444275,0.35061341524124146,0.29861176013946533,0.0,0.0,0.0,0.0,308.9148724770305,519.7866449323222,1.2915552237654335,0.5759599804878235,0.12757228314876556,0.8695102334022522,0.3452744483947754
PINN20260512-HS,7,161,pretrain,0.2252398133277893,0.0393306165933609,0.09687068313360214,0.01826968975365162,0.028576675802469254,0.032424308359622955,0.25654470920562744,0.34988534450531006,0.29799240827560425,0.0,0.0,0.0,0.0,307.0172150100056,520.1440004940939,1.2914110556169835,0.5760880708694458,0.1276075541973114,0.8695018291473389,0.34615030884742737
PINN20260512-HS,7,164,pretrain,0.2218109518289566,0.03864845633506775,0.09463803470134735,0.018202710896730423,0.02822675183415413,0.031670842319726944,0.2560180425643921,0.3488233685493469,0.29707837104797363,0.0,0.0,0.0,0.0,304.2162060114484,520.1697739680767,1.2919239632832924,0.5762997269630432,0.12766242027282715,0.8694888353347778,0.3461664617061615
PINN20260512-HS,7,167,pretrain,0.21838299930095673,0.03798443824052811,0.09232097864151001,0.01809120923280716,0.027890456840395927,0.03089740313589573,0.2556956112384796,0.347714900970459,0.2961360812187195,0.0,0.0,0.0,0.0,301.48525565108486,518.5652984436965,1.2898812107437212,0.5765089988708496,0.12771329283714294,0.8694779276847839,0.3461533784866333
PINN20260512-HS,7,169,pretrain,0.21612320840358734,0.03754257783293724,0.09080395102500916,0.018071020022034645,0.027648620307445526,0.03039131872355938,0.2551925778388977,0.3469806909561157,0.29550182819366455,0.0,0.0,0.0,0.0,299.79515141592935,515.5203075534464,1.28563038613962,0.5766372680664062,0.12774761021137238,0.8694719672203064,0.3458090126514435
PINN20260512-HS,7,172,pretrain,0.21281133592128754,0.03688666969537735,0.08862170577049255,0.018071258440613747,0.027275066822767258,0.02967476099729538,0.2543448209762573,0.34588858485221863,0.2945519983768463,0.0,0.0,0.0,0.0,297.1664621891239,513.4086761538025,1.2818270258825715,0.5767936706542969,0.1277993619441986,0.8694644570350647,0.3451675474643707
PINN20260512-HS,7,174,pretrain,0.21066948771476746,0.03646229952573776,0.08723083138465881,0.018034501001238823,0.027033500373363495,0.02922731824219227,0.2540116608142853,0.3451586365699768,0.29392457008361816,0.0,0.0,0.0,0.0,295.53452632475955,511.1999517067661,1.2791243193352986,0.5768703818321228,0.12783414125442505,0.8694604635238647,0.3448655903339386
PINN20260512-HS,7,177,pretrain,0.20756952464580536,0.03584644943475723,0.08526548743247986,0.017946908250451088,0.026661008596420288,0.028585592284798622,0.2537308633327484,0.34409207105636597,0.29301202297210693,0.0,0.0,0.0,0.0,293.06350634290857,509.91825325242087,1.2773707976984512,0.5769562721252441,0.12789222598075867,0.8694549798965454,0.3440066874027252
PINN20260512-HS,7,180,pretrain,0.20457273721694946,0.03526173159480095,0.08329354971647263,0.017871249467134476,0.026335015892982483,0.027933785691857338,0.25326472520828247,0.3430168330669403,0.29212525486946106,0.0,0.0,0.0,0.0,290.66498380867966,509.1320893196578,1.2753826216506554,0.5770118832588196,0.1279556304216385,0.8694509267807007,0.34330371022224426
PINN20260512-HS,7,182,pretrain,0.20261551439762115,0.03488326817750931,0.08198245614767075,0.01784883253276348,0.026127034798264503,0.02749144472181797,0.2526775598526001,0.34231114387512207,0.29155653715133667,0.0,0.0,0.0,0.0,289.15669411237917,508.145094928604,1.2728568069803643,0.5770367383956909,0.12800201773643494,0.8694484829902649,0.3427010774612427
PINN20260512-HS,7,185,pretrain,0.19975915551185608,0.03433290868997574,0.08005871623754501,0.01783446967601776,0.025822756811976433,0.026841940358281136,0.25162041187286377,0.3412554860115051,0.2907385230064392,0.0,0.0,0.0,0.0,286.8891472546496,508.2087108167273,1.2714550607537094,0.5770530700683594,0.12807470560073853,0.8694450259208679,0.34179431200027466
PINN20260512-HS,7,188,pretrain,0.19700907170772552,0.03380921483039856,0.07824377715587616,0.017705636098980904,0.025525318458676338,0.026233602315187454,0.2511601150035858,0.340211421251297,0.2899567782878876,0.0,0.0,0.0,0.0,284.7151262665895,508.3412055401372,1.2715649796848798,0.5770452618598938,0.12814722955226898,0.8694418668746948,0.34100133180618286
PINN20260512-HS,7,190,pretrain,0.19524818658828735,0.033470358699560165,0.07710899412631989,0.01762731745839119,0.02532620169222355,0.025850987061858177,0.2508368492126465,0.3395335078239441,0.2894514799118042,0.0,0.0,0.0,0.0,283.2916590062263,508.44081513977613,1.2712374748274278,0.5770320296287537,0.12819503247737885,0.8694398403167725,0.34035104513168335
PINN20260512-HS,7,193,pretrain,0.1927165687084198,0.032980456948280334,0.07546573877334595,0.017574844881892204,0.02505556121468544,0.02529713325202465,0.24994118511676788,0.33851173520088196,0.2886981666088104,0.0,0.0,0.0,0.0,281.1606802613054,508.89699964727635,1.2700829050744986,0.5770062208175659,0.12826289236545563,0.869437575340271,0.33951032161712646
PINN20260512-HS,7,195,pretrain,0.1911025196313858,0.03266851231455803,0.07441365718841553,0.017553461715579033,0.024883512407541275,0.02493814378976822,0.2493017166852951,0.33783552050590515,0.28819936513900757,0.0,0.0,0.0,0.0,279.8265506300287,508.4950374634938,1.2687245269342502,0.5769909620285034,0.12830610573291779,0.8694363236427307,0.338916152715683
PINN20260512-HS,7,198,pretrain,0.1887882649898529,0.032227106392383575,0.07290953397750854,0.017480172216892242,0.02461903728544712,0.024421943351626396,0.24864131212234497,0.33682605624198914,0.28746235370635986,0.0,0.0,0.0,0.0,277.92741577163633,508.03123366088425,1.2675034313070708,0.5769745707511902,0.12836827337741852,0.8694342970848083,0.3379259705543518
PINN20260512-HS,7,201,pretrain,0.1866036355495453,0.03181564062833786,0.0714910700917244,0.017395948991179466,0.0243464894592762,0.023943187668919563,0.24805530905723572,0.3358187973499298,0.28674250841140747,0.0,0.0,0.0,0.0,276.20859418200587,507.12111780619034,1.2654457197510096,0.5769640803337097,0.12842649221420288,0.8694319128990173,0.33698347210884094
PINN20260512-HS,7,203,pretrain,0.18522076308727264,0.031555019319057465,0.07059881091117859,0.017364922910928726,0.02416209504008293,0.023644180968403816,0.2475021332502365,0.335152268409729,0.28627461194992065,0.0,0.0,0.0,0.0,275.14378343422555,506.25873449255175,1.263410680228772,0.5769607424736023,0.12846370041370392,0.8694300651550293,0.33632519841194153
PINN20260512-HS,7,206,pretrain,0.18326058983802795,0.0311861801892519,0.06933872401714325,0.017319709062576294,0.023902904242277145,0.023219740018248558,0.24669843912124634,0.3341604769229889,0.285586416721344,0.0,0.0,0.0,0.0,273.56650528253635,505.4314060780157,1.2612499609414007,0.5769615769386292,0.12851689755916595,0.8694268465042114,0.3354201316833496
PINN20260512-HS,7,209,pretrain,0.1814298778772354,0.030843671411275864,0.06817605346441269,0.01723174750804901,0.023672843351960182,0.022821418941020966,0.24619561433792114,0.3331783413887024,0.2849138081073761,0.0,0.0,0.0,0.0,272.0378678833151,504.6879140865174,1.2601041382528249,0.5769696831703186,0.12856733798980713,0.8694233298301697,0.33466190099716187
PINN20260512-HS,7,211,pretrain,0.1802784651517868,0.030628371983766556,0.06746159493923187,0.017155107110738754,0.023529456928372383,0.022572949528694153,0.2459726333618164,0.3325336277484894,0.2844772934913635,0.0,0.0,0.0,0.0,271.0642509166415,504.2149374274824,1.2592882347335057,0.5769792199134827,0.12860003113746643,0.8694207668304443,0.3341847062110901
PINN20260512-HS,7,214,pretrain,0.17865249514579773,0.030322346836328506,0.06646213680505753,0.017088456079363823,0.023327404633164406,0.022229906171560287,0.24526247382164001,0.33157622814178467,0.28383997082710266,0.0,0.0,0.0,0.0,269.6748041623466,503.8335073464249,1.2573495051616197,0.5769973397254944,0.12864746153354645,0.8694164156913757,0.3335990309715271
PINN20260512-HS,7,217,pretrain,0.1771431416273117,0.030038554221391678,0.06554625928401947,0.017034480348229408,0.023137448355555534,0.021919287741184235,0.24445296823978424,0.33062925934791565,0.28322166204452515,0.0,0.0,0.0,0.0,268.4077180801625,503.2972375992143,1.255616477091022,0.5770238041877747,0.12869365513324738,0.8694114685058594,0.33310699462890625
PINN20260512-HS,7,219,pretrain,0.17619861662387848,0.029861964285373688,0.06498312950134277,0.016981421038508415,0.023017054423689842,0.021726103499531746,0.2440539300441742,0.3300063908100128,0.28281766176223755,0.0,0.0,0.0,0.0,267.6123011933495,502.89511829008643,1.254827714430375,0.5770481824874878,0.12872400879859924,0.8694079518318176,0.33277302980422974
PINN20260512-HS,7,222,pretrain,0.1748615801334381,0.029614388942718506,0.06420239806175232,0.016864102333784103,0.022851044312119484,0.021455002948641777,0.24367955327033997,0.32908234000205994,0.28221720457077026,0.0,0.0,0.0,0.0,266.4665639203163,502.35916869805413,1.2542447943888162,0.5770947337150574,0.12876780331134796,0.8694025874137878,0.3323633372783661
PINN20260512-HS,7,224,pretrain,0.17402541637420654,0.029458235949277878,0.06372073292732239,0.016812916845083237,0.022746985778212547,0.02128828875720501,0.24325722455978394,0.3284728229045868,0.2818203866481781,0.0,0.0,0.0,0.0,265.7492797497295,501.92425038545406,1.2528298290514837,0.5771317481994629,0.12879568338394165,0.8693989515304565,0.3321337401866913
PINN20260512-HS,7,227,pretrain,0.17284740507602692,0.029235849156975746,0.06305178999900818,0.01678544096648693,0.022595323622226715,0.021061550825834274,0.24229547381401062,0.3275718688964844,0.28123268485069275,0.0,0.0,0.0,0.0,264.7461342966125,501.3641858719069,1.250510922985444,0.5771958231925964,0.1288357973098755,0.8693932294845581,0.331840455532074
PINN20260512-HS,7,230,pretrain,0.17175225913524628,0.029031138867139816,0.062449343502521515,0.016717644408345222,0.022449621930718422,0.020859209820628166,0.24164313077926636,0.3266829550266266,0.28065529465675354,0.0,0.0,0.0,0.0,263.8378704337192,500.68212845077664,1.2496723540784953,0.5772721171379089,0.1288744956254959,0.869387149810791,0.33159589767456055
PINN20260512-HS,7,232,pretrain,0.17106321454048157,0.028903743252158165,0.06208166480064392,0.016640551388263702,0.022358838468790054,0.02073335088789463,0.2414463609457016,0.3260996639728546,0.2802756130695343,0.0,0.0,0.0,0.0,263.26930425421796,500.1038798339801,1.2491476496339893,0.5773302912712097,0.12889975309371948,0.8693829774856567,0.3314591646194458
PINN20260512-HS,7,235,pretrain,0.17009052634239197,0.028721489012241364,0.061565153300762177,0.016587354242801666,0.02223377488553524,0.02055690810084343,0.24070563912391663,0.3252376914024353,0.279713898897171,0.0,0.0,0.0,0.0,262.44107969694835,499.36476835575814,1.2468230647050544,0.5774258971214294,0.12893661856651306,0.8693765997886658,0.3313179910182953
PINN20260512-HS,7,238,pretrain,0.1691843867301941,0.028549548238515854,0.061095017939805984,0.01656564138829708,0.022117823362350464,0.020399220287799835,0.2397676408290863,0.32439446449279785,0.279164582490921,0.0,0.0,0.0,0.0,261.6642797794533,498.7036475954432,1.244893422798117,0.5775298476219177,0.1289723664522171,0.8693699240684509,0.3312593400478363
PINN20260512-HS,7,240,pretrain,0.1686135232448578,0.028441786766052246,0.06081172823905945,0.016522051766514778,0.022044796496629715,0.02030319720506668,0.23937161266803741,0.3238440454006195,0.2788061499595642,0.0,0.0,0.0,0.0,261.1745255810758,498.2469737740511,1.244389949554414,0.5776046514511108,0.12899595499038696,0.8693655133247375,0.33124232292175293
PINN20260512-HS,7,243,physics,0.17819885909557343,0.02828771434724331,0.0604313462972641,0.01646008901298046,0.02193504013121128,0.020171059295535088,0.23881131410598755,0.3230399191379547,0.2782851755619049,0.3666343092918396,0.20395857095718384,1.2634980350867409e-07,0.0,260.51292554305246,497.51226429606737,1.24294498770279,0.5777329802513123,0.12903080880641937,0.8693588972091675,0.3311157524585724
PINN20260512-HS,7,245,physics,0.17767417430877686,0.028191596269607544,0.060172393918037415,0.016444798558950424,0.021875007078051567,0.020091848447918892,0.23821201920509338,0.3224969506263733,0.27793875336647034,0.36595773696899414,0.2039981335401535,1.264991880134403e-07,0.0,260.03628052158416,497.5815887872058,1.2420100936706535,0.5778315663337708,0.12905088067054749,0.869355320930481,0.3313004672527313
PINN20260512-HS,7,248,physics,0.17691409587860107,0.028052767738699913,0.05982210859656334,0.016414174810051918,0.021789425984025,0.01997043564915657,0.23748403787612915,0.3217107355594635,0.27742910385131836,0.36425861716270447,0.2040809988975525,1.266411828737546e-07,0.0,259.4126930443073,496.3755351294018,1.240329721677708,0.578001081943512,0.12907925248146057,0.8693506121635437,0.33148619532585144
PINN20260512-HS,7,251,physics,0.1761830896139145,0.02791968174278736,0.05951179936528206,0.016372423619031906,0.02170736715197563,0.019854368641972542,0.23693552613258362,0.32094961404800415,0.27693066000938416,0.36191385984420776,0.20419229567050934,1.2670516014168243e-07,0.0,258.7721608867538,495.6838237475579,1.2391252688215257,0.5781894326210022,0.1291051208972931,0.8693468570709229,0.33166390657424927
PINN20260512-HS,7,253,physics,0.17571164667606354,0.027835039421916008,0.05931112915277481,0.01635793223977089,0.021656963974237442,0.019787326455116272,0.23646816611289978,0.32044750452041626,0.276602566242218,0.36008697748184204,0.20429714024066925,1.2681175576290116e-07,0.0,258.32849121806134,495.84312665398517,1.2386261021263585,0.578321099281311,0.1291206032037735,0.8693447709083557,0.33191078901290894
PINN20260512-HS,7,256,physics,0.17502743005752563,0.027714110910892487,0.05903240293264389,0.01632898673415184,0.02158418670296669,0.019695734605193138,0.23582084476947784,0.319709837436676,0.2761210501194,0.35700544714927673,0.2044229954481125,1.269226714839533e-07,0.0,257.7953403380286,494.9542434659996,1.237264000152048,0.5785294771194458,0.1291431486606598,0.8693419694900513,0.33228054642677307
PINN20260512-HS,7,259,physics,0.17436788976192474,0.027598902583122253,0.0587788000702858,0.016289398074150085,0.021516773849725723,0.019604790955781937,0.23528216779232025,0.318997859954834,0.2756512761116028,0.35358989238739014,0.20454013347625732,1.2694319195816206e-07,0.0,257.28007902381404,494.0223615890277,1.235738066779353,0.5787508487701416,0.1291656345129013,0.8693399429321289,0.33258530497550964
PINN20260512-HS,7,261,physics,0.17394126951694489,0.027524292469024658,0.05861771106719971,0.01627436839044094,0.02147500589489937,0.01954679749906063,0.23485663533210754,0.3185349106788635,0.27534323930740356,0.3511854410171509,0.20463773608207703,1.269622913468993e-07,0.0,256.90173218567446,493.9259496624975,1.235102989181296,0.578903079032898,0.12917999923229218,0.869338870048523,0.3328113555908203
PINN20260512-HS,7,264,physics,0.17331962287425995,0.02741657942533493,0.05838796868920326,0.01624264381825924,0.021416591480374336,0.019468987360596657,0.23430407047271729,0.3178532123565674,0.27488821744918823,0.3474275469779968,0.20481903851032257,1.269500558009895e-07,0.0,256.39232328113883,493.39149959742923,1.2341255792060286,0.5791353583335876,0.12919999659061432,0.8693376183509827,0.3332599699497223
PINN20260512-HS,7,266,physics,0.17291699349880219,0.027345996350049973,0.05825085937976837,0.01622246764600277,0.02137688547372818,0.01941993460059166,0.23395898938179016,0.31741440296173096,0.27459317445755005,0.3448518216609955,0.204906165599823,1.2690496475897817e-07,0.0,256.07533681516463,492.88284612065775,1.2331942011675714,0.5792942643165588,0.12921328842639923,0.8693369626998901,0.3334917426109314
PINN20260512-HS,7,269,physics,0.17232966423034668,0.02724415808916092,0.05804605409502983,0.01619681343436241,0.021324753761291504,0.01934746839106083,0.23340386152267456,0.31677114963531494,0.2741571366786957,0.34094372391700745,0.20508310198783875,1.2687637251929118e-07,0.0,255.5810093566226,492.4888799506036,1.2320829616130913,0.579537034034729,0.1292325109243393,0.8693364858627319,0.33391180634498596
PINN20260512-HS,7,272,physics,0.1717613935470581,0.027146443724632263,0.05785040929913521,0.016167161986231804,0.021277399733662605,0.019279278814792633,0.23287373781204224,0.3161461055278778,0.27373141050338745,0.3370327055454254,0.20526649057865143,1.2686467698586057e-07,0.0,255.11877595298625,492.0352661395319,1.2311383431632184,0.5797843337059021,0.12925103306770325,0.8693363666534424,0.33436042070388794
PINN20260512-HS,7,274,physics,0.1713932454586029,0.02708275429904461,0.057729557156562805,0.016145214438438416,0.021246187388896942,0.019237447530031204,0.2325500249862671,0.31574273109436035,0.2734544575214386,0.33445319533348083,0.20537298917770386,1.2684149908182007e-07,0.0,254.83462774905612,491.5738754246405,1.2303819156115663,0.5799509286880493,0.12926292419433594,0.8693363666534424,0.33464595675468445
PINN20260512-HS,7,277,physics,0.17085659503936768,0.02698904275894165,0.0575578510761261,0.01611414924263954,0.021201234310865402,0.019176645204424858,0.23208419978618622,0.31515243649482727,0.2730478048324585,0.33067139983177185,0.20553892850875854,1.2677587335474527e-07,0.0,254.37780250298962,491.24422706531624,1.2296633182112273,0.5802030563354492,0.12927986681461334,0.8693366050720215,0.33506888151168823
PINN20260512-HS,7,280,physics,0.17033948004245758,0.026898259297013283,0.05739036574959755,0.016088590025901794,0.021160734817385674,0.019116798415780067,0.23160582780838013,0.31458157300949097,0.2726501226425171,0.327047199010849,0.205735445022583,1.266930809151745e-07,0.0,253.93020848502843,490.9427633390679,1.2288960206618527,0.5804567933082581,0.1292957067489624,0.869337260723114,0.3355249762535095
PINN20260512-HS,7,282,physics,0.17000524699687958,0.02683955989778042,0.057281799614429474,0.01607033796608448,0.02113565057516098,0.019079210236668587,0.2312973141670227,0.31420978903770447,0.272390216588974,0.3247411847114563,0.2058686763048172,1.2661496384680504e-07,0.0,253.65739535592098,490.62105093952096,1.2282554014683427,0.580626368522644,0.12930570542812347,0.8693377375602722,0.33584731817245483
PINN20260512-HS,7,285,physics,0.16951897740364075,0.02675267495214939,0.05712992325425148,0.016049455851316452,0.021097686141729355,0.01902645267546177,0.23079504072666168,0.31366944313049316,0.27201056480407715,0.3214866816997528,0.2060283124446869,1.2649906011574785e-07,0.0,253.25614658138113,490.2202311206668,1.2270816048787534,0.5808808207511902,0.12932024896144867,0.8693385720252991,0.3362722098827362
PINN20260512-HS,7,287,physics,0.16920514404773712,0.026696061715483665,0.05703168362379074,0.016036171466112137,0.02107381634414196,0.018992500379681587,0.2304677963256836,0.3133181631565094,0.2717624306678772,0.31946805119514465,0.20614071190357208,1.264299385184131e-07,0.0,252.97950293699685,490.09268893751107,1.2267312681560054,0.5810495018959045,0.12932927906513214,0.8693391680717468,0.3365626037120819
PINN20260512-HS,7,290,physics,0.16874919831752777,0.026613187044858932,0.0568901002407074,0.016005927696824074,0.021040063351392746,0.018941981717944145,0.23008136451244354,0.3128063678741455,0.27139729261398315,0.3166707754135132,0.20632635056972504,1.2629379853024147e-07,0.0,252.5770535277304,489.7994487542835,1.2262827330285833,0.581301212310791,0.12934185564517975,0.8693403601646423,0.3370080292224884
PINN20260512-HS,7,293,physics,0.16831104457378387,0.026531735435128212,0.05675414949655533,0.01598741114139557,0.021007409319281578,0.018894022330641747,0.2296294867992401,0.31230977177619934,0.2710411250591278,0.3141786456108093,0.2065083384513855,1.2616082756267133e-07,0.0,252.18691139956093,489.53045104467196,1.2253440257513348,0.581549346446991,0.12935331463813782,0.8693415522575378,0.3374426066875458
PINN20260512-HS,7,295,physics,0.16802825033664703,0.026478178799152374,0.05666828155517578,0.01597893424332142,0.020985685288906097,0.018863994628190994,0.22930362820625305,0.31198903918266296,0.27080926299095154,0.3126847445964813,0.2066124528646469,1.260751787413028e-07,0.0,251.9362983722274,489.36808743521476,1.2247314472573119,0.5817128419876099,0.12936054170131683,0.8693423867225647,0.3377085328102112
PINN20260512-HS,7,298,physics,0.16761739552021027,0.026400016620755196,0.05654199793934822,0.015961097553372383,0.02095516212284565,0.018820537254214287,0.22885452210903168,0.31151893734931946,0.2704676687717438,0.3106848895549774,0.2067725658416748,1.2595695864092704e-07,0.0,251.56559004313368,489.16282118022826,1.224127228106124,0.5819543600082397,0.12937051057815552,0.8693438768386841,0.3381182551383972
PINN20260512-HS,7,301,physics,0.16722144186496735,0.0263235941529274,0.05642106011509895,0.01593785732984543,0.02092594839632511,0.018777821213006973,0.2284701019525528,0.311065137386322,0.27013400197029114,0.3089537024497986,0.2069377303123474,1.2583279840328032e-07,0.0,251.19620848303026,488.9924909955162,1.2237015930016557,0.582190990447998,0.12937933206558228,0.8693453669548035,0.33852002024650574
PINN20260512-HS,7,303,physics,0.16696536540985107,0.0262732096016407,0.05634351074695587,0.015926310792565346,0.02090659737586975,0.01875036582350731,0.22819757461547852,0.31077006459236145,0.2699161171913147,0.30793994665145874,0.20704612135887146,1.2575262076097715e-07,0.0,250.95449039616724,488.8724111411893,1.2232500284644658,0.5823454260826111,0.12938453257083893,0.8693463802337646,0.33877843618392944
PINN20260512-HS,7,306,physics,0.1665925681591034,0.026198910549283028,0.05623098462820053,0.015911497175693512,0.02087816409766674,0.018711140379309654,0.2277798354625702,0.3103398084640503,0.26959583163261414,0.3066032826900482,0.2072031944990158,1.2560518314330693e-07,0.0,250.59608623739518,488.76154078446064,1.2227519183853404,0.582572340965271,0.1293913871049881,0.869347870349884,0.33915963768959045
PINN20260512-HS,7,308,physics,0.16635063290596008,0.026150498539209366,0.05615820735692978,0.015897249802947044,0.02086007222533226,0.018685728311538696,0.22753652930259705,0.31005990505218506,0.26938626170158386,0.30581483244895935,0.2073073536157608,1.2547734229428897e-07,0.0,250.3634233469418,488.684170758579,1.222521174345449,0.5827205181121826,0.12939535081386566,0.8693490028381348,0.33941417932510376
PINN20260512-HS,7,311,physics,0.16599690914154053,0.02607894130051136,0.056052111089229584,0.015880579128861427,0.02083360217511654,0.01864832267165184,0.22713622450828552,0.30965134501457214,0.2690782845020294,0.3047727048397064,0.20745715498924255,1.2526299997261958e-07,0.0,250.0237879307687,488.5323364425327,1.2218573946662201,0.5829382538795471,0.12940046191215515,0.8693506121635437,0.3397771418094635
PINN20260512-HS,7,314,physics,0.16565357148647308,0.026008546352386475,0.05594974011182785,0.01586787775158882,0.020807482302188873,0.01861259527504444,0.22671760618686676,0.3092546761035919,0.268777459859848,0.3038738965988159,0.20760414004325867,1.250375305517082e-07,0.0,249.68754693366267,488.4150706622391,1.221285993151866,0.5831500291824341,0.12940430641174316,0.869352400302887,0.3401336669921875
PINN20260512-HS,7,316,physics,0.16543006896972656,0.025962306186556816,0.055884260684251785,0.015856999903917313,0.0207902230322361,0.018589485436677933,0.22646988928318024,0.3089977502822876,0.26858094334602356,0.3033374845981598,0.20769932866096497,1.2487565470564732e-07,0.0,249.46401919916227,488.36696947582357,1.221067261373371,0.5832879543304443,0.1294061839580536,0.8693534731864929,0.34036359190940857
PINN20260512-HS,7,319,physics,0.1651022881269455,0.025894083082675934,0.05578728765249252,0.01584208942949772,0.020765192806720734,0.018555186688899994,0.22609999775886536,0.3086217939853668,0.26829156279563904,0.30261412262916565,0.207846000790596,1.2464789733712678e-07,0.0,249.13327883885765,488.28708896508823,1.2206422492490523,0.5834904313087463,0.12940798699855804,0.8693551421165466,0.3407077491283417
PINN20260512-HS,7,322,physics,0.16478276252746582,0.02582705393433571,0.05569329112768173,0.01582869328558445,0.02074074000120163,0.01852201484143734,0.22572962939739227,0.30825692415237427,0.2680089473724365,0.3019676208496094,0.20798711478710175,1.2441275032415433e-07,0.0,248.81151092493693,488.1998662177203,1.2202314270750074,0.5836876034736633,0.12940864264965057,0.8693568706512451,0.3410411775112152
PINN20260512-HS,7,324,physics,0.1645740270614624,0.025782983750104904,0.05563276261091232,0.015820171684026718,0.0207245834171772,0.018500735983252525,0.2254856824874878,0.30801865458488464,0.26782435178756714,0.30156996846199036,0.20807553827762604,1.242528782086083e-07,0.0,248.6010389409103,488.1406527579935,1.2199449229017079,0.5838162899017334,0.12940846383571625,0.8693580031394958,0.34125491976737976
PINN20260512-HS,7,327,physics,0.16426660120487213,0.025717727839946747,0.05554332584142685,0.0158088281750679,0.020700888708233833,0.01846933178603649,0.22511887550354004,0.3076712191104889,0.2675526738166809,0.3010141849517822,0.20821133255958557,1.2401427795794007e-07,0.0,248.2849452997503,488.07951132474307,1.2195286377338856,0.5840054154396057,0.1294071525335312,0.8693597316741943,0.34157663583755493
PINN20260512-HS,7,330,physics,0.1639660745859146,0.02565361186861992,0.05545594543218613,0.015798237174749374,0.02067781239748001,0.018438460305333138,0.2247605323791504,0.30733415484428406,0.2672872841358185,0.300495982170105,0.2083483338356018,1.237742566218003e-07,0.0,247.9729225389337,488.02915192127614,1.2191502509039882,0.5841901302337646,0.12940464913845062,0.8693615198135376,0.3418934941291809
PINN20260512-HS,7,332,physics,0.16376875340938568,0.02561139687895775,0.055399030447006226,0.0157909095287323,0.020662633702158928,0.018418429419398308,0.22452622652053833,0.3071141839027405,0.26711365580558777,0.3001665472984314,0.20843760669231415,1.236131907944582e-07,0.0,247.76850176878818,487.9963658932308,1.2188998075768374,0.5843109488487244,0.1294023096561432,0.8693625926971436,0.34210216999053955
PINN20260512-HS,7,335,physics,0.16347776353359222,0.025548942387104034,0.055315352976322174,0.015782346948981285,0.02064017951488495,0.018389277160167694,0.2241562157869339,0.30679282546043396,0.2668582797050476,0.29969561100006104,0.20856720209121704,1.2338848875970143e-07,0.0,247.4663487224071,487.9540994038271,1.2183595509352199,0.5844888091087341,0.1293978989124298,0.869364321231842,0.3424069881439209
PINN20260512-HS,7,337,physics,0.16328659653663635,0.025507841259241104,0.05526067316532135,0.01577581837773323,0.020625444129109383,0.018370144069194794,0.22391995787620544,0.30658385157585144,0.26669126749038696,0.2993928790092468,0.208652526140213,1.2325108400546014e-07,0.0,247.26616163053933,487.9368875684641,1.2181508573580553,0.5846053957939148,0.1293942928314209,0.8693655133247375,0.3426056504249573
PINN20260512-HS,7,340,physics,0.16300341486930847,0.025447102263569832,0.05518035590648651,0.015763036906719208,0.020603738725185394,0.018341893330216408,0.22357982397079468,0.30627766251564026,0.2664453387260437,0.29895204305648804,0.20878253877162933,1.230535247032094e-07,0.0,246.96783855646063,487.92638404783975,1.2175843382280265,0.5847773551940918,0.12938791513442993,0.869367241859436,0.34290406107902527
PINN20260512-HS,7,343,physics,0.16272352635860443,0.025387264788150787,0.0551004484295845,0.015754666179418564,0.02058217115700245,0.018314549699425697,0.22317056357860565,0.3059816062450409,0.26620522141456604,0.29854515194892883,0.20890764892101288,1.2296878537654266e-07,0.0,246.67321658674254,487.9489919551018,1.2170191168261286,0.5849456787109375,0.12938037514686584,0.8693689703941345,0.34319230914115906
PINN20260512-HS,7,345,physics,0.16253939270973206,0.025347940623760223,0.055049944669008255,0.015739373862743378,0.02056797593832016,0.01829688251018524,0.22298681735992432,0.30578842759132385,0.2660483121871948,0.2982747554779053,0.2089865803718567,1.229124535484516e-07,0.0,246.47751228560386,487.98360628201436,1.2171925403367205,0.5850564241409302,0.12937475740909576,0.8693701028823853,0.34337738156318665
PINN20260512-HS,7,348,physics,0.16226643323898315,0.025289570912718773,0.05497601628303528,0.01571132428944111,0.02054716646671295,0.018270013853907585,0.22276726365089417,0.305504709482193,0.2658174932003021,0.2978665828704834,0.20911334455013275,1.227874690812314e-07,0.0,246.1800424105293,488.0538520491361,1.2169651145807099,0.5852203369140625,0.12936535477638245,0.8693718910217285,0.3436586856842041
PINN20260512-HS,7,351,physics,0.1619916409254074,0.025231949985027313,0.05489933490753174,0.015713641420006752,0.02052672766149044,0.018243985250592232,0.2221241295337677,0.3052314519882202,0.2655918598175049,0.297490656375885,0.20924578607082367,1.2281191175134154e-07,0.0,245.89476280514802,488.09276462062,1.2155062565518273,0.5853804349899292,0.1293545663356781,0.869373619556427,0.3439503014087677
PINN20260512-HS,7,353,physics,0.1618087887763977,0.025194261223077774,0.05485297739505768,0.01569821871817112,0.020513249561190605,0.01822802983224392,0.22180181741714478,0.30505096912384033,0.265444278717041,0.29722869396209717,0.20932096242904663,1.2282976058486383e-07,0.0,245.7143205915154,488.0958057850938,1.2153540241551333,0.5854861736297607,0.1293468177318573,0.8693748116493225,0.3441377878189087
PINN20260512-HS,7,356,physics,0.16153384745121002,0.025138571858406067,0.05478641390800476,0.015648897737264633,0.020493516698479652,0.018203217536211014,0.2215067446231842,0.3047877252101898,0.26522719860076904,0.29683029651641846,0.2094402313232422,1.2287418371670356e-07,0.0,245.42734572832344,488.1725168933622,1.2157768986573652,0.5856431722640991,0.12933418154716492,0.8693765997886658,0.34441396594047546
PINN20260512-HS,7,358,physics,0.1613531857728958,0.02510162815451622,0.05474081262946129,0.015621660277247429,0.020480558276176453,0.018185533583164215,0.22128896415233612,0.30461621284484863,0.265085369348526,0.2965713143348694,0.20953859388828278,1.229204968922204e-07,0.0,245.2258525319058,488.2776489867215,1.2157400053659364,0.5857462286949158,0.12932486832141876,0.8693777322769165,0.3446104824542999
PINN20260512-HS,7,361,physics,0.16108615696430206,0.025046484544873238,0.05467362701892853,0.01559352595359087,0.020460879430174828,0.01816108264029026,0.22085946798324585,0.3043658137321472,0.2648768126964569,0.2961883842945099,0.20968130230903625,1.229535797619974e-07,0.0,244.9402031619146,488.3901648528561,1.2154337474360812,0.5858984589576721,0.12930989265441895,0.869379460811615,0.3449118733406067
PINN20260512-HS,7,364,physics,0.16082152724266052,0.024991896003484726,0.05460859835147858,0.015559292398393154,0.020441768690943718,0.018138479441404343,0.22048819065093994,0.30412015318870544,0.26467248797416687,0.2957918345928192,0.2098011076450348,1.2285566697300965e-07,0.0,244.67551056194816,488.41791787361774,1.2156013612963483,0.5860496163368225,0.1292942464351654,0.8693810701370239,0.34519708156585693
PINN20260512-HS,7,366,physics,0.16064682602882385,0.024955999106168747,0.054563917219638824,0.015538714826107025,0.02042960748076439,0.018122456967830658,0.22022801637649536,0.30395758152008057,0.264538437128067,0.29552435874938965,0.20988796651363373,1.2274497862563294e-07,0.0,244.49731593618773,488.4344089793429,1.2153442349722614,0.5861495733261108,0.12928332388401031,0.8693822026252747,0.3453880548477173
PINN20260512-HS,7,369,physics,0.16038300096988678,0.02490243688225746,0.054496534168720245,0.015515503473579884,0.020410727709531784,0.018099159002304077,0.21968504786491394,0.30372220277786255,0.2643407881259918,0.2951473891735077,0.21002507209777832,1.226664068099126e-07,0.0,244.2265373838396,488.5373738261997,1.2150652017362158,0.5862966775894165,0.12926577031612396,0.8693838715553284,0.34567999839782715
PINN20260512-HS,7,372,physics,0.16012118756771088,0.024849247187376022,0.054434627294540405,0.015467303805053234,0.020391123369336128,0.018077755346894264,0.21938027441501617,0.303493857383728,0.2641472816467285,0.2947676181793213,0.21015171706676483,1.2256914772024174e-07,0.0,243.9562829048475,488.6801900271792,1.215499185125348,0.5864417552947998,0.12924720346927643,0.8693857192993164,0.3459600806236267
PINN20260512-HS,7,374,physics,0.15994839370250702,0.024814393371343613,0.05439136177301407,0.015443803742527962,0.020378468558192253,0.018062390387058258,0.21908798813819885,0.3033442497253418,0.2640203833580017,0.2945283055305481,0.21024392545223236,1.2257793002845574e-07,0.0,243.77737025819275,488.7677746128523,1.2152918568378168,0.5865371227264404,0.12923426926136017,0.8693869709968567,0.34614643454551697
PINN20260512-HS,7,377,physics,0.1596924215555191,0.024762604385614395,0.054327912628650665,0.015410604886710644,0.020359599962830544,0.01804015412926674,0.21863888204097748,0.3031262457370758,0.26383358240127563,0.2941685914993286,0.21037547290325165,1.2261018866865925e-07,0.0,243.51859207768922,488.89337730736344,1.2154140678528658,0.5866785645484924,0.12921416759490967,0.8693887591362,0.34642064571380615
PINN20260512-HS,7,379,physics,0.1595235913991928,0.02472807466983795,0.0542885959148407,0.015381896868348122,0.02034691534936428,0.01802658475935459,0.21842384338378906,0.3029814064502716,0.26371145248413086,0.2939152121543884,0.2104562520980835,1.2256224124485016e-07,0.0,243.3459792661469,488.98950333826184,1.2158053474244461,0.5867719054222107,0.129200279712677,0.8693899512290955,0.3466019630432129
PINN20260512-HS,7,382,physics,0.15927085280418396,0.02467671036720276,0.054227665066719055,0.01534988358616829,0.02032828889787197,0.018005022779107094,0.21796616911888123,0.3027713894844055,0.2635321021080017,0.29353979229927063,0.21059493720531464,1.2250085035248048e-07,0.0,243.07999262074202,489.14044506664953,1.2155814323059837,0.5869101881980896,0.1291784644126892,0.869391918182373,0.34688711166381836
PINN20260512-HS,7,385,physics,0.15902045369148254,0.024626022204756737,0.054167717695236206,0.015312325209379196,0.02031014859676361,0.01798361726105213,0.21755889058113098,0.3025662302970886,0.26335692405700684,0.29315996170043945,0.21073170006275177,1.2238555768817605e-07,0.0,242.82335078715144,489.2749259107808,1.215928881902708,0.5870473980903625,0.12915584444999695,0.8693937659263611,0.3471699655056
PINN20260512-HS,7,387,physics,0.1588544398546219,0.02459253929555416,0.05412852019071579,0.015284959226846695,0.020298168063163757,0.01797008328139782,0.21730193495750427,0.3024306297302246,0.26324212551116943,0.29290735721588135,0.210815891623497,1.2228902335209568e-07,0.0,242.65524991744977,489.35568288822395,1.215795980729389,0.5871381759643555,0.12914036214351654,0.8693950176239014,0.34735414385795593
PINN20260512-HS,7,390,physics,0.15860861539840698,0.024542901664972305,0.054068759083747864,0.015255327336490154,0.02028055116534233,0.01794944331049919,0.21681615710258484,0.3022325932979584,0.26307299733161926,0.2925352454185486,0.21094690263271332,1.2216467837333767e-07,0.0,242.403709942216,489.4709197184241,1.2159721329883815,0.587273120880127,0.12911632657051086,0.869396984577179,0.34763216972351074
PINN20260512-HS,7,393,physics,0.15836632251739502,0.024493230506777763,0.05400988087058067,0.015222552232444286,0.020263073965907097,0.01792878471314907,0.2164284586906433,0.3020394742488861,0.2629074156284332,0.29214242100715637,0.21108299493789673,1.2190534448563994e-07,0.0,242.1521748431139,489.5904698061432,1.2161546001061738,0.5874069333076477,0.12909138202667236,0.8693989515304565,0.34791359305381775
PINN20260512-HS,7,395,physics,0.15820704400539398,0.024460047483444214,0.053971219807863235,0.015207882970571518,0.020251335576176643,0.01791543886065483,0.2161329686641693,0.30191275477409363,0.2627989649772644,0.2918764650821686,0.21117253601551056,1.2169621754765103e-07,0.0,241.98782898112873,489.66729776451274,1.2160434926732087,0.5874951481819153,0.12907424569129944,0.8694002628326416,0.3481001555919647
PINN20260512-HS,7,398,physics,0.15797053277492523,0.024411162361502647,0.05391395092010498,0.015192548744380474,0.020234063267707825,0.01789618283510208,0.21559739112854004,0.301723450422287,0.26263877749443054,0.2914808988571167,0.21130119264125824,1.2142108118951e-07,0.0,241.7491436127541,489.7561733914132,1.2161593992711615,0.5876262187957764,0.1290479600429535,0.869402289390564,0.3483794033527374
PINN20260512-HS,7,400,physics,0.15781474113464355,0.024378381669521332,0.05387625843286514,0.015172804705798626,0.020222725346684456,0.01788315176963806,0.2153903692960739,0.3016014099121094,0.2625340223312378,0.2912055253982544,0.21138489246368408,1.2117253334054112e-07,0.0,241.5864962208153,489.84646829389305,1.2165965398208423,0.5877133011817932,0.12903009355068207,0.8694036602973938,0.34855958819389343
PINN20260512-HS,7,403,physics,0.15758129954338074,0.02433030679821968,0.053819477558135986,0.015152249485254288,0.020205819979310036,0.01786334253847599,0.2149023413658142,0.30142125487327576,0.26238009333610535,0.2908194363117218,0.21151933073997498,1.209603084362243e-07,0.0,241.3410692748957,489.9713001799187,1.2161342920759208,0.5878415107727051,0.1290024220943451,0.8694056868553162,0.34883731603622437
PINN20260512-HS,7,406,physics,0.15734978020191193,0.024282770231366158,0.05376423895359039,0.01512644812464714,0.02018880471587181,0.017844615504145622,0.21445214748382568,0.3012441396713257,0.26222968101501465,0.29045161604881287,0.21164298057556152,1.2085975242825953e-07,0.0,241.1007634268295,490.1178429724835,1.2165942637500295,0.5879680514335632,0.1289740651845932,0.8694077730178833,0.3491034507751465
PINN20260512-HS,7,408,physics,0.15719693899154663,0.024251021444797516,0.05372811108827591,0.015099137090146542,0.020177647471427917,0.017832044512033463,0.21429115533828735,0.30112719535827637,0.26213133335113525,0.2902012765407562,0.2117200791835785,1.2076601763055805e-07,0.0,240.93946173001632,490.2239762343331,1.216864373217422,0.5880518555641174,0.12895485758781433,0.8694091439247131,0.3492703139781952
PINN20260512-HS,7,411,physics,0.15696795284748077,0.02420465648174286,0.053671952337026596,0.015073771588504314,0.02016114816069603,0.017812635749578476,0.21380499005317688,0.30095744132995605,0.26198649406433105,0.28985080122947693,0.2118474543094635,1.20753995247469e-07,0.0,240.69946899609064,490.3628280416451,1.2162557805827374,0.5881754159927368,0.12892529368400574,0.8694114089012146,0.34953388571739197
PINN20260512-HS,7,414,physics,0.15674152970314026,0.024158693850040436,0.053617965430021286,0.015047792345285416,0.020144421607255936,0.017794551327824593,0.2133292257785797,0.3007895052433014,0.2618444561958313,0.28950297832489014,0.21196512877941132,1.2076620237166935e-07,0.0,240.46513358229296,490.5194153904614,1.216338076346689,0.5882971882820129,0.12889502942562103,0.8694135546684265,0.3497910499572754
PINN20260512-HS,7,416,physics,0.15659192204475403,0.024127811193466187,0.05358278378844261,0.015020719729363918,0.02013336680829525,0.01778252236545086,0.21315571665763855,0.300679087638855,0.26175135374069214,0.28925859928131104,0.21204133331775665,1.207040867257092e-07,0.0,240.30681072589266,490.63732468596396,1.2168071592310232,0.5883777141571045,0.1288745105266571,0.8694149851799011,0.34995633363723755
PINN20260512-HS,7,419,physics,0.15636956691741943,0.024081557989120483,0.053529005497694016,0.014989232644438744,0.020116759464144707,0.017763586714863777,0.21283623576164246,0.3005174696445465,0.2616145610809326,0.2888880670070648,0.21216776967048645,1.2055681963829556e-07,0.0,240.0671943696181,490.8087235624485,1.2169589235455347,0.5884969234466553,0.12884299457073212,0.869417130947113,0.35021284222602844
PINN20260512-HS,7,422,physics,0.15614722669124603,0.024036094546318054,0.05347590520977974,0.014976977370679379,0.020100099965929985,0.017745815217494965,0.21224401891231537,0.3003578186035156,0.261480450630188,0.288521945476532,0.21229228377342224,1.204020492195923e-07,0.0,239.84072677247707,490.91072890088685,1.2158846891040673,0.5886141061782837,0.12881076335906982,0.869419515132904,0.3504767119884491
PINN20260512-HS,7,424,physics,0.15599700808525085,0.02400675043463707,0.053439196199178696,0.014979764819145203,0.020089298486709595,0.017734406515955925,0.2116324007511139,0.300252765417099,0.2613917291164398,0.28829339146614075,0.2123716026544571,1.204486892447676e-07,0.0,239.69476032028734,490.992760257216,1.2151326946971865,0.5886907577514648,0.1287887841463089,0.8694210648536682,0.35065460205078125
PINN20260512-HS,7,427,physics,0.1557709127664566,0.023961594328284264,0.05338813364505768,0.014941319823265076,0.02007298730313778,0.01771768555045128,0.21121427416801453,0.30009573698043823,0.2612606883049011,0.2879258394241333,0.2124720811843872,1.2047854625052423e-07,0.0,239.4705504467094,491.1513736873796,1.2164279885850897,0.588805079460144,0.12875527143478394,0.8694231510162354,0.35088667273521423
PINN20260512-HS,7,429,physics,0.15562155842781067,0.02393070049583912,0.05335453897714615,0.014904506504535675,0.02006184495985508,0.017705606296658516,0.2111285924911499,0.29999426007270813,0.26117581129074097,0.28767165541648865,0.212553471326828,1.204725350589797e-07,0.0,239.30421603578154,491.2989002379305,1.2171152620096404,0.5888799428939819,0.12873220443725586,0.8694248795509338,0.3510476052761078
PINN20260512-HS,7,432,physics,0.15539678931236267,0.023885320872068405,0.053301576524972916,0.01488361693918705,0.020044924691319466,0.017687294632196426,0.2105502486228943,0.29984521865844727,0.26105162501335144,0.28732603788375854,0.2126951664686203,1.206615394266919e-07,0.0,239.06018789731593,491.5187401056037,1.2161197458153952,0.5889892578125,0.12869656085968018,0.8694270253181458,0.35131675004959106
PINN20260512-HS,7,435,physics,0.15516476333141327,0.023841936141252518,0.05324867367744446,0.014890563674271107,0.02002895064651966,0.01767316274344921,0.20938965678215027,0.2996939420700073,0.260927677154541,0.28700268268585205,0.21278296411037445,1.2108367286600696e-07,0.0,238.86619391146584,491.5430900490821,1.2150861422727786,0.5890969634056091,0.128660649061203,0.869429349899292,0.35155418515205383
PINN20260512-HS,7,437,physics,0.15500761568546295,0.023811664432287216,0.05321530997753143,0.014852861873805523,0.020019078627228737,0.017663680016994476,0.20911654829978943,0.2995935380458832,0.26084578037261963,0.2867317795753479,0.21282674372196198,1.2104744939733791e-07,0.0,238.72601319294887,491.5846665377186,1.2166374231640276,0.5891695022583008,0.12863661348819733,0.8694307804107666,0.3516919016838074
PINN20260512-HS,7,440,physics,0.15477722883224487,0.023764684796333313,0.05315880477428436,0.014815883710980415,0.02000364288687706,0.017643865197896957,0.20874382555484772,0.29945001006126404,0.2607280910015106,0.2863096296787262,0.21297404170036316,1.2084294098713144e-07,0.0,238.4623103081491,491.8065231877267,1.2170702530943738,0.5892746448516846,0.12859857082366943,0.8694331645965576,0.35196200013160706
PINN20260512-HS,7,443,physics,0.15454760193824768,0.023718904703855515,0.05310492217540741,0.014834432862699032,0.019986864179372787,0.01762884482741356,0.2076578140258789,0.29930564761161804,0.26061177253723145,0.28593724966049194,0.21311286091804504,1.2089466849829478e-07,0.0,238.2462125879444,491.8805908195606,1.2160583350208873,0.5893756151199341,0.12855929136276245,0.8694355487823486,0.3522506356239319
PINN20260512-HS,7,445,physics,0.15439584851264954,0.023688752204179764,0.05307099595665932,0.014822244644165039,0.019976815208792686,0.017621196806430817,0.20720167458057404,0.2992083430290222,0.26053255796432495,0.28566357493400574,0.21315565705299377,1.2073684274582774e-07,0.0,238.128133181487,491.8267447740108,1.2166487552211995,0.5894440412521362,0.1285337209701538,0.869437038898468,0.3523999750614166
PINN20260512-HS,7,448,physics,0.15417137742042542,0.023643862456083298,0.05301167443394661,0.014799806289374828,0.01996266283094883,0.017602570354938507,0.20667952299118042,0.29906702041625977,0.2604171931743622,0.28524962067604065,0.21326522529125214,1.2041819275054877e-07,0.0,237.90689650838203,491.86720133588904,1.2168245132144688,0.5895451307296753,0.12849484384059906,0.8694395422935486,0.35262826085090637
PINN20260512-HS,7,450,physics,0.15402235090732574,0.02361372858285904,0.05297327786684036,0.014806203544139862,0.01995144970715046,0.017590845003724098,0.2060941457748413,0.29897716641426086,0.2603429853916168,0.28500592708587646,0.21336807310581207,1.203770807478577e-07,0.0,237.74584315503816,492.0066532832661,1.216270428996001,0.5896087884902954,0.12846773862838745,0.8694412708282471,0.35281485319137573
PINN20260512-HS,7,453,physics,0.15380215644836426,0.023568149656057358,0.05292610079050064,0.014801574870944023,0.019933465868234634,0.017579425126314163,0.20537391304969788,0.298841655254364,0.2602318227291107,0.2846406102180481,0.21346905827522278,1.2031058815864526e-07,0.0,237.537825935155,492.1265240006883,1.2164680311936287,0.5897024869918823,0.12842710316181183,0.8694438338279724,0.3530566692352295
PINN20260512-HS,7,456,physics,0.15358217060565948,0.023524966090917587,0.05287060886621475,0.01477506011724472,0.019917871803045273,0.0175618976354599,0.20482546091079712,0.29870864748954773,0.26012253761291504,0.28428423404693604,0.21356584131717682,1.203258648274641e-07,0.0,237.33198827012342,492.20370211427706,1.2165325653986492,0.5897963047027588,0.12838701903820038,0.8694466352462769,0.35325679183006287
PINN20260512-HS,7,458,physics,0.15343664586544037,0.023496292531490326,0.05283503234386444,0.014760571531951427,0.01990680769085884,0.01755044236779213,0.20441976189613342,0.29862216114997864,0.26005175709724426,0.28406116366386414,0.21363875269889832,1.2043301467201672e-07,0.0,237.1825015942365,492.3475017708529,1.2165355661327655,0.5898568034172058,0.12835976481437683,0.8694484233856201,0.3533986508846283
PINN20260512-HS,7,461,physics,0.15322089195251465,0.02345181256532669,0.05279061198234558,0.01473449170589447,0.019888414070010185,0.017537998035550117,0.20391622185707092,0.2984965145587921,0.25994816422462463,0.2837206721305847,0.2137373834848404,1.205433903805897e-07,0.0,236.95053215281033,492.61952864254175,1.2170778506642994,0.5899451971054077,0.12831808626651764,0.8694510459899902,0.35362008213996887
PINN20260512-HS,7,464,physics,0.15300722420215607,0.023408453911542892,0.052738722413778305,0.014708800241351128,0.019871685653924942,0.01752045564353466,0.20345011353492737,0.2983720600605011,0.2598472237586975,0.28337013721466064,0.21385140717029572,1.2054954368068138e-07,0.0,236.72897048893276,492.778252614703,1.2172289397459364,0.5900336503982544,0.12827637791633606,0.8694539070129395,0.35383668541908264
PINN20260512-HS,7,466,physics,0.15286579728126526,0.023380175232887268,0.05270420014858246,0.014696615748107433,0.019860928878188133,0.017509307712316513,0.20306432247161865,0.2982901930809021,0.25978025794029236,0.2831372916698456,0.21391640603542328,1.2054972842179268e-07,0.0,236.59137868643904,492.8536484089369,1.2170936136594366,0.590092658996582,0.12824854254722595,0.8694558143615723,0.35397273302078247
PINN20260512-HS,7,469,physics,0.15265436470508575,0.023336801677942276,0.05265814810991287,0.014675984159111977,0.019843799993395805,0.01749633252620697,0.20253536105155945,0.2981664836406708,0.2596805691719055,0.2827777564525604,0.2139994204044342,1.2044689867707348e-07,0.0,236.37361184150822,493.0241817091734,1.2172942160239053,0.5901799201965332,0.12820617854595184,0.8694585561752319,0.3541789948940277
PINN20260512-HS,7,471,physics,0.1525139957666397,0.02330789715051651,0.05262473225593567,0.014663510955870152,0.019832473248243332,0.017485396936535835,0.20220282673835754,0.2980857789516449,0.25961601734161377,0.2825375497341156,0.21407537162303925,1.2036107932544837e-07,0.0,236.2192192249606,493.1443437270674,1.2173312739457565,0.5902373790740967,0.1281774789094925,0.8694604635238647,0.3543260395526886
PINN20260512-HS,7,474,physics,0.1523047387599945,0.02326524443924427,0.05257345736026764,0.014645037241280079,0.019815700128674507,0.017468469217419624,0.20168772339820862,0.2979673445224762,0.2595198452472687,0.282187283039093,0.214186891913414,1.2031131291223573e-07,0.0,236.0025820833323,493.2930797203626,1.217306273499024,0.5903226733207703,0.1281341314315796,0.8694632649421692,0.35454100370407104
PINN20260512-HS,7,477,physics,0.1520971953868866,0.02322278544306755,0.05252755805850029,0.014617263339459896,0.019798636436462402,0.0174552034586668,0.2012486457824707,0.2978475093841553,0.2594238817691803,0.2818431854248047,0.21426476538181305,1.203172530495067e-07,0.0,235.79051713067258,493.44959215709156,1.2175324730453776,0.5904069542884827,0.12809060513973236,0.8694660663604736,0.35473257303237915
PINN20260512-HS,7,479,physics,0.15195965766906738,0.02319454587996006,0.05249481648206711,0.014598262496292591,0.01978723332285881,0.01744447834789753,0.20099034905433655,0.29776984453201294,0.2593618333339691,0.2816182076931,0.21433047950267792,1.203477353328708e-07,0.0,235.63746651371042,493.59315546814463,1.2177177644606745,0.590462327003479,0.12806127965450287,0.869468092918396,0.3548648953437805
PINN20260512-HS,7,482,physics,0.15175458788871765,0.023152155801653862,0.05244571715593338,0.014571799896657467,0.019769713282585144,0.017428141087293625,0.2006022334098816,0.29765525460243225,0.25927090644836426,0.28128713369369507,0.21443581581115723,1.2042384867072542e-07,0.0,235.41124256288185,493.81395155463156,1.2179033034187707,0.5905436277389526,0.12801682949066162,0.8694709539413452,0.3550695776939392
PINN20260512-HS,7,485,physics,0.15155071020126343,0.02311006560921669,0.052399829030036926,0.014543832279741764,0.019751956686377525,0.017414342612028122,0.2002054750919342,0.2975415885448456,0.2591802775859833,0.2809617817401886,0.21451668441295624,1.2052925058014807e-07,0.0,235.19642721563608,494.0084924624272,1.2180913311875856,0.5906239151954651,0.12797221541404724,0.8694738745689392,0.3552584946155548
PINN20260512-HS,7,487,physics,0.15141408145427704,0.02308223769068718,0.05236735939979553,0.014522458426654339,0.01974034495651722,0.01740385964512825,0.19996048510074615,0.2974660396575928,0.2591208517551422,0.28074514865875244,0.2145744413137436,1.205912525392705e-07,0.0,235.04937978539743,494.1445417334892,1.2181567971871308,0.5906768441200256,0.1279423087835312,0.8694759011268616,0.35538119077682495
PINN20260512-HS,7,490,physics,0.15121065080165863,0.023040231317281723,0.05231906473636627,0.014490232802927494,0.01972256787121296,0.01738796941936016,0.19963428378105164,0.29735615849494934,0.25903329253196716,0.2804183065891266,0.21466682851314545,1.206443442924865e-07,0.0,234.82505123495662,494.37484197216185,1.2186231639732237,0.590755045413971,0.12789690494537354,0.8694788813591003,0.3555684983730316
PINN20260512-HS,7,492,physics,0.15107567608356476,0.02301185205578804,0.05228836461901665,0.014469903893768787,0.01971038617193699,0.017378348857164383,0.19942696392536163,0.29728391766548157,0.2589755356311798,0.28019580245018005,0.21472583711147308,1.2062601228990388e-07,0.0,234.6755406406897,494.52962183776214,1.2188244038831972,0.5908063054084778,0.12786634266376495,0.8694809079170227,0.35569506883621216
PINN20260512-HS,7,495,physics,0.15087275207042694,0.022969689220190048,0.0522397942841053,0.014449463225901127,0.01969243586063385,0.017362795770168304,0.19899234175682068,0.29717594385147095,0.2588898539543152,0.27986565232276917,0.2148161232471466,1.206147999255336e-07,0.0,234.45895996154636,494.70338335208504,1.2186301585812094,0.5908823609352112,0.1278202086687088,0.8694839477539062,0.3558829128742218
PINN20260512-HS,7,498,physics,0.15067099034786224,0.022927425801753998,0.0521916002035141,0.014425464905798435,0.01967470347881317,0.01734776608645916,0.19862622022628784,0.29706698656082153,0.2588048577308655,0.2795276343822479,0.21489587426185608,1.2052331044287712e-07,0.0,234.24470544977106,494.8805885009029,1.2191600214196463,0.590957760810852,0.12777383625507355,0.8694870471954346,0.35606053471565247
PINN20260512-HS,7,500,physics,0.15053705871105194,0.02289859764277935,0.05215955525636673,0.014407461509108543,0.019662652164697647,0.017337588593363762,0.19845575094223022,0.29699593782424927,0.25874945521354675,0.2792944312095642,0.21495386958122253,1.203794255388857e-07,0.0,234.09270499366272,495.03401082652897,1.2194195850093081,0.5910072326660156,0.12774261832237244,0.8694891333580017,0.3561834990978241
PINN20260512-HS,7,503,physics,0.15033701062202454,0.022855952382087708,0.05211004242300987,0.014395379461348057,0.01964442804455757,0.017321620136499405,0.1980201154947281,0.296891450881958,0.25866803526878357,0.278962105512619,0.21504998207092285,1.2029293827708898e-07,0.0,233.869847284232,495.2318585773738,1.2192318467997185,0.5910799503326416,0.1276952624320984,0.8694923520088196,0.35637450218200684
PINN20260512-HS,7,506,physics,0.1501377522945404,0.022813260555267334,0.05206269025802612,0.014373620972037315,0.019626524299383163,0.017307354137301445,0.1976930797100067,0.2967877984046936,0.2585862874984741,0.2786243259906769,0.21511894464492798,1.2015533457088168e-07,0.0,233.65999269772308,495.38391046742726,1.2197941120539069,0.5911521911621094,0.12764792144298553,0.8694955706596375,0.3565417528152466
PINN20260512-HS,7,508,physics,0.15000541508197784,0.022784486413002014,0.05202963948249817,0.014356477186083794,0.019614629447460175,0.0172968078404665,0.19754919409751892,0.29671818017959595,0.2585330009460449,0.2783926725387573,0.21517044305801392,1.1999573246157524e-07,0.0,233.50916737892754,495.5193771438207,1.2200409645724124,0.5911999344825745,0.12761613726615906,0.8694977164268494,0.3566528558731079
PINN20260512-HS,7,511,physics,0.14980725944042206,0.02274172008037567,0.051979802548885345,0.014347399584949017,0.019596124067902565,0.017280733212828636,0.19712436199188232,0.2966172993183136,0.2584548592567444,0.27806591987609863,0.2152632772922516,1.1992382553671632e-07,0.0,233.28394380561213,495.71851261577876,1.2197642537554119,0.5912692546844482,0.12756775319576263,0.869500994682312,0.35683733224868774
PINN20260512-HS,7,513,physics,0.14967511594295502,0.022713325917720795,0.051948703825473785,0.014338076114654541,0.019583769142627716,0.01727166399359703,0.1968502700328827,0.29654937982559204,0.2584022879600525,0.2778513431549072,0.21530726552009583,1.1990621828772419e-07,0.0,233.1436822272909,495.8288200074699,1.2197923012386067,0.591314971446991,0.12753547728061676,0.8695033192634583,0.35694730281829834
PINN20260512-HS,7,516,physics,0.14947707951068878,0.022670801728963852,0.05189996212720871,0.014310400933027267,0.019565794616937637,0.0172566045075655,0.1966089904308319,0.29644837975502014,0.25832438468933105,0.2775275409221649,0.21536995470523834,1.1986620052084618e-07,0.0,232.92602936608438,496.001496343509,1.2203042469274552,0.5913832783699036,0.1274869740009308,0.8695066571235657,0.35709676146507263
PINN20260512-HS,7,519,physics,0.14927959442138672,0.022627925500273705,0.05185021460056305,0.014286835677921772,0.01954711228609085,0.01724029704928398,0.19635772705078125,0.2963504195213318,0.258249431848526,0.2772132158279419,0.21545329689979553,1.1989266113232588e-07,0.0,232.6942652790352,496.24847291956473,1.2205128063652022,0.5914493203163147,0.1274377405643463,0.8695101141929626,0.35726431012153625
PINN20260512-HS,7,521,physics,0.14914824068546295,0.02259921468794346,0.05181945115327835,0.014274002984166145,0.019534330815076828,0.017231019213795662,0.1961495578289032,0.29628515243530273,0.25819963216781616,0.2770066261291504,0.2154986411333084,1.1992572979124816e-07,0.0,232.54708024666746,496.3884410167102,1.2206289749632757,0.5914925336837769,0.12740473449230194,0.8695124387741089,0.3573713004589081
PINN20260512-HS,7,524,physics,0.1489514857530594,0.022556474432349205,0.051770441234111786,0.0142503771930933,0.01951584219932556,0.017215745523571968,0.195902019739151,0.29618820548057556,0.2581253945827484,0.2766871154308319,0.2155582755804062,1.1987562231752236e-07,0.0,232.33086926299742,496.54987790754717,1.2209720012662235,0.5915572643280029,0.12735538184642792,0.8695159554481506,0.3575168251991272
PINN20260512-HS,8,1,pretrain,10.501785278320312,2.5322721004486084,3.883315086364746,0.26609429717063904,1.3885889053344727,1.2929564714431763,4.9207963943481445,1.5456264019012451,0.5828056335449219,0.0,0.0,0.0,0.0,3153.967501417857,3820.1646561372195,6.621958425605215,0.4941208064556122,0.08858869969844818,0.8539407849311829,0.0
PINN20260512-HS,8,2,pretrain,10.344964027404785,2.5031394958496094,3.82285213470459,0.2618224322795868,1.377146601676941,1.2727677822113037,4.586128234863281,1.1552553176879883,0.5706724524497986,0.0,0.0,0.0,0.0,3126.843136455681,3787.8175774448273,6.459153333345447,0.4946799576282501,0.08895403146743774,0.854168176651001,0.003714354708790779
PINN20260512-HS,8,4,pretrain,10.004311561584473,2.4404044151306152,3.696251392364502,0.2473154067993164,1.3515751361846924,1.2291905879974365,3.638291358947754,0.5634179711341858,0.5470390319824219,0.0,0.0,0.0,0.0,3065.9496081964558,3715.4684765181364,6.155171433650808,0.49575164914131165,0.08973351866006851,0.854623019695282,0.013290120288729668
PINN20260512-HS,8,5,pretrain,9.823919296264648,2.405428886413574,3.6279678344726562,0.2390395998954773,1.3372293710708618,1.2056045532226562,3.1070687770843506,0.44824060797691345,0.5355322360992432,0.0,0.0,0.0,0.0,3031.796002372191,3675.0858493374003,6.023808105237181,0.49629518389701843,0.0901579037308693,0.854850709438324,0.019320689141750336
PINN20260512-HS,8,6,pretrain,9.638622283935547,2.3677361011505127,3.556469440460205,0.2302960455417633,1.321730375289917,1.1809855699539185,2.5619993209838867,0.4878924787044525,0.5242452025413513,0.0,0.0,0.0,0.0,2994.912185690926,3631.6482483852974,5.895951780373065,0.4968484044075012,0.09062017500400543,0.8550789952278137,0.026234664022922516
PINN20260512-HS,8,8,pretrain,9.24458122253418,2.283365249633789,3.404412269592285,0.21186022460460663,1.2868843078613281,1.1287060976028442,1.5793137550354004,0.6798359751701355,0.5025609135627747,0.0,0.0,0.0,0.0,2912.2669863870656,3535.0496460445925,5.635094942603846,0.49798569083213806,0.09171270579099655,0.8555347323417664,0.0429638996720314
PINN20260512-HS,8,9,pretrain,9.03382396697998,2.2363386154174805,3.3235929012298584,0.20254459977149963,1.267356038093567,1.1009470224380493,1.2259637117385864,0.7021673321723938,0.4922439754009247,0.0,0.0,0.0,0.0,2866.088449437665,3481.591590063372,5.509135519521676,0.49857133626937866,0.09234114736318588,0.8557613492012024,0.052900251001119614
PINN20260512-HS,8,11,pretrain,8.585610389709473,2.131416082382202,3.1500144004821777,0.18522046506404877,1.223461389541626,1.0415959358215332,0.8902288675308228,0.6028732657432556,0.4726918339729309,0.0,0.0,0.0,0.0,2762.775778089854,3363.6246817978963,5.284366326702817,0.49978429079055786,0.09373025596141815,0.856212317943573,0.07623903453350067
PINN20260512-HS,8,12,pretrain,8.34785270690918,2.0732011795043945,3.0590507984161377,0.17760008573532104,1.1987818479537964,1.0107711553573608,0.8621575236320496,0.5290067195892334,0.46346181631088257,0.0,0.0,0.0,0.0,2705.1724529131225,3298.9984843888606,5.185699762968932,0.5004157423973083,0.09448089450597763,0.856437087059021,0.0897822231054306
PINN20260512-HS,8,13,pretrain,8.100130081176758,2.0110278129577637,2.965977907180786,0.1707848310470581,1.172074794769287,0.979377806186676,0.8864392638206482,0.46966275572776794,0.4545995593070984,0.0,0.0,0.0,0.0,2643.403582504949,3230.782258215493,5.0939642385317,0.5010671019554138,0.09526364505290985,0.8566616773605347,0.10466470569372177
PINN20260512-HS,8,15,pretrain,7.5710554122924805,1.875207543373108,2.7710957527160645,0.15964455902576447,1.1119354963302612,0.9140216708183289,0.9850361347198486,0.4395485818386078,0.4380233585834503,0.0,0.0,0.0,0.0,2507.57332893776,3085.575635112515,4.920699872092925,0.5024368762969971,0.09691114723682404,0.8571107983589172,0.13866862654685974
PINN20260512-HS,8,16,pretrain,7.289823055267334,1.8020734786987305,2.671100378036499,0.15524348616600037,1.078274130821228,0.8807036280632019,1.020308256149292,0.46234095096588135,0.4303337633609772,0.0,0.0,0.0,0.0,2434.104866270145,3010.392499326292,4.834077576331092,0.5031588077545166,0.09776843339204788,0.8573349714279175,0.15785327553749084
PINN20260512-HS,8,17,pretrain,6.998655319213867,1.7260551452636719,2.5712227821350098,0.15151728689670563,1.0421379804611206,0.8475377559661865,1.0317238569259644,0.49294114112854004,0.42305728793144226,0.0,0.0,0.0,0.0,2357.7013169610777,2935.264212979813,4.745667623752038,0.5039089322090149,0.09864328056573868,0.85755854845047,0.17848095297813416
PINN20260512-HS,8,19,pretrain,6.388002395629883,1.5678640604019165,2.365468978881836,0.14570115506649017,0.9622450470924377,0.779077410697937,0.9739445447921753,0.5269699692726135,0.409760057926178,0.0,0.0,0.0,0.0,2199.6465625186243,2792.2462283974887,4.56749676035171,0.5055060386657715,0.10043486207723618,0.8580030202865601,0.22379763424396515
PINN20260512-HS,8,20,pretrain,6.070465564727783,1.4866738319396973,2.2578325271606445,0.14342139661312103,0.9184622168540955,0.7433964014053345,0.9114980697631836,0.521056056022644,0.4037371575832367,0.0,0.0,0.0,0.0,2120.2748642569904,2728.462112619488,4.483176118447555,0.5063603520393372,0.10134821385145187,0.8582236766815186,0.24825870990753174
PINN20260512-HS,8,21,pretrain,5.747894763946533,1.4047541618347168,2.148211717605591,0.1414545476436615,0.8721721768379211,0.7072307467460632,0.8355531692504883,0.502232551574707,0.3981368839740753,0.0,0.0,0.0,0.0,2042.4769276542636,2672.7419441464976,4.4069701262399255,0.5072571635246277,0.10227204114198685,0.8584436178207397,0.2737075388431549
PINN20260512-HS,8,23,pretrain,5.105367183685303,1.242408037185669,1.930351972579956,0.13826380670070648,0.7726166248321533,0.6356905698776245,0.6824313402175903,0.4505229890346527,0.3881877064704895,0.0,0.0,0.0,0.0,1897.4297088429917,2593.248445483001,4.292963060371074,0.5092051029205322,0.10415004193782806,0.8588809370994568,0.32668590545654297
PINN20260512-HS,8,24,pretrain,4.790031433105469,1.1625207662582397,1.8244085311889648,0.13699273765087128,0.7200878262519836,0.6009063720703125,0.6267331838607788,0.4320865273475647,0.38380637764930725,0.0,0.0,0.0,0.0,1833.0517586800433,2572.530077569551,4.259548406173177,0.5102741122245789,0.10510426014661789,0.8590989112854004,0.3536882698535919
PINN20260512-HS,8,26,pretrain,4.200321197509766,1.013411521911621,1.6222879886627197,0.13495762646198273,0.6121419072151184,0.5344098210334778,0.5857056379318237,0.4271162152290344,0.3762231767177582,0.0,0.0,0.0,0.0,1727.1757293338742,2572.88077842717,4.2387187129935695,0.5126479268074036,0.10704255849123001,0.8595338463783264,0.407282292842865
PINN20260512-HS,8,27,pretrain,3.935755491256714,0.9474225044250488,1.5260292291641235,0.13402403891086578,0.5586086511611938,0.5025995969772339,0.5960171222686768,0.43592700362205505,0.3730165958404541,0.0,0.0,0.0,0.0,1687.763386852553,2593.5011085403453,4.246588367701395,0.5139709711074829,0.10802362859249115,0.8597506880760193,0.4332844018936157
PINN20260512-HS,8,28,pretrain,3.695219039916992,0.8885490894317627,1.432844638824463,0.13294637203216553,0.5071939826011658,0.4718104600906372,0.6156466007232666,0.44479241967201233,0.37019315361976624,0.0,0.0,0.0,0.0,1658.0941619823645,2626.15660233734,4.262259080170503,0.5153927206993103,0.10900866240262985,0.8599668741226196,0.4583809971809387
PINN20260512-HS,8,30,pretrain,3.294625759124756,0.7950544357299805,1.2579197883605957,0.12984699010849,0.4155506491661072,0.41404080390930176,0.6414661407470703,0.4433497488498688,0.36566367745399475,0.0,0.0,0.0,0.0,1626.1267632014424,2717.6573551498354,4.304064805843129,0.5185515880584717,0.11096734553575516,0.8603944182395935,0.5047789216041565
PINN20260512-HS,8,31,pretrain,3.1350209712982178,0.7601363658905029,1.178487777709961,0.12792353332042694,0.37769797444343567,0.387810617685318,0.6338355541229248,0.43298617005348206,0.36393293738365173,0.0,0.0,0.0,0.0,1620.7272287464045,2769.463215137547,4.325235863444368,0.5202939510345459,0.11192344129085541,0.8606035113334656,0.5255753397941589
PINN20260512-HS,8,32,pretrain,3.001352310180664,0.7321469187736511,1.1062736511230469,0.12616369128227234,0.34588369727134705,0.36401110887527466,0.6128200888633728,0.42237621545791626,0.36253562569618225,0.0,0.0,0.0,0.0,1618.8457307600377,2819.411552079618,4.344209343733384,0.5221438407897949,0.11284725368022919,0.8608067631721497,0.5444453954696655
PINN20260512-HS,8,34,pretrain,2.799046039581299,0.6912062168121338,0.9861125349998474,0.12500694394111633,0.2994682788848877,0.3244815468788147,0.5665950775146484,0.41703125834465027,0.360649436712265,0.0,0.0,0.0,0.0,1612.672548907558,2896.2366098093576,4.36983146344907,0.5261183977127075,0.1145286113023758,0.8611838817596436,0.5755253434181213
PINN20260512-HS,8,35,pretrain,2.71885085105896,0.6741108894348145,0.9381600618362427,0.1260690838098526,0.28386935591697693,0.30883368849754333,0.5615447759628296,0.42121922969818115,0.36006927490234375,0.0,0.0,0.0,0.0,1602.7227614281892,2916.401378411415,4.372900062134215,0.5281960368156433,0.1152530238032341,0.8613513708114624,0.5875138640403748
PINN20260512-HS,8,36,pretrain,2.644338369369507,0.6567448377609253,0.8980262279510498,0.12789380550384521,0.2722179889678955,0.295854389667511,0.5723156929016113,0.42484918236732483,0.35965612530708313,0.0,0.0,0.0,0.0,1585.6745410077062,2921.8271680576863,4.366778377189845,0.5302942395210266,0.11588387191295624,0.8615016937255859,0.5971605181694031
PINN20260512-HS,8,38,pretrain,2.489123821258545,0.6159842610359192,0.8352423906326294,0.13126125931739807,0.25683149695396423,0.2756415903568268,0.613669216632843,0.42083626985549927,0.3590985834598541,0.0,0.0,0.0,0.0,1527.8709042324224,2887.3187388994656,4.321427907843048,0.5344522595405579,0.11684852093458176,0.8617451786994934,0.6099700927734375
PINN20260512-HS,8,39,pretrain,2.4008333683013916,0.5913054347038269,0.8090721964836121,0.1316608041524887,0.2515084147453308,0.26717618107795715,0.6274265646934509,0.41478288173675537,0.3588498830795288,0.0,0.0,0.0,0.0,1487.7130939801532,2848.79623700959,4.281659420172435,0.5364799499511719,0.11718534678220749,0.861838161945343,0.6134852170944214
PINN20260512-HS,8,40,pretrain,2.3040521144866943,0.5637770891189575,0.7848455309867859,0.1308766007423401,0.24706600606441498,0.2592960596084595,0.6293940544128418,0.4094623327255249,0.3585662543773651,0.0,0.0,0.0,0.0,1441.3888701526732,2797.9369185169276,4.231611709424212,0.5384631156921387,0.11743186414241791,0.8619127869606018,0.6153051853179932
PINN20260512-HS,8,42,pretrain,2.0949530601501465,0.5033688545227051,0.7417919039726257,0.1266213357448578,0.2399330884218216,0.24492840468883514,0.6017910242080688,0.40705499053001404,0.3577728569507599,0.0,0.0,0.0,0.0,1336.8498887309675,2666.772862468793,4.1074935339161796,0.5422919392585754,0.11768265813589096,0.8620121479034424,0.6144351363182068
PINN20260512-HS,8,43,pretrain,1.9911943674087524,0.472830593585968,0.7241871356964111,0.12404975295066833,0.23715898394584656,0.23884831368923187,0.5826836824417114,0.40837475657463074,0.3572206199169159,0.0,0.0,0.0,0.0,1282.8166763025806,2590.903027903592,4.037250937534056,0.5441434383392334,0.11770352721214294,0.8620402216911316,0.6119840145111084
PINN20260512-HS,8,45,pretrain,1.8106086254119873,0.41804271936416626,0.7008839249610901,0.12029153108596802,0.23349736630916595,0.2304828017950058,0.5636491775512695,0.405339777469635,0.35574790835380554,0.0,0.0,0.0,0.0,1184.3191609528235,2433.4664575456964,3.8910789784581272,0.5477592945098877,0.11758805066347122,0.8620675802230835,0.6036301255226135
PINN20260512-HS,8,46,pretrain,1.7422946691513062,0.3965979814529419,0.6946805119514465,0.11948814243078232,0.23255707323551178,0.22818054258823395,0.5660561919212341,0.4014286398887634,0.3548485040664673,0.0,0.0,0.0,0.0,1145.468190304733,2360.5229293527314,3.8215303183630733,0.5495361685752869,0.11748725920915604,0.8620766997337341,0.598250150680542
PINN20260512-HS,8,47,pretrain,1.6896514892578125,0.379984587430954,0.6897279620170593,0.11921119689941406,0.2318766862154007,0.22636167705059052,0.5703475475311279,0.3992427885532379,0.3538922071456909,0.0,0.0,0.0,0.0,1114.9535864779305,2295.541983933206,3.757425373287048,0.5512790083885193,0.11738887429237366,0.8620913028717041,0.5926614999771118
PINN20260512-HS,8,49,pretrain,1.623310923576355,0.36021947860717773,0.6778952479362488,0.11914742738008499,0.22953183948993683,0.22212564945220947,0.5674010515213013,0.3991299569606781,0.3519574701786041,0.0,0.0,0.0,0.0,1074.8633052625808,2194.390348137724,3.651366237163698,0.5545863509178162,0.11727923899888992,0.8621562719345093,0.5827245116233826
PINN20260512-HS,8,50,pretrain,1.6007404327392578,0.3545041084289551,0.6697813272476196,0.11908455938100815,0.22704830765724182,0.2192441076040268,0.5608623027801514,0.3972975015640259,0.3510330617427826,0.0,0.0,0.0,0.0,1061.638827473826,2158.09603586124,3.6112256517113113,0.5561044216156006,0.11729881912469864,0.8622126579284668,0.5792713761329651
PINN20260512-HS,8,51,pretrain,1.5790616273880005,0.34952908754348755,0.6598433256149292,0.11900237947702408,0.2234506607055664,0.21581141650676727,0.5548456311225891,0.39414018392562866,0.35015782713890076,0.0,0.0,0.0,0.0,1050.8207506516037,2130.281436805945,3.5800940445165184,0.5575072765350342,0.11737947911024094,0.8622860908508301,0.5773016810417175
PINN20260512-HS,8,53,pretrain,1.528080940246582,0.33842936158180237,0.6322832107543945,0.1189587339758873,0.2137262523174286,0.20675407350063324,0.5493394136428833,0.39027687907218933,0.3485680818557739,0.0,0.0,0.0,0.0,1033.8716675680787,2095.559233235844,3.5418387781553253,0.5599366426467896,0.11771981418132782,0.8624778985977173,0.5783100724220276
PINN20260512-HS,8,54,pretrain,1.4996287822723389,0.3323872983455658,0.6154165863990784,0.11901869624853134,0.20847123861312866,0.2013212889432907,0.5482358932495117,0.38950735330581665,0.3478478491306305,0.0,0.0,0.0,0.0,1027.7308743051365,2086.1006687118434,3.531960606884767,0.5609622001647949,0.11796306073665619,0.8625905513763428,0.5811015367507935
PINN20260512-HS,8,55,pretrain,1.4718670845031738,0.32662415504455566,0.5980270504951477,0.1191047877073288,0.20361369848251343,0.19579358398914337,0.5468279123306274,0.38782477378845215,0.34717026352882385,0.0,0.0,0.0,0.0,1023.281974824144,2079.785686074409,3.5260086351241164,0.5618650317192078,0.11823707818984985,0.8627095222473145,0.585104763507843
PINN20260512-HS,8,57,pretrain,1.4259482622146606,0.3176255226135254,0.5656895041465759,0.11926554143428802,0.19643926620483398,0.18567587435245514,0.5434505939483643,0.3825223445892334,0.3459203541278839,0.0,0.0,0.0,0.0,1017.8932900849676,2068.018737826135,3.517087210578908,0.5633225440979004,0.11880642920732498,0.8629483580589294,0.5954240560531616
PINN20260512-HS,8,58,pretrain,1.4092607498168945,0.31454312801361084,0.5524422526359558,0.11932683736085892,0.19428369402885437,0.18163204193115234,0.5422595739364624,0.38080233335494995,0.34533798694610596,0.0,0.0,0.0,0.0,1015.0217362204614,2057.709770594483,3.5085331692648176,0.5638912916183472,0.11906380951404572,0.8630595207214355,0.6010310053825378
PINN20260512-HS,8,60,pretrain,1.3826044797897339,0.30925294756889343,0.5328900814056396,0.11944892257452011,0.1917339414358139,0.1757301241159439,0.5399022102355957,0.3779272139072418,0.3442395329475403,0.0,0.0,0.0,0.0,1002.8383468934562,2018.1493378835967,3.470442483999981,0.5647541880607605,0.1194407269358635,0.8632448315620422,0.6115254163742065
PINN20260512-HS,8,61,pretrain,1.3683758974075317,0.30587902665138245,0.5257066488265991,0.11953749507665634,0.1905997395515442,0.1735280305147171,0.5382170677185059,0.3756612241268158,0.3437180817127228,0.0,0.0,0.0,0.0,991.9896672848967,1987.2711817967875,3.4389307271350713,0.5650684237480164,0.1195402592420578,0.8633134365081787,0.6159554719924927
PINN20260512-HS,8,62,pretrain,1.3515574932098389,0.3014988899230957,0.5195780992507935,0.11965636163949966,0.18913383781909943,0.17159125208854675,0.5367388129234314,0.37346476316452026,0.3432120680809021,0.0,0.0,0.0,0.0,977.9572459980037,1949.6131026437015,3.3999905690397605,0.565316915512085,0.11957691609859467,0.8633647561073303,0.6196838021278381
PINN20260512-HS,8,64,pretrain,1.310294270515442,0.28994154930114746,0.5094818472862244,0.11993357539176941,0.18482226133346558,0.16821904480457306,0.5360652804374695,0.37064486742019653,0.3422372341156006,0.0,0.0,0.0,0.0,943.6084662083103,1860.6078307907876,3.307371039206454,0.5656467080116272,0.11948087811470032,0.8634189963340759,0.6250759363174438
PINN20260512-HS,8,65,pretrain,1.2878377437591553,0.2834594249725342,0.5054186582565308,0.12004231661558151,0.18212121725082397,0.16677631437778473,0.5360450744628906,0.3691529631614685,0.341762900352478,0.0,0.0,0.0,0.0,925.5787041089483,1813.4811826980726,3.2583152740332197,0.5657399296760559,0.11936582624912262,0.863426685333252,0.6269186735153198
PINN20260512-HS,8,66,pretrain,1.2659695148468018,0.277098149061203,0.5020549297332764,0.1201179027557373,0.17929472029209137,0.16553325951099396,0.5351753234863281,0.36729684472084045,0.34129297733306885,0.0,0.0,0.0,0.0,908.4312370785144,1767.351549635782,3.210558545359158,0.5657921433448792,0.11922065913677216,0.8634258508682251,0.6283798813819885
PINN20260512-HS,8,68,pretrain,1.2279483079910278,0.2659655809402466,0.4972325563430786,0.12027880549430847,0.17392005026340485,0.16364851593971252,0.5309207439422607,0.36410072445869446,0.34035179018974304,0.0,0.0,0.0,0.0,879.3099211882009,1683.9656320721037,3.125549263531445,0.5657939314842224,0.11888660490512848,0.8634130358695984,0.630818247795105
PINN20260512-HS,8,69,pretrain,1.2123496532440186,0.2613857388496399,0.4953719973564148,0.12043172121047974,0.17154191434383392,0.16291023790836334,0.52904212474823,0.3628579378128052,0.33987414836883545,0.0,0.0,0.0,0.0,867.6326627669108,1648.2461891355915,3.089652671579665,0.5657544732093811,0.11872050166130066,0.8634080290794373,0.6321108341217041
PINN20260512-HS,8,70,pretrain,1.1984707117080688,0.25734296441078186,0.4934360682964325,0.12063942849636078,0.16937652230262756,0.1621837466955185,0.5280537605285645,0.36140695214271545,0.33938905596733093,0.0,0.0,0.0,0.0,857.5866209893902,1616.6546477216461,3.0578495382478588,0.5656964182853699,0.11856882274150848,0.8634078502655029,0.6336235404014587
PINN20260512-HS,8,72,pretrain,1.1728252172470093,0.2501320540904999,0.48805445432662964,0.12107571959495544,0.16550347208976746,0.16039085388183594,0.527367353439331,0.3580946624279022,0.3383983373641968,0.0,0.0,0.0,0.0,840.953290914543,1564.2312009418556,3.003000574139206,0.5655503869056702,0.11833975464105606,0.8634293675422668,0.637586236000061
PINN20260512-HS,8,73,pretrain,1.159889578819275,0.24667026102542877,0.48426905274391174,0.1212245523929596,0.1637154221534729,0.15920749306678772,0.5263811349868774,0.3566914498806,0.33789774775505066,0.0,0.0,0.0,0.0,833.8284445855754,1542.2456030088074,2.978325762013947,0.5654744505882263,0.11827096343040466,0.8634525537490845,0.64006108045578
PINN20260512-HS,8,75,pretrain,1.1334731578826904,0.2398829162120819,0.47495079040527344,0.12134701758623123,0.16040275990962982,0.15634915232658386,0.522682249546051,0.3537975251674652,0.33690693974494934,0.0,0.0,0.0,0.0,821.4519158173532,1503.8608645749114,2.932394417823128,0.5653426647186279,0.1182212084531784,0.8635217547416687,0.6457476615905762
PINN20260512-HS,8,76,pretrain,1.1206414699554443,0.23666855692863464,0.46988821029663086,0.1213691383600235,0.1589132398366928,0.15481998026371002,0.5209526419639587,0.352148175239563,0.33642446994781494,0.0,0.0,0.0,0.0,816.1604085594939,1486.4681294935322,2.9109714530929063,0.5652945637702942,0.11822943389415741,0.8635652661323547,0.6487792134284973
PINN20260512-HS,8,77,pretrain,1.1085489988327026,0.2336629331111908,0.4648985266685486,0.12139921635389328,0.1575509011745453,0.15332704782485962,0.5196539163589478,0.3505900502204895,0.3359535336494446,0.0,0.0,0.0,0.0,811.3905117143039,1469.685340472579,2.8904850156445665,0.5652617812156677,0.118248850107193,0.8636120557785034,0.6517987847328186
PINN20260512-HS,8,79,pretrain,1.0870181322097778,0.22834335267543793,0.45578068494796753,0.12151094526052475,0.15511935949325562,0.15061716735363007,0.5171670913696289,0.3477846682071686,0.3350435793399811,0.0,0.0,0.0,0.0,802.7958956048542,1436.529585494152,2.8511531799464396,0.5652493834495544,0.11828455328941345,0.8637082576751709,0.6574105024337769
PINN20260512-HS,8,80,pretrain,1.0773084163665771,0.22595617175102234,0.45173338055610657,0.12158393859863281,0.15394525229930878,0.1494060754776001,0.515215277671814,0.34630584716796875,0.334599107503891,0.0,0.0,0.0,0.0,798.5853507922619,1419.6997481862143,2.831560947389853,0.5652720332145691,0.11828505247831345,0.8637542128562927,0.6598477363586426
PINN20260512-HS,8,81,pretrain,1.0679320096969604,0.22365166246891022,0.44796666502952576,0.12166114151477814,0.1527114361524582,0.14825789630413055,0.5126275420188904,0.3448270857334137,0.33415666222572327,0.0,0.0,0.0,0.0,794.2199396262977,1402.6019570783437,2.8115762978974197,0.5653148293495178,0.11826679855585098,0.8637966513633728,0.6619735360145569
PINN20260512-HS,8,83,pretrain,1.0492277145385742,0.21903365850448608,0.4409351944923401,0.12182570993900299,0.14986708760261536,0.14603297412395477,0.5064947009086609,0.3422030210494995,0.33326464891433716,0.0,0.0,0.0,0.0,784.879489157412,1368.1307046477687,2.7696907037129237,0.5654610991477966,0.11816626787185669,0.8638691902160645,0.6652389764785767
PINN20260512-HS,8,84,pretrain,1.0397158861160278,0.21667824685573578,0.43753838539123535,0.12191174179315567,0.1482204645872116,0.14491775631904602,0.5034538507461548,0.34093624353408813,0.33281174302101135,0.0,0.0,0.0,0.0,780.0569290122356,1351.2754622947905,2.748007536174538,0.5655638575553894,0.11808548867702484,0.863899290561676,0.6664125919342041
PINN20260512-HS,8,85,pretrain,1.03024423122406,0.21434417366981506,0.4341803789138794,0.12199521064758301,0.14644747972488403,0.14379461109638214,0.5005521774291992,0.33963844180107117,0.33235475420951843,0.0,0.0,0.0,0.0,775.3202161042881,1335.088761094183,2.726318445119282,0.5656856298446655,0.11798850446939468,0.8639260530471802,0.667337954044342
PINN20260512-HS,8,87,pretrain,1.0122491121292114,0.20999577641487122,0.4275476932525635,0.12213637679815292,0.1427117884159088,0.14154499769210815,0.49526268243789673,0.3372178375720978,0.33143991231918335,0.0,0.0,0.0,0.0,766.5525096169212,1305.621930345841,2.6848261969877902,0.5659860372543335,0.11776749044656754,0.8639742136001587,0.6687151789665222
PINN20260512-HS,8,88,pretrain,1.003898024559021,0.20803514122962952,0.42425477504730225,0.1221865639090538,0.1408529281616211,0.14042501151561737,0.49261021614074707,0.33607298135757446,0.330989271402359,0.0,0.0,0.0,0.0,762.5727834115246,1292.4580747552316,2.6656604579150804,0.5661654472351074,0.11765632033348083,0.8639984726905823,0.6693163514137268
PINN20260512-HS,8,90,pretrain,0.9880436062812805,0.20439991354942322,0.4175926446914673,0.122242271900177,0.13733743131160736,0.13818325102329254,0.4869158864021301,0.33369457721710205,0.3301170766353607,0.0,0.0,0.0,0.0,755.1600823666463,1268.7690392660124,2.630586732263919,0.5665825605392456,0.11746198683977127,0.8640528917312622,0.6706556677818298
PINN20260512-HS,8,91,pretrain,0.9802325367927551,0.20262765884399414,0.4141835570335388,0.12224722653627396,0.13571739196777344,0.1370534896850586,0.48365306854248047,0.3325309157371521,0.3296988904476166,0.0,0.0,0.0,0.0,751.597215934173,1257.925027575173,2.6142507271876916,0.5668192505836487,0.11738695949316025,0.8640843033790588,0.6714708209037781
PINN20260512-HS,8,92,pretrain,0.972364068031311,0.2008393406867981,0.41072511672973633,0.1222362294793129,0.13419602811336517,0.1359184980392456,0.48011934757232666,0.3313927948474884,0.32929348945617676,0.0,0.0,0.0,0.0,748.0854312844223,1247.565579438612,2.5984087729922374,0.5670729875564575,0.1173289343714714,0.864118754863739,0.6724013090133667
PINN20260512-HS,8,94,pretrain,0.9564832448959351,0.1972053050994873,0.40377184748649597,0.12215736508369446,0.13142172992229462,0.13366173207759857,0.4726827144622803,0.32904350757598877,0.3285190165042877,0.0,0.0,0.0,0.0,741.2252103780605,1227.9848329682252,2.567619982261677,0.5676233768463135,0.1172577440738678,0.8641952276229858,0.6745478510856628
PINN20260512-HS,8,95,pretrain,0.9486090540885925,0.19539234042167664,0.4003520607948303,0.12208916246891022,0.13013382256031036,0.13255958259105682,0.46906206011772156,0.32786867022514343,0.3281481862068176,0.0,0.0,0.0,0.0,737.8873135513309,1218.6754592589448,2.552508346997867,0.5679149627685547,0.11723700165748596,0.8642355799674988,0.6756991744041443
PINN20260512-HS,8,96,pretrain,0.9408649802207947,0.19360710680484772,0.3970121145248413,0.12200094014406204,0.12887431681156158,0.13148440420627594,0.4655689299106598,0.3267269730567932,0.3277868330478668,0.0,0.0,0.0,0.0,734.5886178671706,1209.644420894008,2.5375286861023665,0.568213939666748,0.11721935868263245,0.8642761707305908,0.6768461465835571
PINN20260512-HS,8,98,pretrain,0.9257926940917969,0.1901298314332962,0.3906018137931824,0.12178906798362732,0.1262902021408081,0.12941418588161469,0.4594429135322571,0.3244752287864685,0.3270883858203888,0.0,0.0,0.0,0.0,727.9289113642898,1192.2950033443904,2.5078070155357612,0.56882244348526,0.11717285960912704,0.8643535375595093,0.6789590120315552
PINN20260512-HS,8,99,pretrain,0.9183828234672546,0.18841907382011414,0.3875175714492798,0.12167971581220627,0.12489371001720428,0.12840957939624786,0.4568006992340088,0.3233661651611328,0.3267497420310974,0.0,0.0,0.0,0.0,724.4740333510925,1183.9256733427146,2.492967763673511,0.5691270232200623,0.11713618040084839,0.8643890619277954,0.6798590421676636
PINN20260512-HS,8,100,pretrain,0.9109861850738525,0.18670986592769623,0.38449883460998535,0.12157604098320007,0.1233953982591629,0.1274174600839615,0.4543093144893646,0.3223033845424652,0.32641735672950745,0.0,0.0,0.0,0.0,720.9028193869129,1175.7447639687791,2.4781232083811737,0.5694292783737183,0.11708763241767883,0.8644219636917114,0.6806297898292542
PINN20260512-HS,8,102,pretrain,0.8961426019668579,0.1832793951034546,0.3786343038082123,0.12139882892370224,0.1200895756483078,0.125462144613266,0.4491562247276306,0.3202570080757141,0.3257703185081482,0.0,0.0,0.0,0.0,713.4765675899945,1159.9780170330816,2.448441082516912,0.5700196623802185,0.11695508658885956,0.8644795417785645,0.6817904114723206
PINN20260512-HS,8,103,pretrain,0.8887307643890381,0.18156959116458893,0.3757897913455963,0.12132789939641953,0.11831769347190857,0.1245015561580658,0.4462304711341858,0.31925448775291443,0.32545527815818787,0.0,0.0,0.0,0.0,709.6999365929238,1152.4077511887883,2.433759463279357,0.5703059434890747,0.11687412858009338,0.8645049929618835,0.6822144389152527
PINN20260512-HS,8,104,pretrain,0.8813810348510742,0.17987613379955292,0.37300413846969604,0.12126768380403519,0.11650620400905609,0.12355609238147736,0.44311782717704773,0.3182831406593323,0.3251454830169678,0.0,0.0,0.0,0.0,705.9379841742474,1145.038099802797,2.4192771051795137,0.5705850720405579,0.11678684502840042,0.8645291328430176,0.6825724244117737
PINN20260512-HS,8,106,pretrain,0.8669748902320862,0.17656023800373077,0.3675765097141266,0.12115667760372162,0.11289043724536896,0.121711365878582,0.4368544816970825,0.31639498472213745,0.3245396912097931,0.0,0.0,0.0,0.0,698.5632800612984,1130.772136639385,2.3909751400996893,0.571121096611023,0.11660607904195786,0.8645760416984558,0.6832269430160522
PINN20260512-HS,8,107,pretrain,0.8599144816398621,0.17493440210819244,0.3648984134197235,0.12109523266553879,0.11113554239273071,0.12080574780702591,0.43396657705307007,0.3154560923576355,0.32424208521842957,0.0,0.0,0.0,0.0,694.969805998793,1123.7821185621349,2.376996875471197,0.5713774561882019,0.11651891469955444,0.8646001219749451,0.6835868954658508
PINN20260512-HS,8,109,pretrain,0.8459646701812744,0.1717214584350586,0.3595004975795746,0.12092415243387222,0.10779248178005219,0.118999183177948,0.42898017168045044,0.31360965967178345,0.3236532509326935,0.0,0.0,0.0,0.0,687.9748133107781,1109.8825951423871,2.349076246701248,0.571865975856781,0.11636251956224442,0.8646524548530579,0.6844778656959534
PINN20260512-HS,8,110,pretrain,0.8390427231788635,0.17013004422187805,0.3567468225955963,0.1208106204867363,0.1062055379152298,0.1180880069732666,0.42686718702316284,0.3126946687698364,0.3233603835105896,0.0,0.0,0.0,0.0,684.5750050213636,1102.9303015150142,2.335083821652901,0.5720974206924438,0.11629495024681091,0.8646807074546814,0.6850206851959229
PINN20260512-HS,8,111,pretrain,0.8321607112884521,0.16855278611183167,0.3539477288722992,0.120683453977108,0.10466598719358444,0.11716766655445099,0.42495453357696533,0.31178203225135803,0.32306748628616333,0.0,0.0,0.0,0.0,681.2424311506147,1095.9727414493482,2.32111085772469,0.5723195672035217,0.11623368412256241,0.86471027135849,0.6856189370155334
PINN20260512-HS,8,113,pretrain,0.8185893893241882,0.1654692441225052,0.34823092818260193,0.12041179090738297,0.10167936980724335,0.11529713869094849,0.42140722274780273,0.3099835515022278,0.32247936725616455,0.0,0.0,0.0,0.0,674.7528945843804,1082.0796527982586,2.2934497563575316,0.5727338194847107,0.11612199246883392,0.8647724986076355,0.6869022250175476
PINN20260512-HS,8,114,pretrain,0.8119240999221802,0.16397219896316528,0.3453243374824524,0.12027964740991592,0.10020232200622559,0.11434665322303772,0.41966697573661804,0.3091059923171997,0.32218292355537415,0.0,0.0,0.0,0.0,671.5628926243618,1075.1615576275037,2.2798002009119287,0.572924792766571,0.11606648564338684,0.8648041486740112,0.687536895275116
PINN20260512-HS,8,115,pretrain,0.8053351044654846,0.16250556707382202,0.3423919975757599,0.12015479058027267,0.0987163633108139,0.11338561028242111,0.417866587638855,0.3082396388053894,0.3218842148780823,0.0,0.0,0.0,0.0,668.3786352061232,1068.2688683098463,2.266208697928906,0.573104202747345,0.11600794643163681,0.8648356199264526,0.6881325244903564
PINN20260512-HS,8,117,pretrain,0.7923266887664795,0.15964727103710175,0.3364526033401489,0.11993737518787384,0.09567677229642868,0.11142696440219879,0.4140212833881378,0.3065668046474457,0.3212774395942688,0.0,0.0,0.0,0.0,661.9562863210833,1054.5631797099688,2.2390723951565596,0.5734274387359619,0.11587561666965485,0.8648971915245056,0.689129114151001
PINN20260512-HS,8,118,pretrain,0.7858807444572449,0.15824761986732483,0.3334398865699768,0.11984395980834961,0.09411606937646866,0.11042651534080505,0.41204047203063965,0.3057612180709839,0.3209684193134308,0.0,0.0,0.0,0.0,658.7103640827279,1047.7497912192587,2.225520072433337,0.5735711455345154,0.11580076813697815,0.8649269938468933,0.6895084977149963
PINN20260512-HS,8,119,pretrain,0.7794690132141113,0.156865656375885,0.33039164543151855,0.119757741689682,0.09253611415624619,0.10941033065319061,0.4100962281227112,0.3049715757369995,0.3206551969051361,0.0,0.0,0.0,0.0,655.4540411043325,1040.9593531930054,2.212002976127594,0.573703408241272,0.11572082340717316,0.864956259727478,0.689808189868927
PINN20260512-HS,8,121,pretrain,0.7667631506919861,0.15415990352630615,0.32415878772735596,0.1195945143699646,0.08936009556055069,0.10732510685920715,0.4064357280731201,0.30344218015670776,0.32001563906669617,0.0,0.0,0.0,0.0,648.9864453515189,1027.394094298775,2.1852257174780942,0.5739346146583557,0.11555165797472,0.8650144934654236,0.690209150314331
PINN20260512-HS,8,122,pretrain,0.7604746222496033,0.15283870697021484,0.3209543228149414,0.11951559782028198,0.08778692036867142,0.1062520369887352,0.4047374427318573,0.3026966452598572,0.3196890354156494,0.0,0.0,0.0,0.0,645.8075129247104,1020.5804108447311,2.172031539827166,0.5740348100662231,0.1154664158821106,0.8650439381599426,0.6903416514396667
PINN20260512-HS,8,124,pretrain,0.7480006217956543,0.1502562016248703,0.31431540846824646,0.11935664713382721,0.08471444994211197,0.10403265804052353,0.4015750586986542,0.3012326657772064,0.31902217864990234,0.0,0.0,0.0,0.0,639.5985557363306,1006.7742112807618,2.1460176644903197,0.5742070078849792,0.11530452966690063,0.8651055097579956,0.6905505061149597
PINN20260512-HS,8,125,pretrain,0.7417925000190735,0.14899055659770966,0.31086739897727966,0.11927343159914017,0.08322341740131378,0.1028830036520958,0.40003252029418945,0.300513356924057,0.31868189573287964,0.0,0.0,0.0,0.0,636.5690261079312,999.7529069725178,2.133164204987552,0.57427978515625,0.11523066461086273,0.8651379346847534,0.6906470060348511
PINN20260512-HS,8,126,pretrain,0.735595703125,0.14773933589458466,0.30733221769332886,0.11918983608484268,0.08176250010728836,0.10170624405145645,0.39851129055023193,0.29979902505874634,0.318337082862854,0.0,0.0,0.0,0.0,633.5841005738702,992.653609019783,2.1204042453110046,0.5743440389633179,0.11516221612691879,0.865171492099762,0.6907410025596619
PINN20260512-HS,8,128,pretrain,0.7232405543327332,0.14527785778045654,0.3000311553478241,0.11902496963739395,0.07891523092985153,0.09927995502948761,0.39551877975463867,0.2983912229537964,0.3176345229148865,0.0,0.0,0.0,0.0,627.7092280666265,978.2895149187689,2.0951994366949047,0.5744466185569763,0.11503922194242477,0.8652409911155701,0.6908870935440063
PINN20260512-HS,8,129,pretrain,0.7170901298522949,0.14406755566596985,0.29628875851631165,0.1189458966255188,0.07751595228910446,0.09803649038076401,0.39404037594795227,0.29770076274871826,0.31727728247642517,0.0,0.0,0.0,0.0,624.7917653106513,971.0776552366963,2.0827925603044375,0.5744847059249878,0.11498206108808517,0.865276575088501,0.6909089088439941
PINN20260512-HS,8,130,pretrain,0.7109614610671997,0.14286962151527405,0.29250118136405945,0.11886929720640182,0.07612259685993195,0.09677652269601822,0.3926379084587097,0.29702407121658325,0.3169165253639221,0.0,0.0,0.0,0.0,621.8677009621902,963.8814112742293,2.0705542949595594,0.5745136141777039,0.11492575705051422,0.8653122782707214,0.6908726692199707
PINN20260512-HS,8,132,pretrain,0.6987592577934265,0.1405051201581955,0.2848290205001831,0.11872196942567825,0.0733276978135109,0.09421633183956146,0.3900164067745209,0.29570987820625305,0.3161865174770355,0.0,0.0,0.0,0.0,615.9568521820339,949.6174887816672,2.046558701744828,0.5745429992675781,0.11481081694364548,0.8653829097747803,0.6905643939971924
PINN20260512-HS,8,133,pretrain,0.6926829814910889,0.13933563232421875,0.28095686435699463,0.11865624785423279,0.07191905379295349,0.09291888773441315,0.3887855112552643,0.29507526755332947,0.3158182203769684,0.0,0.0,0.0,0.0,612.9646706784984,942.5707533124503,2.034809315307558,0.5745435953140259,0.11475121229887009,0.86541748046875,0.6902757287025452
PINN20260512-HS,8,134,pretrain,0.6866208910942078,0.13817350566387177,0.2770646810531616,0.1185966432094574,0.07050341367721558,0.09161102026700974,0.38758134841918945,0.2944556176662445,0.315448522567749,0.0,0.0,0.0,0.0,609.9558897985985,935.579399356356,2.0232204612059825,0.5745350122451782,0.11469053477048874,0.8654517531394958,0.6898981928825378
PINN20260512-HS,8,136,pretrain,0.6745488047599792,0.13587285578250885,0.2692320942878723,0.11849597096443176,0.06766920536756516,0.0889715924859047,0.38509541749954224,0.29325199127197266,0.3147059977054596,0.0,0.0,0.0,0.0,603.928182816467,921.6837174432453,2.0002662778679823,0.5744918584823608,0.11456973850727081,0.865519106388092,0.6889201998710632
PINN20260512-HS,8,137,pretrain,0.6685391068458557,0.13473276793956757,0.2652941346168518,0.11845389753580093,0.06626321375370026,0.08764348179101944,0.3838028311729431,0.2926667630672455,0.31433388590812683,0.0,0.0,0.0,0.0,600.9258741725139,914.7290924093319,1.988922511572562,0.5744585394859314,0.11451210826635361,0.8655526041984558,0.6883519291877747
PINN20260512-HS,8,139,pretrain,0.6565117835998535,0.13246402144432068,0.2573600709438324,0.118373803794384,0.0635143294930458,0.08497582376003265,0.3804256319999695,0.2915201485157013,0.31358903646469116,0.0,0.0,0.0,0.0,594.9652563385529,900.6703059388602,1.9659434459326839,0.5743716359138489,0.11440782994031906,0.8656198382377625,0.6871305704116821
PINN20260512-HS,8,140,pretrain,0.6504753232002258,0.1313314437866211,0.25336140394210815,0.11834199726581573,0.06218336522579193,0.083637535572052,0.3780699372291565,0.2909586727619171,0.3132163882255554,0.0,0.0,0.0,0.0,592.0070998307368,893.5262307285668,1.9542103636721737,0.5743196606636047,0.11436262726783752,0.8656537532806396,0.6864917874336243
PINN20260512-HS,8,141,pretrain,0.6444128155708313,0.13019609451293945,0.2493303418159485,0.11831261962652206,0.06088148429989815,0.08229658007621765,0.3754207491874695,0.2904021441936493,0.31284382939338684,0.0,0.0,0.0,0.0,589.0591544997836,886.2971073517052,1.942350036192077,0.5742629170417786,0.11432237178087234,0.8656878471374512,0.6858307719230652
PINN20260512-HS,8,143,pretrain,0.6323133111000061,0.12792032957077026,0.24121877551078796,0.11823563277721405,0.0583488903939724,0.07960616052150726,0.3710958957672119,0.289311945438385,0.31209930777549744,0.0,0.0,0.0,0.0,583.1638920577988,871.6146295812158,1.918455101380997,0.5741385221481323,0.11425433307886124,0.8657561540603638,0.6843764781951904
PINN20260512-HS,8,144,pretrain,0.6262813806533813,0.12678149342536926,0.23713287711143494,0.11817548424005508,0.05710712447762489,0.07825274765491486,0.36969462037086487,0.28878268599510193,0.3117276430130005,0.0,0.0,0.0,0.0,580.1992384086694,864.1782585207753,1.906520300976698,0.5740721225738525,0.11422497034072876,0.8657901883125305,0.6835322976112366
PINN20260512-HS,8,145,pretrain,0.6202641129493713,0.12564398348331451,0.2330208569765091,0.1181020438671112,0.055874962359666824,0.0768899917602539,0.36884474754333496,0.2882617115974426,0.3113565146923065,0.0,0.0,0.0,0.0,577.216570058414,856.6759159682266,1.8946443946129343,0.5740037560462952,0.11419786512851715,0.8658239245414734,0.6825732588768005
PINN20260512-HS,8,147,pretrain,0.6082806587219238,0.1233789324760437,0.22469709813594818,0.11794636398553848,0.05343154817819595,0.07412358373403549,0.3685063123703003,0.28725484013557434,0.3106156289577484,0.0,0.0,0.0,0.0,571.2115413749971,841.3874330532873,1.8709767130964159,0.5738645792007446,0.11415066570043564,0.865890622138977,0.680233359336853
PINN20260512-HS,8,148,pretrain,0.6023063063621521,0.12225309014320374,0.22047922015190125,0.11788099259138107,0.05222395062446594,0.07271622121334076,0.3686100244522095,0.286767840385437,0.3102458119392395,0.0,0.0,0.0,0.0,568.2123007732233,833.5205081460203,1.859045090501684,0.5737951993942261,0.11413200199604034,0.8659237623214722,0.6788434386253357
PINN20260512-HS,8,149,pretrain,0.5963360071182251,0.12113234400749207,0.21622374653816223,0.11783034354448318,0.05103161931037903,0.07129237800836563,0.368602454662323,0.2862878143787384,0.3098761737346649,0.0,0.0,0.0,0.0,565.2336906094682,825.4493094672744,1.8469864817509136,0.5737267136573792,0.11411809921264648,0.8659568428993225,0.6773204803466797
PINN20260512-HS,8,151,pretrain,0.5844171643257141,0.11890476942062378,0.2076229304075241,0.11776799708604813,0.048708755522966385,0.06840210407972336,0.36824727058410645,0.2853468656539917,0.3091374635696411,0.0,0.0,0.0,0.0,559.3816619715022,808.5738602626232,1.8224770893647604,0.5735936760902405,0.11410762369632721,0.8660234212875366,0.6739452481269836
PINN20260512-HS,8,152,pretrain,0.578478991985321,0.11779700219631195,0.2032848298549652,0.11774607002735138,0.047581519931554794,0.06694124639034271,0.36817407608032227,0.28488317131996155,0.3087683618068695,0.0,0.0,0.0,0.0,556.5211417816937,799.7499218505745,1.810067873685843,0.5735294222831726,0.11411142349243164,0.8660568594932556,0.6721199750900269
PINN20260512-HS,8,154,pretrain,0.5666672587394714,0.11559885740280151,0.19453483819961548,0.1176874116063118,0.0453888401389122,0.06399177759885788,0.36873573064804077,0.28397566080093384,0.30803048610687256,0.0,0.0,0.0,0.0,550.9454090470307,781.3951465167927,1.7850504160208382,0.5734050273895264,0.11413503438234329,0.8661240339279175,0.6682035326957703
PINN20260512-HS,8,155,pretrain,0.5608038902282715,0.11451406031847,0.19012194871902466,0.11764520406723022,0.04431724548339844,0.06250329315662384,0.3693550229072571,0.2835303544998169,0.30766183137893677,0.0,0.0,0.0,0.0,548.2345814065362,771.9085923864302,1.7724732306776916,0.5733445882797241,0.11415347456932068,0.8661575317382812,0.6660974621772766
PINN20260512-HS,8,156,pretrain,0.5549795031547546,0.1134435385465622,0.18568341434001923,0.11759794503450394,0.04325859993696213,0.06100492179393768,0.3701152205467224,0.28309324383735657,0.3072933554649353,0.0,0.0,0.0,0.0,545.5809976529608,762.2421285261003,1.7598502318315397,0.5732852816581726,0.1141754761338234,0.8661907315254211,0.663882851600647
PINN20260512-HS,8,158,pretrain,0.543483316898346,0.11135916411876678,0.1767333447933197,0.11751551181077957,0.041178781539201736,0.05797787383198738,0.37162166833877563,0.2822417914867401,0.30655649304389954,0.0,0.0,0.0,0.0,540.4888412354135,742.4051707120581,1.7344114340367596,0.5731688141822815,0.11422882229089737,0.8662561178207397,0.6591254472732544
PINN20260512-HS,8,159,pretrain,0.537829577922821,0.11035177111625671,0.17223048210144043,0.11748944222927094,0.04016168788075447,0.05645131319761276,0.37213099002838135,0.28182604908943176,0.3061878979206085,0.0,0.0,0.0,0.0,538.0805295213719,732.2423181570429,1.7215653203528904,0.5731116533279419,0.11425977945327759,0.8662879467010498,0.656600832939148
PINN20260512-HS,8,160,pretrain,0.5322509407997131,0.10937109589576721,0.16771847009658813,0.11747607588768005,0.03916497901082039,0.054918885231018066,0.37234950065612793,0.2814173400402069,0.30581897497177124,0.0,0.0,0.0,0.0,535.7868921035677,721.9212214639489,1.708625259410652,0.5730550289154053,0.11429344862699509,0.8663195371627808,0.6540011167526245
PINN20260512-HS,8,162,pretrain,0.5213779807090759,0.1075018122792244,0.15870612859725952,0.11747924983501434,0.037249963730573654,0.05185167118906975,0.3719651997089386,0.2806136906147003,0.30507931113243103,0.0,0.0,0.0,0.0,531.6046169381902,700.8569308353881,1.6825756939937386,0.572943389415741,0.11436783522367477,0.8663809895515442,0.6486448645591736
PINN20260512-HS,8,163,pretrain,0.5161176919937134,0.10661860555410385,0.15422767400741577,0.11748701333999634,0.036340221762657166,0.05032677203416824,0.3715290427207947,0.28021740913391113,0.30470797419548035,0.0,0.0,0.0,0.0,529.7390572253476,690.1645410697365,1.6695330413572051,0.5728880167007446,0.11440776288509369,0.8664107918739319,0.6459187865257263
PINN20260512-HS,8,164,pretrain,0.5109986066818237,0.10577340424060822,0.14978671073913574,0.1174924224615097,0.03546713665127754,0.048811886459589005,0.37103739380836487,0.27982527017593384,0.30433520674705505,0.0,0.0,0.0,0.0,528.0303909340826,679.4262745140196,1.6565329980745611,0.5728328824043274,0.11444875597953796,0.866439938545227,0.6431751847267151
PINN20260512-HS,8,166,pretrain,0.5012465715408325,0.10420722514390945,0.14107182621955872,0.11748562008142471,0.033840443938970566,0.04582376033067703,0.3700491786003113,0.2790485918521881,0.3035842776298523,0.0,0.0,0.0,0.0,525.0896352052666,658.0306318857808,1.6308335816674429,0.5727220177650452,0.11453086137771606,0.8664955496788025,0.6376602649688721
PINN20260512-HS,8,167,pretrain,0.4966488778591156,0.10348932445049286,0.1368444710969925,0.11747388541698456,0.03309199959039688,0.04436232149600983,0.3695791959762573,0.27866363525390625,0.30320608615875244,0.0,0.0,0.0,0.0,523.8617124299121,647.4806222969148,1.6182188849187897,0.5726654529571533,0.11457031965255737,0.8665217161178589,0.6349207162857056
PINN20260512-HS,8,169,pretrain,0.48808959126472473,0.1021825447678566,0.12880712747573853,0.11744458973407745,0.03174285963177681,0.041552167385816574,0.3685556650161743,0.2778962552547455,0.3024445176124573,0.0,0.0,0.0,0.0,521.8793562692435,626.9933711770803,1.5937178134619432,0.572546660900116,0.11464221775531769,0.8665701150894165,0.6296618580818176
PINN20260512-HS,8,170,pretrain,0.4841470718383789,0.1015920639038086,0.12504617869853973,0.11743123084306717,0.031145237386226654,0.04022005945444107,0.36792343854904175,0.2775116562843323,0.3020612299442291,0.0,0.0,0.0,0.0,521.079228620754,617.260960818032,1.582010174903184,0.5724831819534302,0.11467290669679642,0.8665919303894043,0.6272100806236267
PINN20260512-HS,8,171,pretrain,0.4804418087005615,0.10104338824748993,0.12148360908031464,0.11742085963487625,0.030596256256103516,0.0389518178999424,0.3671799302101135,0.2771260142326355,0.3016761243343353,0.0,0.0,0.0,0.0,520.3665174662951,608.0083007245871,1.5708218404541918,0.5724162459373474,0.11469874531030655,0.8666119575500488,0.6248749494552612
PINN20260512-HS,8,173,pretrain,0.4737391769886017,0.1000576987862587,0.11502101272344589,0.11740262806415558,0.029645157977938652,0.03664744272828102,0.365439772605896,0.276356965303421,0.30089956521987915,0.0,0.0,0.0,0.0,519.0830557338585,591.302957459203,1.5505036885602315,0.5722710490226746,0.11473272740840912,0.8666458129882812,0.6206346750259399
PINN20260512-HS,8,174,pretrain,0.4707285761833191,0.09961193799972534,0.112139493227005,0.11739309132099152,0.02924194373190403,0.03562385216355324,0.36452752351760864,0.2759711444377899,0.30050763487815857,0.0,0.0,0.0,0.0,518.4395155174806,584.0276909102855,1.5416034438838948,0.5721920132637024,0.11473935842514038,0.8666594624519348,0.6187564134597778
PINN20260512-HS,8,175,pretrain,0.4679240584373474,0.09918993711471558,0.1094934344291687,0.11738114058971405,0.028886564075946808,0.03468448668718338,0.36363184452056885,0.2755868434906006,0.3001130223274231,0.0,0.0,0.0,0.0,517.759687258481,577.5457232981645,1.5336573458875016,0.5721085071563721,0.11473827064037323,0.8666708469390869,0.6170692443847656
PINN20260512-HS,8,177,pretrain,0.4628709852695465,0.09839002788066864,0.10494999587535858,0.11734756082296371,0.028320670127868652,0.033053550869226456,0.3619382381439209,0.27480992674827576,0.29931676387786865,0.0,0.0,0.0,0.0,516.2357443552315,567.0786431351476,1.5208105706778443,0.5719263553619385,0.11471118032932281,0.8666866421699524,0.6144320964813232
PINN20260512-HS,8,178,pretrain,0.46058332920074463,0.0979982241988182,0.10305745899677277,0.11732704192399979,0.028109952807426453,0.03236571326851845,0.3611234128475189,0.27441829442977905,0.29891645908355713,0.0,0.0,0.0,0.0,515.3208951711545,563.2046142389105,1.5160211764709364,0.5718268752098083,0.11468443274497986,0.866690993309021,0.6135926246643066
PINN20260512-HS,8,179,pretrain,0.4584251642227173,0.09760615229606628,0.10139597207307816,0.11730791628360748,0.027939610183238983,0.03175756335258484,0.36030328273773193,0.27402210235595703,0.2985157072544098,0.0,0.0,0.0,0.0,514.2295511247871,560.3315424817704,1.512404239855247,0.5717217326164246,0.11464835703372955,0.866692841053009,0.6130573153495789
PINN20260512-HS,8,181,pretrain,0.45442986488342285,0.09680964052677155,0.09871183335781097,0.1172848492860794,0.0276931244879961,0.030762838199734688,0.3585692048072815,0.2732454240322113,0.29771631956100464,0.0,0.0,0.0,0.0,511.4886056893154,557.4844728779449,1.5085906067793597,0.571494996547699,0.11454784125089645,0.8666892647743225,0.6127244234085083
PINN20260512-HS,8,182,pretrain,0.45256611704826355,0.09640035033226013,0.09766695648431778,0.11728046089410782,0.027615206316113472,0.03037155605852604,0.35764697194099426,0.2728622555732727,0.2973194122314453,0.0,0.0,0.0,0.0,509.8800563612976,557.3592311068329,1.5082684025380784,0.5713741779327393,0.11448408663272858,0.8666840195655823,0.6129328608512878
PINN20260512-HS,8,183,pretrain,0.45078006386756897,0.09598326683044434,0.09679725766181946,0.11727911978960037,0.02757023461163044,0.030044984072446823,0.3567081391811371,0.2724810242652893,0.29692521691322327,0.0,0.0,0.0,0.0,508.14057479205496,557.9873430464171,1.5088909224558744,0.5712490677833557,0.11441235989332199,0.8666768074035645,0.6133907437324524
PINN20260512-HS,8,185,pretrain,0.44742944836616516,0.09513440728187561,0.09550059586763382,0.11728160828351974,0.027581103146076202,0.029549214988946915,0.3549043536186218,0.2717304229736328,0.29614609479904175,0.0,0.0,0.0,0.0,504.39375739594556,561.0826587945844,1.512503278615805,0.5709906816482544,0.11424911767244339,0.8666572570800781,0.6148747205734253
PINN20260512-HS,8,186,pretrain,0.44585949182510376,0.09470643103122711,0.0950397253036499,0.11728279292583466,0.027637429535388947,0.029367851093411446,0.3540720045566559,0.27136024832725525,0.2957622706890106,0.0,0.0,0.0,0.0,502.4585648339572,563.3221491739873,1.5152280577898094,0.570859432220459,0.11415977030992508,0.8666454553604126,0.6158517599105835
PINN20260512-HS,8,188,pretrain,0.4429226815700531,0.0938543826341629,0.09441907703876495,0.11728285998106003,0.027835899963974953,0.029118506237864494,0.35258787870407104,0.27063092589378357,0.29501011967658997,0.0,0.0,0.0,0.0,498.54906666746456,568.7658239556945,1.5219250035241285,0.5705963373184204,0.11397043615579605,0.8666186332702637,0.6181727051734924
PINN20260512-HS,8,189,pretrain,0.44155043363571167,0.09343598783016205,0.09422463178634644,0.11728355288505554,0.0279600378125906,0.029037775471806526,0.3519417643547058,0.2702738642692566,0.2946432828903198,0.0,0.0,0.0,0.0,496.6024252357211,571.809682062135,1.525656655110147,0.570466160774231,0.11387196183204651,0.8666039705276489,0.6194288730621338
PINN20260512-HS,8,190,pretrain,0.440233051776886,0.09302552789449692,0.09408055245876312,0.11728580296039581,0.028088411316275597,0.02897636778652668,0.35134732723236084,0.2699224352836609,0.2942834496498108,0.0,0.0,0.0,0.0,494.6915547843929,574.9402414599277,1.5294712406430824,0.5703375935554504,0.1137719675898552,0.8665887713432312,0.6207069754600525
PINN20260512-HS,8,192,pretrain,0.4377296566963196,0.09223262965679169,0.09387439489364624,0.11729443818330765,0.028333095833659172,0.028890348970890045,0.35026365518569946,0.2692401111125946,0.2935854494571686,0.0,0.0,0.0,0.0,491.01783636136884,581.1424631706067,1.5368845961420772,0.5700878500938416,0.11357096582651138,0.8665570616722107,0.623274564743042
PINN20260512-HS,8,193,pretrain,0.4365249574184418,0.09185120463371277,0.09377813339233398,0.11730063706636429,0.028436917811632156,0.028850926086306572,0.34978342056274414,0.2689063847064972,0.29324665665626526,0.0,0.0,0.0,0.0,489.27660249597056,584.0597144128329,1.54028834525191,0.569968044757843,0.113471619784832,0.8665411472320557,0.6245001554489136
PINN20260512-HS,8,194,pretrain,0.4353398382663727,0.09147936850786209,0.09366851300001144,0.1173071563243866,0.028523776680231094,0.02880704402923584,0.349357545375824,0.26857808232307434,0.29291436076164246,0.0,0.0,0.0,0.0,487.6161400117925,586.758734489739,1.5433753084781332,0.5698525309562683,0.11337406933307648,0.8665251135826111,0.6256659030914307
PINN20260512-HS,8,196,pretrain,0.43299293518066406,0.09075888991355896,0.09337910264730453,0.11731648445129395,0.028643492609262466,0.028699662536382675,0.34866952896118164,0.2679317891597748,0.29226788878440857,0.0,0.0,0.0,0.0,484.5344092528414,591.3688833968185,1.548426821341611,0.5696352124214172,0.11318646371364594,0.8664936423301697,0.6278302669525146
PINN20260512-HS,8,197,pretrain,0.43181926012039185,0.09040876477956772,0.09318825602531433,0.11731941998004913,0.028672080487012863,0.028631601482629776,0.3484003245830536,0.26761123538017273,0.291952908039093,0.0,0.0,0.0,0.0,483.09333660794783,593.2685153031467,1.5503725207950085,0.5695337653160095,0.11309704929590225,0.8664783239364624,0.628808856010437
PINN20260512-HS,8,198,pretrain,0.4306401014328003,0.09006479382514954,0.09296277165412903,0.11732203513383865,0.02867671102285385,0.028551410883665085,0.34816572070121765,0.2672947645187378,0.2916429340839386,0.0,0.0,0.0,0.0,481.7092938173396,594.9046404676972,1.55193268157414,0.5694370865821838,0.11301063001155853,0.866463303565979,0.6297001838684082
PINN20260512-HS,8,200,pretrain,0.42826777696609497,0.08939269185066223,0.0924224928021431,0.11732792854309082,0.02861837111413479,0.028363332152366638,0.34780144691467285,0.26666831970214844,0.2910369038581848,0.0,0.0,0.0,0.0,479.1016169613707,597.4476441496778,1.5539876940338404,0.5692570209503174,0.11284656822681427,0.8664342761039734,0.6312586665153503
PINN20260512-HS,8,201,pretrain,0.42707979679107666,0.08906368166208267,0.0921204462647438,0.11733115464448929,0.028560589998960495,0.028260987251996994,0.34766316413879395,0.2663577198982239,0.29074040055274963,0.0,0.0,0.0,0.0,477.85505451444163,598.4205774369728,1.554564536217999,0.569172739982605,0.1127685084939003,0.8664201498031616,0.6319470405578613
PINN20260512-HS,8,203,pretrain,0.4247180223464966,0.08841903507709503,0.0914863869547844,0.11733885109424591,0.02840224839746952,0.028043130412697792,0.3474477529525757,0.265742689371109,0.2901579439640045,0.0,0.0,0.0,0.0,475.45463440269464,599.9283811422827,1.555042295077269,0.5690144896507263,0.11261923611164093,0.8663925528526306,0.6331106424331665
PINN20260512-HS,8,204,pretrain,0.42355433106422424,0.08810189366340637,0.09117583930492401,0.1173417717218399,0.02831471711397171,0.027936313301324844,0.34737271070480347,0.26543673872947693,0.2898715138435364,0.0,0.0,0.0,0.0,474.3033378018755,600.5283871308666,1.555046509461382,0.5689395666122437,0.11254741996526718,0.8663791418075562,0.6336302161216736
PINN20260512-HS,8,205,pretrain,0.4224068522453308,0.08778686076402664,0.09088212996721268,0.11734293401241302,0.02822999097406864,0.02783684991300106,0.34731751680374146,0.26513195037841797,0.2895883619785309,0.0,0.0,0.0,0.0,473.1719263386195,601.091715131726,1.5549759706495454,0.568866491317749,0.11247701942920685,0.8663657307624817,0.6341450810432434
PINN20260512-HS,8,207,pretrain,0.4201723337173462,0.08716356754302979,0.0903637707233429,0.11734084039926529,0.028076348826289177,0.02766059711575508,0.347248375415802,0.2645263075828552,0.28903019428253174,0.0,0.0,0.0,0.0,470.92472195670507,602.3228733412006,1.5548755780628114,0.5687240958213806,0.11233864724636078,0.866339385509491,0.6351503133773804
PINN20260512-HS,8,208,pretrain,0.41908779740333557,0.08685482293367386,0.09014525264501572,0.11733796447515488,0.02801053784787655,0.027585305273532867,0.347229927778244,0.26422321796417236,0.28875479102134705,0.0,0.0,0.0,0.0,469.803599257179,603.0670049836917,1.554953401387079,0.5686535835266113,0.1122698038816452,0.8663260340690613,0.6356521844863892
PINN20260512-HS,8,209,pretrain,0.4180258810520172,0.08654747903347015,0.08995644748210907,0.11733368784189224,0.027955111116170883,0.027521999552845955,0.3472122251987457,0.2639261782169342,0.28848180174827576,0.0,0.0,0.0,0.0,468.67801113877744,603.9375485097776,1.5551729913392796,0.5685826539993286,0.11220064759254456,0.8663126826286316,0.6361849308013916
PINN20260512-HS,8,211,pretrain,0.4159659445285797,0.08593694865703583,0.08966104686260223,0.11732254177331924,0.02787504717707634,0.027424635365605354,0.34718337655067444,0.2633362412452698,0.2879418730735779,0.0,0.0,0.0,0.0,466.38670918026816,606.1328237276051,1.5561506480323777,0.5684382319450378,0.1120607778429985,0.8662854433059692,0.6373214721679688
PINN20260512-HS,8,212,pretrain,0.41496628522872925,0.0856340080499649,0.08954999595880508,0.11731597036123276,0.027850456535816193,0.027386795729398727,0.34717029333114624,0.26304489374160767,0.2876741886138916,0.0,0.0,0.0,0.0,465.2342152077811,607.4457280284388,1.5569132792416027,0.5683642029762268,0.11198996007442474,0.8662715554237366,0.6379100680351257
PINN20260512-HS,8,213,pretrain,0.41398516297340393,0.08533231914043427,0.08946049213409424,0.11730823665857315,0.027838442474603653,0.02735680155456066,0.3471584916114807,0.2627575993537903,0.28740790486335754,0.0,0.0,0.0,0.0,464.08720893814774,608.8825830979238,1.5578506006079837,0.5682886242866516,0.11191873252391815,0.8662576079368591,0.6385326385498047
PINN20260512-HS,8,215,pretrain,0.41207802295684814,0.0847344845533371,0.08933331817388535,0.11728958040475845,0.027850322425365448,0.027316227555274963,0.3471531569957733,0.26218628883361816,0.28687915205955505,0.0,0.0,0.0,0.0,461.8050352962817,612.0681896243261,1.560183617101064,0.5681324601173401,0.11177578568458557,0.8662292957305908,0.63986736536026
PINN20260512-HS,8,216,pretrain,0.411152184009552,0.08444008231163025,0.08928902447223663,0.11727990210056305,0.027869170531630516,0.027300404384732246,0.34715765714645386,0.26190465688705444,0.2866159975528717,0.0,0.0,0.0,0.0,460.6800001085352,613.7610742381762,1.561527021802648,0.5680519938468933,0.11170459538698196,0.8662151098251343,0.6405395865440369
PINN20260512-HS,8,218,pretrain,0.4093568027019501,0.0838632881641388,0.08922584354877472,0.11726079881191254,0.02792620286345482,0.027278507128357887,0.34716591238975525,0.26134830713272095,0.28609222173690796,0.0,0.0,0.0,0.0,458.49620022962023,617.1659268381559,1.5643838280726312,0.5678863525390625,0.11156441271305084,0.8661869168281555,0.6418871879577637
PINN20260512-HS,8,219,pretrain,0.40848812460899353,0.08358229696750641,0.08920253813266754,0.11725226044654846,0.027960507199168205,0.027270566672086716,0.3471689224243164,0.2610721290111542,0.28583142161369324,0.0,0.0,0.0,0.0,457.43800809508605,618.809618339922,1.5658176293905242,0.567801296710968,0.1114962100982666,0.8661729097366333,0.6425387859344482
PINN20260512-HS,8,220,pretrain,0.40763863921165466,0.08330699056386948,0.08918186277151108,0.1172451376914978,0.027995623648166656,0.02726196125149727,0.3471680283546448,0.260799765586853,0.2855709195137024,0.0,0.0,0.0,0.0,456.408174636476,620.3638549270903,1.5672012630497905,0.5677151679992676,0.11142981797456741,0.8661591410636902,0.6431463956832886
PINN20260512-HS,8,222,pretrain,0.40599310398101807,0.08277331292629242,0.08914297819137573,0.11723466217517853,0.02806697227060795,0.027244390919804573,0.34714722633361816,0.26025599241256714,0.28505146503448486,0.0,0.0,0.0,0.0,454.4590878175944,623.0742331375933,1.569671811566461,0.5675402283668518,0.11130399256944656,0.8661322593688965,0.6442320942878723
PINN20260512-HS,8,223,pretrain,0.405195415019989,0.08251489698886871,0.08912234753370285,0.1172310933470726,0.028102410957217216,0.027235649526119232,0.3471263349056244,0.2599843740463257,0.2847926914691925,0.0,0.0,0.0,0.0,453.5352108712178,624.1930540706136,1.5707059325486992,0.5674515962600708,0.11124511808156967,0.8661192655563354,0.6447077393531799
PINN20260512-HS,8,224,pretrain,0.4044131338596344,0.08226211369037628,0.08909957110881805,0.11722905933856964,0.02813546359539032,0.0272249486297369,0.3470972180366516,0.2597143054008484,0.28453442454338074,0.0,0.0,0.0,0.0,452.641656003952,625.147082693345,1.571589498183216,0.5673624277114868,0.11118917167186737,0.8661066889762878,0.645118236541748
PINN20260512-HS,8,226,pretrain,0.40288835763931274,0.08177202939987183,0.08904533088207245,0.11722923070192337,0.028191877529025078,0.027198579162359238,0.3470200300216675,0.25917553901672363,0.2840205132961273,0.0,0.0,0.0,0.0,450.95222169316344,626.5557138036489,1.5728820630887972,0.5671824812889099,0.11108614504337311,0.8660823702812195,0.6457529664039612
PINN20260512-HS,8,227,pretrain,0.40214473009109497,0.08153435587882996,0.08901340514421463,0.117231085896492,0.028215061873197556,0.027184538543224335,0.34697479009628296,0.2589063346385956,0.2837654948234558,0.0,0.0,0.0,0.0,450.1485345138869,627.0290065060786,1.573297228919196,0.5670914649963379,0.11103890091180801,0.8660708069801331,0.6459908485412598
PINN20260512-HS,8,228,pretrain,0.4014136791229248,0.081301748752594,0.08897791057825089,0.11723416298627853,0.02823394536972046,0.027168788015842438,0.34692633152008057,0.2586399018764496,0.2835118770599365,0.0,0.0,0.0,0.0,449.37096660220493,627.3519745724883,1.5735579683388412,0.5669997930526733,0.11099439859390259,0.8660594820976257,0.6461678147315979
PINN20260512-HS,8,230,pretrain,0.39998775720596313,0.08085121959447861,0.08889523148536682,0.1172432228922844,0.028261227533221245,0.027132976800203323,0.346826434135437,0.2581094205379486,0.28300976753234863,0.0,0.0,0.0,0.0,447.89202451595406,627.6036269015659,1.573665995869502,0.5668146014213562,0.11091332882642746,0.8660376071929932,0.6463600993156433
PINN20260512-HS,8,231,pretrain,0.3992919921875,0.08063298463821411,0.08884754776954651,0.11724872142076492,0.02827046439051628,0.027113337069749832,0.34677791595458984,0.2578454315662384,0.2827617824077606,0.0,0.0,0.0,0.0,447.18700646373884,627.5625715815117,1.5735380880867835,0.5667207837104797,0.11087643355131149,0.8660271167755127,0.6463886499404907
PINN20260512-HS,8,233,pretrain,0.39793357253074646,0.08021032065153122,0.08873771131038666,0.1172613874077797,0.028280891478061676,0.02706998772919178,0.34668317437171936,0.25732412934303284,0.2822728455066681,0.0,0.0,0.0,0.0,445.8303874513266,627.2387155222483,1.5729914194428014,0.5665307641029358,0.11080915480852127,0.8660067915916443,0.6463274955749512
PINN20260512-HS,8,234,pretrain,0.39727020263671875,0.08000577986240387,0.08867503702640533,0.11726865917444229,0.028281716629862785,0.027045927941799164,0.34663644433021545,0.257068008184433,0.2820320129394531,0.0,0.0,0.0,0.0,445.17693111840373,626.9908791202628,1.5726118254274684,0.5664344429969788,0.11077836900949478,0.8659968972206116,0.6462419629096985
PINN20260512-HS,8,235,pretrain,0.3966158926486969,0.07980524003505707,0.08860687911510468,0.1172761619091034,0.028280220925807953,0.027021491900086403,0.3465908467769623,0.25681427121162415,0.28179410099983215,0.0,0.0,0.0,0.0,444.53518561526715,626.7120052304726,1.5721874439075227,0.566336989402771,0.11074916273355484,0.8659871816635132,0.6461364030838013
PINN20260512-HS,8,237,pretrain,0.39533352851867676,0.07941614836454391,0.0884532555937767,0.11729276925325394,0.028268760070204735,0.026967285200953484,0.3465054929256439,0.2563149034976959,0.2813265323638916,0.0,0.0,0.0,0.0,443.2746397550846,626.1217683086893,1.5712740847354127,0.5661389827728271,0.11069479584693909,0.8659681677818298,0.6458454728126526
PINN20260512-HS,8,238,pretrain,0.3947038948535919,0.07922720909118652,0.08836634457111359,0.11730166524648666,0.02825988084077835,0.026936830952763557,0.3464656472206116,0.25607141852378845,0.28109702467918396,0.0,0.0,0.0,0.0,442.6621877910965,625.8180646162269,1.570797396481885,0.5660384297370911,0.11066938191652298,0.8659588694572449,0.6456688642501831
PINN20260512-HS,8,239,pretrain,0.39408037066459656,0.07904163748025894,0.08827098459005356,0.11731033772230148,0.02825065702199936,0.026905037462711334,0.3464251756668091,0.2558319568634033,0.2808706760406494,0.0,0.0,0.0,0.0,442.0561863326878,625.517960373641,1.5703151721961635,0.5659368634223938,0.1106451079249382,0.8659495115280151,0.6454888582229614
PINN20260512-HS,8,241,physics,0.40316155552864075,0.07868042588233948,0.08805681765079498,0.1173291802406311,0.028227131813764572,0.026832012459635735,0.34634190797805786,0.2553650140762329,0.2804262638092041,0.17372068762779236,0.4557460844516754,9.539596135255124e-08,0.0,440.7603692767761,625.0343490561139,1.569389237415221,0.5657312870025635,0.11059975624084473,0.8659313917160034,0.6450682878494263
PINN20260512-HS,8,242,physics,0.40255242586135864,0.07850509881973267,0.08795367926359177,0.117347352206707,0.028190236538648605,0.026772264391183853,0.34629982709884644,0.25514036417007446,0.28020453453063965,0.17376601696014404,0.45535874366760254,9.516804055920147e-08,0.0,440.1584231841985,624.7827122288196,1.5689110837751234,0.5656291246414185,0.11057789623737335,0.8659225106239319,0.6445974707603455
PINN20260512-HS,8,243,physics,0.40194621682167053,0.07833220809698105,0.08782900869846344,0.11735934764146805,0.028163541108369827,0.026735326275229454,0.3462548851966858,0.2549165189266205,0.27999070286750793,0.17378006875514984,0.45511552691459656,9.50011553868535e-08,0.0,439.6378481204729,624.4391733788008,1.568359370004128,0.5655255317687988,0.11055674403905869,0.8659141659736633,0.6443430185317993
PINN20260512-HS,8,245,physics,0.4007439613342285,0.07799512147903442,0.087542325258255,0.11737731099128723,0.028121791779994965,0.026663128286600113,0.3461531400680542,0.25447878241539,0.27957451343536377,0.17373314499855042,0.4546966552734375,9.471677486772023e-08,0.0,438.445086356319,623.7387023024946,1.5671570390997738,0.5653194189071655,0.11051851511001587,0.8658985495567322,0.6439158916473389
PINN20260512-HS,8,246,physics,0.40014705061912537,0.07783131301403046,0.08739645779132843,0.11739177256822586,0.02809123508632183,0.026594769209623337,0.3460962772369385,0.2542685270309448,0.2793657183647156,0.17367182672023773,0.4542979598045349,9.452056559666744e-08,0.0,437.93644301998893,623.2363867346,1.5664168197371393,0.5652191638946533,0.11050189286470413,0.8658913373947144,0.6434344053268433
PINN20260512-HS,8,247,physics,0.39955225586891174,0.07766919583082199,0.08722884207963943,0.11739858984947205,0.028076237067580223,0.026546044275164604,0.3460378050804138,0.25405752658843994,0.2791639566421509,0.17360588908195496,0.45406803488731384,9.439105497222045e-08,0.0,437.47282058431927,622.6591663984399,1.5655994335768295,0.5651183128356934,0.11048673093318939,0.8658846020698547,0.6431685090065002
PINN20260512-HS,8,249,physics,0.3983723223209381,0.07735098898410797,0.086886927485466,0.11741556227207184,0.02803299017250538,0.02644614689052105,0.3459203839302063,0.2536467909812927,0.27876657247543335,0.17342138290405273,0.45348283648490906,9.41332842785414e-08,0.0,436.32853877554237,621.646050819918,1.5639888678205636,0.5649184584617615,0.11045963317155838,0.8658720254898071,0.6425477266311646
PINN20260512-HS,8,250,physics,0.3977866470813751,0.07719460129737854,0.08672762662172318,0.11743254214525223,0.027989735826849937,0.026379812508821487,0.34586194157600403,0.2534478008747101,0.2785671353340149,0.173295795917511,0.4529692828655243,9.394206301749364e-08,0.0,435.8177120368102,621.0421181369263,1.5630856637911446,0.5648203492164612,0.11044739186763763,0.8658660054206848,0.6420076489448547
PINN20260512-HS,8,252,physics,0.39662250876426697,0.07688552141189575,0.08637747913599014,0.11745454370975494,0.027920642867684364,0.026292070746421814,0.3457382321357727,0.253053218126297,0.2781827449798584,0.17304100096225739,0.4521927237510681,9.366651454456587e-08,0.0,434.7707190290073,619.7342928626751,1.561127174030594,0.5646236538887024,0.11042612791061401,0.8658550977706909,0.6413154006004333
PINN20260512-HS,8,253,physics,0.39604392647743225,0.07673372328281403,0.08620637655258179,0.1174706369638443,0.02787572704255581,0.0262270700186491,0.345672607421875,0.2528631091117859,0.27798992395401,0.17290273308753967,0.4516458809375763,9.347769491796498e-08,0.0,434.23952923473007,619.026049532651,1.560075671757895,0.5645278096199036,0.110417440533638,0.8658500909805298,0.6407619714736938
PINN20260512-HS,8,254,physics,0.3954688608646393,0.07658373564481735,0.08602972328662872,0.11748513579368591,0.027834463864564896,0.02616102620959282,0.3456048369407654,0.25267452001571655,0.2777995467185974,0.17276616394519806,0.4511149227619171,9.329392725021535e-08,0.0,433.7909022501509,618.2081465817156,1.55893095779251,0.5644329786300659,0.11041001230478287,0.865845263004303,0.640216052532196
PINN20260512-HS,8,256,physics,0.3943262994289398,0.07628758251667023,0.08564866334199905,0.11750166863203049,0.0277725700289011,0.026055866852402687,0.34546613693237305,0.2523002028465271,0.2774317264556885,0.17249956727027893,0.4502912163734436,9.302041803493921e-08,0.0,432.80265783033263,616.7043963683087,1.556730881178413,0.5642440319061279,0.11039765924215317,0.8658366203308105,0.6394263505935669
PINN20260512-HS,8,257,physics,0.3937588036060333,0.0761418491601944,0.08546701073646545,0.11751628667116165,0.02772599272429943,0.025985490530729294,0.3453996777534485,0.25212109088897705,0.2772476077079773,0.17234565317630768,0.4497087597846985,9.283319002406643e-08,0.0,432.3010380510322,616.0139760995687,1.5556825197473296,0.5641511082649231,0.11039195209741592,0.8658324480056763,0.6388335227966309
PINN20260512-HS,8,258,physics,0.39319461584091187,0.07599727809429169,0.08528193086385727,0.1175289899110794,0.027679940685629845,0.025923985987901688,0.3453361392021179,0.251944363117218,0.2770672142505646,0.1721847951412201,0.4491637051105499,9.266425848863946e-08,0.0,431.84341418504926,615.3141981947109,1.5546336502612417,0.5640578866004944,0.11038624495267868,0.865828275680542,0.6383112668991089
PINN20260512-HS,8,260,physics,0.3920740485191345,0.0757112056016922,0.08490369468927383,0.11755041033029556,0.027589615434408188,0.02581563964486122,0.3452145457267761,0.2515949308872223,0.2767156958580017,0.171845942735672,0.4481523036956787,9.236705977855308e-08,0.0,430.8289248646149,614.1165911290786,1.5527261063126696,0.563871443271637,0.11037498712539673,0.8658204674720764,0.6374022364616394
PINN20260512-HS,8,261,physics,0.39151760935783386,0.0755702406167984,0.0847184807062149,0.11756454408168793,0.02753777988255024,0.02574637159705162,0.34515181183815,0.2514277696609497,0.2765403985977173,0.17166508734226227,0.44755086302757263,9.218849328362921e-08,0.0,430.36516108416583,613.4991595348766,1.5517740899549466,0.5637794137001038,0.11036966741085052,0.8658166527748108,0.6368160247802734
PINN20260512-HS,8,262,physics,0.39096325635910034,0.07542998343706131,0.08452478051185608,0.11757337301969528,0.027495557442307472,0.025687450543045998,0.3450876474380493,0.25126031041145325,0.2763694226741791,0.171488955616951,0.44706007838249207,9.204712370092238e-08,0.0,429.9261746218762,612.869276436664,1.5508216908063486,0.5636871457099915,0.110364630818367,0.8658129572868347,0.6363590359687805
PINN20260512-HS,8,264,physics,0.3898618221282959,0.075151726603508,0.08413863927125931,0.11758998036384583,0.02741275727748871,0.025565532967448235,0.3449605107307434,0.250934362411499,0.2760315537452698,0.17113156616687775,0.4460791051387787,9.178902615758489e-08,0.0,428.9456550660002,611.8100706101527,1.5491054507198527,0.563503623008728,0.11035508662462234,0.8658061027526855,0.6354293823242188
PINN20260512-HS,8,265,physics,0.3893141746520996,0.07501326501369476,0.08395250141620636,0.11760076880455017,0.02736571617424488,0.02549964189529419,0.3448999524116516,0.25077542662620544,0.2758632004261017,0.17094632983207703,0.44552817940711975,9.164813974393837e-08,0.0,428.48858648743493,611.2754851537888,1.548254875947301,0.5634123682975769,0.11035037040710449,0.8658027648925781,0.6348972320556641
PINN20260512-HS,8,267,physics,0.3882240951061249,0.07473587989807129,0.08358261734247208,0.11761748045682907,0.027277758345007896,0.025391852483153343,0.34478163719177246,0.25046175718307495,0.2755325138568878,0.17058342695236206,0.44454461336135864,9.14290012588026e-08,0.0,427.5030336149675,610.3128296210067,1.5466657723602577,0.5632290840148926,0.11034122854471207,0.8657963275909424,0.6340177655220032
PINN20260512-HS,8,268,physics,0.3876814842224121,0.07459746301174164,0.08340709656476974,0.11762990802526474,0.027227379381656647,0.025328371673822403,0.34472137689590454,0.2503093183040619,0.275365948677063,0.17040297389030457,0.44396260380744934,9.129246336669894e-08,0.0,427.01994244999844,609.8062960891762,1.5458592891299077,0.5631384253501892,0.11033708602190018,0.8657932877540588,0.6334635615348816
PINN20260512-HS,8,269,physics,0.3871402144432068,0.07445880770683289,0.08323074877262115,0.11763985455036163,0.02718239463865757,0.02527131885290146,0.34465914964675903,0.2501574158668518,0.27520114183425903,0.17023302614688873,0.4434370696544647,9.117668753333419e-08,0.0,426.56674448437724,609.243947446341,1.5450065656494365,0.5630478262901306,0.11033344268798828,0.8657905459403992,0.6329735517501831
PINN20260512-HS,8,271,physics,0.38606104254722595,0.07418087124824524,0.08288183808326721,0.1176571398973465,0.027100253850221634,0.025162693113088608,0.3445281386375427,0.24985672533512115,0.2748737633228302,0.1699204295873642,0.4424431324005127,9.096658715179728e-08,0.0,425.58617664346195,608.1797123383844,1.5433540956044114,0.5628675818443298,0.11032769829034805,0.8657852411270142,0.6320412755012512
PINN20260512-HS,8,272,physics,0.3855229318141937,0.0740417093038559,0.08271520584821701,0.11766830831766129,0.027055302634835243,0.025102799758315086,0.3444629907608032,0.24970859289169312,0.27470940351486206,0.16977111995220184,0.4418884813785553,9.084868679565261e-08,0.0,425.11667516106684,607.6174783529519,1.5425014499679146,0.5627783536911011,0.11032538115978241,0.8657828569412231,0.6314998865127563
PINN20260512-HS,9,1,pretrain,12.336164474487305,3.074540138244629,4.021277904510498,0.6810699105262756,1.446607232093811,1.341861367225647,3.0851473808288574,1.102679967880249,0.5605859756469727,0.0,0.0,0.0,0.0,3653.9403388670703,3209.8979734564773,5.177597097255155,0.488819420337677,0.08697841316461563,0.8552562594413757,0.0
PINN20260512-HS,9,2,pretrain,12.17930793762207,3.0434892177581787,3.9630541801452637,0.6663239002227783,1.436267375946045,1.3223415613174438,2.845261812210083,0.8406113386154175,0.5514090061187744,0.0,0.0,0.0,0.0,3626.6332872238404,3187.452901612822,5.078821462496519,0.48920124769210815,0.08726659417152405,0.8554821014404297,0.004565796814858913
PINN20260512-HS,9,3,pretrain,12.01224422454834,3.011139392852783,3.903183698654175,0.6440107226371765,1.4251837730407715,1.3017863035202026,2.554105758666992,0.6176260113716125,0.542361855506897,0.0,0.0,0.0,0.0,3597.1319130662973,3163.119030324341,4.984936918894938,0.4895961880683899,0.08757235109806061,0.855707585811615,0.009788474068045616
PINN20260512-HS,9,5,pretrain,11.651932716369629,2.938981294631958,3.7727549076080322,0.5909535884857178,1.400191068649292,1.2568182945251465,1.924696922302246,0.4103730320930481,0.524640679359436,0.0,0.0,0.0,0.0,3530.6122698478234,3107.8621269290566,4.822918024221427,0.4904344975948334,0.08825461566448212,0.8561584949493408,0.022731538861989975
PINN20260512-HS,9,6,pretrain,11.46003532409668,2.8986456394195557,3.702029228210449,0.561564564704895,1.3860644102096558,1.232492446899414,1.625422716140747,0.4354327321052551,0.5159907341003418,0.0,0.0,0.0,0.0,3493.1398483312973,3076.45266500234,4.746879580259723,0.4908798038959503,0.08864527940750122,0.8563839197158813,0.030602652579545975
PINN20260512-HS,9,7,pretrain,11.259044647216797,2.8551626205444336,3.6278162002563477,0.5307587385177612,1.3706920146942139,1.2070047855377197,1.3639153242111206,0.4958570599555969,0.5075143575668335,0.0,0.0,0.0,0.0,3452.5500720481955,3042.1641967520427,4.6681843932618685,0.4913436770439148,0.08908084779977798,0.8566092252731323,0.039524007588624954
PINN20260512-HS,9,8,pretrain,11.047355651855469,2.8083019256591797,3.550015926361084,0.49890944361686707,1.3539446592330933,1.1803257465362549,1.1543169021606445,0.548214316368103,0.4992308020591736,0.0,0.0,0.0,0.0,3408.6014727450906,3004.6981545572926,4.58626294423559,0.4918268918991089,0.08956678211688995,0.8568339347839355,0.04959431290626526
PINN20260512-HS,9,9,pretrain,10.823832511901855,2.757826328277588,3.468238353729248,0.4664726257324219,1.3356895446777344,1.152297854423523,1.0058612823486328,0.5702733397483826,0.4911528527736664,0.0,0.0,0.0,0.0,3361.0531087740937,2963.722321675902,4.502760519816035,0.4923301935195923,0.09010352939367294,0.8570579290390015,0.060905277729034424
PINN20260512-HS,9,11,pretrain,10.338753700256348,2.6451220512390137,3.290931463241577,0.401659220457077,1.29404878616333,1.0916690826416016,0.8938539028167725,0.5292099118232727,0.475633829832077,0.0,0.0,0.0,0.0,3254.3139061866787,2869.789016635195,4.339525129351269,0.49339985847473145,0.09131716936826706,0.8575040102005005,0.0875854343175888
PINN20260512-HS,9,12,pretrain,10.0784273147583,2.5825228691101074,3.199173927307129,0.37016427516937256,1.2703328132629395,1.0607131719589233,0.9133683443069458,0.48799917101860046,0.4681988060474396,0.0,0.0,0.0,0.0,3194.8483532086466,2816.081674951918,4.2621224760562235,0.49396824836730957,0.09198601543903351,0.8577260375022888,0.10310328751802444
PINN20260512-HS,9,13,pretrain,9.8075590133667,2.5157594680786133,3.1082100868225098,0.33994799852371216,1.2444729804992676,1.0301811695098877,0.962502121925354,0.44891923666000366,0.4609811305999756,0.0,0.0,0.0,0.0,3131.3093108155254,2757.4031261315417,4.187299728523123,0.4945620000362396,0.09269118309020996,0.8579474687576294,0.12014161050319672
PINN20260512-HS,9,14,pretrain,9.526676177978516,2.4451487064361572,3.017406702041626,0.3114851415157318,1.2163288593292236,0.9997512102127075,1.0284771919250488,0.42046648263931274,0.45398029685020447,0.0,0.0,0.0,0.0,3063.879077248317,2693.445098753639,4.113712418249242,0.4951842427253723,0.0934293121099472,0.8581682443618774,0.13871897757053375
PINN20260512-HS,9,15,pretrain,9.236717224121094,2.3712549209594727,2.9247031211853027,0.2859368324279785,1.1857664585113525,0.968605637550354,1.1019842624664307,0.40685850381851196,0.4471999406814575,0.0,0.0,0.0,0.0,2992.941529666091,2623.971608078106,4.039280374699425,0.49583762884140015,0.09419716149568558,0.8583884239196777,0.15882131457328796
PINN20260512-HS,9,17,pretrain,8.639586448669434,2.2166600227355957,2.730471611022949,0.25131040811538696,1.117162823677063,0.9034382104873657,1.2399165630340576,0.419604629278183,0.43429094552993774,0.0,0.0,0.0,0.0,2843.3050311213533,2468.1262123319384,3.877049701132045,0.49724823236465454,0.09580908715724945,0.8588269352912903,0.2033490538597107
PINN20260512-HS,9,18,pretrain,8.333858489990234,2.1368796825408936,2.6273865699768066,0.24339374899864197,1.07905912399292,0.8688300251960754,1.2896653413772583,0.43560928106307983,0.428158164024353,0.0,0.0,0.0,0.0,2766.5820067368327,2381.963055968753,3.78417321702376,0.4980114698410034,0.09664672613143921,0.859045147895813,0.22754144668579102
PINN20260512-HS,9,19,pretrain,8.019340515136719,2.054457664489746,2.520033121109009,0.24137409031391144,1.0384448766708374,0.8328835964202881,1.3187999725341797,0.4494767189025879,0.4222443401813507,0.0,0.0,0.0,0.0,2690.256307491909,2290.7451844323496,3.6811896237755857,0.49881812930107117,0.09750165045261383,0.8592625260353088,0.2527945637702942
PINN20260512-HS,9,20,pretrain,7.696688175201416,1.9697154760360718,2.409860849380493,0.24396169185638428,0.9954155683517456,0.7962418794631958,1.3232539892196655,0.45672088861465454,0.41655659675598145,0.0,0.0,0.0,0.0,2615.806281053702,2195.067538824261,3.567714694947578,0.49967172741889954,0.09837175905704498,0.8594790697097778,0.2788938879966736
PINN20260512-HS,9,22,pretrain,7.041696071624756,1.7982884645462036,2.191948652267456,0.25285130739212036,0.9027221202850342,0.7246620655059814,1.2521843910217285,0.44724297523498535,0.4058741629123688,0.0,0.0,0.0,0.0,2478.803037758345,1993.947466710194,3.3129648647379972,0.5015358328819275,0.1001504436135292,0.8599095344543457,0.33264076709747314
PINN20260512-HS,9,23,pretrain,6.717809200286865,1.7147164344787598,2.0858733654022217,0.25560617446899414,0.8532735109329224,0.6897847652435303,1.17836594581604,0.4341616630554199,0.4008793830871582,0.0,0.0,0.0,0.0,2419.2001777447026,1890.8506022422819,3.1755689931156224,0.5025602579116821,0.10105590522289276,0.8601236343383789,0.3597504794597626
PINN20260512-HS,9,24,pretrain,6.398568153381348,1.6337547302246094,1.9799690246582031,0.2553403675556183,0.802457332611084,0.6547801494598389,1.0830981731414795,0.4201042652130127,0.39611807465553284,0.0,0.0,0.0,0.0,2367.154198610644,1787.8478682483026,3.0351443312524737,0.5036579966545105,0.10197047889232635,0.8603370785713196,0.3866537809371948
PINN20260512-HS,9,25,pretrain,6.087217807769775,1.556293249130249,1.8747162818908691,0.2513079345226288,0.7509464025497437,0.620099663734436,0.9728727340698242,0.40857887268066406,0.39159926772117615,0.0,0.0,0.0,0.0,2323.478857231113,1686.414836272499,2.895099735539955,0.5048374533653259,0.10289334505796432,0.8605499863624573,0.41308996081352234
PINN20260512-HS,9,26,pretrain,5.788451194763184,1.4831945896148682,1.7731678485870361,0.24317750334739685,0.699354887008667,0.5868247747421265,0.8565816879272461,0.401852011680603,0.3873268961906433,0.0,0.0,0.0,0.0,2288.599134842098,1588.0604522498506,2.759425590963642,0.5061086416244507,0.10382343083620071,0.8607624769210815,0.4388148784637451
PINN20260512-HS,9,28,pretrain,5.236786842346191,1.3500149250030518,1.5873212814331055,0.21705465018749237,0.5984283685684204,0.5260449051856995,0.6679497957229614,0.40328991413116455,0.3795515298843384,0.0,0.0,0.0,0.0,2244.9400882874356,1406.5838936942225,2.5191321877406483,0.5089588165283203,0.10570074617862701,0.8611856698989868,0.48730143904685974
PINN20260512-HS,9,29,pretrain,4.990878105163574,1.2912763357162476,1.501617193222046,0.20242631435394287,0.5507920980453491,0.49785059690475464,0.623307466506958,0.40810102224349976,0.37606558203697205,0.0,0.0,0.0,0.0,2235.0211408396117,1326.4237633576986,2.4222954069227067,0.5105522871017456,0.10664495080709457,0.8613961935043335,0.5097343921661377
PINN20260512-HS,9,30,pretrain,4.767435550689697,1.2380409240722656,1.4192758798599243,0.1895865499973297,0.5062402486801147,0.47077247500419617,0.6234787702560425,0.4119533896446228,0.37285754084587097,0.0,0.0,0.0,0.0,2231.7115629041314,1255.1402312092462,2.3427619622658797,0.5122638940811157,0.10758963227272034,0.8616057634353638,0.5308012962341309
PINN20260512-HS,9,31,pretrain,4.569279670715332,1.1905241012573242,1.3421621322631836,0.1805580109357834,0.46570491790771484,0.44546204805374146,0.6660869121551514,0.4127408266067505,0.36994045972824097,0.0,0.0,0.0,0.0,2233.577175742983,1193.903471810012,2.2781312106444505,0.5140959620475769,0.10853105038404465,0.8618136644363403,0.550421953201294
PINN20260512-HS,9,32,pretrain,4.3968825340271,1.1485607624053955,1.2717523574829102,0.17668373882770538,0.42991816997528076,0.42235657572746277,0.7364214658737183,0.40992674231529236,0.3673204183578491,0.0,0.0,0.0,0.0,2239.026350894513,1143.431567694368,2.2237057962155644,0.5160507559776306,0.10946349799633026,0.8620191216468811,0.5685299634933472
PINN20260512-HS,9,34,pretrain,4.111549377441406,1.0780664682388306,1.1530086994171143,0.1764744371175766,0.3725892901420593,0.383277952671051,0.8608229160308838,0.3994120657444,0.3629913330078125,0.0,0.0,0.0,0.0,2253.21403776916,1074.8010280977592,2.1286267046117495,0.5203198194503784,0.11127331852912903,0.862417995929718,0.6000937819480896
PINN20260512-HS,9,35,pretrain,3.9919533729553223,1.0492321252822876,1.1035741567611694,0.1740645170211792,0.350779265165329,0.3669184148311615,0.8761265277862549,0.39612433314323425,0.36128365993499756,0.0,0.0,0.0,0.0,2257.660404046632,1054.8111797852732,2.084972734716958,0.5226184725761414,0.11213049292564392,0.862607479095459,0.6135016083717346
PINN20260512-HS,9,36,pretrain,3.882986545562744,1.0234143733978271,1.0595269203186035,0.1698586344718933,0.3330942988395691,0.3522961735725403,0.8577622175216675,0.3955894708633423,0.3598684072494507,0.0,0.0,0.0,0.0,2257.615556289423,1041.8940685117657,2.0444772852311046,0.5250055193901062,0.11293873190879822,0.8627874255180359,0.6252986192703247
PINN20260512-HS,9,37,pretrain,3.78190541267395,0.9992292523384094,1.0203478336334229,0.16624951362609863,0.31901752948760986,0.33928465843200684,0.8169213533401489,0.3969927430152893,0.3587315082550049,0.0,0.0,0.0,0.0,2251.498278924503,1033.6974291348508,2.007892188213712,0.5274598598480225,0.1136862188577652,0.8629551529884338,0.6355020403862
PINN20260512-HS,9,38,pretrain,3.6862008571624756,0.9754428267478943,0.9858758449554443,0.16484250128269196,0.30802494287490845,0.3278517425060272,0.7663350105285645,0.39869511127471924,0.357850044965744,0.0,0.0,0.0,0.0,2238.2316680808535,1027.9466790646293,1.9760314131486627,0.5299591422080994,0.11436384171247482,0.8631090521812439,0.6441646218299866
PINN20260512-HS,9,40,pretrain,3.502516746520996,0.92558753490448,0.9289525747299194,0.17225106060504913,0.29284074902534485,0.3090161383152008,0.6791951060295105,0.3978212773799896,0.35671085119247437,0.0,0.0,0.0,0.0,2188.7992141811455,1016.7874347669723,1.928594756445721,0.535010039806366,0.11548836529254913,0.8633705377578735,0.6572202444076538
PINN20260512-HS,9,41,pretrain,3.410122871398926,0.8986538648605347,0.904930591583252,0.17895950376987457,0.28745603561401367,0.30109381675720215,0.6536390781402588,0.3951140344142914,0.35637056827545166,0.0,0.0,0.0,0.0,2153.210858230099,1009.3048969464083,1.9120421759819268,0.537528932094574,0.11593326926231384,0.8634772896766663,0.6618483066558838
PINN20260512-HS,9,42,pretrain,3.314868688583374,0.8703594207763672,0.8830636739730835,0.1843908727169037,0.28293222188949585,0.2938832938671112,0.6391249299049377,0.3921728730201721,0.3561261296272278,0.0,0.0,0.0,0.0,2111.4402667373756,1000.0966828262156,1.8985429131712412,0.5400281548500061,0.11630336940288544,0.8635683059692383,0.6653875112533569
PINN20260512-HS,9,43,pretrain,3.216137170791626,0.841057538986206,0.8628968000411987,0.18635495007038116,0.27901047468185425,0.28722554445266724,0.6317617297172546,0.39006519317626953,0.3559381365776062,0.0,0.0,0.0,0.0,2064.647790786603,989.3818145690773,1.8871282021135667,0.5425015687942505,0.11660397797822952,0.8636444807052612,0.6679754257202148
PINN20260512-HS,9,44,pretrain,3.1147491931915283,0.8112982511520386,0.8440874814987183,0.18398576974868774,0.27555611729621887,0.28101491928100586,0.6284793615341187,0.3892768621444702,0.35577183961868286,0.0,0.0,0.0,0.0,2014.1603709734734,977.6858518972236,1.8777443649325463,0.544946551322937,0.11684194207191467,0.8637073040008545,0.6697474718093872
PINN20260512-HS,9,46,pretrain,2.9144229888916016,0.7534241676330566,0.8097086548805237,0.16984823346138,0.2699018716812134,0.26963943243026733,0.6329302787780762,0.389784038066864,0.3553897738456726,0.0,0.0,0.0,0.0,1907.9447056977306,954.2570408438179,1.8679695961704186,0.5497570037841797,0.11716318130493164,0.863800048828125,0.6713748574256897
PINN20260512-HS,9,47,pretrain,2.822054147720337,0.7267199754714966,0.7946200370788574,0.16179728507995605,0.2677003741264343,0.26460549235343933,0.6433300375938416,0.38922441005706787,0.35512787103652954,0.0,0.0,0.0,0.0,1855.2271424275789,943.9746752429326,1.8683086351780622,0.5521320104598999,0.11726611107587814,0.8638350963592529,0.6715110540390015
PINN20260512-HS,9,48,pretrain,2.7380049228668213,0.7020679712295532,0.7813231348991394,0.15539969503879547,0.2658810615539551,0.26012662053108215,0.6592602729797363,0.38758385181427,0.3547956943511963,0.0,0.0,0.0,0.0,1804.7566317927744,935.3150204610209,1.870636595661964,0.5544969439506531,0.11734569072723389,0.8638670444488525,0.671410322189331
PINN20260512-HS,9,49,pretrain,2.663360834121704,0.6797097325325012,0.7702761888504028,0.15129658579826355,0.2643234133720398,0.256354957818985,0.676544189453125,0.3856247663497925,0.35438352823257446,0.0,0.0,0.0,0.0,1758.059441543431,928.3713561931992,1.8725271614169554,0.5568587183952332,0.11741504818201065,0.8639007210731506,0.671278178691864
PINN20260512-HS,9,50,pretrain,2.5976040363311768,0.6597373485565186,0.7610952258110046,0.14901745319366455,0.26283231377601624,0.2532286047935486,0.6886190176010132,0.384425550699234,0.3539011478424072,0.0,0.0,0.0,0.0,1715.893571874433,922.7840009991504,1.8715674970024434,0.5591991543769836,0.11748625338077545,0.8639402389526367,0.671332836151123
PINN20260512-HS,9,52,pretrain,2.4851253032684326,0.6261334419250488,0.744385302066803,0.14638154208660126,0.25905925035476685,0.2475559562444687,0.6793932914733887,0.38391849398612976,0.35277706384658813,0.0,0.0,0.0,0.0,1645.487009976074,913.1097620220693,1.857395774058254,0.5637348890304565,0.11767280846834183,0.8640506267547607,0.6726977825164795
PINN20260512-HS,9,53,pretrain,2.433657169342041,0.611488938331604,0.734779417514801,0.14510954916477203,0.2563345730304718,0.2443409264087677,0.6590794324874878,0.38301774859428406,0.35216084122657776,0.0,0.0,0.0,0.0,1616.3867884884485,907.874509500074,1.8455567173186427,0.5658908486366272,0.1178041324019432,0.8641262054443359,0.6742386817932129
PINN20260512-HS,9,54,pretrain,2.3832173347473145,0.5975530743598938,0.7235850691795349,0.14409711956977844,0.25289347767829895,0.24060073494911194,0.6353884339332581,0.3814513087272644,0.35152289271354675,0.0,0.0,0.0,0.0,1590.5697878433375,902.0403261495575,1.8328983075117076,0.5679492950439453,0.11796696484088898,0.8642167448997498,0.6763916611671448
PINN20260512-HS,9,55,pretrain,2.333141326904297,0.5839327573776245,0.7107464075088501,0.14368028938770294,0.2487635314464569,0.23633970320224762,0.6146718859672546,0.37991923093795776,0.3508712649345398,0.0,0.0,0.0,0.0,1567.5057416162788,895.7680014936903,1.8210942737748723,0.569894552230835,0.11816252768039703,0.8643215894699097,0.6791192293167114
PINN20260512-HS,9,56,pretrain,2.2829856872558594,0.5703842639923096,0.6964684724807739,0.1437772512435913,0.24409162998199463,0.23164501786231995,0.599990725517273,0.37894582748413086,0.3502121567726135,0.0,0.0,0.0,0.0,1546.7752745631797,889.4813797938662,1.8112108143853372,0.5717160701751709,0.11838918924331665,0.8644397258758545,0.682345986366272
PINN20260512-HS,9,58,pretrain,2.183063507080078,0.5436620116233826,0.665420651435852,0.14375802874565125,0.23410427570343018,0.22156302630901337,0.5868194103240967,0.3775925636291504,0.348888635635376,0.0,0.0,0.0,0.0,1510.970052648298,879.1207254979262,1.7997103263367173,0.5749713182449341,0.11891517043113708,0.8647066354751587,0.6898919939994812
PINN20260512-HS,9,59,pretrain,2.1346733570098877,0.5309107899665833,0.6497200131416321,0.1428554505109787,0.22934460639953613,0.2165144383907318,0.5853132009506226,0.376348078250885,0.348230242729187,0.0,0.0,0.0,0.0,1495.1798386816215,876.0064568825962,1.7991262603813072,0.5764079093933105,0.11919787526130676,0.8648504018783569,0.6939903497695923
PINN20260512-HS,9,60,pretrain,2.088732957839966,0.5188866853713989,0.6346942186355591,0.14129747450351715,0.22506821155548096,0.2117258757352829,0.586316704750061,0.3748787045478821,0.34757721424102783,0.0,0.0,0.0,0.0,1480.1548905435538,874.5411654118976,1.80219154495029,0.5777257084846497,0.1194794625043869,0.8649970293045044,0.6981595754623413
PINN20260512-HS,9,61,pretrain,2.046236038208008,0.5077353715896606,0.621008038520813,0.1393902450799942,0.22140564024448395,0.20737625658512115,0.5898135304450989,0.3736323118209839,0.3469316363334656,0.0,0.0,0.0,0.0,1465.2593627068213,874.5402006197314,1.8079992257088748,0.578934907913208,0.11974769085645676,0.8651436567306519,0.7022949457168579
PINN20260512-HS,9,63,pretrain,1.9722211360931396,0.4879133105278015,0.598511815071106,0.13604804873466492,0.21593615412712097,0.20017953217029572,0.6003227233886719,0.37192502617836,0.3456715941429138,0.0,0.0,0.0,0.0,1433.1594468167175,876.893201878085,1.8201783896558952,0.5810782313346863,0.12019823491573334,0.8654250502586365,0.7100988626480103
PINN20260512-HS,9,64,pretrain,1.939218282699585,0.4788665175437927,0.5894312858581543,0.13485604524612427,0.21394114196300507,0.19725815951824188,0.6019477844238281,0.3709012269973755,0.34506145119667053,0.0,0.0,0.0,0.0,1414.863067579333,877.9610612094366,1.8225911896139966,0.5820387601852417,0.120363250374794,0.8655551671981812,0.7136262059211731
PINN20260512-HS,9,65,pretrain,1.9073594808578491,0.4700736105442047,0.5814228057861328,0.13377557694911957,0.21221323311328888,0.1946672797203064,0.5976152420043945,0.36968839168548584,0.3444674611091614,0.0,0.0,0.0,0.0,1394.713321797709,878.2101115336808,1.8211464432320434,0.5829410552978516,0.12048177421092987,0.8656758069992065,0.7168431878089905
PINN20260512-HS,9,66,pretrain,1.875884771347046,0.46135765314102173,0.5741854906082153,0.13276635110378265,0.21057824790477753,0.1923058032989502,0.5872159004211426,0.3685494065284729,0.3438913822174072,0.0,0.0,0.0,0.0,1372.8215925603733,877.3384110478693,1.8161869364399443,0.5837938785552979,0.12055326998233795,0.8657862544059753,0.7197321653366089
PINN20260512-HS,9,67,pretrain,1.8446327447891235,0.4526574909687042,0.5674776434898376,0.13197603821754456,0.20888295769691467,0.19010043144226074,0.5728970766067505,0.3676571249961853,0.34333425760269165,0.0,0.0,0.0,0.0,1349.5913733423165,875.2997700788,1.8087388735822099,0.5846030712127686,0.12058006227016449,0.8658864498138428,0.7222989201545715
PINN20260512-HS,9,69,pretrain,1.7838457822799683,0.43557029962539673,0.5551486015319824,0.13115300238132477,0.20506702363491058,0.18597793579101562,0.5435746908187866,0.36609676480293274,0.34227657318115234,0.0,0.0,0.0,0.0,1301.653755804515,868.5670670708164,1.7916084585640462,0.5860961079597473,0.12051901966333389,0.8660588264465332,0.7265915870666504
PINN20260512-HS,9,70,pretrain,1.7549878358840942,0.42743849754333496,0.5495079755783081,0.130679652094841,0.2029798924922943,0.18404679000377655,0.5318608283996582,0.3651506304740906,0.34177297353744507,0.0,0.0,0.0,0.0,1278.3367122945347,864.576775075528,1.784090748115939,0.586776077747345,0.12044345587491989,0.866133987903595,0.7284173369407654
PINN20260512-HS,9,71,pretrain,1.7274997234344482,0.4197371006011963,0.5442404747009277,0.12983429431915283,0.20084571838378906,0.18222376704216003,0.5224449634552002,0.3642064929008484,0.34128251671791077,0.0,0.0,0.0,0.0,1256.2430099308015,860.6632616767141,1.7781663294596832,0.5874063968658447,0.12034675478935242,0.8662043809890747,0.7301104068756104
PINN20260512-HS,9,72,pretrain,1.7015268802642822,0.4125184118747711,0.5393049716949463,0.12861305475234985,0.19873008131980896,0.18050497770309448,0.5149563550949097,0.3634047508239746,0.34080129861831665,0.0,0.0,0.0,0.0,1235.7358131898582,857.1147093592549,1.7740210394682503,0.5879822373390198,0.12023571878671646,0.8662719130516052,0.7317341566085815
PINN20260512-HS,9,73,pretrain,1.6771306991577148,0.40577730536460876,0.5346311330795288,0.127219095826149,0.19669072329998016,0.17887607216835022,0.5089974999427795,0.36271053552627563,0.34032511711120605,0.0,0.0,0.0,0.0,1216.9869555586863,854.1391133767379,1.7715413383610155,0.5884993076324463,0.12011710554361343,0.8663387298583984,0.7333468198776245
PINN20260512-HS,9,75,pretrain,1.6326134204864502,0.3935049772262573,0.5256622433662415,0.12477417290210724,0.1930195689201355,0.17576879262924194,0.4996350407600403,0.36114850640296936,0.3393717408180237,0.0,0.0,0.0,0.0,1184.5578288965044,850.3323614916699,1.7699081002880903,0.5893474221229553,0.11988477408885956,0.86647629737854,0.736733615398407
PINN20260512-HS,9,76,pretrain,1.6118531227111816,0.3877858519554138,0.5211852788925171,0.12385739386081696,0.1914491355419159,0.17423424124717712,0.4946269392967224,0.36028820276260376,0.3388881981372833,0.0,0.0,0.0,0.0,1170.5368960438625,849.621018454699,1.769851110415754,0.5896790027618408,0.11978329718112946,0.866549551486969,0.7385708689689636
PINN20260512-HS,9,77,pretrain,1.5915913581848145,0.3822171092033386,0.5166454911231995,0.12305786460638046,0.19009006023406982,0.17269915342330933,0.4883160889148712,0.3594930171966553,0.3383976221084595,0.0,0.0,0.0,0.0,1157.7059212079723,849.7568402196007,1.7699788573922512,0.5899533629417419,0.11969826370477676,0.866626501083374,0.7405230402946472
PINN20260512-HS,9,78,pretrain,1.5715646743774414,0.3767281472682953,0.5120271444320679,0.1223069429397583,0.18896037340164185,0.17115606367588043,0.4804711937904358,0.3587538003921509,0.33789974451065063,0.0,0.0,0.0,0.0,1145.8837201042695,850.7534160965796,1.7703007477502426,0.5901768207550049,0.11963184177875519,0.8667071461677551,0.7425832748413086
PINN20260512-HS,9,79,pretrain,1.5518022775650024,0.3713184595108032,0.5073792338371277,0.12159418314695358,0.18806789815425873,0.16961322724819183,0.4713704586029053,0.35798439383506775,0.3373958468437195,0.0,0.0,0.0,0.0,1134.925383009826,852.5772325719237,1.7710182141569668,0.5903575420379639,0.11958341300487518,0.8667906522750854,0.7447299957275391
PINN20260512-HS,9,81,pretrain,1.5138212442398071,0.36088019609451294,0.4982627332210541,0.12041683495044708,0.1869223713874817,0.16660650074481964,0.45225903391838074,0.3562794327735901,0.33637887239456177,0.0,0.0,0.0,0.0,1115.0789209737577,858.1427255998852,1.774709059819055,0.5906307697296143,0.11952537298202515,0.8669619560241699,0.749142050743103
PINN20260512-HS,9,82,pretrain,1.4959561824798584,0.35594385862350464,0.49391260743141174,0.11991867423057556,0.18655963242053986,0.16517263650894165,0.4436699151992798,0.35546380281448364,0.33587104082107544,0.0,0.0,0.0,0.0,1105.8866352388927,861.3368243608304,1.7777164521728852,0.5907450318336487,0.11950366199016571,0.867046594619751,0.7513224482536316
PINN20260512-HS,9,83,pretrain,1.4788432121276855,0.35122057795524597,0.4897300601005554,0.11935429275035858,0.18621155619621277,0.1637873649597168,0.4362683892250061,0.35470157861709595,0.3353663980960846,0.0,0.0,0.0,0.0,1096.9390935690094,864.3053207634441,1.781140492186045,0.5908589363098145,0.11947773396968842,0.8671285510063171,0.7534282207489014
PINN20260512-HS,9,84,pretrain,1.4622913599014282,0.3466833233833313,0.48568853735923767,0.11861945688724518,0.1857583075761795,0.16244029998779297,0.4301390051841736,0.35394179821014404,0.334866464138031,0.0,0.0,0.0,0.0,1088.0519289078072,866.6525399489694,1.7844036206961882,0.5909820199012756,0.11944136023521423,0.867206335067749,0.7554217576980591
PINN20260512-HS,9,85,pretrain,1.4460281133651733,0.342278391122818,0.48172682523727417,0.11766313016414642,0.18507952988147736,0.16110920906066895,0.4251100718975067,0.3531668484210968,0.3343715965747833,0.0,0.0,0.0,0.0,1079.080048003854,868.050977765707,1.7868853122992705,0.5911225080490112,0.11938995122909546,0.8672789335250854,0.7572742700576782
PINN20260512-HS,9,87,pretrain,1.4135311841964722,0.3336317837238312,0.4737853705883026,0.11536379158496857,0.18268504738807678,0.15840834379196167,0.4175513982772827,0.35169336199760437,0.3333955407142639,0.0,0.0,0.0,0.0,1060.654927391562,867.3650471398995,1.7871499478661774,0.5914760231971741,0.1192336454987526,0.8674060106277466,0.7605016231536865
PINN20260512-HS,9,88,pretrain,1.3970654010772705,0.32931092381477356,0.46970483660697937,0.11423537880182266,0.18089111149311066,0.15701022744178772,0.41429203748703003,0.3510333299636841,0.3329122066497803,0.0,0.0,0.0,0.0,1051.2727999905637,865.3525293196986,1.78416697248997,0.5916929244995117,0.11912952363491058,0.8674607872962952,0.7618801593780518
PINN20260512-HS,9,89,pretrain,1.380428671836853,0.3249795436859131,0.4655216634273529,0.11320691555738449,0.17872470617294312,0.1555761694908142,0.4107784628868103,0.3503839373588562,0.33243024349212646,0.0,0.0,0.0,0.0,1041.9048061123435,862.5007971010809,1.7790569342072609,0.5919353365898132,0.1190113052725792,0.8675103783607483,0.7631235122680664
PINN20260512-HS,9,90,pretrain,1.3636908531188965,0.32065317034721375,0.4612428545951843,0.11229709535837173,0.1762542426586151,0.15411090850830078,0.4067171812057495,0.349731981754303,0.33194810152053833,0.0,0.0,0.0,0.0,1032.656525665722,859.1226265790001,1.7722493979753209,0.5921996831893921,0.1188826858997345,0.8675557971000671,0.7642583847045898
PINN20260512-HS,9,91,pretrain,1.3469128608703613,0.3163453936576843,0.4568803310394287,0.11148223280906677,0.1735658198595047,0.1526232659816742,0.40203070640563965,0.34909191727638245,0.3314644396305084,0.0,0.0,0.0,0.0,1023.6024618962188,855.5584068314681,1.7643653645986295,0.5924813747406006,0.11874797940254211,0.867598295211792,0.7653160095214844
PINN20260512-HS,9,93,pretrain,1.3133625984191895,0.30777716636657715,0.44795742630958557,0.11005350202322006,0.16789065301418304,0.14960333704948425,0.39166954159736633,0.3478891849517822,0.3304870128631592,0.0,0.0,0.0,0.0,1006.1584430396637,849.0973516034543,1.7483091510456523,0.5930758714675903,0.11847765743732452,0.8676789999008179,0.7673276662826538
PINN20260512-HS,9,94,pretrain,1.2965366840362549,0.30347657203674316,0.44341057538986206,0.10939522087574005,0.16505391895771027,0.14807549118995667,0.3866705298423767,0.3472859561443329,0.3299908936023712,0.0,0.0,0.0,0.0,997.722625532768,846.6734907861471,1.7413371122743464,0.5933788418769836,0.11834998428821564,0.8677194714546204,0.768337070941925
PINN20260512-HS,9,95,pretrain,1.279577612876892,0.29912471771240234,0.438803493976593,0.10874483734369278,0.16228598356246948,0.14653415977954865,0.3821132183074951,0.3466663360595703,0.32948869466781616,0.0,0.0,0.0,0.0,989.4239801520882,844.9823962663364,1.7356111082119332,0.5936804413795471,0.1182313859462738,0.867760956287384,0.7693753242492676
PINN20260512-HS,9,96,pretrain,1.262419581413269,0.29469963908195496,0.43413689732551575,0.10807429254055023,0.15961167216300964,0.1449788361787796,0.3781241178512573,0.3460458517074585,0.3289797604084015,0.0,0.0,0.0,0.0,981.2310189246974,844.0715683518786,1.731245573587632,0.5939781665802002,0.11812350898981094,0.8678039312362671,0.770452082157135
PINN20260512-HS,9,97,pretrain,1.2450414896011353,0.2901964783668518,0.4294179379940033,0.1073630154132843,0.15703484416007996,0.14341074228286743,0.37469547986984253,0.3454335927963257,0.3284640610218048,0.0,0.0,0.0,0.0,973.1249598587018,843.9097626523821,1.7281386336356945,0.5942708253860474,0.11802659928798676,0.8678485155105591,0.7715686559677124
PINN20260512-HS,9,99,pretrain,1.2098184823989868,0.2810208201408386,0.4198983311653137,0.10581672936677933,0.1520967036485672,0.14024925231933594,0.36933887004852295,0.3441956341266632,0.32741349935531616,0.0,0.0,0.0,0.0,957.1270161269089,845.3056769595245,1.7245779498066336,0.5948418378829956,0.11785900592803955,0.86794114112854,0.7738902568817139
PINN20260512-HS,9,100,pretrain,1.192151665687561,0.2764027416706085,0.41513729095458984,0.10503558069467545,0.14965705573558807,0.13866835832595825,0.3672794699668884,0.343566358089447,0.3268802762031555,0.0,0.0,0.0,0.0,949.1940660370776,846.4382360810504,1.7231481750726152,0.5951230525970459,0.11778169870376587,0.867988109588623,0.7750670909881592
PINN20260512-HS,9,101,pretrain,1.174530267715454,0.2717953622341156,0.41037797927856445,0.10429098457098007,0.14716781675815582,0.1370900720357895,0.36540257930755615,0.3429465889930725,0.3263433575630188,0.0,0.0,0.0,0.0,941.2556108730508,847.5311203725796,1.7213328103853838,0.5954039096832275,0.117702916264534,0.8680346012115479,0.7762314081192017
PINN20260512-HS,9,102,pretrain,1.156954050064087,0.2672094702720642,0.40560558438301086,0.10358824580907822,0.14457710087299347,0.13550865650177002,0.36350756883621216,0.3423447608947754,0.32580387592315674,0.0,0.0,0.0,0.0,933.2659053024491,848.3529630996759,1.718762167704572,0.5956862568855286,0.11761846393346786,0.8680800199508667,0.777367353439331
PINN20260512-HS,9,104,pretrain,1.1218456029891968,0.2581127882003784,0.3959423303604126,0.1022934839129448,0.1389363706111908,0.13230860233306885,0.35924023389816284,0.3411709666252136,0.3247218132019043,0.0,0.0,0.0,0.0,916.9965921419774,848.6145326354009,1.71072165077147,0.5962576270103455,0.11741974204778671,0.8681659698486328,0.7795097827911377
PINN20260512-HS,9,105,pretrain,1.10427987575531,0.25360107421875,0.3910210132598877,0.10168908536434174,0.13585709035396576,0.1306796371936798,0.3568994104862213,0.3406009078025818,0.3241807818412781,0.0,0.0,0.0,0.0,908.704159779188,848.0102446315138,1.7053323464986,0.5965451002120972,0.11730247735977173,0.8682060837745667,0.7805083990097046
PINN20260512-HS,9,106,pretrain,1.0867230892181396,0.24911749362945557,0.3860401511192322,0.10110165178775787,0.1326226443052292,0.12903088331222534,0.35452502965927124,0.34005242586135864,0.3236400783061981,0.0,0.0,0.0,0.0,900.3357706989099,847.0526474192735,1.699358863209465,0.5968309640884399,0.11717361956834793,0.8682444095611572,0.7814637422561646
PINN20260512-HS,9,107,pretrain,1.0692107677459717,0.24466705322265625,0.38101455569267273,0.10052088648080826,0.1292724758386612,0.12736651301383972,0.35223251581192017,0.339517742395401,0.32309943437576294,0.0,0.0,0.0,0.0,891.9331533248442,845.9380148687019,1.6931453874463054,0.5971117615699768,0.11703495681285858,0.8682815432548523,0.7823864221572876
PINN20260512-HS,9,108,pretrain,1.0517876148223877,0.24025480449199677,0.37596553564071655,0.09993734955787659,0.12586191296577454,0.12569360435009003,0.35011032223701477,0.3389899432659149,0.3225581645965576,0.0,0.0,0.0,0.0,883.5355114538407,844.9036187637025,1.6871117095814598,0.5973834991455078,0.11688898503780365,0.8683179020881653,0.7832903861999512
PINN20260512-HS,9,110,pretrain,1.0173048973083496,0.2315451055765152,0.36587414145469666,0.09871776401996613,0.11906508356332779,0.12234824895858765,0.34659889340400696,0.3379436135292053,0.32146990299224854,0.0,0.0,0.0,0.0,866.8639599152799,843.965898303954,1.6770193372001536,0.5978826284408569,0.11658596247434616,0.8683905601501465,0.7851031422615051
PINN20260512-HS,9,111,pretrain,1.0002524852752686,0.22723662853240967,0.3608580529689789,0.09807734191417694,0.11576041579246521,0.12068475782871246,0.3452238142490387,0.33742648363113403,0.32092079520225525,0.0,0.0,0.0,0.0,858.6142541910191,844.4093349791913,1.673507964243921,0.5981025695800781,0.11643360555171967,0.8684279918670654,0.786037802696228
PINN20260512-HS,9,112,pretrain,0.9832870364189148,0.22294607758522034,0.3558673560619354,0.09738972038030624,0.1125534400343895,0.11903087049722672,0.3440980315208435,0.33690541982650757,0.32036736607551575,0.0,0.0,0.0,0.0,850.4228727521386,845.5848937274128,1.671100326329566,0.5982987880706787,0.11628295481204987,0.8684664964675903,0.7870030403137207
PINN20260512-HS,9,113,pretrain,0.9664192795753479,0.2186700999736786,0.3508966267108917,0.09669702500104904,0.10945236682891846,0.11738701164722443,0.34316545724868774,0.33637911081314087,0.3198092579841614,0.0,0.0,0.0,0.0,842.2832807316075,847.488716739049,1.6697403715325763,0.5984698534011841,0.11613460630178452,0.8685063719749451,0.7880015969276428
PINN20260512-HS,9,114,pretrain,0.9496394991874695,0.21441197395324707,0.3459423780441284,0.09597567468881607,0.106452077627182,0.11575209349393845,0.3423595428466797,0.3358481228351593,0.3192465305328369,0.0,0.0,0.0,0.0,834.1821593632892,850.0233085039492,1.6691302419968594,0.5986150503158569,0.1159883439540863,0.8685473799705505,0.7890315055847168
PINN20260512-HS,9,116,pretrain,0.9164685010910034,0.2059897929430008,0.3360671401023865,0.09455375373363495,0.10067389160394669,0.11249948292970657,0.34075096249580383,0.33478817343711853,0.3181103765964508,0.0,0.0,0.0,0.0,818.0096270827135,856.3187563635402,1.6690350591108885,0.5988296866416931,0.11569622904062271,0.8686318397521973,0.7911560535430908
PINN20260512-HS,9,117,pretrain,0.9001317024230957,0.2018541395664215,0.3311331868171692,0.09386128187179565,0.09783902019262314,0.11087494343519211,0.33977586030960083,0.33425813913345337,0.31753942370414734,0.0,0.0,0.0,0.0,809.8721349694654,859.6382233242075,1.6687935747851006,0.5989009141921997,0.11554588377475739,0.8686743974685669,0.7922292947769165
PINN20260512-HS,9,118,pretrain,0.8839579820632935,0.19777949154376984,0.32618457078933716,0.09317095577716827,0.0949997752904892,0.10924380272626877,0.33855605125427246,0.3337351083755493,0.31696847081184387,0.0,0.0,0.0,0.0,801.6588660396641,862.826858355719,1.6681992852338134,0.5989494323730469,0.11538920551538467,0.8687164783477783,0.7932947278022766
PINN20260512-HS,9,119,pretrain,0.8679441213607788,0.1937657594680786,0.32121407985687256,0.09249059855937958,0.09213539212942123,0.10760375112295151,0.3371601998806,0.3332202732563019,0.3163986802101135,0.0,0.0,0.0,0.0,793.3513565879874,865.7606482163532,1.6671509545781296,0.5989760160446167,0.11522429436445236,0.8687579035758972,0.7943437099456787
PINN20260512-HS,9,120,pretrain,0.8520936369895935,0.1898137331008911,0.31621643900871277,0.09182910621166229,0.08923417329788208,0.10595270991325378,0.33564621210098267,0.33271628618240356,0.31583088636398315,0.0,0.0,0.0,0.0,784.9488438745547,868.410365265178,1.665661271383242,0.5989810228347778,0.11504991352558136,0.8687982559204102,0.7953708171844482
PINN20260512-HS,9,122,pretrain,0.8208730220794678,0.18209469318389893,0.3061434328556061,0.0904872938990593,0.08337738364934921,0.10262022912502289,0.3324756622314453,0.3317345380783081,0.3147028386592865,0.0,0.0,0.0,0.0,767.9420957988955,873.1864420042263,1.6622885019946574,0.5989255309104919,0.11467331647872925,0.8688758611679077,0.7973576784133911
PINN20260512-HS,9,123,pretrain,0.8055546879768372,0.1783294975757599,0.3010903000831604,0.08981002867221832,0.08049017190933228,0.10094629973173141,0.33101168274879456,0.3312559127807617,0.31414222717285156,0.0,0.0,0.0,0.0,759.4036722982053,875.6293807884704,1.6608587339988166,0.5988637208938599,0.1144740954041481,0.8689134120941162,0.7983250021934509
PINN20260512-HS,9,124,pretrain,0.7904449105262756,0.17462557554244995,0.2960442006587982,0.08912064135074615,0.07766761630773544,0.09927348047494888,0.3296537399291992,0.33078086376190186,0.31358322501182556,0.0,0.0,0.0,0.0,750.8853108165055,878.3817862979628,1.659979661383809,0.598778247833252,0.11427070200443268,0.868950605392456,0.7992836833000183
PINN20260512-HS,9,125,pretrain,0.7755385041236877,0.17097769677639008,0.2910224199295044,0.08840680867433548,0.0749346986413002,0.09760496020317078,0.3284062445163727,0.33030885457992554,0.3130250871181488,0.0,0.0,0.0,0.0,742.4117371782319,881.628393939306,1.6597749829219093,0.59866863489151,0.1140659749507904,0.8689875602722168,0.8002407550811768
PINN20260512-HS,9,126,pretrain,0.7608520984649658,0.16738265752792358,0.28604042530059814,0.08769294619560242,0.07230915129184723,0.09594564884901047,0.3272554278373718,0.3298332691192627,0.31246718764305115,0.0,0.0,0.0,0.0,733.9982118506829,885.5035290725837,1.660285535317217,0.5985348224639893,0.11386227607727051,0.8690245151519775,0.8012024164199829
PINN20260512-HS,9,128,pretrain,0.7321999669075012,0.16035735607147217,0.2762322723865509,0.08630680292844772,0.06740722805261612,0.09267489612102509,0.32503893971443176,0.3288736641407013,0.3113507628440857,0.0,0.0,0.0,0.0,717.3810659266106,895.2611350885282,1.6632016320852183,0.5981970429420471,0.11346371471881866,0.8690991997718811,0.803149938583374
PINN20260512-HS,9,129,pretrain,0.7182338237762451,0.15693071484565735,0.2714069187641144,0.0856328159570694,0.06512090563774109,0.09106414765119553,0.3238261938095093,0.32839033007621765,0.3107925057411194,0.0,0.0,0.0,0.0,709.1854041786252,901.0300008878728,1.6654671786720758,0.5979958176612854,0.11326922476291656,0.8691366910934448,0.8041325807571411
PINN20260512-HS,9,130,pretrain,0.7045121192932129,0.15356586873531342,0.26663291454315186,0.0849667340517044,0.06292872130870819,0.08946903795003891,0.32254108786582947,0.3279048502445221,0.31023502349853516,0.0,0.0,0.0,0.0,701.0680245168795,907.2216515273432,1.6681880337952517,0.5977756977081299,0.11307701468467712,0.8691741228103638,0.8051139116287231
PINN20260512-HS,9,131,pretrain,0.6910650730133057,0.1502726972103119,0.2619088292121887,0.08431519567966461,0.06081604212522507,0.08788906037807465,0.3212352693080902,0.3274194300174713,0.30967921018600464,0.0,0.0,0.0,0.0,693.0269881108527,913.6466083776593,1.6710704084272703,0.5975387096405029,0.11288581788539886,0.869210958480835,0.8060861825942993
PINN20260512-HS,9,132,pretrain,0.6778958439826965,0.14705756306648254,0.2572227120399475,0.08367453515529633,0.05876323580741882,0.08632222563028336,0.31988000869750977,0.32693564891815186,0.309126079082489,0.0,0.0,0.0,0.0,685.0646867267353,920.1518896356188,1.6740743669212392,0.5972870588302612,0.11269377171993256,0.8692470192909241,0.8070409297943115
PINN20260512-HS,9,134,pretrain,0.652370274066925,0.14087015390396118,0.24794551730155945,0.08238088339567184,0.05478360131382942,0.08322097361087799,0.3171372413635254,0.3259841203689575,0.3080311119556427,0.0,0.0,0.0,0.0,669.4026254803607,932.9934016379751,1.6801891434309575,0.5967484712600708,0.11230297386646271,0.8693153858184814,0.8088701963424683
PINN20260512-HS,9,135,pretrain,0.6400448679924011,0.13790544867515564,0.243355855345726,0.08174212276935577,0.05284683406352997,0.0816844254732132,0.3158150911331177,0.3255181312561035,0.30749034881591797,0.0,0.0,0.0,0.0,661.7301895410243,939.2592826264747,1.6831448139895637,0.5964645743370056,0.1121031790971756,0.8693474531173706,0.8097357749938965
PINN20260512-HS,9,136,pretrain,0.6280159950256348,0.13502798974514008,0.23879891633987427,0.08111238479614258,0.050947126001119614,0.08015705645084381,0.31450432538986206,0.3250579535961151,0.30695417523384094,0.0,0.0,0.0,0.0,654.1917006887202,945.4905142305765,1.6860543642598385,0.5961726307868958,0.11190055310726166,0.8693780303001404,0.8105670213699341
PINN20260512-HS,9,137,pretrain,0.6162900924682617,0.13223785161972046,0.23428165912628174,0.0804903507232666,0.04909217357635498,0.0786428153514862,0.3132091164588928,0.32460397481918335,0.30642226338386536,0.0,0.0,0.0,0.0,646.808945902884,951.8118905540107,1.6889349323524665,0.5958734750747681,0.11169620603322983,0.8694071769714355,0.8113656044006348
PINN20260512-HS,9,138,pretrain,0.6048716902732849,0.12953417003154755,0.22981230914592743,0.07987458258867264,0.04729262739419937,0.07714416831731796,0.3119325339794159,0.3241548538208008,0.30589407682418823,0.0,0.0,0.0,0.0,639.6024399969093,958.3678182201237,1.6920745879796373,0.5955681800842285,0.11149170994758606,0.8694349527359009,0.8121345043182373
PINN20260512-HS,9,140,pretrain,0.5829448103904724,0.12437872588634491,0.2210398018360138,0.07863766700029373,0.043899260461330414,0.07420386373996735,0.3094101548194885,0.323258638381958,0.3048461675643921,0.0,0.0,0.0,0.0,625.7670043634452,972.660205313243,1.6998686320693035,0.5949420928955078,0.11108950525522232,0.8694871664047241,0.8135965466499329
PINN20260512-HS,9,141,pretrain,0.5724474787712097,0.12192414700984955,0.21674643456935883,0.07803763449192047,0.042316075414419174,0.0727667286992073,0.30814966559410095,0.32280856370925903,0.3043253719806671,0.0,0.0,0.0,0.0,619.1506278766096,980.4686060756867,1.7045587736630865,0.5946230888366699,0.11089452356100082,0.8695117235183716,0.8142939805984497
PINN20260512-HS,9,142,pretrain,0.5622502565383911,0.11955013126134872,0.21251100301742554,0.0774473175406456,0.040808554738759995,0.07135283201932907,0.30682843923568726,0.32235848903656006,0.30380651354789734,0.0,0.0,0.0,0.0,612.7384484835271,988.6770516705644,1.7097646289255033,0.5943012833595276,0.11070440709590912,0.8695353865623474,0.8149688243865967
PINN20260512-HS,9,143,pretrain,0.5523619055747986,0.11725721508264542,0.20833954215049744,0.076874740421772,0.039372991770505905,0.06996181607246399,0.305472731590271,0.32190749049186707,0.3032896816730499,0.0,0.0,0.0,0.0,606.5299353700525,997.16632890406,1.7153178592143432,0.5939775705337524,0.11051900684833527,0.8695579767227173,0.8156185746192932
PINN20260512-HS,9,145,pretrain,0.5335309505462646,0.1129220575094223,0.20018038153648376,0.0757879763841629,0.036689527332782745,0.0672445222735405,0.30282825231552124,0.3210071325302124,0.30226466059684753,0.0,0.0,0.0,0.0,594.7165291128202,1014.3444619556021,1.7267250243244885,0.5933279991149902,0.11015841364860535,0.8695990443229675,0.8168267011642456
PINN20260512-HS,9,146,pretrain,0.5246084332466125,0.11088499426841736,0.19620811939239502,0.07527802884578705,0.03542723134160042,0.06591726094484329,0.30153998732566833,0.32056283950805664,0.3017580211162567,0.0,0.0,0.0,0.0,589.1063677299711,1022.7423918074385,1.7321955759736511,0.5930031538009644,0.10998040437698364,0.869617223739624,0.8173757195472717
PINN20260512-HS,9,147,pretrain,0.5160072445869446,0.10893288254737854,0.19232407212257385,0.07477673143148422,0.034213073551654816,0.06461295485496521,0.3002772331237793,0.3201230466365814,0.3012561798095703,0.0,0.0,0.0,0.0,583.6942425191463,1030.9443486435143,1.7374858552478811,0.5926787257194519,0.10980264842510223,0.8696337938308716,0.8178838491439819
PINN20260512-HS,9,148,pretrain,0.507770299911499,0.10706371814012527,0.18854095041751862,0.07434004545211792,0.03304917737841606,0.06334079056978226,0.2992499768733978,0.3196863830089569,0.3007592558860779,0.0,0.0,0.0,0.0,578.4826866467138,1038.9027264378508,1.7421166159794608,0.5923552513122559,0.10962533950805664,0.8696484565734863,0.8183500170707703
PINN20260512-HS,9,149,pretrain,0.49985140562057495,0.1052812933921814,0.18488261103630066,0.07387416809797287,0.03193448856472969,0.062105365097522736,0.29811519384384155,0.31925612688064575,0.30026760697364807,0.0,0.0,0.0,0.0,573.4789392383996,1046.7479400505167,1.7463489996716797,0.5920324325561523,0.10944798588752747,0.8696613907814026,0.8187753558158875
PINN20260512-HS,9,151,pretrain,0.4850669801235199,0.1019754484295845,0.1780223697423935,0.07287943363189697,0.02988937497138977,0.0597626268863678,0.2962661683559418,0.31840023398399353,0.299297571182251,0.0,0.0,0.0,0.0,564.119474269414,1062.9903574350992,1.7557275534698182,0.59139084815979,0.10910168290138245,0.8696829080581665,0.819517970085144
PINN20260512-HS,9,152,pretrain,0.47821691632270813,0.10043774545192719,0.17483477294445038,0.07240447402000427,0.028979850932955742,0.05866316333413124,0.2958351671695709,0.3179689645767212,0.2988170385360718,0.0,0.0,0.0,0.0,559.7674740461435,1071.7643164427523,1.7618647188357537,0.591074526309967,0.108939528465271,0.8696917295455933,0.8198453783988953
PINN20260512-HS,9,153,pretrain,0.47166088223457336,0.09896902740001678,0.17180904746055603,0.07188853621482849,0.028149014338850975,0.05761760473251343,0.29543057084083557,0.31752997636795044,0.29833871126174927,0.0,0.0,0.0,0.0,555.633084868063,1080.943164555843,1.7688972114115191,0.5907626748085022,0.10878731310367584,0.8696995377540588,0.820147693157196
PINN20260512-HS,9,154,pretrain,0.4654015898704529,0.09756916016340256,0.16894270479679108,0.07134388387203217,0.027391819283366203,0.056628115475177765,0.2950288653373718,0.317086398601532,0.2978627681732178,0.0,0.0,0.0,0.0,551.7121362177925,1090.3234611802131,1.776505930814395,0.5904560089111328,0.10864482820034027,0.8697062730789185,0.8204237222671509
PINN20260512-HS,9,155,pretrain,0.4595421254634857,0.09624028205871582,0.16623438894748688,0.07091595977544785,0.026699896901845932,0.05569300055503845,0.2950383424758911,0.31663891673088074,0.297390341758728,0.0,0.0,0.0,0.0,547.9929858127748,1099.526602679535,1.7836613907858425,0.5901544094085693,0.10851023346185684,0.8697117567062378,0.8206697702407837
PINN20260512-HS,9,157,pretrain,0.44868189096450806,0.09380589425563812,0.16129474341869354,0.06989632546901703,0.025461213663220406,0.05397340655326843,0.2948557734489441,0.31574732065200806,0.29646211862564087,0.0,0.0,0.0,0.0,541.0892370949546,1116.5031347918375,1.7955323116370578,0.5895646810531616,0.10825016349554062,0.869718074798584,0.8210492134094238
PINN20260512-HS,9,158,pretrain,0.44363513588905334,0.09269291162490845,0.15906043350696564,0.06928324699401855,0.02490408904850483,0.05318758636713028,0.2945229411125183,0.31530940532684326,0.29600846767425537,0.0,0.0,0.0,0.0,537.8762636517808,1124.1115380601696,1.800222269827683,0.5892763733863831,0.10812142491340637,0.8697185516357422,0.8211750388145447
PINN20260512-HS,9,159,pretrain,0.4389306902885437,0.09164519608020782,0.15698231756687164,0.06874273717403412,0.024387963116168976,0.0524514764547348,0.2944701313972473,0.31487593054771423,0.29556214809417725,0.0,0.0,0.0,0.0,534.8178136057176,1131.338698180169,1.8048990067794417,0.5889928340911865,0.10799364000558853,0.8697173595428467,0.8212581872940063
PINN20260512-HS,9,160,pretrain,0.4345099925994873,0.09065423905849457,0.15504887700080872,0.06823775172233582,0.023919112980365753,0.05176519975066185,0.2945069968700409,0.3144449293613434,0.2951221764087677,0.0,0.0,0.0,0.0,531.9133799313569,1138.3133905036873,1.8096998194183014,0.588715672492981,0.10786990821361542,0.8697144985198975,0.8213019371032715
PINN20260512-HS,9,161,pretrain,0.4303334355354309,0.08971627056598663,0.15325172245502472,0.06773775815963745,0.023498540744185448,0.05112655833363533,0.2944825291633606,0.3140111267566681,0.2946878671646118,0.0,0.0,0.0,0.0,529.1626640268566,1145.1562120514388,1.8147217210829687,0.5884454250335693,0.10775191336870193,0.8697102069854736,0.8213107585906982
PINN20260512-HS,9,163,pretrain,0.4226560592651367,0.08798500895500183,0.15002195537090302,0.06676863133907318,0.022798489779233932,0.04997880756855011,0.2942674458026886,0.3131355941295624,0.29383325576782227,0.0,0.0,0.0,0.0,524.1051301981312,1158.62132511015,1.8254584530589186,0.5879287719726562,0.107538141310215,0.8696980476379395,0.8212372660636902
PINN20260512-HS,9,164,pretrain,0.4191494286060333,0.08718657493591309,0.1485702097415924,0.06632828712463379,0.022512780502438545,0.049463093280792236,0.2941875457763672,0.3126941919326782,0.2934122681617737,0.0,0.0,0.0,0.0,521.7791379022354,1165.1286409663098,1.830847940770385,0.5876832604408264,0.10744305700063705,0.8696901798248291,0.8211580514907837
PINN20260512-HS,9,165,pretrain,0.4158473610877991,0.08642847836017609,0.14721941947937012,0.06592057645320892,0.02226366102695465,0.04898254573345184,0.2941482663154602,0.31224870681762695,0.2929956316947937,0.0,0.0,0.0,0.0,519.5716685405392,1171.3491153366701,1.835997680160938,0.5874462127685547,0.1073547899723053,0.8696812987327576,0.8210503458976746
PINN20260512-HS,9,166,pretrain,0.41273123025894165,0.08570834994316101,0.14596520364284515,0.0655362457036972,0.022046320140361786,0.048534929752349854,0.2941012382507324,0.3118017911911011,0.2925836443901062,0.0,0.0,0.0,0.0,517.467390276914,1177.1720880992718,1.8407251187450941,0.5872178077697754,0.10727223008871078,0.869671106338501,0.8209128975868225
PINN20260512-HS,9,167,pretrain,0.4097791016101837,0.08502338826656342,0.14480340480804443,0.065162792801857,0.021856144070625305,0.048118408769369125,0.2939831018447876,0.3113560974597931,0.29217666387557983,0.0,0.0,0.0,0.0,515.449985449607,1182.5023255791086,1.8449077377353023,0.5869977474212646,0.10719411075115204,0.8696597814559937,0.8207443356513977
PINN20260512-HS,9,169,pretrain,0.4043004512786865,0.08374664932489395,0.14273910224437714,0.0644308552145958,0.02154226414859295,0.04737148433923721,0.29343074560165405,0.3104681372642517,0.2913789749145508,0.0,0.0,0.0,0.0,511.631184301739,1191.5715463202366,1.8515928141937712,0.5865834951400757,0.10704781115055084,0.8696333169937134,0.8203092217445374
PINN20260512-HS,9,170,pretrain,0.40175408124923706,0.08314920961856842,0.1418239176273346,0.06407702714204788,0.021413538604974747,0.04703698679804802,0.29304760694503784,0.31002742052078247,0.2909882664680481,0.0,0.0,0.0,0.0,509.81899361440037,1195.3934498733042,1.854268329099725,0.5863898396492004,0.10697919130325317,0.8696181774139404,0.8200432062149048
PINN20260512-HS,9,171,pretrain,0.3993290960788727,0.08257631957530975,0.14097625017166138,0.06373777985572815,0.02130182646214962,0.04672562703490257,0.29266005754470825,0.309586763381958,0.29060253500938416,0.0,0.0,0.0,0.0,508.0708919530817,1198.861439032885,1.8566969229315862,0.5862056612968445,0.10691425204277039,0.869601845741272,0.8197467923164368
PINN20260512-HS,9,172,pretrain,0.39701834321022034,0.08202590048313141,0.14018701016902924,0.0634162425994873,0.021206174045801163,0.046435169875621796,0.29230910539627075,0.30914655327796936,0.29022127389907837,0.0,0.0,0.0,0.0,506.38649394508934,1202.0662939289164,1.8590151060734006,0.5860316753387451,0.1068539097905159,0.8695844411849976,0.8194226026535034
PINN20260512-HS,9,173,pretrain,0.3948098421096802,0.08149591088294983,0.13944488763809204,0.06311147660017014,0.02112552896142006,0.04616263508796692,0.29200631380081177,0.30870598554611206,0.28984397649765015,0.0,0.0,0.0,0.0,504.76366685311257,1205.070226169413,1.8613104573432573,0.585868239402771,0.10679902881383896,0.8695660829544067,0.8190726637840271
PINN20260512-HS,9,175,pretrain,0.39064890146255493,0.08048927783966064,0.13806764781475067,0.06254119426012039,0.021003147587180138,0.04566162824630737,0.29151666164398193,0.30781862139701843,0.2891002893447876,0.0,0.0,0.0,0.0,501.68422588317446,1210.5150763208196,1.8658782884230667,0.5855743885040283,0.10670721530914307,0.869526743888855,0.8183014988899231
PINN20260512-HS,9,176,pretrain,0.3886748254299164,0.08000890910625458,0.13742148876190186,0.06227034702897072,0.020957699045538902,0.04543017968535423,0.2913154065608978,0.307372510433197,0.2887338399887085,0.0,0.0,0.0,0.0,500.2117207993031,1212.8909163646993,1.8680560854013435,0.5854440927505493,0.10666992515325546,0.8695056438446045,0.817881166934967
PINN20260512-HS,9,177,pretrain,0.38676443696022034,0.07954186201095581,0.1368008255958557,0.062009721994400024,0.020920125767588615,0.04521019756793976,0.2911539673805237,0.30692601203918457,0.28837117552757263,0.0,0.0,0.0,0.0,498.7711305047637,1214.9595157864314,1.8700332870700744,0.5853245258331299,0.10663750022649765,0.8694838285446167,0.8174371719360352
PINN20260512-HS,9,178,pretrain,0.38491353392601013,0.07908670604228973,0.13620539009571075,0.06176000088453293,0.02088838443160057,0.04500085115432739,0.2910451292991638,0.3064791262149811,0.28801262378692627,0.0,0.0,0.0,0.0,497.352506402652,1216.6723572926278,1.8717094035332913,0.5852152109146118,0.106609046459198,0.8694609999656677,0.8169690370559692
PINN20260512-HS,9,179,pretrain,0.38312649726867676,0.07864183187484741,0.135636106133461,0.06153491884469986,0.02086079679429531,0.04480145499110222,0.291026771068573,0.30603477358818054,0.28765830397605896,0.0,0.0,0.0,0.0,495.9479401862659,1217.936061540178,1.8725259658791293,0.5851157307624817,0.10658378899097443,0.8694373369216919,0.8164762854576111
PINN20260512-HS,9,181,pretrain,0.3796633183956146,0.07778944820165634,0.13458894193172455,0.061008088290691376,0.020811285823583603,0.04442901909351349,0.2908518314361572,0.3051522374153137,0.28696292638778687,0.0,0.0,0.0,0.0,493.1949728555635,1219.6592761915108,1.8735283814350903,0.5849425792694092,0.10653913021087646,0.8693872690200806,0.8154212832450867
PINN20260512-HS,9,182,pretrain,0.3779959976673126,0.07737520337104797,0.1340884566307068,0.060764290392398834,0.02079053968191147,0.04425264149904251,0.2908483147621155,0.3047102689743042,0.28662100434303284,0.0,0.0,0.0,0.0,491.84947519540975,1220.2292817335601,1.8738415996806046,0.5848699808120728,0.10652228444814682,0.8693610429763794,0.8148626685142517
PINN20260512-HS,9,183,pretrain,0.3763633370399475,0.07696843147277832,0.13359853625297546,0.060527946799993515,0.020771978422999382,0.04408133774995804,0.29087746143341064,0.3042687475681305,0.28628262877464294,0.0,0.0,0.0,0.0,490.52452792903233,1220.653667098084,1.874075035337926,0.5848064422607422,0.10650941729545593,0.8693341612815857,0.8142856359481812
PINN20260512-HS,9,184,pretrain,0.37476107478141785,0.07656853646039963,0.13311666250228882,0.06029774621129036,0.020755162462592125,0.043914273381233215,0.2909342348575592,0.30382806062698364,0.2859477400779724,0.0,0.0,0.0,0.0,489.2179984424122,1220.9425662167735,1.8742363663622206,0.5847516059875488,0.10650064796209335,0.8693065643310547,0.8136913180351257
PINN20260512-HS,9,186,pretrain,0.3716369569301605,0.07578691095113754,0.13217298686504364,0.059857018291950226,0.02072441764175892,0.043590717017650604,0.2911120653152466,0.30294328927993774,0.28528842329978943,0.0,0.0,0.0,0.0,486.6448910653435,1221.0504186969513,1.8742376930983096,0.584666907787323,0.10649456083774567,0.869249701499939,0.8124537467956543
PINN20260512-HS,9,187,pretrain,0.3701114058494568,0.07540428638458252,0.13171322643756866,0.05964455381035805,0.02070910669863224,0.043434225022792816,0.2912231683731079,0.3025004267692566,0.28496432304382324,0.0,0.0,0.0,0.0,485.3697527401146,1220.8217519359655,1.8739953139770702,0.584635853767395,0.10649627447128296,0.8692202568054199,0.8118107318878174
PINN20260512-HS,9,188,pretrain,0.36860740184783936,0.0750262662768364,0.13126257061958313,0.05943692848086357,0.02069300413131714,0.04328124225139618,0.29134494066238403,0.3020589053630829,0.28464406728744507,0.0,0.0,0.0,0.0,484.0949674392412,1220.3131770164575,1.87310662803619,0.584611713886261,0.10650046169757843,0.8691903352737427,0.8111518025398254
PINN20260512-HS,9,189,pretrain,0.36712485551834106,0.07465744018554688,0.130833238363266,0.05920051038265228,0.02067435346543789,0.04313208907842636,0.2914693355560303,0.3016214370727539,0.2843279540538788,0.0,0.0,0.0,0.0,482.8264277926385,1219.6562015584557,1.8721703957147109,0.5845928192138672,0.10650531947612762,0.8691596984863281,0.8104774951934814
PINN20260512-HS,9,190,pretrain,0.3656631410121918,0.07429186999797821,0.13040922582149506,0.05897655710577965,0.0206547062844038,0.04298577457666397,0.2916247248649597,0.3011842370033264,0.2840155065059662,0.0,0.0,0.0,0.0,481.56679508143003,1218.8981704802088,1.8712586683972605,0.5845804810523987,0.10651278495788574,0.8691285848617554,0.8097889423370361
PINN20260512-HS,9,192,pretrain,0.3627873957157135,0.07356959581375122,0.1295684576034546,0.05856245756149292,0.02061307430267334,0.04269948974251747,0.29190969467163086,0.3003101944923401,0.28340134024620056,0.0,0.0,0.0,0.0,479.0810213314654,1217.1934418982055,1.8696194407207967,0.5845745205879211,0.10653640329837799,0.8690650463104248,0.8083744645118713
PINN20260512-HS,9,193,pretrain,0.3613700270652771,0.07321259379386902,0.12915000319480896,0.05837200582027435,0.020591162145137787,0.042559050023555756,0.2920101284980774,0.29987120628356934,0.28309935331344604,0.0,0.0,0.0,0.0,477.8543842008777,1216.2569629810964,1.8688622107636115,0.5845804214477539,0.10655258595943451,0.8690325021743774,0.8076508045196533
PINN20260512-HS,9,194,pretrain,0.35996806621551514,0.07285857945680618,0.12873366475105286,0.05819344520568848,0.02056833542883396,0.04242052510380745,0.2920883893966675,0.29943281412124634,0.2828006446361542,0.0,0.0,0.0,0.0,476.63662128502045,1215.251722895302,1.8680901115604596,0.5845916867256165,0.10657135397195816,0.8689996600151062,0.8069170713424683
PINN20260512-HS,9,195,pretrain,0.358582466840744,0.07250771671533585,0.12832096219062805,0.05802537500858307,0.02054440788924694,0.04228392243385315,0.29215341806411743,0.29899683594703674,0.2825051546096802,0.0,0.0,0.0,0.0,475.4252701529442,1214.1584019393845,1.8672480467613954,0.5846077799797058,0.10659223794937134,0.8689665198326111,0.8061739206314087
PINN20260512-HS,9,196,pretrain,0.3572126626968384,0.0721600130200386,0.12791340053081512,0.05786542594432831,0.020519092679023743,0.04214939475059509,0.2922098636627197,0.29856160283088684,0.2822127640247345,0.0,0.0,0.0,0.0,474.2195232695508,1212.9622830080084,1.8662908638816529,0.5846282243728638,0.10661474615335464,0.8689329028129578,0.8054215908050537
PINN20260512-HS,9,198,pretrain,0.35451504588127136,0.07147489488124847,0.12711691856384277,0.05755492299795151,0.020463746041059494,0.041886668652296066,0.29227930307388306,0.29769474267959595,0.28163719177246094,0.0,0.0,0.0,0.0,471.8222983814987,1210.2818370115285,1.8639757996379773,0.5846802592277527,0.10666321218013763,0.868864893913269,0.8038918972015381
PINN20260512-HS,9,199,pretrain,0.35318583250045776,0.07113770395517349,0.12672758102416992,0.057400982826948166,0.020433910191059113,0.04175814986228943,0.2922886610031128,0.2972646951675415,0.2813536822795868,0.0,0.0,0.0,0.0,470.6341134575776,1208.8389057273098,1.8626760680257746,0.5847111940383911,0.10668887943029404,0.8688305020332336,0.8031161427497864
PINN20260512-HS,9,200,pretrain,0.3518691658973694,0.07080399245023727,0.12634271383285522,0.05724834278225899,0.02040288783609867,0.04163116216659546,0.29228758811950684,0.29683464765548706,0.28107279539108276,0.0,0.0,0.0,0.0,469.45465369404957,1207.3557884898719,1.8613263946834195,0.5847451686859131,0.10671555995941162,0.8687958717346191,0.8023344278335571
PINN20260512-HS,9,201,pretrain,0.350566029548645,0.07047365605831146,0.1259610801935196,0.05709921568632126,0.02037092298269272,0.04150555282831192,0.2922854423522949,0.2964073419570923,0.28079432249069214,0.0,0.0,0.0,0.0,468.285820172894,1205.8615695841709,1.859974684065867,0.5847820043563843,0.10674336552619934,0.8687610030174255,0.8015478849411011
PINN20260512-HS,9,202,pretrain,0.34927740693092346,0.0701465979218483,0.12558135390281677,0.05695626512169838,0.020338376984000206,0.041380930691957474,0.29228970408439636,0.29598182439804077,0.280518114566803,0.0,0.0,0.0,0.0,467.12799370194034,1204.366742317306,1.858648561718974,0.5848215818405151,0.10677245259284973,0.8687260150909424,0.8007572293281555
PINN20260512-HS,9,204,pretrain,0.34674182534217834,0.06950132548809052,0.12482437491416931,0.05669287592172623,0.02027200162410736,0.04113471135497093,0.29232457280158997,0.29513293504714966,0.27997225522994995,0.0,0.0,0.0,0.0,464.84365651259566,1201.387010916965,1.8561209970471426,0.5849085450172424,0.10683444142341614,0.8686559200286865,0.7991670370101929
PINN20260512-HS,9,205,pretrain,0.34549394249916077,0.06918282806873322,0.12444667518138885,0.056572671979665756,0.020238352939486504,0.04101299121975899,0.29235267639160156,0.294710636138916,0.2797025144100189,0.0,0.0,0.0,0.0,463.7153457402504,1199.8884323136047,1.854905990693385,0.5849554538726807,0.10686704516410828,0.868620753288269,0.7983683943748474
PINN20260512-HS,9,206,pretrain,0.34426766633987427,0.06886688619852066,0.12407005578279495,0.056472428143024445,0.020204326137900352,0.04089237377047539,0.29242444038391113,0.2942909598350525,0.27943482995033264,0.0,0.0,0.0,0.0,462.5919672076029,1198.310685924147,1.853364809867516,0.5850042700767517,0.10690046846866608,0.868585467338562,0.7975678443908691
PINN20260512-HS,9,207,pretrain,0.34304067492485046,0.06855767220258713,0.12370401620864868,0.05632747709751129,0.02016880363225937,0.04077278822660446,0.29248046875,0.29387366771698,0.27916938066482544,0.0,0.0,0.0,0.0,461.478686533842,1196.7474148708238,1.851920526033415,0.5850538015365601,0.10693326592445374,0.8685503005981445,0.7967656850814819
PINN20260512-HS,9,208,pretrain,0.3418348729610443,0.06825051456689835,0.1233372613787651,0.05620606988668442,0.020133327692747116,0.04065416008234024,0.2925769090652466,0.2934585213661194,0.2789058983325958,0.0,0.0,0.0,0.0,460.3772569860505,1195.2216321670219,1.8505991278973097,0.5851051211357117,0.10696697235107422,0.8685150146484375,0.7959628105163574
PINN20260512-HS,9,210,pretrain,0.3394553065299988,0.06764280796051025,0.1225995272397995,0.055990613996982574,0.020063400268554688,0.0404188446700573,0.29273128509521484,0.2926322817802429,0.27838388085365295,0.0,0.0,0.0,0.0,458.2094226442752,1192.2937452658216,1.8482878042045414,0.585212230682373,0.10703732073307037,0.8684447407722473,0.7943589091300964
PINN20260512-HS,9,211,pretrain,0.33828940987586975,0.06734254211187363,0.12222938984632492,0.055905360728502274,0.020029038190841675,0.04030213505029678,0.29282593727111816,0.29222172498703003,0.27812519669532776,0.0,0.0,0.0,0.0,457.14022739198964,1190.82229992556,1.8469185474582699,0.5852676630020142,0.10707376897335052,0.8684096932411194,0.7935590744018555
PINN20260512-HS,9,212,pretrain,0.337129145860672,0.06704922765493393,0.12186838686466217,0.05578390881419182,0.019994013011455536,0.040186114609241486,0.29292771220207214,0.29181551933288574,0.2778680920600891,0.0,0.0,0.0,0.0,456.0817840585173,1189.3836113718735,1.8456385022250485,0.5853230357170105,0.10710956156253815,0.868374764919281,0.7927610278129578
PINN20260512-HS,9,213,pretrain,0.3359869122505188,0.06675827503204346,0.1215069591999054,0.05568033829331398,0.0199594646692276,0.04007076099514961,0.2930476665496826,0.2914113998413086,0.2776123583316803,0.0,0.0,0.0,0.0,455.0330688532428,1187.9706435766836,1.8444309282229618,0.5853791236877441,0.10714586824178696,0.8683398962020874,0.7919653654098511
PINN20260512-HS,9,214,pretrain,0.3348565101623535,0.06646973639726639,0.12114589661359787,0.055584993213415146,0.01992526650428772,0.03995613753795624,0.29315683245658875,0.2910105288028717,0.2773579955101013,0.0,0.0,0.0,0.0,453.9940803578831,1186.5758509256793,1.8432735112205705,0.5854358077049255,0.10718254745006561,0.8683053255081177,0.791172206401825
PINN20260512-HS,9,216,pretrain,0.33263295888900757,0.06590098142623901,0.12042787671089172,0.055414147675037384,0.01985783502459526,0.039729271084070206,0.29334717988967896,0.29021432995796204,0.27685320377349854,0.0,0.0,0.0,0.0,451.9426470803569,1183.8169727622594,1.8410265349017847,0.5855495929718018,0.10725612938404083,0.8682364225387573,0.7895946502685547
PINN20260512-HS,9,217,pretrain,0.3315465748310089,0.06562091410160065,0.12007156014442444,0.05534591153264046,0.019824476912617683,0.039616990834474564,0.29346591234207153,0.2898215353488922,0.2766025960445404,0.0,0.0,0.0,0.0,450.92687530795945,1182.3933355698518,1.8395989731710027,0.5856063365936279,0.10729273408651352,0.8682023286819458,0.7888107299804688
PINN20260512-HS,9,218,pretrain,0.3304596543312073,0.06534765660762787,0.1197255551815033,0.05523180216550827,0.019790325313806534,0.0395052470266819,0.29357582330703735,0.2894335687160492,0.27635321021080017,0.0,0.0,0.0,0.0,449.92209395071944,1181.0047099821406,1.8382533754657453,0.5856620073318481,0.10732805728912354,0.8681683540344238,0.7880304455757141
PINN20260512-HS,9,219,pretrain,0.3293926417827606,0.06507697701454163,0.11937981843948364,0.05513650178909302,0.019756758585572243,0.039394088089466095,0.2937122583389282,0.28904813528060913,0.2761048376560211,0.0,0.0,0.0,0.0,448.92802875293944,1179.668915416525,1.8370217833239681,0.5857176184654236,0.10736352205276489,0.8681345582008362,0.7872543334960938
PINN20260512-HS,9,220,pretrain,0.3283360004425049,0.06480838358402252,0.1190335750579834,0.05505009740591049,0.01972387358546257,0.039283473044633865,0.2938297390937805,0.28866395354270935,0.2758573889732361,0.0,0.0,0.0,0.0,447.9460067909971,1178.3924431190146,1.8359181399163054,0.5857731103897095,0.10739929974079132,0.8681010007858276,0.7864829301834106
PINN20260512-HS,9,222,pretrain,0.3262539803981781,0.0642780065536499,0.11833993345499039,0.05490322411060333,0.019660543650388718,0.039063941687345505,0.2939716577529907,0.2879060208797455,0.2753651738166809,0.0,0.0,0.0,0.0,446.0136103584733,1175.9815581036976,1.8340044272181657,0.585883617401123,0.10747189074754715,0.8680345416069031,0.7849553227424622
PINN20260512-HS,9,223,pretrain,0.3252280652523041,0.06401614844799042,0.11799334734678268,0.05484119430184364,0.01962975785136223,0.038954976946115494,0.2940060496330261,0.2875298857688904,0.27512049674987793,0.0,0.0,0.0,0.0,445.06081045178536,1174.816262229971,1.8331306141019363,0.5859382152557373,0.10750836133956909,0.8680016994476318,0.7841988801956177
PINN20260512-HS,9,224,pretrain,0.32422155141830444,0.06375663727521896,0.11764764785766602,0.054797619581222534,0.019599348306655884,0.03884659707546234,0.2940678894519806,0.2871575653553009,0.27487677335739136,0.0,0.0,0.0,0.0,444.1133547586697,1173.6079520010078,1.8319882240616163,0.5859922766685486,0.10754462331533432,0.8679690361022949,0.7834473848342896
PINN20260512-HS,9,225,pretrain,0.3232135772705078,0.06350357830524445,0.11731153726577759,0.05470847710967064,0.019568156450986862,0.038738567382097244,0.2941276431083679,0.28678977489471436,0.2746341824531555,0.0,0.0,0.0,0.0,443.17302278568354,1172.3813372789589,1.8306490270927882,0.5860447883605957,0.10757949948310852,0.8679366707801819,0.7827004194259644
PINN20260512-HS,9,227,pretrain,0.32125186920166016,0.06300970911979675,0.11665098369121552,0.05453462526202202,0.019505681470036507,0.038523416966199875,0.29443061351776123,0.2860657870769501,0.2741517424583435,0.0,0.0,0.0,0.0,441.325383079197,1170.1295334278168,1.8285055608482867,0.5861467123031616,0.10764747858047485,0.8678724765777588,0.7812223434448242
PINN20260512-HS,9,228,pretrain,0.3202822804450989,0.06276443600654602,0.11631672829389572,0.05446820706129074,0.019475797191262245,0.038416385650634766,0.2945038080215454,0.2857075035572052,0.2739117741584778,0.0,0.0,0.0,0.0,440.4184977098487,1169.115370697007,1.8277146171422483,0.5861972570419312,0.10768219083547592,0.8678407669067383,0.780491828918457
PINN20260512-HS,9,229,pretrain,0.31931817531585693,0.06252028048038483,0.11598009616136551,0.05441281944513321,0.019446827471256256,0.038309816271066666,0.2945081293582916,0.28535163402557373,0.2736726701259613,0.0,0.0,0.0,0.0,439.521437190497,1168.1526548358308,1.8270578624401577,0.5862475633621216,0.10771743953227997,0.8678093552589417,0.7797670960426331
PINN20260512-HS,9,230,pretrain,0.31836214661598206,0.06227753311395645,0.11564218997955322,0.054368384182453156,0.01941858045756817,0.038203611969947815,0.2944713830947876,0.28499865531921387,0.2734344005584717,0.0,0.0,0.0,0.0,438.6328369205844,1167.2216477601844,1.8264764940287814,0.5862973928451538,0.10775291919708252,0.8677781224250793,0.7790480256080627
PINN20260512-HS,9,231,pretrain,0.3174170255661011,0.06203670799732208,0.11530385911464691,0.05433325469493866,0.019390737637877464,0.03809787705540657,0.2944321632385254,0.2846486270427704,0.2731970250606537,0.0,0.0,0.0,0.0,437.75174899707713,1166.3008831343652,1.8259107919951731,0.5863465666770935,0.10778830945491791,0.8677471876144409,0.7783343195915222
PINN20260512-HS,9,233,pretrain,0.3155761957168579,0.06156567484140396,0.1146368682384491,0.05426916107535362,0.019334282726049423,0.0378868505358696,0.2945428490638733,0.2839590609073639,0.27272486686706543,0.0,0.0,0.0,0.0,436.00250859370067,1164.3050502338294,1.8238917086745245,0.5864408016204834,0.107856385409832,0.8676859736442566,0.7769219875335693
PINN20260512-HS,9,234,pretrain,0.3146495223045349,0.061339810490608215,0.11431652307510376,0.05416254699230194,0.019304780289530754,0.037781164050102234,0.29459846019744873,0.28362250328063965,0.27249014377593994,0.0,0.0,0.0,0.0,435.14088954038783,1163.3461436734983,1.8228787551961603,0.5864855051040649,0.10788822174072266,0.8676556348800659,0.7762232422828674
PINN20260512-HS,9,235,pretrain,0.3137491047382355,0.061114922165870667,0.1139933168888092,0.054092489182949066,0.019276045262813568,0.03767573833465576,0.2947338819503784,0.28328898549079895,0.27225610613822937,0.0,0.0,0.0,0.0,434.2899197252913,1162.4606982603757,1.8220298124614784,0.5865294933319092,0.10792025923728943,0.8676255941390991,0.7755303382873535
PINN20260512-HS,9,236,pretrain,0.3128562271595001,0.060891132801771164,0.11366744339466095,0.05403430387377739,0.019248219206929207,0.03757043927907944,0.29483985900878906,0.2829569876194,0.2720227837562561,0.0,0.0,0.0,0.0,433.4497339657737,1161.6453847883183,1.8213486640407686,0.5865731239318848,0.1079527959227562,0.8675957322120667,0.7748435139656067
PINN20260512-HS,9,237,pretrain,0.311969131231308,0.06066835671663284,0.11333893239498138,0.05398692190647125,0.019221343100070953,0.03746548667550087,0.29489436745643616,0.28262749314308167,0.2717903256416321,0.0,0.0,0.0,0.0,432.61873370209014,1160.8836074301335,1.8208061830068285,0.5866163969039917,0.10798586905002594,0.8675662875175476,0.7741624116897583
PINN20260512-HS,9,239,pretrain,0.3102155923843384,0.06022670865058899,0.11267813295125961,0.05391978099942207,0.01916927471756935,0.03725643455982208,0.2948892116546631,0.28197741508483887,0.271328330039978,0.0,0.0,0.0,0.0,430.974223417132,1159.3896562415935,1.8198658764063815,0.5867014527320862,0.10805249214172363,0.867507815361023,0.7728158831596375
PINN20260512-HS,9,240,pretrain,0.3093627393245697,0.06000831723213196,0.11234758794307709,0.053911980241537094,0.01914348267018795,0.03715238720178604,0.2949289083480835,0.2816571593284607,0.2710989713668823,0.0,0.0,0.0,0.0,430.1573658267402,1158.5830785921223,1.8191313375806795,0.5867427587509155,0.10808530449867249,0.8674789667129517,0.7721495628356934
PINN20260512-HS,9,241,physics,0.3212064504623413,0.05979575216770172,0.11202596873044968,0.053859174251556396,0.01911674439907074,0.03704823926091194,0.2949848771095276,0.28134357929229736,0.27087080478668213,0.18855470418930054,0.5951931476593018,1.5551812282410538e-07,0.0,429.33473246407635,1157.594650557785,1.8180152524588762,0.5867823958396912,0.10811663419008255,0.8674502968788147,0.771487295627594
PINN20260512-HS,10,1,pretrain,10.69138240814209,2.573193311691284,3.989769697189331,0.3351694345474243,1.564907431602478,1.3287224769592285,3.599811553955078,1.0749361515045166,0.5511894822120667,0.0,0.0,0.0,0.0,3310.626677836086,3730.5109569601855,5.736213792646261,0.4751414656639099,0.08550398796796799,0.8517965078353882,0.0
PINN20260512-HS,10,2,pretrain,10.550283432006836,2.5453436374664307,3.9317855834960938,0.3305530846118927,1.5524433851242065,1.3093348741531372,3.370370864868164,0.8306142091751099,0.541157603263855,0.0,0.0,0.0,0.0,3284.6524930348414,3706.851089536778,5.600186566160804,0.4756286144256592,0.08581766486167908,0.8520267605781555,0.003694833954796195
PINN20260512-HS,10,3,pretrain,10.400588989257812,2.516134023666382,3.8723459243774414,0.3237690031528473,1.539099097251892,1.2889175415039062,3.061866521835327,0.629840612411499,0.5312488675117493,0.0,0.0,0.0,0.0,3256.470328438446,3681.0600375435333,5.462229254573601,0.47612816095352173,0.08614601939916611,0.8522570133209229,0.008152542635798454
PINN20260512-HS,10,5,pretrain,10.075907707214355,2.4504737854003906,3.742311716079712,0.30802884697914124,1.5088666677474976,1.2440940141677856,2.3680620193481445,0.43590813875198364,0.5118476152420044,0.0,0.0,0.0,0.0,3192.5228268565284,3622.4103853649713,5.225587862055471,0.4771902859210968,0.0868716761469841,0.8527172207832336,0.01975611038506031
PINN20260512-HS,10,6,pretrain,9.901531219482422,2.4134950637817383,3.671187400817871,0.2993069887161255,1.4917781352996826,1.2195764780044556,2.0202839374542236,0.4556077718734741,0.5023946166038513,0.0,0.0,0.0,0.0,3156.3474143382887,3589.127609879593,5.13596570288466,0.47774577140808105,0.08727463334798813,0.8529472351074219,0.027005406096577644
PINN20260512-HS,10,7,pretrain,9.717700004577637,2.373469591140747,3.595705986022949,0.29008108377456665,1.4732210636138916,1.1935747861862183,1.6968700885772705,0.5111573338508606,0.4931392967700958,0.0,0.0,0.0,0.0,3117.1015382884143,3552.9007866812153,5.059161803194936,0.478316992521286,0.08771159499883652,0.8531771302223206,0.035297051072120667
PINN20260512-HS,10,8,pretrain,9.522858619689941,2.330183506011963,3.515674591064453,0.2804615795612335,1.4530755281448364,1.1660370826721191,1.414613962173462,0.5605781078338623,0.4841052293777466,0.0,0.0,0.0,0.0,3074.559318016161,3513.4611140583297,4.996253630606404,0.4789026081562042,0.08818593621253967,0.8534062504768372,0.044688619673252106
PINN20260512-HS,10,9,pretrain,9.31596565246582,2.283416271209717,3.43087100982666,0.2705462574958801,1.4312081336975098,1.1369049549102783,1.1845622062683105,0.5831270813941956,0.47532159090042114,0.0,0.0,0.0,0.0,3028.477009983731,3470.501980982002,4.94839356512452,0.47950154542922974,0.08869853615760803,0.8536346554756165,0.05524103343486786
PINN20260512-HS,10,11,pretrain,8.864561080932617,2.178574562072754,3.246516227722168,0.25038382411003113,1.3817299604415894,1.0738332271575928,0.9037561416625977,0.5496005415916443,0.4585569500923157,0.0,0.0,0.0,0.0,2924.7664864053677,3372.6316134437216,4.877872823868243,0.4807389974594116,0.08983323723077774,0.8540888428688049,0.08011838793754578
PINN20260512-HS,10,12,pretrain,8.620721817016602,2.120217800140381,3.149231195449829,0.24043312668800354,1.3537795543670654,1.0408214330673218,0.844328761100769,0.5122604966163635,0.4505845010280609,0.0,0.0,0.0,0.0,2866.775104538199,3316.9892975407683,4.841983979487452,0.4813792407512665,0.09045074880123138,0.8543147444725037,0.09460409730672836
PINN20260512-HS,10,13,pretrain,8.365883827209473,2.0579731464385986,3.0505383014678955,0.23075558245182037,1.3234783411026,1.0075708627700806,0.8244644999504089,0.4753521978855133,0.44288378953933716,0.0,0.0,0.0,0.0,2804.5775082889045,3256.405687257041,4.80010615854434,0.48203587532043457,0.09109819680452347,0.854539692401886,0.11055094003677368
PINN20260512-HS,10,14,pretrain,8.100420951843262,1.9920181035995483,2.9507782459259033,0.22161640226840973,1.2906643152236938,0.9740601181983948,0.829718291759491,0.44703394174575806,0.435461163520813,0.0,0.0,0.0,0.0,2738.2423194450853,3190.571422175031,4.7501753496005925,0.48271051049232483,0.09177273511886597,0.8547637462615967,0.1280057281255722
PINN20260512-HS,10,15,pretrain,7.824160099029541,1.922643780708313,2.848646640777588,0.2131577879190445,1.2551954984664917,0.9398853778839111,0.8473427295684814,0.4325004518032074,0.42832356691360474,0.0,0.0,0.0,0.0,2668.025674539134,3119.246383343259,4.689908788348922,0.4834044277667999,0.09247153252363205,0.8549870848655701,0.14698557555675507
PINN20260512-HS,10,17,pretrain,7.242802143096924,1.7756776809692383,2.6362311840057373,0.19841241836547852,1.1758544445037842,0.86891770362854,0.88341224193573,0.44210243225097656,0.4149211347103119,0.0,0.0,0.0,0.0,2518.2712324132203,2959.67869877796,4.528459887587023,0.4848533570766449,0.09393081814050674,0.8554309606552124,0.18941296637058258
PINN20260512-HS,10,18,pretrain,6.941687107086182,1.699663758277893,2.526233196258545,0.1922324150800705,1.131884217262268,0.832247793674469,0.891121506690979,0.4565776288509369,0.40866145491600037,0.0,0.0,0.0,0.0,2440.6706045675232,2871.5522805618566,4.424080729563104,0.48561039566993713,0.09468717873096466,0.8556514382362366,0.2127082645893097
PINN20260512-HS,10,19,pretrain,6.636987686157227,1.6232120990753174,2.4137206077575684,0.18694418668746948,1.0851517915725708,0.7948288917541504,0.8885533809661865,0.4698507487773895,0.40270331501960754,0.0,0.0,0.0,0.0,2363.0862235644304,2778.214804510263,4.303399163070496,0.48639029264450073,0.09545944631099701,0.8558708429336548,0.23722216486930847
PINN20260512-HS,10,20,pretrain,6.328077793121338,1.5461571216583252,2.2987895011901855,0.18253040313720703,1.0357598066329956,0.7567174434661865,0.875019371509552,0.4775697886943817,0.3970547616481781,0.0,0.0,0.0,0.0,2287.253265381864,2680.158297563784,4.167231911963564,0.48719432950019836,0.09624685347080231,0.8560892343521118,0.2627788782119751
PINN20260512-HS,10,22,pretrain,5.705997467041016,1.3923635482788086,2.0653772354125977,0.17606529593467712,0.9296519160270691,0.6799046993255615,0.8193691968917847,0.471251904964447,0.38671261072158813,0.0,0.0,0.0,0.0,2148.8816859008316,2472.8518960908273,3.8554250051681604,0.4888865053653717,0.09786860644817352,0.8565232753753662,0.3161426782608032
PINN20260512-HS,10,23,pretrain,5.405893325805664,1.3187867403030396,1.95320725440979,0.1738152652978897,0.8734239935874939,0.6432680487632751,0.7825832366943359,0.4597986936569214,0.3820279538631439,0.0,0.0,0.0,0.0,2090.4664551243104,2365.561032820756,3.684859352107028,0.489785373210907,0.09870436042547226,0.8567391037940979,0.3434446156024933
PINN20260512-HS,10,24,pretrain,5.11956787109375,1.2492057085037231,1.8451415300369263,0.17206695675849915,0.8159724473953247,0.6078583002090454,0.7451836466789246,0.4466259479522705,0.3776727020740509,0.0,0.0,0.0,0.0,2041.6579659678553,2257.363838640107,3.509019722189688,0.4907298982143402,0.09955709427595139,0.8569544553756714,0.37079355120658875
PINN20260512-HS,10,25,pretrain,4.847182273864746,1.1838229894638062,1.739062786102295,0.17070797085762024,0.7581897377967834,0.5729281902313232,0.7117980122566223,0.43510279059410095,0.37364834547042847,0.0,0.0,0.0,0.0,2003.7745631682224,2149.459234319181,3.332041867702382,0.49172914028167725,0.10042665153741837,0.8571693301200867,0.39790284633636475
PINN20260512-HS,10,26,pretrain,4.591127395629883,1.1234798431396484,1.633527159690857,0.169648677110672,0.700957715511322,0.5381398797035217,0.6865618228912354,0.42779627442359924,0.36995822191238403,0.0,0.0,0.0,0.0,1977.568393254706,2043.0504154327666,3.1582688441545717,0.4927925765514374,0.1013120785355568,0.8573841452598572,0.4244925081729889
PINN20260512-HS,10,28,pretrain,4.140026569366455,1.020224928855896,1.4299246072769165,0.16822735965251923,0.5927481651306152,0.4712001085281372,0.6709089279174805,0.4282178282737732,0.363617867231369,0.0,0.0,0.0,0.0,1959.8196983396201,1839.5145419376277,2.8366195437540207,0.4951479732990265,0.1031220406293869,0.8578134775161743,0.47509437799453735
PINN20260512-HS,10,29,pretrain,3.9510226249694824,0.9784101247787476,1.3359246253967285,0.16780580580234528,0.5444160103797913,0.44036248326301575,0.6796388030052185,0.4327985644340515,0.3609767258167267,0.0,0.0,0.0,0.0,1966.493579953924,1744.800275103142,2.694686475445948,0.496459424495697,0.10403984040021896,0.8580276370048523,0.49865952134132385
PINN20260512-HS,10,30,pretrain,3.788926362991333,0.9433258771896362,1.2509394884109497,0.1675417274236679,0.5014379620552063,0.41256627440452576,0.6939802169799805,0.4360775649547577,0.3586929440498352,0.0,0.0,0.0,0.0,1981.3106142147424,1656.4530630235195,2.567495101138216,0.497872531414032,0.10495962202548981,0.8582408428192139,0.5208092927932739
PINN20260512-HS,10,31,pretrain,3.6544647216796875,0.9150770306587219,1.1759850978851318,0.1674339473247528,0.46484413743019104,0.38801607489585876,0.7072485089302063,0.4355095624923706,0.35676923394203186,0.0,0.0,0.0,0.0,2001.6162219566468,1575.7775065027422,2.456188404724579,0.4993957579135895,0.10587316006422043,0.8584520220756531,0.54135662317276
PINN20260512-HS,10,32,pretrain,3.5477585792541504,0.8936219215393066,1.111499547958374,0.16756613552570343,0.43546050786972046,0.3668752908706665,0.7132235765457153,0.43111157417297363,0.3552071452140808,0.0,0.0,0.0,0.0,2023.7601760090054,1503.9394934637496,2.362357565133661,0.501032829284668,0.10676676779985428,0.8586584329605103,0.5600824952125549
PINN20260512-HS,10,34,pretrain,3.4001693725585938,0.8654929399490356,1.0122134685516357,0.16934137046337128,0.397305428981781,0.3343149423599243,0.6970409154891968,0.4218464493751526,0.3531612157821655,0.0,0.0,0.0,0.0,2057.074864947798,1387.9225032400043,2.230577905536256,0.504580557346344,0.10840430110692978,0.8590404987335205,0.5910671949386597
PINN20260512-HS,10,35,pretrain,3.3451623916625977,0.8543679118156433,0.9758212566375732,0.17125168442726135,0.3867129981517792,0.32245558500289917,0.6815096139907837,0.4212973713874817,0.35263022780418396,0.0,0.0,0.0,0.0,2061.702815635658,1342.2060665188487,2.1899385434997263,0.5064159631729126,0.1091000959277153,0.859207272529602,0.6030353307723999
PINN20260512-HS,10,36,pretrain,3.292840003967285,0.8423101902008057,0.9470435380935669,0.17355741560459137,0.37984806299209595,0.3131263852119446,0.6671155691146851,0.42293503880500793,0.3523610830307007,0.0,0.0,0.0,0.0,2055.984922123701,1303.016164519842,2.1619120247810804,0.508240818977356,0.10969220846891403,0.8593539595603943,0.6127108931541443
PINN20260512-HS,10,37,pretrain,3.2374494075775146,0.8280048370361328,0.923592209815979,0.17592491209506989,0.3751671314239502,0.3055416941642761,0.656703770160675,0.4248257279396057,0.3522925078868866,0.0,0.0,0.0,0.0,2039.6021058039728,1269.3176316430809,2.1427607318538304,0.510028600692749,0.11017506569623947,0.8594791889190674,0.6202858090400696
PINN20260512-HS,10,38,pretrain,3.175617218017578,0.8107967376708984,0.9038945436477661,0.1779581755399704,0.3715708553791046,0.29919058084487915,0.6512550115585327,0.42529532313346863,0.35236331820487976,0.0,0.0,0.0,0.0,2013.0550166351638,1240.5397514791696,2.129253123473339,0.5117626190185547,0.11054915189743042,0.8595829606056213,0.6259931325912476
PINN20260512-HS,10,40,pretrain,3.028566360473633,0.7677321434020996,0.8713054060935974,0.1796509474515915,0.36488524079322815,0.28863006830215454,0.6506636142730713,0.4207164943218231,0.35270366072654724,0.0,0.0,0.0,0.0,1934.26743238881,1197.7950054162022,2.110547641840484,0.5150402784347534,0.11099138110876083,0.8597291111946106,0.6327246427536011
PINN20260512-HS,10,41,pretrain,2.9450674057006836,0.7428903579711914,0.8570593595504761,0.17881202697753906,0.36120104789733887,0.2839607894420624,0.6508451700210571,0.4175257980823517,0.3528844714164734,0.0,0.0,0.0,0.0,1885.3078661056925,1184.6841351178803,2.103358110055839,0.5165824294090271,0.1110752671957016,0.8597742319107056,0.6341614723205566
PINN20260512-HS,10,42,pretrain,2.858330488204956,0.7170997858047485,0.843745231628418,0.1767416149377823,0.3572847247123718,0.2795531749725342,0.6483314037322998,0.41543710231781006,0.3530282974243164,0.0,0.0,0.0,0.0,1832.533901459943,1177.8314820041107,2.0973594351563083,0.5180658102035522,0.11108045279979706,0.8598028421401978,0.6345509886741638
PINN20260512-HS,10,43,pretrain,2.772115468978882,0.691603422164917,0.8312399387359619,0.17356222867965698,0.3533021807670593,0.2753687798976898,0.6420872211456299,0.4149540066719055,0.3531108796596527,0.0,0.0,0.0,0.0,1778.025590367023,1177.598775050314,2.092727992974742,0.5194995403289795,0.11101819574832916,0.859817385673523,0.6340567469596863
PINN20260512-HS,10,44,pretrain,2.6900012493133545,0.6674510836601257,0.8199437260627747,0.16956138610839844,0.3494742214679718,0.2714540362358093,0.6327657699584961,0.41544100642204285,0.35311415791511536,0.0,0.0,0.0,0.0,1724.247444539211,1183.6645956519947,2.089972300070433,0.5208956003189087,0.11090130358934402,0.8598209619522095,0.6328430771827698
PINN20260512-HS,10,46,pretrain,2.553220510482788,0.6270348429679871,0.804046094417572,0.1615545153617859,0.3430808186531067,0.2656587064266205,0.6166223883628845,0.41418132185935974,0.35287249088287354,0.0,0.0,0.0,0.0,1628.9130578394906,1208.3046490848242,2.0934360935538496,0.5236114859580994,0.11057786643505096,0.8598136901855469,0.6292451024055481
PINN20260512-HS,10,47,pretrain,2.503523349761963,0.6119371652603149,0.8003252744674683,0.15885640680789948,0.3406106233596802,0.26410114765167236,0.6154430508613586,0.41217172145843506,0.3526545763015747,0.0,0.0,0.0,0.0,1589.9680028226983,1222.1525579893862,2.0995626977424804,0.5249298810958862,0.1104128509759903,0.8598138689994812,0.627486526966095
PINN20260512-HS,10,48,pretrain,2.464442729949951,0.5998249053955078,0.7981210947036743,0.157187357544899,0.33840250968933105,0.26312965154647827,0.618647575378418,0.4105483293533325,0.3523946702480316,0.0,0.0,0.0,0.0,1556.9407503177506,1233.7194778392695,2.106584231813463,0.5262163281440735,0.11026839911937714,0.8598232269287109,0.6261447668075562
PINN20260512-HS,10,49,pretrain,2.43257999420166,0.5898718237876892,0.7963556051254272,0.1562720239162445,0.3361753821372986,0.2623322010040283,0.6232771873474121,0.4098806381225586,0.3521086275577545,0.0,0.0,0.0,0.0,1529.0842030444235,1240.993452843326,2.111931339473478,0.527465283870697,0.11015655100345612,0.8598451018333435,0.6254462599754333
PINN20260512-HS,10,50,pretrain,2.4040682315826416,0.5811623334884644,0.7937116622924805,0.15574848651885986,0.333665132522583,0.2613617777824402,0.6260032653808594,0.4097427427768707,0.35180947184562683,0.0,0.0,0.0,0.0,1505.382592565757,1242.6694552454405,2.113443107806082,0.5286707282066345,0.11008556932210922,0.8598822355270386,0.6255475878715515
PINN20260512-HS,10,52,pretrain,2.345118284225464,0.5645368695259094,0.7819468379020691,0.15482404828071594,0.3272897005081177,0.25740838050842285,0.6189062595367432,0.40805596113204956,0.3512064814567566,0.0,0.0,0.0,0.0,1466.7473367966277,1227.5257634770849,2.1015416464659804,0.530933141708374,0.11008007079362869,0.860004186630249,0.628354549407959
PINN20260512-HS,10,53,pretrain,2.3121542930603027,0.5558085441589355,0.7726826071739197,0.154250368475914,0.323504775762558,0.2543390989303589,0.6102209091186523,0.4064676761627197,0.35091280937194824,0.0,0.0,0.0,0.0,1450.537055714193,1211.3145751620427,2.0887358375752383,0.5319830179214478,0.11014499515295029,0.8600881099700928,0.6309908032417297
PINN20260512-HS,10,54,pretrain,2.277021884918213,0.5466972589492798,0.7615654468536377,0.15366153419017792,0.31955963373184204,0.2506784498691559,0.6006364822387695,0.4051764905452728,0.3506276309490204,0.0,0.0,0.0,0.0,1435.9288370250108,1190.4726477328238,2.0723447559553723,0.5329751968383789,0.11025063693523407,0.8601850271224976,0.634320855140686
PINN20260512-HS,10,55,pretrain,2.2407066822052,0.5373679995536804,0.7491086721420288,0.15314295887947083,0.3157016932964325,0.24661001563072205,0.5919233560562134,0.40445494651794434,0.3503517508506775,0.0,0.0,0.0,0.0,1422.7469030013735,1166.1900038158446,2.0528833554267902,0.5339075326919556,0.1103910431265831,0.8602930307388306,0.6382108926773071
PINN20260512-HS,10,56,pretrain,2.204450845718384,0.5280818939208984,0.7359486818313599,0.1527504026889801,0.312155157327652,0.24235756695270538,0.5849212408065796,0.4039507210254669,0.35008537769317627,0.0,0.0,0.0,0.0,1410.8412384106157,1139.8045336811044,2.0307314921596236,0.534778356552124,0.11055819690227509,0.8604092597961426,0.6425124406814575
PINN20260512-HS,10,58,pretrain,2.1366727352142334,0.5107015371322632,0.7101036310195923,0.15231339633464813,0.3066486418247223,0.23411156237125397,0.5749250650405884,0.40189671516418457,0.3495810627937317,0.0,0.0,0.0,0.0,1389.868788771084,1086.1350054205968,1.9805518053152875,0.5363315939903259,0.11093097180128098,0.8606551885604858,0.6517398357391357
PINN20260512-HS,10,59,pretrain,2.1065733432769775,0.5029487609863281,0.6984241008758545,0.1521594226360321,0.3047705888748169,0.23042067885398865,0.5703818798065186,0.4005744457244873,0.34934332966804504,0.0,0.0,0.0,0.0,1380.0,1061.2667548736274,1.9541092095074708,0.5370131134986877,0.11111219227313995,0.86077880859375,0.6563767194747925
PINN20260512-HS,10,60,pretrain,2.0792276859283447,0.4958488941192627,0.6880580186843872,0.15196457505226135,0.3033812940120697,0.2271839678287506,0.5653373003005981,0.3995504081249237,0.3491157293319702,0.0,0.0,0.0,0.0,1369.8353459449058,1038.964147600869,1.9280570874513265,0.5376315116882324,0.11127296090126038,0.8608991503715515,0.6608577966690063
PINN20260512-HS,10,61,pretrain,2.054168224334717,0.48926806449890137,0.6790686249732971,0.15169386565685272,0.30226418375968933,0.2243969589471817,0.5598058104515076,0.3988302946090698,0.34889891743659973,0.0,0.0,0.0,0.0,1358.8245839695423,1019.8098474715764,1.9033820614239187,0.5381880402565002,0.11140161752700806,0.8610132932662964,0.6650778651237488
PINN20260512-HS,10,63,pretrain,2.0076024532318115,0.47677117586135864,0.6646801233291626,0.15092907845973969,0.29984110593795776,0.2198963165283203,0.548326849937439,0.3971613645553589,0.34850090742111206,0.0,0.0,0.0,0.0,1332.6778961924745,991.8514568724493,1.8620344536550866,0.5391224026679993,0.11152898520231247,0.8612154722213745,0.6724366545677185
PINN20260512-HS,10,64,pretrain,1.984383463859558,0.47040900588035583,0.6587684154510498,0.15047994256019592,0.2980789244174957,0.21800094842910767,0.54287189245224,0.3960603177547455,0.34832119941711426,0.0,0.0,0.0,0.0,1317.2839006835238,982.9181362148122,1.8468968653652544,0.5395054221153259,0.11151918768882751,0.8613005876541138,0.675494909286499
PINN20260512-HS,10,65,pretrain,1.9604301452636719,0.4637833535671234,0.6533632874488831,0.15001952648162842,0.29574158787727356,0.21622805297374725,0.5376685857772827,0.3950626850128174,0.3481546938419342,0.0,0.0,0.0,0.0,1300.5729026086926,976.9904362377351,1.8359875697207568,0.5398364663124084,0.11146055161952972,0.86137455701828,0.678132176399231
PINN20260512-HS,10,66,pretrain,1.9355889558792114,0.45687395334243774,0.6482870578765869,0.1495669186115265,0.2927702069282532,0.2145255208015442,0.5327153205871582,0.3942941725254059,0.34800082445144653,0.0,0.0,0.0,0.0,1282.9633665853441,973.6682892546106,1.82923397283779,0.5401189923286438,0.11135686188936234,0.8614379167556763,0.680375337600708
PINN20260512-HS,10,67,pretrain,1.910034418106079,0.4497520923614502,0.6434449553489685,0.1491313874721527,0.2891923785209656,0.21286942064762115,0.5279664993286133,0.39363235235214233,0.34785810112953186,0.0,0.0,0.0,0.0,1264.9737645500795,972.4839008950225,1.8260970188321046,0.5403569340705872,0.11121394485235214,0.8614915609359741,0.6822719573974609
PINN20260512-HS,10,69,pretrain,1.8584237098693848,0.4353957772254944,0.6343268752098083,0.14831845462322235,0.28063157200813293,0.20969069004058838,0.5191210508346558,0.3919871151447296,0.3475959897041321,0.0,0.0,0.0,0.0,1229.8872407664046,974.331597814625,1.8270571458111218,0.5407158136367798,0.11083855479955673,0.8615768551826477,0.6852827668190002
PINN20260512-HS,10,70,pretrain,1.8332202434539795,0.42842066287994385,0.6299921274185181,0.14793816208839417,0.27592670917510986,0.2081739753484726,0.5150463581085205,0.3911101520061493,0.34746962785720825,0.0,0.0,0.0,0.0,1213.5585070362285,976.1543487072114,1.8286604855288893,0.5408459901809692,0.1106209009885788,0.8616124391555786,0.6865430474281311
PINN20260512-HS,10,71,pretrain,1.808763861656189,0.4216880202293396,0.6257206797599792,0.14757183194160461,0.2711191177368164,0.2066834270954132,0.5111736059188843,0.3903665542602539,0.3473411202430725,0.0,0.0,0.0,0.0,1198.3056788649546,977.7433200999125,1.8292417776635603,0.5409497618675232,0.11039290577173233,0.8616462349891663,0.6877375245094299
PINN20260512-HS,10,72,pretrain,1.7850850820541382,0.41521066427230835,0.6214406490325928,0.14721673727035522,0.2663162052631378,0.20519743859767914,0.5073648691177368,0.38972070813179016,0.3472064435482025,0.0,0.0,0.0,0.0,1184.140986116096,978.5013094012701,1.8276746228060763,0.5410323143005371,0.11016149818897247,0.861680269241333,0.6889325976371765
PINN20260512-HS,10,73,pretrain,1.762025237083435,0.40894830226898193,0.6170490980148315,0.14687314629554749,0.2615935802459717,0.2036844789981842,0.5034669637680054,0.38904571533203125,0.3470621407032013,0.0,0.0,0.0,0.0,1170.9576209240026,977.9141066576349,1.8231667733691617,0.5410985350608826,0.10993322730064392,0.8617163300514221,0.6901854872703552
PINN20260512-HS,10,75,pretrain,1.7166883945465088,0.3967764377593994,0.6074655055999756,0.14622704684734344,0.25254637002944946,0.20042139291763306,0.4950236678123474,0.38749411702156067,0.3467350900173187,0.0,0.0,0.0,0.0,1146.8121576788415,971.2344271595813,1.8046615382919073,0.541200578212738,0.10950910300016403,0.861799418926239,0.6930276155471802
PINN20260512-HS,10,76,pretrain,1.6939482688903809,0.39073169231414795,0.6021252274513245,0.14592885971069336,0.24824950098991394,0.19862399995326996,0.49044138193130493,0.38677260279655457,0.3465500771999359,0.0,0.0,0.0,0.0,1135.473909871997,964.7445257683507,1.7912598285387957,0.5412445664405823,0.10932248085737228,0.8618482947349548,0.6946651935577393
PINN20260512-HS,10,77,pretrain,1.6709026098251343,0.38463419675827026,0.5963707566261292,0.14564970135688782,0.24410340189933777,0.19669903814792633,0.4857211709022522,0.3861198425292969,0.3463510274887085,0.0,0.0,0.0,0.0,1124.4206841747443,956.1686239884679,1.775825227067467,0.5412883758544922,0.10915674269199371,0.8619028329849243,0.696457028388977
PINN20260512-HS,10,78,pretrain,1.6474725008010864,0.37845563888549805,0.5902169346809387,0.14538612961769104,0.240102618932724,0.1946491003036499,0.480968713760376,0.3854599595069885,0.3461393713951111,0.0,0.0,0.0,0.0,1113.5571381837576,945.7145446697962,1.7590385993869675,0.541333794593811,0.10901235789060593,0.8619625568389893,0.6983942985534668
PINN20260512-HS,10,79,pretrain,1.6236867904663086,0.37220117449760437,0.5837115049362183,0.14513130486011505,0.2362285554409027,0.19248777627944946,0.47622525691986084,0.38474392890930176,0.34591734409332275,0.0,0.0,0.0,0.0,1102.8319794964236,933.7146914341661,1.7415629494208467,0.5413817763328552,0.1088876724243164,0.8620272278785706,0.7004567980766296
PINN20260512-HS,10,81,pretrain,1.5755846500396729,0.3596022427082062,0.5699605941772461,0.14462867379188538,0.22875608503818512,0.1879359632730484,0.46689683198928833,0.38329973816871643,0.3454519212245941,0.0,0.0,0.0,0.0,1081.7220645803616,906.7684034526126,1.7063771690585638,0.5414827466011047,0.10868187248706818,0.8621677756309509,0.704840362071991
PINN20260512-HS,10,82,pretrain,1.5515772104263306,0.3533394932746887,0.5628768801689148,0.14438000321388245,0.22508761286735535,0.18560054898262024,0.4623994827270508,0.38264748454093933,0.3452128767967224,0.0,0.0,0.0,0.0,1071.3048702400265,892.7417039659343,1.6893329334830174,0.5415326356887817,0.10859020799398422,0.8622415065765381,0.7070929408073425
PINN20260512-HS,10,83,pretrain,1.5277576446533203,0.3471451997756958,0.555740475654602,0.14413462579250336,0.22140151262283325,0.18325170874595642,0.4581482410430908,0.38200557231903076,0.344971626996994,0.0,0.0,0.0,0.0,1060.9360254039825,878.9335867970913,1.673127338386474,0.541579008102417,0.10849811136722565,0.8623160719871521,0.7093389630317688
PINN20260512-HS,10,84,pretrain,1.5041723251342773,0.34103235602378845,0.548589289188385,0.14389804005622864,0.21764180064201355,0.180899515748024,0.45427948236465454,0.3813396990299225,0.34472882747650146,0.0,0.0,0.0,0.0,1050.5583039508087,865.702532628847,1.6578280470979068,0.541619062423706,0.10840001702308655,0.8623903393745422,0.7115453481674194
PINN20260512-HS,10,85,pretrain,1.4807990789413452,0.3349946439266205,0.5414440035820007,0.1436743587255478,0.2137509435415268,0.17854614555835724,0.45087099075317383,0.3806687593460083,0.3444845378398895,0.0,0.0,0.0,0.0,1040.1040813303252,853.3330607095919,1.6436083005700672,0.5416502952575684,0.10829117149114609,0.8624634742736816,0.7136839628219604
PINN20260512-HS,10,87,pretrain,1.4344067573547363,0.32307422161102295,0.5271556973457336,0.14325638115406036,0.20537905395030975,0.17381957173347473,0.4456058740615845,0.37943360209465027,0.3439888656139374,0.0,0.0,0.0,0.0,1018.72303645299,831.8275812931428,1.6184769060583974,0.5416774749755859,0.10802748799324036,0.8626027703285217,0.7176788449287415
PINN20260512-HS,10,88,pretrain,1.4112147092819214,0.317150741815567,0.5199812650680542,0.14305175840854645,0.20084047317504883,0.17143374681472778,0.44358915090560913,0.3788541555404663,0.3437357246875763,0.0,0.0,0.0,0.0,1007.7284480454048,822.7800814920108,1.6071534331317079,0.5416705012321472,0.10786888748407364,0.8626682162284851,0.7195155024528503
PINN20260512-HS,10,89,pretrain,1.3879474401474,0.3112349510192871,0.512769341468811,0.14283952116966248,0.19606438279151917,0.16902674734592438,0.44176238775253296,0.37827059626579285,0.3434777855873108,0.0,0.0,0.0,0.0,996.5349028006997,814.7872805217322,1.5962868547432212,0.5416491031646729,0.10769177973270416,0.8627307415008545,0.7212459444999695
PINN20260512-HS,10,90,pretrain,1.3646023273468018,0.30532750487327576,0.5055155158042908,0.14261458814144135,0.19107551872730255,0.16659796237945557,0.43994802236557007,0.3776915967464447,0.3432144224643707,0.0,0.0,0.0,0.0,985.1779661563692,807.7043858987024,1.5854524454117966,0.5416138768196106,0.10749705135822296,0.8627907037734985,0.7228804230690002
PINN20260512-HS,10,91,pretrain,1.3412227630615234,0.2994382679462433,0.498224139213562,0.1423775851726532,0.18592262268066406,0.1641497164964676,0.43801650404930115,0.37714073061943054,0.3429451584815979,0.0,0.0,0.0,0.0,973.7077975450335,801.3240995377588,1.5744538494471334,0.5415659546852112,0.10728652030229568,0.8628485202789307,0.7244353294372559
PINN20260512-HS,10,93,pretrain,1.2946075201034546,0.2877614200115204,0.4835384786128998,0.1418827474117279,0.17536304891109467,0.15920400619506836,0.4339570105075836,0.37611159682273865,0.3423880636692047,0.0,0.0,0.0,0.0,950.6254848782459,789.6440653864246,1.5515910904759433,0.5414401888847351,0.1068296730518341,0.8629608154296875,0.727393627166748
PINN20260512-HS,10,94,pretrain,1.271466851234436,0.2819877862930298,0.4761313199996948,0.1416369080543518,0.17008446156978607,0.15670840442180634,0.43200451135635376,0.37560173869132996,0.34209975600242615,0.0,0.0,0.0,0.0,939.0832298044727,783.778069672787,1.5396105797247728,0.5413674116134644,0.10659080743789673,0.8630168437957764,0.7288439273834229
PINN20260512-HS,10,95,pretrain,1.2484592199325562,0.2762555181980133,0.4686647653579712,0.14139698445796967,0.1648811399936676,0.15419518947601318,0.43023160099983215,0.37509533762931824,0.34180471301078796,0.0,0.0,0.0,0.0,927.5603753934296,777.526245537731,1.5271426784170667,0.5412917733192444,0.1063506081700325,0.8630739450454712,0.7303059101104736
PINN20260512-HS,10,96,pretrain,1.2255339622497559,0.2705537676811218,0.4611128270626068,0.14114373922348022,0.15978488326072693,0.15166029334068298,0.42849433422088623,0.3746052384376526,0.34150248765945435,0.0,0.0,0.0,0.0,916.0551634590572,770.661160952075,1.5141049081212548,0.5412160754203796,0.10611319541931152,0.8631327152252197,0.7317978143692017
PINN20260512-HS,10,97,pretrain,1.2026723623275757,0.2648712992668152,0.4534648656845093,0.14089812338352203,0.15481406450271606,0.1490985006093979,0.42685505747795105,0.37413057684898376,0.34119269251823425,0.0,0.0,0.0,0.0,904.5592504087281,763.0097886003822,1.500447075363496,0.5411424040794373,0.10588201880455017,0.8631936311721802,0.7333341240882874
PINN20260512-HS,10,99,pretrain,1.1569550037384033,0.25351423025131226,0.4378001093864441,0.1404116004705429,0.14527063071727753,0.1438750922679901,0.42401379346847534,0.37318477034568787,0.3405490815639496,0.0,0.0,0.0,0.0,881.5728486631153,745.0840976024116,1.4715452346321656,0.5410065650939941,0.1054469645023346,0.8633232116699219,0.7365679740905762
PINN20260512-HS,10,100,pretrain,1.1340745687484741,0.24783144891262054,0.42977672815322876,0.14016997814178467,0.14070554077625275,0.14120973646640778,0.4228387773036957,0.3727104067802429,0.34021490812301636,0.0,0.0,0.0,0.0,870.0841913286323,734.8788165405232,1.4565673485396418,0.5409449338912964,0.10524407774209976,0.8633916974067688,0.7382655143737793
PINN20260512-HS,10,101,pretrain,1.1111968755722046,0.24215024709701538,0.42163458466529846,0.1399305909872055,0.1362762749195099,0.1385146975517273,0.42180389165878296,0.37224701046943665,0.3398726284503937,0.0,0.0,0.0,0.0,858.6053735564435,724.0045752617866,1.4411237251440563,0.540886402130127,0.10504959523677826,0.8634624481201172,0.7400087714195251
PINN20260512-HS,10,102,pretrain,1.0883129835128784,0.23647552728652954,0.41338565945625305,0.1396835893392563,0.13196511566638947,0.13580067455768585,0.42052745819091797,0.37179431319236755,0.33952274918556213,0.0,0.0,0.0,0.0,847.1381602194532,712.6514970516795,1.425204420534504,0.5408291220664978,0.10486138612031937,0.8635349273681641,0.7417865991592407
PINN20260512-HS,10,104,pretrain,1.0427438020706177,0.22518500685691833,0.39669960737228394,0.1392308622598648,0.12362582236528397,0.1303444802761078,0.4177635908126831,0.3708997070789337,0.3388035297393799,0.0,0.0,0.0,0.0,824.2070810785358,689.3403776437298,1.3929606544001585,0.5407078862190247,0.1044924333691597,0.8636833429336548,0.7453916668891907
PINN20260512-HS,10,105,pretrain,1.0200859308242798,0.21957728266716003,0.3883042633533478,0.13902164995670319,0.11956675350666046,0.12761645019054413,0.41617122292518616,0.3704633414745331,0.33843615651130676,0.0,0.0,0.0,0.0,812.7065891205756,677.7743448228179,1.3769970006771304,0.5406383275985718,0.10430602729320526,0.8637579083442688,0.7471915483474731
PINN20260512-HS,10,106,pretrain,0.9975390434265137,0.21399441361427307,0.37988775968551636,0.13883017003536224,0.11556506156921387,0.12489351630210876,0.4148738384246826,0.3700404465198517,0.338064968585968,0.0,0.0,0.0,0.0,801.1529972483409,666.4713047086124,1.3613693261441329,0.5405593514442444,0.10411491245031357,0.8638320565223694,0.7489733099937439
PINN20260512-HS,10,107,pretrain,0.9751030206680298,0.2084374874830246,0.37147092819213867,0.13864371180534363,0.11161432415246964,0.1221715658903122,0.41382110118865967,0.36962997913360596,0.3376910388469696,0.0,0.0,0.0,0.0,789.5274298591531,655.5341810310123,1.346218459733987,0.5404687523841858,0.10391730070114136,0.8639055490493774,0.7507279515266418
PINN20260512-HS,10,108,pretrain,0.9528461694717407,0.20292088389396667,0.3630763292312622,0.138475239276886,0.10771288722753525,0.11945142596960068,0.4131767451763153,0.3692302405834198,0.3373153507709503,0.0,0.0,0.0,0.0,777.821637652232,645.0185559346336,1.3318173922544951,0.5403649210929871,0.10371191799640656,0.8639779090881348,0.7524492144584656
PINN20260512-HS,10,110,pretrain,0.9089933037757874,0.19204480946063995,0.34638285636901855,0.13815952837467194,0.10007918626070023,0.11402387917041779,0.41333356499671936,0.36845991015434265,0.33656245470046997,0.0,0.0,0.0,0.0,754.2248089926504,625.1502069502976,1.304636080955168,0.5401136875152588,0.10327640175819397,0.8641186356544495,0.7557821869850159
PINN20260512-HS,10,111,pretrain,0.8874503374099731,0.18669986724853516,0.3380929231643677,0.13800562918186188,0.09637193381786346,0.11131955683231354,0.4141288995742798,0.36809536814689636,0.33618664741516113,0.0,0.0,0.0,0.0,742.4021821088621,615.5954180709924,1.2915207605701353,0.5399669408798218,0.10304799675941467,0.8641870617866516,0.7573980093002319
PINN20260512-HS,10,112,pretrain,0.8662281036376953,0.1814364194869995,0.32984405755996704,0.1378527730703354,0.09275861084461212,0.10862384736537933,0.4153757393360138,0.36774227023124695,0.3358115553855896,0.0,0.0,0.0,0.0,730.6215675710648,606.114624060499,1.2784320856049716,0.5398081541061401,0.10281513631343842,0.8642546534538269,0.7589879631996155
PINN20260512-HS,10,113,pretrain,0.8453773856163025,0.1762731522321701,0.3216365575790405,0.13768957555294037,0.08925238996744156,0.10593857616186142,0.4169958829879761,0.36739593744277954,0.33543750643730164,0.0,0.0,0.0,0.0,718.9299992002003,596.5383212753394,1.2650354980378369,0.5396392345428467,0.10258039832115173,0.8643212914466858,0.7605589628219604
PINN20260512-HS,10,114,pretrain,0.8249358534812927,0.17122294008731842,0.31347352266311646,0.13751353323459625,0.08586467802524567,0.10326491296291351,0.4188845455646515,0.36705535650253296,0.3350646495819092,0.0,0.0,0.0,0.0,707.3756074392161,586.6817972717408,1.2511000892192872,0.5394625663757324,0.10234683007001877,0.8643875122070312,0.762118399143219
PINN20260512-HS,10,116,pretrain,0.7855307459831238,0.161533921957016,0.29734498262405396,0.1371355503797531,0.0794774740934372,0.09796023368835449,0.4231846034526825,0.36639678478240967,0.3343222141265869,0.0,0.0,0.0,0.0,684.8309782347758,565.5808131911831,1.2214056848241241,0.5390976667404175,0.10189644992351532,0.8645195364952087,0.765230119228363
PINN20260512-HS,10,117,pretrain,0.766631007194519,0.15691061317920685,0.28941810131073,0.13693219423294067,0.07648630440235138,0.09534265100955963,0.42551106214523315,0.3660729229450226,0.33395272493362427,0.0,0.0,0.0,0.0,673.900586140122,554.1982102551397,1.205611187523603,0.5389145016670227,0.10168486833572388,0.8645855188369751,0.7667916417121887
PINN20260512-HS,10,118,pretrain,0.7482840418815613,0.15243862569332123,0.28160661458969116,0.13670948147773743,0.07363225519657135,0.09276281297206879,0.4279201626777649,0.36574873328208923,0.33358484506607056,0.0,0.0,0.0,0.0,663.2272894717165,542.3052069637539,1.1893288777112019,0.5387329459190369,0.10148430615663528,0.8646515607833862,0.7683573961257935
PINN20260512-HS,10,119,pretrain,0.7305229306221008,0.148123100399971,0.27393651008605957,0.13647517561912537,0.07091610878705978,0.09022993594408035,0.43039679527282715,0.3654274344444275,0.33321940898895264,0.0,0.0,0.0,0.0,652.8278869656228,530.0377345057614,1.172749056957457,0.5385534167289734,0.10129483044147491,0.8647176027297974,0.7699236869812012
PINN20260512-HS,10,120,pretrain,0.7133775949478149,0.14396986365318298,0.26643139123916626,0.1362326592206955,0.06833820044994354,0.08774963766336441,0.4329279959201813,0.3651093542575836,0.3328573703765869,0.0,0.0,0.0,0.0,642.7122946933565,517.6139065461823,1.1562382710295116,0.5383753180503845,0.10111527144908905,0.8647830486297607,0.7714837193489075
PINN20260512-HS,10,122,pretrain,0.6811164021492004,0.13618390262126923,0.25207316875457764,0.13573075830936432,0.06359443068504333,0.08298474550247192,0.4381769001483917,0.3644827604293823,0.33214977383613586,0.0,0.0,0.0,0.0,623.3668913649489,493.24038574005675,1.1250420552026017,0.538016676902771,0.1007770523428917,0.8649111390113831,0.7745469212532043
PINN20260512-HS,10,123,pretrain,0.6660763621330261,0.13256636261940002,0.24529337882995605,0.13546763360500336,0.06142595037817955,0.08072593808174133,0.44081592559814453,0.3641764521598816,0.3318067789077759,0.0,0.0,0.0,0.0,614.1524647837864,481.7106237151097,1.110900943166437,0.5378326177597046,0.10061375051736832,0.864972710609436,0.7760308980941772
PINN20260512-HS,10,124,pretrain,0.6517854332923889,0.12913596630096436,0.23881004750728607,0.13519735634326935,0.059390220791101456,0.07855834811925888,0.44340431690216064,0.363875150680542,0.33147233724594116,0.0,0.0,0.0,0.0,605.2549824247628,470.8355272810241,1.0979512670836544,0.5376436114311218,0.10045183449983597,0.865032434463501,0.7774723768234253
PINN20260512-HS,10,125,pretrain,0.6382530927658081,0.12589415907859802,0.23264315724372864,0.13492141664028168,0.057484809309244156,0.07648864388465881,0.44584566354751587,0.3635820746421814,0.3311472237110138,0.0,0.0,0.0,0.0,596.6874181680053,460.6979759017832,1.086193703071503,0.537449061870575,0.1002902165055275,0.8650898933410645,0.7788655757904053
PINN20260512-HS,10,126,pretrain,0.6254769563674927,0.1228400468826294,0.22679708898067474,0.13464298844337463,0.05570732429623604,0.07451719790697098,0.44808608293533325,0.36329421401023865,0.3308316171169281,0.0,0.0,0.0,0.0,588.4669967381349,451.34114384243765,1.0756713254177777,0.5372493863105774,0.10012856870889664,0.8651447892189026,0.7802068591117859
PINN20260512-HS,10,128,pretrain,0.6021788120269775,0.11729075014591217,0.21606948971748352,0.13409258425235748,0.052526623010635376,0.07086997479200363,0.4518170952796936,0.36273711919784546,0.330229252576828,0.0,0.0,0.0,0.0,573.1545384972538,434.88028165806736,1.0577832427693827,0.536838710308075,0.09980655461549759,0.8652469515800476,0.7827301025390625
PINN20260512-HS,10,129,pretrain,0.5916387438774109,0.11479099094867706,0.21118445694446564,0.13382388651371002,0.05111866071820259,0.06919731944799423,0.45324480533599854,0.36246490478515625,0.32994163036346436,0.0,0.0,0.0,0.0,566.1045066946562,427.66164707043816,1.0501523469317375,0.5366313457489014,0.09964814782142639,0.8652942180633545,0.7839134931564331
PINN20260512-HS,10,130,pretrain,0.5818166136741638,0.1124693974852562,0.2066090703010559,0.13356174528598785,0.04982823505997658,0.06762483716011047,0.45434772968292236,0.3621969521045685,0.3296622037887573,0.0,0.0,0.0,0.0,559.4798086168972,421.0268696888596,1.0432286147348544,0.5364254713058472,0.09949328750371933,0.8653392195701599,0.7850471138954163
PINN20260512-HS,10,131,pretrain,0.572688639163971,0.11032041162252426,0.20233085751533508,0.13330702483654022,0.04865119606256485,0.06615077704191208,0.45512300729751587,0.36193281412124634,0.3293903172016144,0.0,0.0,0.0,0.0,553.2886339877225,414.91433603817546,1.0368998478426532,0.5362232327461243,0.09934329986572266,0.8653818368911743,0.7861323952674866
PINN20260512-HS,10,132,pretrain,0.5642251372337341,0.10833772271871567,0.19833219051361084,0.13306106626987457,0.04758227989077568,0.06476972997188568,0.4555579423904419,0.3616692125797272,0.32912546396255493,0.0,0.0,0.0,0.0,547.5293371135468,409.30022217804867,1.031201805144546,0.5360264778137207,0.0991993099451065,0.8654220700263977,0.78717041015625
PINN20260512-HS,10,134,pretrain,0.5491575598716736,0.10483819246292114,0.19111275672912598,0.13259470462799072,0.04573989659547806,0.06226397305727005,0.4555228352546692,0.36114639043807983,0.3286154568195343,0.0,0.0,0.0,0.0,537.2675951050835,399.5496488235223,1.0219159398662399,0.5356525778770447,0.098930723965168,0.8654957413673401,0.7891015410423279
PINN20260512-HS,10,135,pretrain,0.542474091053009,0.1033024862408638,0.18786001205444336,0.1323678195476532,0.04494992271065712,0.06112777069211006,0.45510807633399963,0.3608875572681427,0.3283701539039612,0.0,0.0,0.0,0.0,532.7314637788911,395.4354798826226,1.0183328825362077,0.53547602891922,0.09880585968494415,0.86552894115448,0.7899922728538513
PINN20260512-HS,10,136,pretrain,0.5363159775733948,0.10189883410930634,0.1848287582397461,0.13214713335037231,0.04423563927412033,0.06006355211138725,0.45446228981018066,0.36063048243522644,0.3281315565109253,0.0,0.0,0.0,0.0,528.5588898126679,391.86389537695356,1.015499249131442,0.535305917263031,0.09868646413087845,0.8655596375465393,0.7908297181129456
PINN20260512-HS,10,137,pretrain,0.5306539535522461,0.1006191074848175,0.182013139128685,0.13193157315254211,0.043587975203990936,0.05907030403614044,0.453620970249176,0.3603741228580475,0.3278999328613281,0.0,0.0,0.0,0.0,524.720699515466,388.85097161380475,1.0134206830268775,0.5351415276527405,0.09857144951820374,0.8655877113342285,0.791610836982727
PINN20260512-HS,10,138,pretrain,0.5254554748535156,0.09945455193519592,0.17940430343151093,0.1317201405763626,0.04299863055348396,0.05814560130238533,0.45261281728744507,0.36012130975723267,0.32767564058303833,0.0,0.0,0.0,0.0,521.1858473711657,386.3949970561213,1.0120578135917604,0.5349819660186768,0.09845980256795883,0.8656129240989685,0.7923330068588257
PINN20260512-HS,10,140,pretrain,0.5163077712059021,0.09743273258209229,0.1747627854347229,0.1313079446554184,0.041967038065195084,0.05649050325155258,0.45019495487213135,0.35962769389152527,0.3272497057914734,0.0,0.0,0.0,0.0,514.9174691151972,383.02335519521523,1.0113043402997184,0.5346760749816895,0.0982440784573555,0.8656551837921143,0.793593168258667
PINN20260512-HS,10,141,pretrain,0.512290894985199,0.0965580940246582,0.17270395159721375,0.13110417127609253,0.04151400923728943,0.05575157329440117,0.4488510191440582,0.35938578844070435,0.3270478844642639,0.0,0.0,0.0,0.0,512.1405446749944,381.99102165495987,1.0117196902783967,0.5345297455787659,0.09813966602087021,0.8656719326972961,0.7941304445266724
PINN20260512-HS,10,142,pretrain,0.5086023211479187,0.09576304256916046,0.17080384492874146,0.13090074062347412,0.04109792038798332,0.055068060755729675,0.4474300742149353,0.35914769768714905,0.3268530070781708,0.0,0.0,0.0,0.0,509.5796981336678,381.29120678950886,1.0124798994065842,0.5343888401985168,0.09803824126720428,0.8656859397888184,0.7946072220802307
PINN20260512-HS,10,143,pretrain,0.5052121877670288,0.0950394719839096,0.16905079782009125,0.13069948554039001,0.040716301649808884,0.05443645268678665,0.4459390640258789,0.3589121699333191,0.32666441798210144,0.0,0.0,0.0,0.0,507.2219681756696,380.84476414281977,1.0134585907746543,0.5342544317245483,0.09794063866138458,0.8656973242759705,0.7950255274772644
PINN20260512-HS,10,145,pretrain,0.4992164075374603,0.09377951174974442,0.1659252792596817,0.1303078681230545,0.0400485023856163,0.05330774560570717,0.44277986884117126,0.3584466278553009,0.3263031244277954,0.0,0.0,0.0,0.0,503.0689099169218,380.4256661951189,1.0154288034279881,0.5340094566345215,0.09776078909635544,0.8657124638557434,0.7956967353820801
PINN20260512-HS,10,146,pretrain,0.49655410647392273,0.09322941303253174,0.16452202200889587,0.1301203817129135,0.039758648723363876,0.05280180647969246,0.4411041736602783,0.35821470618247986,0.326128751039505,0.0,0.0,0.0,0.0,501.2452462368097,380.35567236469603,1.016204826762491,0.533901035785675,0.09768027067184448,0.8657164573669434,0.7959542274475098
PINN20260512-HS,10,147,pretrain,0.49408113956451416,0.09272395819425583,0.16320805251598358,0.1299402266740799,0.039495546370744705,0.05232882499694824,0.43936216831207275,0.3579833507537842,0.32595759630203247,0.0,0.0,0.0,0.0,499.56787576864866,380.34827789803387,1.0166923801378474,0.5338026285171509,0.0976065918803215,0.8657181859016418,0.7961620688438416
PINN20260512-HS,10,148,pretrain,0.4917769730091095,0.09225713461637497,0.16197441518306732,0.129771426320076,0.039256803691387177,0.05188540741801262,0.43756911158561707,0.35775184631347656,0.32578909397125244,0.0,0.0,0.0,0.0,498.01468351846813,380.4185400647555,1.0169739412587804,0.5337144732475281,0.0975397527217865,0.8657177686691284,0.7963207364082336
PINN20260512-HS,10,149,pretrain,0.48962336778640747,0.09182398021221161,0.1608162224292755,0.12961234152317047,0.03903941810131073,0.05146942287683487,0.4357474148273468,0.3575204610824585,0.325623095035553,0.0,0.0,0.0,0.0,496.563078193496,380.5894277301985,1.017156881035369,0.5336356163024902,0.09747904539108276,0.8657150268554688,0.796430230140686
PINN20260512-HS,10,151,pretrain,0.4856976866722107,0.09103836119174957,0.15870949625968933,0.12931689620018005,0.0386572927236557,0.050714340060949326,0.4321526885032654,0.3570573031902313,0.3252977132797241,0.0,0.0,0.0,0.0,493.87719880553306,381.33804311266925,1.0178656209225552,0.5335021018981934,0.09737267345190048,0.8657029271125793,0.796499490737915
PINN20260512-HS,10,152,pretrain,0.48389673233032227,0.09067722409963608,0.1577570140361786,0.12917761504650116,0.0384870320558548,0.05037344619631767,0.4304327368736267,0.3568267524242401,0.3251380920410156,0.0,0.0,0.0,0.0,492.61088535983447,381.9350607433154,1.0186048024857697,0.5334454774856567,0.09732522815465927,0.8656935095787048,0.7964585423469543
PINN20260512-HS,10,153,pretrain,0.4821832478046417,0.09033229202032089,0.1568678319454193,0.12904025614261627,0.03832821920514107,0.050055813044309616,0.4287456274032593,0.3565986752510071,0.3249800205230713,0.0,0.0,0.0,0.0,491.3828859708079,382.6703052237004,1.0196138913677393,0.5333945751190186,0.09728097915649414,0.8656818270683289,0.7963683009147644
PINN20260512-HS,10,154,pretrain,0.48054471611976624,0.09000031650066376,0.1560364067554474,0.12890489399433136,0.03817972540855408,0.04975983127951622,0.42710214853286743,0.3563694357872009,0.32482287287712097,0.0,0.0,0.0,0.0,490.1899823027802,383.51603209644315,1.0208457395697934,0.5333497524261475,0.0972398892045021,0.865667998790741,0.7962302565574646
PINN20260512-HS,10,155,pretrain,0.4789712727069855,0.08967898041009903,0.1552559733390808,0.12877221405506134,0.038040995597839355,0.04948334023356438,0.42550697922706604,0.3561403751373291,0.32466599345207214,0.0,0.0,0.0,0.0,489.0313288788357,384.44048222709324,1.0222354399886004,0.5333110094070435,0.09720219671726227,0.8656522631645203,0.7960467338562012
PINN20260512-HS,10,157,pretrain,0.475981742143631,0.08906024694442749,0.1538214534521103,0.12851670384407043,0.037791892886161804,0.048980433493852615,0.42243605852127075,0.3556783199310303,0.3243498206138611,0.0,0.0,0.0,0.0,486.8190275913627,386.39536099699745,1.0251539239125194,0.5332534313201904,0.09713864326477051,0.8656150698661804,0.7955557703971863
PINN20260512-HS,10,158,pretrain,0.4745466113090515,0.0887589305639267,0.15315452218055725,0.12839317321777344,0.03768105432391167,0.04875016584992409,0.4209545850753784,0.3554462492465973,0.3241891860961914,0.0,0.0,0.0,0.0,485.76304344299393,387.3777024752457,1.02649614263049,0.5332354307174683,0.09711366146802902,0.8655940294265747,0.7952539920806885
PINN20260512-HS,10,159,pretrain,0.47314462065696716,0.08846129477024078,0.15251511335372925,0.12827765941619873,0.03757890313863754,0.04853217676281929,0.419485867023468,0.35521119832992554,0.3240262269973755,0.0,0.0,0.0,0.0,484.7340765822019,388.35794136981417,1.0277100918197777,0.5332248210906982,0.09709348529577255,0.8655714392662048,0.7949182391166687
PINN20260512-HS,10,160,pretrain,0.4717708230018616,0.08816584944725037,0.1519005447626114,0.1281709522008896,0.03748457133769989,0.04832552745938301,0.4180440604686737,0.3549732267856598,0.3238608241081238,0.0,0.0,0.0,0.0,483.72352963753997,389.3467084424883,1.0287993309191363,0.5332211256027222,0.09707782417535782,0.8655474185943604,0.7945499420166016
PINN20260512-HS,10,161,pretrain,0.4704182744026184,0.08787114918231964,0.15131089091300964,0.12807303667068481,0.0373971126973629,0.04812975227832794,0.41658568382263184,0.35473155975341797,0.32369306683540344,0.0,0.0,0.0,0.0,482.7233615125748,390.36315223775927,1.029758395166004,0.533223569393158,0.09706613421440125,0.865522027015686,0.7941505312919617
PINN20260512-HS,10,163,pretrain,0.4677758514881134,0.08728162199258804,0.1502077281475067,0.12790770828723907,0.03723897039890289,0.04777024686336517,0.4137028455734253,0.3542465269565582,0.3233516812324524,0.0,0.0,0.0,0.0,480.7171888179161,392.55698232868053,1.0315496949822704,0.5332432985305786,0.09705181419849396,0.8654674291610718,0.793260931968689
PINN20260512-HS,10,164,pretrain,0.46648266911506653,0.08698580414056778,0.14969609677791595,0.12783776223659515,0.03716645389795303,0.04760595038533211,0.4122958183288574,0.3540029525756836,0.32317864894866943,0.0,0.0,0.0,0.0,479.700427350237,393.75361109455235,1.0324526418464166,0.5332587957382202,0.09704779088497162,0.8654381036758423,0.7927727103233337
PINN20260512-HS,10,165,pretrain,0.4652051031589508,0.08668889850378036,0.14921146631240845,0.1277734339237213,0.037097614258527756,0.04745137318968773,0.41090890765190125,0.353758841753006,0.32300442457199097,0.0,0.0,0.0,0.0,478.67470034460774,395.0078519789195,1.0333955209602546,0.5332772731781006,0.09704525768756866,0.8654078245162964,0.7922576665878296
PINN20260512-HS,10,166,pretrain,0.46394363045692444,0.08639135956764221,0.1487528383731842,0.12771236896514893,0.03703252598643303,0.04730584844946861,0.4095596373081207,0.3535139262676239,0.3228289783000946,0.0,0.0,0.0,0.0,477.64266520590473,396.296763802078,1.0343757871035435,0.5332986116409302,0.0970442146062851,0.8653764128684998,0.7917179465293884
PINN20260512-HS,10,167,pretrain,0.46269601583480835,0.08609312772750854,0.1483171284198761,0.12765195965766907,0.03697140887379646,0.047168560326099396,0.4082646667957306,0.35326895117759705,0.32265225052833557,0.0,0.0,0.0,0.0,476.610542660357,397.59497686087536,1.0353966915971553,0.5333229899406433,0.0970449149608612,0.8653441667556763,0.7911562919616699
PINN20260512-HS,10,169,pretrain,0.46024414896965027,0.08549679815769196,0.14750495553016663,0.12753763794898987,0.03686277195811272,0.04691573604941368,0.40577369928359985,0.35277631878852844,0.32229435443878174,0.0,0.0,0.0,0.0,474.56496525765573,400.10998487915793,1.0374065381071063,0.5333820581436157,0.09705283492803574,0.8652774095535278,0.7899787425994873
PINN20260512-HS,10,170,pretrain,0.4590405225753784,0.08519953489303589,0.14712347090244293,0.12748366594314575,0.03681584447622299,0.04679891839623451,0.4045882523059845,0.3525266945362091,0.3221128284931183,0.0,0.0,0.0,0.0,473.5581570673237,401.2946820916021,1.03836862893995,0.5334173440933228,0.09706072509288788,0.8652430176734924,0.7893684506416321
PINN20260512-HS,10,171,pretrain,0.45785292983055115,0.08490351587533951,0.1467559039592743,0.12743127346038818,0.03677375987172127,0.046687833964824677,0.4034552574157715,0.35227614641189575,0.3219296932220459,0.0,0.0,0.0,0.0,472.56152046585424,402.42957458417493,1.0392870942974168,0.5334562659263611,0.09707117080688477,0.8652083277702332,0.7887465357780457
PINN20260512-HS,10,172,pretrain,0.4566815495491028,0.08460897207260132,0.14640218019485474,0.12737995386123657,0.03673621267080307,0.04658210650086403,0.4023785889148712,0.35202452540397644,0.3217451572418213,0.0,0.0,0.0,0.0,471.57366206140057,403.5281511245529,1.0401318261227124,0.5334985256195068,0.09708387404680252,0.8651732802391052,0.7881143689155579
PINN20260512-HS,10,173,pretrain,0.4555310308933258,0.08431743085384369,0.14606288075447083,0.1273297220468521,0.03670257702469826,0.04648153856396675,0.4013550281524658,0.35177117586135864,0.3215593993663788,0.0,0.0,0.0,0.0,470.5906527970992,404.60932159924346,1.0409789027045242,0.5335433483123779,0.09709829837083817,0.8651378154754639,0.7874729633331299
PINN20260512-HS,10,175,pretrain,0.45328742265701294,0.08374271541833878,0.14542996883392334,0.1272309422492981,0.0366438664495945,0.04629456624388695,0.3994227647781372,0.3512668311595917,0.3211861252784729,0.0,0.0,0.0,0.0,468.6314850178123,406.7790977606888,1.042806814709321,0.533638060092926,0.09712980687618256,0.8650660514831543,0.7861641049385071
PINN20260512-HS,10,176,pretrain,0.4521973133087158,0.08346110582351685,0.14513647556304932,0.12717986106872559,0.0366174653172493,0.04620734229683876,0.3985176384449005,0.3510148525238037,0.3209991455078125,0.0,0.0,0.0,0.0,467.6579612815332,407.8726631866862,1.043806369395018,0.5336865782737732,0.09714590758085251,0.8650298118591309,0.7854983806610107
PINN20260512-HS,10,177,pretrain,0.45112690329551697,0.08318345248699188,0.14485673606395721,0.12712636590003967,0.0365925170481205,0.04612366482615471,0.3976525664329529,0.3507620692253113,0.32081204652786255,0.0,0.0,0.0,0.0,466.6924174442949,408.96236837880326,1.0448026881196848,0.5337355136871338,0.09716199338436127,0.8649933934211731,0.7848266363143921
PINN20260512-HS,10,178,pretrain,0.4500768184661865,0.08291003108024597,0.14458853006362915,0.1270713359117508,0.03656875342130661,0.04604281112551689,0.39683640003204346,0.35050880908966064,0.32062485814094543,0.0,0.0,0.0,0.0,465.7398516070962,410.0290386058041,1.0457488633475889,0.5337849259376526,0.09717811644077301,0.864956796169281,0.784150242805481
PINN20260512-HS,10,179,pretrain,0.4490460157394409,0.08264108747243881,0.14432799816131592,0.12701721489429474,0.036546140909194946,0.045964110642671585,0.39604273438453674,0.35025686025619507,0.3204374313354492,0.0,0.0,0.0,0.0,464.8044279586846,411.0581049255689,1.0466031308628383,0.5338347554206848,0.09719443321228027,0.8649201989173889,0.783470869064331
PINN20260512-HS,10,181,pretrain,0.44704458117485046,0.08211864531040192,0.14382392168045044,0.12691500782966614,0.036504119634628296,0.0458114854991436,0.39448100328445435,0.34974953532218933,0.32006165385246277,0.0,0.0,0.0,0.0,462.9941110586613,412.9646436137118,1.047927700388906,0.5339362621307373,0.0972282811999321,0.8648472428321838,0.7821098566055298
PINN20260512-HS,10,182,pretrain,0.4460725486278534,0.08186513930559158,0.14357708394527435,0.12686851620674133,0.03648439049720764,0.04573682323098183,0.39370012283325195,0.3494942784309387,0.31987327337265015,0.0,0.0,0.0,0.0,462.12040165415766,413.83699991663383,1.0483586594879903,0.533987820148468,0.09724588692188263,0.8648108839988708,0.7814304828643799
PINN20260512-HS,10,183,pretrain,0.4451180100440979,0.08161650598049164,0.14333206415176392,0.1268264502286911,0.036465127021074295,0.04566284641623497,0.392907977104187,0.34923768043518066,0.3196847438812256,0.0,0.0,0.0,0.0,461.2652267134387,414.66151482263217,1.0486460504751445,0.5340395569801331,0.09726384282112122,0.8647745847702026,0.7807526588439941
PINN20260512-HS,10,184,pretrain,0.4441802501678467,0.08137265592813492,0.14308840036392212,0.1267889440059662,0.03644596412777901,0.04558943957090378,0.39209842681884766,0.3489830791950226,0.31949618458747864,0.0,0.0,0.0,0.0,460.42631400149145,415.451072630701,1.0488112415849526,0.5340911746025085,0.09728186577558517,0.8647384643554688,0.780076801776886
PINN20260512-HS,10,186,pretrain,0.4423574209213257,0.08089931309223175,0.14260558784008026,0.1267283707857132,0.036406371742486954,0.04544365033507347,0.3904801607131958,0.34846964478492737,0.3191203474998474,0.0,0.0,0.0,0.0,458.7857785775405,416.9655074163809,1.0489657041109879,0.5341921448707581,0.09731698036193848,0.8646669983863831,0.7787315845489502
PINN20260512-HS,10,187,pretrain,0.44147053360939026,0.0806695818901062,0.14236649870872498,0.12670251727104187,0.036385297775268555,0.04537094756960869,0.3896832764148712,0.34821242094039917,0.3189334273338318,0.0,0.0,0.0,0.0,457.9807924465828,417.70264543093333,1.0490346140751536,0.5342407822608948,0.09733346104621887,0.8646314144134521,0.778062641620636
PINN20260512-HS,10,188,pretrain,0.4405997395515442,0.08044448494911194,0.14212895929813385,0.12667855620384216,0.036363329738378525,0.04529810696840286,0.3888993263244629,0.3479570746421814,0.3187474012374878,0.0,0.0,0.0,0.0,457.1853084363057,418.42080343835676,1.049116639827328,0.5342878699302673,0.09734908491373062,0.8645960092544556,0.7773963809013367
PINN20260512-HS,10,189,pretrain,0.4397432506084442,0.08022338151931763,0.14189212024211884,0.12665653228759766,0.0363406203687191,0.04522514343261719,0.38814038038253784,0.3477007746696472,0.3185621201992035,0.0,0.0,0.0,0.0,456.4011907028727,419.1053715952589,1.0492055768224167,0.5343337655067444,0.09736394882202148,0.8645609021186829,0.7767337560653687
PINN20260512-HS,10,190,pretrain,0.4389002323150635,0.08000615239143372,0.141654834151268,0.12663599848747253,0.03631746396422386,0.04515177756547928,0.38741040229797363,0.34744614362716675,0.3183775246143341,0.0,0.0,0.0,0.0,455.6301440038839,419.74298311585864,1.049290255422236,0.5343784689903259,0.09737826883792877,0.8645260334014893,0.7760757207870483
PINN20260512-HS,10,192,pretrain,0.43725472688674927,0.07958320528268814,0.14117774367332458,0.12659889459609985,0.03627140820026398,0.045003678649663925,0.38604825735092163,0.34693506360054016,0.31801000237464905,0.0,0.0,0.0,0.0,454.13009218174477,420.8455588158202,1.049395223831354,0.5344653129577637,0.09740622341632843,0.8644570708274841,0.7747765779495239
PINN20260512-HS,10,193,pretrain,0.43645042181015015,0.07937702536582947,0.14093732833862305,0.12658201158046722,0.03624884411692619,0.044928740710020065,0.38541653752326965,0.34667864441871643,0.3178268074989319,0.0,0.0,0.0,0.0,453.40058860791083,421.3066356586376,1.0494014259428066,0.534507691860199,0.0974201187491417,0.8644231557846069,0.7741367220878601
PINN20260512-HS,10,194,pretrain,0.43565863370895386,0.07917436957359314,0.1406959891319275,0.1265663504600525,0.036226753145456314,0.04485351964831352,0.3848152756690979,0.3464229106903076,0.31764405965805054,0.0,0.0,0.0,0.0,452.6825253419884,421.7136358063372,1.04936589384944,0.534549355506897,0.09743396192789078,0.8643895983695984,0.7735034823417664
PINN20260512-HS,10,195,pretrain,0.43487751483917236,0.07897474616765976,0.1404533088207245,0.1265522539615631,0.0362049862742424,0.04477772116661072,0.3842400312423706,0.3461669385433197,0.31746166944503784,0.0,0.0,0.0,0.0,451.9740209624885,422.0783028657124,1.0492942181373657,0.5345903038978577,0.09744764864444733,0.8643563389778137,0.7728768587112427
PINN20260512-HS,10,196,pretrain,0.43410712480545044,0.07877815514802933,0.14020991325378418,0.12653975188732147,0.03618336841464043,0.044701460748910904,0.3836865723133087,0.34591031074523926,0.3172799050807953,0.0,0.0,0.0,0.0,451.27281798264784,422.41208404826676,1.049186578174355,0.5346300601959229,0.09746093302965164,0.8643234372138977,0.7722564935684204
PINN20260512-HS,10,198,pretrain,0.43259575963020325,0.07839293777942657,0.1397218108177185,0.12652073800563812,0.03613988310098648,0.04454753175377846,0.38263869285583496,0.34540003538131714,0.31691813468933105,0.0,0.0,0.0,0.0,449.8867913153264,423.01126610292545,1.0488785513188288,0.5347056984901428,0.09748569130897522,0.8642585277557373,0.7710333466529846
PINN20260512-HS,10,199,pretrain,0.43185457587242126,0.07820429652929306,0.13947713375091553,0.12651389837265015,0.03611794486641884,0.044469837099313736,0.3821437954902649,0.34514662623405457,0.31673818826675415,0.0,0.0,0.0,0.0,449.2022964378076,423.27824034552026,1.0486896687706277,0.5347415208816528,0.09749696403741837,0.8642264604568481,0.7704299688339233
PINN20260512-HS,10,200,pretrain,0.43112215399742126,0.07801803201436996,0.13923229277133942,0.12650828063488007,0.03609595075249672,0.04439162835478783,0.3816714882850647,0.34489262104034424,0.3165587782859802,0.0,0.0,0.0,0.0,448.5238287984263,423.5197014307599,1.0484833325020722,0.5347758531570435,0.0975075364112854,0.8641947507858276,0.7698323726654053
PINN20260512-HS,10,201,pretrain,0.43039798736572266,0.07783404737710953,0.138986736536026,0.12650342285633087,0.0360739603638649,0.0443129688501358,0.3812260627746582,0.34463968873023987,0.31637975573539734,0.0,0.0,0.0,0.0,447.8532823369725,423.73032771445565,1.0482906498493452,0.5348089933395386,0.09751752018928528,0.864163339138031,0.7692404389381409
PINN20260512-HS,10,202,pretrain,0.42968276143074036,0.07765258848667145,0.13874101638793945,0.12649783492088318,0.0360521599650383,0.04423404484987259,0.3808179795742035,0.3443855047225952,0.31620103120803833,0.0,0.0,0.0,0.0,447.1914439029441,423.90603690558595,1.0481073643570842,0.5348410606384277,0.09752703458070755,0.8641321659088135,0.7686544060707092
PINN20260512-HS,10,204,pretrain,0.4282756447792053,0.07729625701904297,0.1382482945919037,0.12648366391658783,0.03600958362221718,0.04407532885670662,0.38011133670806885,0.34388041496276855,0.3158438205718994,0.0,0.0,0.0,0.0,445.8949918422498,424.1414674079864,1.0477651242844497,0.5349025726318359,0.09754520654678345,0.8640708923339844,0.767500638961792
PINN20260512-HS,10,205,pretrain,0.42758339643478394,0.07712119817733765,0.13800166547298431,0.12647487223148346,0.03598891198635101,0.04399586468935013,0.37981361150741577,0.3436271548271179,0.31566527485847473,0.0,0.0,0.0,0.0,445.26014165878354,424.2062993108424,1.047597507070863,0.5349321365356445,0.09755399078130722,0.8640406131744385,0.7669329047203064
PINN20260512-HS,10,206,pretrain,0.4268980324268341,0.0769481286406517,0.13775469362735748,0.12646527588367462,0.03596855327486992,0.04391629248857498,0.3795449137687683,0.3433738052845001,0.3154867887496948,0.0,0.0,0.0,0.0,444.63241489459585,424.2438862258359,1.0474196637183972,0.5349609851837158,0.09756254404783249,0.8640106320381165,0.7663708329200745
PINN20260512-HS,10,207,pretrain,0.42621946334838867,0.0767768919467926,0.1375080943107605,0.12645550072193146,0.03594839200377464,0.0438368022441864,0.3792995512485504,0.34312090277671814,0.3153083026409149,0.0,0.0,0.0,0.0,444.0109268081136,424.26174851145845,1.0472272389514596,0.5349888205528259,0.0975707545876503,0.8639810085296631,0.7658140659332275
PINN20260512-HS,10,208,pretrain,0.4255473017692566,0.07660742849111557,0.13726173341274261,0.1264459788799286,0.03592831641435623,0.04375733062624931,0.37906956672668457,0.34286826848983765,0.3151301443576813,0.0,0.0,0.0,0.0,443.39443501243903,424.26591013184174,1.047013489457016,0.5350157022476196,0.09757853299379349,0.8639515042304993,0.7652621865272522
PINN20260512-HS,10,210,pretrain,0.4242221415042877,0.07627356052398682,0.1367712765932083,0.12643006443977356,0.03588809818029404,0.04359861835837364,0.3786325454711914,0.34236517548561096,0.31477469205856323,0.0,0.0,0.0,0.0,442.17277802347803,424.2469799538943,1.0465286400620695,0.5350658893585205,0.09759258478879929,0.8638931512832642,0.7641716003417969
PINN20260512-HS,10,211,pretrain,0.4235683083534241,0.07610882818698883,0.13652749359607697,0.12642408907413483,0.035867925733327866,0.04351948946714401,0.37842029333114624,0.3421134650707245,0.3145974576473236,0.0,0.0,0.0,0.0,441.56790955638974,424.22245049030585,1.0462513116971255,0.5350892543792725,0.0975988507270813,0.8638643622398376,0.7636324167251587
PINN20260512-HS,10,212,pretrain,0.42292022705078125,0.07594561576843262,0.13628453016281128,0.12641935050487518,0.03584782034158707,0.04344062879681587,0.3782106041908264,0.3418624699115753,0.3144206702709198,0.0,0.0,0.0,0.0,440.9676150240514,424.1828541442947,1.045952844606925,0.5351113677024841,0.0976046770811081,0.8638356924057007,0.7630971670150757
PINN20260512-HS,10,213,pretrain,0.42227819561958313,0.075783871114254,0.13604280352592468,0.12641586363315582,0.03582795709371567,0.043361958116292953,0.37800508737564087,0.341612845659256,0.31424424052238464,0.0,0.0,0.0,0.0,440.3724985736507,424.12481579718957,1.0456393526741343,0.535132646560669,0.09761021286249161,0.863807201385498,0.7625661492347717
PINN20260512-HS,10,214,pretrain,0.4216417670249939,0.0756235420703888,0.13580217957496643,0.12641306221485138,0.03580844774842262,0.043283697217702866,0.37780502438545227,0.341362327337265,0.31406810879707336,0.0,0.0,0.0,0.0,439.78217264345767,424.0463381223802,1.045316737236817,0.5351530313491821,0.09761552512645721,0.8637788891792297,0.7620390057563782
PINN20260512-HS,10,216,pretrain,0.420384019613266,0.07530657947063446,0.13532383739948273,0.12640975415706635,0.035770807415246964,0.043128155171871185,0.3774205446243286,0.3408619463443756,0.3137168288230896,0.0,0.0,0.0,0.0,438.6182316377193,423.82711319003647,1.0446075910471841,0.5351915955543518,0.09762585908174515,0.8637228608131409,0.7609971761703491
PINN20260512-HS,10,217,pretrain,0.41976213455200195,0.0751497894525528,0.13508619368076324,0.12640944123268127,0.035752736032009125,0.043050993233919144,0.3772282302379608,0.3406142294406891,0.3135416805744171,0.0,0.0,0.0,0.0,438.0432520025848,423.69227114145,1.0442232391973831,0.5352097749710083,0.09763090312480927,0.8636951446533203,0.7604820728302002
PINN20260512-HS,10,218,pretrain,0.41914504766464233,0.07499420642852783,0.13484953343868256,0.126410573720932,0.035735126584768295,0.04297420382499695,0.3770335912704468,0.34036439657211304,0.31336694955825806,0.0,0.0,0.0,0.0,437.4715169299597,423.5493256398834,1.043847852138983,0.5352272391319275,0.09763582795858383,0.8636676073074341,0.7599705457687378
PINN20260512-HS,10,219,pretrain,0.41853296756744385,0.07483971118927002,0.1346144676208496,0.12641261518001556,0.035717859864234924,0.04289775341749191,0.3768429160118103,0.3401159942150116,0.3131927251815796,0.0,0.0,0.0,0.0,436.902610000215,423.4024016818988,1.043495481319141,0.5352437496185303,0.09764054417610168,0.8636402487754822,0.7594621181488037
PINN20260512-HS,10,220,pretrain,0.4179256856441498,0.07468637079000473,0.1343805491924286,0.126414954662323,0.035700805485248566,0.04282165318727493,0.3766624927520752,0.3398679792881012,0.3130190670490265,0.0,0.0,0.0,0.0,436.3359156086054,423.25599892381916,1.0431843341049438,0.5352593660354614,0.09764498472213745,0.8636128902435303,0.7589566707611084
PINN20260512-HS,10,222,pretrain,0.4167254865169525,0.07438307255506516,0.13391757011413574,0.1264173686504364,0.03566708788275719,0.042670343071222305,0.37635892629623413,0.33937209844589233,0.31267356872558594,0.0,0.0,0.0,0.0,435.21079662618666,422.9610095800794,1.0426827948122988,0.5352876782417297,0.09765288978815079,0.8635586500167847,0.7579537034034729
PINN20260512-HS,10,223,pretrain,0.41613253951072693,0.07423317432403564,0.13368836045265198,0.12641692161560059,0.03565042465925217,0.04259517416357994,0.3762381374835968,0.339125394821167,0.3125016987323761,0.0,0.0,0.0,0.0,434.6535617592475,422.80990852864363,1.0424795328190741,0.5353003740310669,0.09765642136335373,0.8635316491127014,0.7574559450149536
PINN20260512-HS,10,224,pretrain,0.41554462909698486,0.07408450543880463,0.13346093893051147,0.12641571462154388,0.03563401848077774,0.04252053424715996,0.3761325478553772,0.3388802409172058,0.31233030557632446,0.0,0.0,0.0,0.0,434.10066876820173,422.6503061042308,1.0423051202158176,0.5353124141693115,0.09765978157520294,0.8635047674179077,0.7569609880447388
PINN20260512-HS,10,225,pretrain,0.4149608910083771,0.07393702864646912,0.133234903216362,0.1264125406742096,0.03561786934733391,0.042446162551641464,0.37604576349258423,0.3386343717575073,0.3121594786643982,0.0,0.0,0.0,0.0,433.55173782952363,422.4826734612912,1.0421436746799453,0.5353236198425293,0.0976630374789238,0.8634781241416931,0.756468653678894
PINN20260512-HS,10,227,pretrain,0.4138064682483673,0.07364550232887268,0.13278815150260925,0.1264040172100067,0.0355863980948925,0.042298998683691025,0.37588995695114136,0.3381436765193939,0.31181901693344116,0.0,0.0,0.0,0.0,432.4691101685761,422.12379700746555,1.0417741603594235,0.5353441834449768,0.09766943752765656,0.8634248971939087,0.7554921507835388
PINN20260512-HS,10,228,pretrain,0.41323569416999817,0.07350150495767593,0.1325671523809433,0.1264002025127411,0.035571061074733734,0.04222618415951729,0.37580281496047974,0.3378983736038208,0.31164953112602234,0.0,0.0,0.0,0.0,431.933462034374,421.9382174856883,1.0415316440351383,0.535353422164917,0.09767255932092667,0.8633984923362732,0.7550076246261597
PINN20260512-HS,10,229,pretrain,0.4126688539981842,0.07335852086544037,0.1323479264974594,0.12639757990837097,0.03555590659379959,0.04215390235185623,0.37570104002952576,0.33765387535095215,0.3114805519580841,0.0,0.0,0.0,0.0,431.4002998955842,421.7553348803071,1.041267938060593,0.5353618860244751,0.09767558425664902,0.863372266292572,0.7545254230499268
PINN20260512-HS,10,230,pretrain,0.4121060073375702,0.07321669906377792,0.13213063776493073,0.1263950914144516,0.035540737211704254,0.04208191856741905,0.3755885362625122,0.33740904927253723,0.3113122284412384,0.0,0.0,0.0,0.0,430.87026759803234,421.57791391390515,1.040977254585185,0.5353695154190063,0.09767837077379227,0.8633460402488708,0.7540453672409058
PINN20260512-HS,10,231,pretrain,0.4115477204322815,0.07307616621255875,0.13191531598567963,0.12639330327510834,0.035525668412446976,0.04201039671897888,0.37546175718307495,0.33716636896133423,0.31114450097084045,0.0,0.0,0.0,0.0,430.34210591690885,421.4068328231046,1.040660833739962,0.535376250743866,0.09768091887235641,0.8633199334144592,0.7535672783851624
PINN20260512-HS,10,233,pretrain,0.4104417860507965,0.07279795408248901,0.13148976862430573,0.12639397382736206,0.03549559786915779,0.04186873883008957,0.37514835596084595,0.3366808295249939,0.3108111023902893,0.0,0.0,0.0,0.0,429.2939697922625,421.0710858928692,1.0398823663163395,0.5353871583938599,0.0976853296160698,0.8632678985595703,0.752616822719574
PINN20260512-HS,10,234,pretrain,0.4098941385746002,0.0726601779460907,0.13127940893173218,0.1263974905014038,0.03548078238964081,0.041798535734415054,0.37495657801628113,0.3364384174346924,0.31064534187316895,0.0,0.0,0.0,0.0,428.77416112681044,420.90395653284133,1.0394404768308547,0.5353913307189941,0.09768730401992798,0.8632420301437378,0.752144455909729
PINN20260512-HS,10,235,pretrain,0.4093499779701233,0.07252325862646103,0.1310705989599228,0.12640249729156494,0.03546617925167084,0.04172886535525322,0.37474995851516724,0.3361966907978058,0.31048014760017395,0.0,0.0,0.0,0.0,428.25822744577835,420.734086894561,1.0389842868653625,0.5353947877883911,0.09768916666507721,0.8632161617279053,0.751674473285675
PINN20260512-HS,10,236,pretrain,0.4088100492954254,0.07238736003637314,0.13086330890655518,0.1264083832502365,0.035451896488666534,0.04165958985686302,0.37453752756118774,0.33595630526542664,0.31031548976898193,0.0,0.0,0.0,0.0,427.74596359872294,420.5596531706293,1.0385237673293437,0.5353975892066956,0.09769097715616226,0.8631904721260071,0.7512065768241882
PINN20260512-HS,10,237,pretrain,0.40827372670173645,0.0722523033618927,0.13065768778324127,0.12641467154026031,0.035437971353530884,0.04159090667963028,0.3743245303630829,0.33571505546569824,0.3101513981819153,0.0,0.0,0.0,0.0,427.2362307611563,420.3841435223265,1.0380795001257241,0.5353996157646179,0.09769273549318314,0.8631648421287537,0.7507409453392029
PINN20260512-HS,10,239,pretrain,0.40721064805984497,0.07198433578014374,0.1302507370710373,0.1264261156320572,0.03541083633899689,0.04145480692386627,0.3739190697669983,0.3352365493774414,0.3098248541355133,0.0,0.0,0.0,0.0,426.22492594872955,420.0355081716306,1.0372855082268262,0.5354015827178955,0.09769599139690399,0.8631138801574707,0.7498162388801575
PINN20260512-HS,10,240,pretrain,0.4066840410232544,0.07185147702693939,0.13004955649375916,0.12643086910247803,0.035397570580244064,0.041387446224689484,0.37373366951942444,0.3349967896938324,0.30966252088546753,0.0,0.0,0.0,0.0,425.72243745191537,419.8669059952213,1.0369449313681367,0.5354012846946716,0.097697414457798,0.8630884885787964,0.7493568658828735
PINN20260512-HS,10,241,physics,0.41855281591415405,0.07171939313411713,0.12984992563724518,0.12643486261367798,0.035384465008974075,0.041320495307445526,0.37356051802635193,0.33475837111473083,0.3095007836818695,0.19895917177200317,0.5608521699905396,1.602349612994658e-07,0.0,425.21007675618415,419.7990032444098,1.0367319211449955,0.5354003310203552,0.09769866615533829,0.8630632162094116,0.7488994002342224
