method,run,epoch,stage,total_loss,data_thickness_group_loss,data_log_thickness_loss,data_range_loss,data_rate_loss,data_log_rate_loss,data_uniformity_loss,data_ri_loss,data_stress_loss,phys_closure_loss,phys_layer_state_loss,phys_monotonic_loss,phys_profile_smooth_loss,phys_rate_residual_loss,pinn_precursor_residual_loss,pinn_surface_oh_residual_loss,pinn_growth_residual_loss,train_thk_rmse,val_thk_rmse,val_score,mean_top_oh,mean_side_cross,mean_deep_cross,mean_si_o_survival
PINN20260517-KimLayered,1,1,pretrain,31.43630027770996,3.561077117919922,6.971484184265137,3.172168731689453,1.7649216651916504,1.9550143480300903,122.6182861328125,0.7371620535850525,0.6933402419090271,0.0,0.0,0.0,0.0,0.0,0.0,0.0,0.0,4278.94091796875,3533.582763671875,45.2643014179227,0.41727226972579956,0.005318784154951572,0.00107274716719985,0.8006786704063416
PINN20260517-KimLayered,1,4,pretrain,30.632963180541992,3.529114246368408,6.789830684661865,3.2417140007019043,1.7480740547180176,1.9023947715759277,117.47834777832031,0.5092055201530457,0.6416180729866028,0.0,0.0,0.0,0.0,0.0,0.0,0.0,0.0,4239.96435546875,3502.149658203125,43.44869739508455,0.4197337031364441,0.0054230536334216595,0.001094031729735434,0.801615297794342
PINN20260517-KimLayered,1,8,pretrain,29.220306396484375,3.471323251724243,6.442853927612305,3.2643275260925293,1.7201969623565674,1.8209166526794434,108.59244537353516,0.5195491909980774,0.5701650977134705,0.0,0.0,0.0,0.0,0.0,0.0,0.0,0.0,4175.33740234375,3450.427490234375,40.42589394342989,0.42327961325645447,0.005672141909599304,0.0011473208433017135,0.8028155565261841
PINN20260517-KimLayered,1,11,pretrain,27.92896842956543,3.415064573287964,6.141535758972168,3.25313138961792,1.6937090158462524,1.7490192651748657,100.68098449707031,0.4800418019294739,0.5170322060585022,0.0,0.0,0.0,0.0,0.0,0.0,0.0,0.0,4112.927734375,3401.013427734375,37.75945293845173,0.4262278378009796,0.00589987076818943,0.0011936051305383444,0.8036877512931824
PINN20260517-KimLayered,1,14,pretrain,26.419469833374023,3.3422980308532715,5.799627780914307,3.210266351699829,1.660678744316101,1.6655054092407227,91.63095092773438,0.5048307180404663,0.46707984805107117,0.0,0.0,0.0,0.0,0.0,0.0,0.0,0.0,4033.447998046875,3338.9521484375,34.74060122188163,0.4294551908969879,0.006155958399176598,0.001244966173544526,0.8045458793640137
PINN20260517-KimLayered,1,17,pretrain,24.658767700195312,3.247321128845215,5.4164581298828125,3.1214637756347656,1.6194120645523071,1.5694464445114136,81.5030288696289,0.47061216831207275,0.4257524609565735,0.0,0.0,0.0,0.0,0.0,0.0,0.0,0.0,3931.9794921875,3260.8876953125,31.384843301878632,0.43290966749191284,0.0064416504465043545,0.0013019589241594076,0.8053878545761108
PINN20260517-KimLayered,1,21,pretrain,21.900827407836914,3.076986789703369,4.849734306335449,2.873004198074341,1.5487686395645142,1.4255441427230835,66.48848724365234,0.4704923629760742,0.38916346430778503,0.0,0.0,0.0,0.0,0.0,0.0,0.0,0.0,3757.253662109375,3128.348876953125,26.47850732359009,0.4377908706665039,0.006869192700833082,0.0013867913512513041,0.8065109848976135
PINN20260517-KimLayered,1,24,pretrain,19.54041290283203,2.9150242805480957,4.4002509117126465,2.534348726272583,1.4837795495986938,1.3092427253723145,54.48314666748047,0.4656355082988739,0.37584713101387024,0.0,0.0,0.0,0.0,0.0,0.0,0.0,0.0,3599.471435546875,3009.8095703125,22.603852072085253,0.44155624508857727,0.007218664977699518,0.0014557791873812675,0.807370662689209
PINN20260517-KimLayered,1,27,pretrain,17.014055252075195,2.7290496826171875,3.966702699661255,2.0332698822021484,1.410507321357727,1.1968296766281128,42.40727996826172,0.44855090975761414,0.37164801359176636,0.0,0.0,0.0,0.0,0.0,0.0,0.0,0.0,3427.67578125,2881.35009765625,18.718349434478,0.4453336000442505,0.007584714330732822,0.0015277080237865448,0.8082648515701294
PINN20260517-KimLayered,1,30,pretrain,14.556870460510254,2.52882719039917,3.576979637145996,1.4540531635284424,1.3325600624084473,1.097144603729248,31.434829711914062,0.4498802721500397,0.37258321046829224,0.0,0.0,0.0,0.0,0.0,0.0,0.0,0.0,3253.135986328125,2751.271240234375,15.01272610643798,0.44907793402671814,0.007957889698445797,0.0016006719088181853,0.8092150688171387
PINN20260517-KimLayered,1,34,pretrain,11.834890365600586,2.252960205078125,3.114363193511963,0.9851633310317993,1.2272201776504517,0.9804172515869141,20.038009643554688,0.4385535418987274,0.3756910562515259,0.0,0.0,0.0,0.0,0.0,0.0,0.0,0.0,3031.185302734375,2587.1484375,10.767068406231276,0.45400211215019226,0.008451364934444427,0.001696476829238236,0.8106181025505066
PINN20260517-KimLayered,1,37,pretrain,10.319770812988281,2.062415838241577,2.8197312355041504,0.8638816475868225,1.1504156589508057,0.9055372476577759,14.189971923828125,0.43412303924560547,0.3762114942073822,0.0,0.0,0.0,0.0,0.0,0.0,0.0,0.0,2879.534912109375,2476.712158203125,8.620944801057014,0.45767223834991455,0.00880752969533205,0.001765238819643855,0.8117917776107788
PINN20260517-KimLayered,1,40,pretrain,9.718421936035156,1.916200876235962,2.589061737060547,1.18361496925354,1.0769942998886108,0.8397504091262817,12.569706916809082,0.42696812748908997,0.3739234209060669,0.0,0.0,0.0,0.0,0.0,0.0,0.0,0.0,2743.02880859375,2378.942138671875,7.821113824783461,0.4613846242427826,0.00914087425917387,0.0018301178934052587,0.8130760192871094
PINN20260517-KimLayered,1,44,pretrain,9.259988784790039,1.7565829753875732,2.3549721240997314,1.5220509767532349,0.9884864687919617,0.7652003169059753,12.467439651489258,0.41873955726623535,0.3685850203037262,0.0,0.0,0.0,0.0,0.0,0.0,0.0,0.0,2587.011962890625,2270.705078125,7.400801071001506,0.46608301997184753,0.00951538234949112,0.0019027495291084051,0.8148934841156006
PINN20260517-KimLayered,1,47,pretrain,8.625699043273926,1.6457688808441162,2.208015203475952,1.4371023178100586,0.9301416873931885,0.7185240387916565,11.156524658203125,0.41054028272628784,0.36496755480766296,0.0,0.0,0.0,0.0,0.0,0.0,0.0,0.0,2486.548583984375,2203.72412109375,6.79125307263024,0.46931350231170654,0.009740708395838737,0.001944607007317245,0.8162646293640137
PINN20260517-KimLayered,1,50,pretrain,7.7422261238098145,1.5410648584365845,2.0790624618530273,1.0779229402542114,0.8770294785499573,0.6775216460227966,8.778735160827637,0.4038507044315338,0.3624505400657654,0.0,0.0,0.0,0.0,0.0,0.0,0.0,0.0,2395.467041015625,2145.205810546875,6.022689112787205,0.47231385111808777,0.009931583888828754,0.0019782225135713816,0.8176224827766418
PINN20260517-KimLayered,1,53,pretrain,6.805109024047852,1.4379608631134033,1.9611625671386719,0.6439508199691772,0.8266644477844238,0.6399354338645935,6.201787948608398,0.39636579155921936,0.3609560430049896,0.0,0.0,0.0,0.0,0.0,0.0,0.0,0.0,2308.9521484375,2091.93017578125,5.55950348208581,0.47509709000587463,0.010105057619512081,0.002007785253226757,0.8189805746078491
PINN20260517-KimLayered,1,57,pretrain,5.9979448318481445,1.3209728002548218,1.8229604959487915,0.3207164406776428,0.7589846253395081,0.5917006134986877,4.696810722351074,0.38642898201942444,0.35963159799575806,0.0,0.0,0.0,0.0,0.0,0.0,0.0,0.0,2194.57763671875,2025.8829345703125,5.69887908190131,0.4784257411956787,0.010343587957322598,0.0020509918686002493,0.8208356499671936
PINN20260517-KimLayered,1,60,pretrain,5.600455284118652,1.2451362609863281,1.724278450012207,0.2144121527671814,0.7078425884246826,0.5570521950721741,4.36032772064209,0.378452330827713,0.35846754908561707,0.0,0.0,0.0,0.0,0.0,0.0,0.0,0.0,2112.012451171875,1981.903076171875,5.529689377603096,0.48056045174598694,0.010535956360399723,0.0020889288280159235,0.8222207427024841
PINN20260517-KimLayered,1,63,pretrain,5.10553503036499,1.159454107284546,1.6150518655776978,0.1659315973520279,0.6581501364707947,0.5245920419692993,3.224278211593628,0.3714519143104553,0.35700881481170654,0.0,0.0,0.0,0.0,0.0,0.0,0.0,0.0,2034.152587890625,1943.71240234375,4.929764250367441,0.48239168524742126,0.010731815360486507,0.0021289775613695383,0.8235496878623962
PINN20260517-KimLayered,1,67,pretrain,4.497740745544434,1.0457088947296143,1.4704207181930542,0.20163321495056152,0.5927028059959412,0.4835580289363861,1.6629289388656616,0.3616284132003784,0.35464927554130554,0.0,0.0,0.0,0.0,0.0,0.0,0.0,0.0,1934.1484375,1900.0379638671875,4.052216531640393,0.48456689715385437,0.010996975935995579,0.0021843735594302416,0.8252882361412048
PINN20260517-KimLayered,1,70,pretrain,4.197617053985596,0.9765826463699341,1.3756000995635986,0.18710967898368835,0.5431123375892639,0.45311909914016724,1.5243897438049316,0.3543979525566101,0.352716326713562,0.0,0.0,0.0,0.0,0.0,0.0,0.0,0.0,1861.201904296875,1872.5191650390625,3.642984788157636,0.48617053031921387,0.011197774671018124,0.0022268116008490324,0.8266144394874573
PINN20260517-KimLayered,1,73,pretrain,3.9681601524353027,0.9047181606292725,1.2794303894042969,0.21139535307884216,0.49441590905189514,0.4233878254890442,1.8663618564605713,0.347273588180542,0.3508344888687134,0.0,0.0,0.0,0.0,0.0,0.0,0.0,0.0,1791.981201171875,1850.20556640625,3.5181742022266387,0.487811416387558,0.011393497698009014,0.002268122509121895,0.8279424905776978
PINN20260517-KimLayered,1,76,pretrain,3.685910940170288,0.8410376310348511,1.1931610107421875,0.21310578286647797,0.448710560798645,0.39537352323532104,1.617856502532959,0.3402692675590515,0.34902042150497437,0.0,0.0,0.0,0.0,0.0,0.0,0.0,0.0,1727.74462890625,1833.166015625,3.47955834801412,0.4895000755786896,0.011576134711503983,0.002306020585820079,0.829235851764679
PINN20260517-KimLayered,1,80,pretrain,3.3549606800079346,0.7634310722351074,1.0885010957717896,0.26363030076026917,0.3922717571258545,0.3602451682090759,1.204289436340332,0.33119675517082214,0.34641268849372864,0.0,0.0,0.0,0.0,0.0,0.0,0.0,0.0,1648.3170166015625,1818.2802734375,3.6213138882527085,0.4918311536312103,0.011812078766524792,0.0023544877767562866,0.8309260010719299
PINN20260517-KimLayered,1,83,pretrain,3.1402575969696045,0.7078793048858643,1.0126307010650635,0.2817378342151642,0.35389724373817444,0.3353193402290344,1.1731536388397217,0.324385404586792,0.3441830277442932,0.0,0.0,0.0,0.0,0.0,0.0,0.0,0.0,1594.2691650390625,1813.22265625,3.5535826662087566,0.4936184883117676,0.01199214905500412,0.0023918012157082558,0.8321664929389954
PINN20260517-KimLayered,1,86,pretrain,2.91402268409729,0.6591407060623169,0.9426406621932983,0.2506870627403259,0.31978166103363037,0.3121682405471802,1.062756061553955,0.31745779514312744,0.34170642495155334,0.0,0.0,0.0,0.0,0.0,0.0,0.0,0.0,1545.464599609375,1812.9091796875,3.3450788565544434,0.49545037746429443,0.012172533199191093,0.002429266693070531,0.8333678245544434
PINN20260517-KimLayered,1,89,pretrain,2.7271177768707275,0.6149462461471558,0.8769721984863281,0.22819316387176514,0.2901156544685364,0.29044345021247864,1.0948647260665894,0.31037425994873047,0.3389434516429901,0.0,0.0,0.0,0.0,0.0,0.0,0.0,0.0,1501.324462890625,1815.979736328125,3.2160721808631023,0.4973975718021393,0.012346933595836163,0.002464975928887725,0.8345296382904053
PINN20260517-KimLayered,1,93,pretrain,2.4905431270599365,0.559938907623291,0.7971405982971191,0.23374201357364655,0.25871631503105164,0.26404353976249695,0.923399806022644,0.30075880885124207,0.33462974429130554,0.0,0.0,0.0,0.0,0.0,0.0,0.0,0.0,1447.4951171875,1821.3017578125,3.2734488229316208,0.5002965927124023,0.012549769133329391,0.0025041864719241858,0.835986852645874
PINN20260517-KimLayered,1,96,pretrain,2.334134578704834,0.5230499505996704,0.7429335713386536,0.2209380716085434,0.24100887775421143,0.24595022201538086,0.8965706825256348,0.2933061122894287,0.33067557215690613,0.0,0.0,0.0,0.0,0.0,0.0,0.0,0.0,1407.7503662109375,1823.1463623046875,3.203906807049116,0.5027332305908203,0.012681136839091778,0.0025282178539782763,0.8369991183280945
PINN20260517-KimLayered,1,99,pretrain,2.1839001178741455,0.4897438883781433,0.6956848502159119,0.18992838263511658,0.22817742824554443,0.2297472059726715,0.871154248714447,0.28570660948753357,0.3259345293045044,0.0,0.0,0.0,0.0,0.0,0.0,0.0,0.0,1366.6995849609375,1819.300048828125,3.092545336160755,0.5053983330726624,0.012786275707185268,0.002546199131757021,0.8379181623458862
PINN20260517-KimLayered,1,103,pretrain,2.006840229034424,0.44592201709747314,0.6455256342887878,0.1746208220720291,0.2176651954650879,0.21269427239894867,0.8220128417015076,0.2757892906665802,0.31839868426322937,0.0,0.0,0.0,0.0,0.0,0.0,0.0,0.0,1313.3653564453125,1801.55078125,3.1000039158774304,0.5091120600700378,0.01285731140524149,0.0025545184034854174,0.8389590382575989
PINN20260517-KimLayered,1,106,pretrain,1.9029337167739868,0.4201558232307434,0.6160850524902344,0.16814275085926056,0.21303029358386993,0.20309071242809296,0.7801146507263184,0.2688802182674408,0.3119429647922516,0.0,0.0,0.0,0.0,0.0,0.0,0.0,0.0,1281.6500244140625,1781.353515625,3.0292088535232566,0.5116071105003357,0.012858390808105469,0.0025498797185719013,0.8396045565605164
PINN20260517-KimLayered,1,109,pretrain,1.8284525871276855,0.40347379446029663,0.589674711227417,0.16412891447544098,0.21001063287258148,0.1947232037782669,0.7263028025627136,0.26273655891418457,0.30509400367736816,0.0,0.0,0.0,0.0,0.0,0.0,0.0,0.0,1259.68017578125,1758.2396240234375,2.9543207866892858,0.5134589076042175,0.012821524403989315,0.002537802793085575,0.8401509523391724
PINN20260517-KimLayered,1,112,pretrain,1.7806612253189087,0.3935084342956543,0.5718972086906433,0.15982985496520996,0.20803849399089813,0.18890757858753204,0.688318133354187,0.25753602385520935,0.2982174754142761,0.0,0.0,0.0,0.0,0.0,0.0,0.0,0.0,1244.291015625,1733.9747314453125,2.9472083356494205,0.5145400762557983,0.012754369527101517,0.002519706031307578,0.8406095504760742
PINN20260517-KimLayered,1,116,pretrain,1.7382335662841797,0.38496285676956177,0.558151125907898,0.15407724678516388,0.20629042387008667,0.18450988829135895,0.6504210233688354,0.25199803709983826,0.28951457142829895,0.0,0.0,0.0,0.0,0.0,0.0,0.0,0.0,1226.765869140625,1701.8763427734375,2.8599860159030577,0.5148666501045227,0.012651877477765083,0.0024929812643676996,0.8410901427268982
PINN20260517-KimLayered,1,119,pretrain,1.7087482213974,0.3786691725254059,0.5506607294082642,0.14968396723270416,0.20535609126091003,0.18214364349842072,0.624550461769104,0.2487712949514389,0.2835455536842346,0.0,0.0,0.0,0.0,0.0,0.0,0.0,0.0,1212.4898681640625,1676.42041015625,2.8214468402770985,0.5145172476768494,0.012572959996759892,0.0024723538663238287,0.8413586616516113
PINN20260517-KimLayered,1,122,pretrain,1.6777448654174805,0.37136876583099365,0.5447820425033569,0.14518314599990845,0.20456545054912567,0.18025484681129456,0.6034671068191528,0.24622949957847595,0.2780795693397522,0.0,0.0,0.0,0.0,0.0,0.0,0.0,0.0,1196.3399658203125,1648.6005859375,2.79844898391244,0.5138337016105652,0.012489566579461098,0.002450649393722415,0.8415597081184387
PINN20260517-KimLayered,1,126,pretrain,1.634411096572876,0.3607097268104553,0.5379332304000854,0.13944262266159058,0.20353445410728455,0.17806020379066467,0.5750234723091125,0.24359840154647827,0.2716100811958313,0.0,0.0,0.0,0.0,0.0,0.0,0.0,0.0,1171.87548828125,1606.768310546875,2.7286839012313293,0.5125490427017212,0.012370598502457142,0.00241991993971169,0.8417440056800842
PINN20260517-KimLayered,1,129,pretrain,1.6005579233169556,0.3520568609237671,0.533176839351654,0.1353919506072998,0.2026871144771576,0.17653867602348328,0.5555189847946167,0.24196641147136688,0.2673846185207367,0.0,0.0,0.0,0.0,0.0,0.0,0.0,0.0,1151.48291015625,1570.8231201171875,2.6827054306385256,0.5113919377326965,0.012271858751773834,0.002394855720922351,0.8418388962745667
PINN20260517-KimLayered,1,132,pretrain,1.5653914213180542,0.34270530939102173,0.5286136865615845,0.13168326020240784,0.2017490565776825,0.17508205771446228,0.5399112701416016,0.2403978407382965,0.26374489068984985,0.0,0.0,0.0,0.0,0.0,0.0,0.0,0.0,1129.771240234375,1531.00830078125,2.6562391199010613,0.5101147890090942,0.012162999249994755,0.002367802429944277,0.8419146537780762
PINN20260517-KimLayered,1,135,pretrain,1.5292528867721558,0.332813560962677,0.5241830945014954,0.12747690081596375,0.2007560282945633,0.17365412414073944,0.5312678813934326,0.23875746130943298,0.2606399655342102,0.0,0.0,0.0,0.0,0.0,0.0,0.0,0.0,1107.341796875,1488.435791015625,2.627523689812379,0.5087273120880127,0.012045681476593018,0.0023393575102090836,0.8419886827468872
PINN20260517-KimLayered,1,139,pretrain,1.4798294305801392,0.31954875588417053,0.5176923274993896,0.1239561066031456,0.19954673945903778,0.17167022824287415,0.5032743215560913,0.23644128441810608,0.2571049928665161,0.0,0.0,0.0,0.0,0.0,0.0,0.0,0.0,1077.265869140625,1429.8128662109375,2.5601716136883357,0.5066317915916443,0.011884483508765697,0.0023014782927930355,0.8421106338500977
PINN20260517-KimLayered,1,142,pretrain,1.4368395805358887,0.3079482316970825,0.5125064849853516,0.11745180934667587,0.19882814586162567,0.17010337114334106,0.4923709034919739,0.23465725779533386,0.25478243827819824,0.0,0.0,0.0,0.0,0.0,0.0,0.0,0.0,1054.592041015625,1383.8001708984375,2.5381432926595737,0.5048619508743286,0.011757845990359783,0.0022734468802809715,0.8422373533248901
PINN20260517-KimLayered,1,145,pretrain,1.393885612487793,0.2960699498653412,0.5066728591918945,0.11521892994642258,0.19838450849056244,0.16843660175800323,0.47062933444976807,0.23282049596309662,0.2526927888393402,0.0,0.0,0.0,0.0,0.0,0.0,0.0,0.0,1032.357421875,1338.5784912109375,2.4778288916213587,0.5028688311576843,0.011633523739874363,0.0022472692653536797,0.8424001932144165
PINN20260517-KimLayered,1,148,pretrain,1.3547108173370361,0.2851964235305786,0.5006352066993713,0.11371191591024399,0.19833946228027344,0.16667523980140686,0.4514457583427429,0.23087681829929352,0.2507830560207367,0.0,0.0,0.0,0.0,0.0,0.0,0.0,0.0,1011.0006103515625,1296.1461181640625,2.4279147769948954,0.5006183385848999,0.011517799459397793,0.002224064664915204,0.8425959348678589
PINN20260517-KimLayered,1,152,pretrain,1.309211254119873,0.27151477336883545,0.4928792119026184,0.11333683133125305,0.19901932775974274,0.16431602835655212,0.4506087303161621,0.22807730734348297,0.24838599562644958,0.0,0.0,0.0,0.0,0.0,0.0,0.0,0.0,984.3714599609375,1246.05712890625,2.3826242568532003,0.49724993109703064,0.011379641480743885,0.0021978160366415977,0.8428983092308044
PINN20260517-KimLayered,1,155,pretrain,1.2766395807266235,0.26203233003616333,0.4875228703022003,0.11108504980802536,0.20004671812057495,0.16266590356826782,0.44897153973579407,0.22581921517848969,0.24667052924633026,0.0,0.0,0.0,0.0,0.0,0.0,0.0,0.0,966.070556640625,1213.553955078125,2.352891109267736,0.4945456385612488,0.011289962567389011,0.0021812976337969303,0.8431369662284851
PINN20260517-KimLayered,1,158,pretrain,1.2449742555618286,0.2533600628376007,0.48289573192596436,0.10734328627586365,0.20130425691604614,0.16119489073753357,0.43774813413619995,0.22347399592399597,0.24504698812961578,0.0,0.0,0.0,0.0,0.0,0.0,0.0,0.0,949.3491821289062,1183.79052734375,2.322938343117758,0.4918307662010193,0.011207718402147293,0.0021661336068063974,0.8433645367622375
PINN20260517-KimLayered,1,162,pretrain,1.206466555595398,0.24319523572921753,0.47764164209365845,0.10200230032205582,0.2028322070837021,0.1594531089067459,0.4171299934387207,0.22026509046554565,0.2430257946252823,0.0,0.0,0.0,0.0,0.0,0.0,0.0,0.0,929.5672607421875,1147.16357421875,2.283322116852824,0.48838943243026733,0.01110220979899168,0.0021460275165736675,0.8436206579208374
PINN20260517-KimLayered,1,165,pretrain,1.1815953254699707,0.23658719658851624,0.47412675619125366,0.09872087091207504,0.20356391370296478,0.15826217830181122,0.40600669384002686,0.21780706942081451,0.24157528579235077,0.0,0.0,0.0,0.0,0.0,0.0,0.0,0.0,916.4120483398438,1123.2578125,2.2587599077040115,0.4860607385635376,0.01102577056735754,0.0021306162234395742,0.8437637686729431
PINN20260517-KimLayered,1,168,pretrain,1.1592825651168823,0.23054364323616028,0.47080111503601074,0.09600738435983658,0.20377123355865479,0.1571352630853653,0.4004635810852051,0.2153010070323944,0.24016469717025757,0.0,0.0,0.0,0.0,0.0,0.0,0.0,0.0,904.2330322265625,1103.549560546875,2.239273694875169,0.48403242230415344,0.010953966528177261,0.0021151485852897167,0.8438599109649658
PINN20260517-KimLayered,1,171,pretrain,1.138552188873291,0.22485819458961487,0.46759048104286194,0.09395503252744675,0.2033035308122635,0.15603816509246826,0.3978944718837738,0.21276742219924927,0.23880033195018768,0.0,0.0,0.0,0.0,0.0,0.0,0.0,0.0,892.5524291992188,1087.257080078125,2.2228494960528677,0.48234087228775024,0.010885711759328842,0.0020993195939809084,0.8439074158668518
PINN20260517-KimLayered,1,175,pretrain,1.1109328269958496,0.21738585829734802,0.46315330266952515,0.09165859967470169,0.2014295607805252,0.15455247461795807,0.3945806622505188,0.20945066213607788,0.2370556741952896,0.0,0.0,0.0,0.0,0.0,0.0,0.0,0.0,877.1991577148438,1067.7694091796875,2.2014869475833847,0.4805939197540283,0.010795556008815765,0.0020766842644661665,0.8438958525657654
PINN20260517-KimLayered,1,178,pretrain,1.0902330875396729,0.21188823878765106,0.4596027731895447,0.09050726145505905,0.19906048476696014,0.1533723622560501,0.39092913269996643,0.20705389976501465,0.23580241203308105,0.0,0.0,0.0,0.0,0.0,0.0,0.0,0.0,865.64306640625,1053.6578369140625,2.183024971363717,0.47962045669555664,0.010725374333560467,0.0020580000709742308,0.8438358902931213
PINN20260517-KimLayered,1,181,pretrain,1.0691108703613281,0.2063142955303192,0.4557700753211975,0.08933069556951523,0.19602429866790771,0.1521308869123459,0.38901740312576294,0.20474666357040405,0.23458509147167206,0.0,0.0,0.0,0.0,0.0,0.0,0.0,0.0,854.0330810546875,1039.59326171875,2.163281579614739,0.47889989614486694,0.01065471488982439,0.0020382448565214872,0.8437383770942688
PINN20260517-KimLayered,1,184,pretrain,1.0481237173080444,0.20090985298156738,0.4518658518791199,0.08820709586143494,0.19249624013900757,0.15082839131355286,0.385603129863739,0.20254409313201904,0.2334020435810089,0.0,0.0,0.0,0.0,0.0,0.0,0.0,0.0,842.4403076171875,1026.4822998046875,2.145693613483083,0.4783906638622284,0.010582022368907928,0.0020174935925751925,0.8436155319213867
PINN20260517-KimLayered,1,188,pretrain,1.0211352109909058,0.19398091733455658,0.44662755727767944,0.08716240525245667,0.18743477761745453,0.1490379124879837,0.38152599334716797,0.19976511597633362,0.23186294734477997,0.0,0.0,0.0,0.0,0.0,0.0,0.0,0.0,827.1573486328125,1009.2363891601562,2.1215531838567303,0.4779796302318573,0.010485482402145863,0.0019895744044333696,0.8434295654296875
PINN20260517-KimLayered,1,191,pretrain,1.0004087686538696,0.18870621919631958,0.44251391291618347,0.08553436398506165,0.1836254596710205,0.14767804741859436,0.3808728754520416,0.1977889984846115,0.23073633015155792,0.0,0.0,0.0,0.0,0.0,0.0,0.0,0.0,815.8968505859375,997.0624389648438,2.1043436770063297,0.4778226613998413,0.010415412485599518,0.0019693435169756413,0.843285322189331
PINN20260517-KimLayered,1,194,pretrain,0.9807000160217285,0.18374289572238922,0.438421368598938,0.0845349058508873,0.1799013912677765,0.14628802239894867,0.37758511304855347,0.19591124355793,0.2296418845653534,0.0,0.0,0.0,0.0,0.0,0.0,0.0,0.0,804.8282470703125,985.2352294921875,2.0868988235470547,0.47774332761764526,0.010344486683607101,0.0019497377797961235,0.8431469798088074
PINN20260517-KimLayered,1,198,pretrain,0.9553075432777405,0.17739562690258026,0.43285202980041504,0.08329323679208755,0.17520968616008759,0.14439396560192108,0.3727838397026062,0.19354408979415894,0.22823671996593475,0.0,0.0,0.0,0.0,0.0,0.0,0.0,0.0,790.3732299804688,970.0624389648438,2.0646504250413615,0.4777122139930725,0.010249392129480839,0.0019250897457823157,0.8429791331291199
PINN20260517-KimLayered,1,201,pretrain,0.937385618686676,0.17290252447128296,0.4286406636238098,0.0827430859208107,0.17194843292236328,0.1429470330476761,0.3692833483219147,0.19185884296894073,0.22722533345222473,0.0,0.0,0.0,0.0,0.0,0.0,0.0,0.0,779.7743530273438,959.1529541015625,2.0470324513351073,0.4777224063873291,0.01017725933343172,0.0019077780889347196,0.8428698182106018
PINN20260517-KimLayered,1,204,pretrain,0.9193587303161621,0.16835284233093262,0.424268901348114,0.08149680495262146,0.16894522309303284,0.1415097415447235,0.3691612184047699,0.19022855162620544,0.22624622285366058,0.0,0.0,0.0,0.0,0.0,0.0,0.0,0.0,769.416259765625,949.1962890625,2.034256788289694,0.4777640998363495,0.010106938891112804,0.0018917442066594958,0.8427738547325134
PINN20260517-KimLayered,1,207,pretrain,0.902010440826416,0.16405504941940308,0.4199479818344116,0.08053236454725266,0.1661376953125,0.14006231725215912,0.3661845922470093,0.1886613965034485,0.22529946267604828,0.0,0.0,0.0,0.0,0.0,0.0,0.0,0.0,759.3468017578125,939.7474975585938,2.0208703446425256,0.4778210520744324,0.010034669190645218,0.0018763813422992826,0.8426913619041443
PINN20260517-KimLayered,1,211,pretrain,0.880115270614624,0.15864330530166626,0.4142146706581116,0.07957108318805695,0.1626303642988205,0.1381387561559677,0.3620358109474182,0.18666179478168488,0.22407956421375275,0.0,0.0,0.0,0.0,0.0,0.0,0.0,0.0,746.4659423828125,927.779296875,2.004894588252381,0.4779230058193207,0.009935387410223484,0.0018566844519227743,0.8425949215888977
PINN20260517-KimLayered,1,214,pretrain,0.8647486567497253,0.1548682451248169,0.40999919176101685,0.07905757427215576,0.16010358929634094,0.13670606911182404,0.3589078187942505,0.18522658944129944,0.22319193184375763,0.0,0.0,0.0,0.0,0.0,0.0,0.0,0.0,737.2740478515625,918.89013671875,1.9910517457044592,0.4780149757862091,0.009856701828539371,0.001842062920331955,0.8425271511077881
PINN20260517-KimLayered,1,217,pretrain,0.8498972058296204,0.15119417011737823,0.4058135747909546,0.07823868095874786,0.1576312631368637,0.13530577719211578,0.3585481345653534,0.1838407665491104,0.2223230004310608,0.0,0.0,0.0,0.0,0.0,0.0,0.0,0.0,728.5087280273438,910.1004028320312,1.9807976580261537,0.47812631726264954,0.009774468839168549,0.0018274602480232716,0.8424583673477173
PINN20260517-KimLayered,1,221,physics,0.8570572733879089,0.1466841697692871,0.4004398286342621,0.07764708250761032,0.1543416827917099,0.13346555829048157,0.3558800220489502,0.18207478523254395,0.22119173407554626,0.6423006653785706,8.356895705219358e-05,0.012602632865309715,2.0416011636825715e-07,0.5378243923187256,0.07624766230583191,0.007258887868374586,0.09139348566532135,717.4791259765625,898.064453125,1.9652979421871712,0.47829127311706543,0.009654168039560318,0.0018072888487949967,0.842363715171814
PINN20260517-KimLayered,1,224,physics,0.8435236215591431,0.14362025260925293,0.39658883213996887,0.07702036201953888,0.15183788537979126,0.1321026235818863,0.3508724570274353,0.18081267178058624,0.22035996615886688,0.6319857835769653,7.699996785959229e-05,0.01245635375380516,2.0542640299936465e-07,0.5374826192855835,0.07628945261240005,0.007284863851964474,0.09104078263044357,709.6818237304688,888.6395263671875,1.9521540423750017,0.47841936349868774,0.009514144621789455,0.001792472554370761,0.8422884941101074
PINN20260517-KimLayered,1,227,physics,0.830610990524292,0.14063377678394318,0.39278411865234375,0.07660428434610367,0.1493329256772995,0.13079720735549927,0.34853893518447876,0.17959626019001007,0.2195388376712799,0.6176080703735352,6.952841067686677e-05,0.012204515747725964,2.0447409099233482e-07,0.5370651483535767,0.07633306831121445,0.007311402354389429,0.09066542983055115,702.2693481445312,878.944091796875,1.9381111222533647,0.47856196761131287,0.00933841336518526,0.0017773398431017995,0.8422079682350159
PINN20260517-KimLayered,1,230,physics,0.8187796473503113,0.137758269906044,0.38905346393585205,0.07670950889587402,0.14685817062854767,0.12955142557621002,0.3491624593734741,0.17841653525829315,0.2187286913394928,0.605637788772583,6.265342381084338e-05,0.01187044009566307,2.01846802383443e-07,0.536599338054657,0.07638368755578995,0.0073385401628911495,0.09027810394763947,695.22314453125,869.0647583007812,1.9274325975578712,0.4787191152572632,0.009160686284303665,0.0017648044740781188,0.8421236276626587
PINN20260517-KimLayered,1,234,physics,0.803179144859314,0.1342461258172989,0.3843664526939392,0.07602135092020035,0.14361491799354553,0.12794241309165955,0.3443334102630615,0.17690250277519226,0.2176724225282669,0.5985338687896729,5.585307735600509e-05,0.01129306573420763,2.0180029025596014e-07,0.5359280705451965,0.07644588500261307,0.007371606770902872,0.08974522352218628,686.347900390625,855.5774536132812,1.9096781731111097,0.47892436385154724,0.008982990868389606,0.001756657613441348,0.8420097231864929
PINN20260517-KimLayered,1,237,physics,0.7925986647605896,0.13184994459152222,0.3810276687145233,0.07583719491958618,0.14125387370586395,0.12677615880966187,0.3405537009239197,0.1758069097995758,0.21689921617507935,0.5993431806564331,5.271545524010435e-05,0.010792475193738937,2.0227753338986076e-07,0.5354049205780029,0.07649186998605728,0.00739382253959775,0.08933961391448975,680.0421142578125,845.3643798828125,1.8950795757469807,0.479070246219635,0.008909217081964016,0.001755052711814642,0.8419234752655029
PINN20260517-KimLayered,1,240,physics,0.7823708653450012,0.1294499784708023,0.3776562809944153,0.07565274834632874,0.1389792114496231,0.1256527602672577,0.3393767774105072,0.17473739385604858,0.21613945066928864,0.6011903882026672,5.07302611367777e-05,0.010265730321407318,2.0065290584625473e-07,0.5348839163780212,0.0765450969338417,0.007414705585688353,0.08893702179193497,674.0067138671875,835.1820678710938,1.8797090869019872,0.4792119860649109,0.008872474543750286,0.0017524102004244924,0.8418369889259338
PINN20260517-KimLayered,1,243,physics,0.7726405262947083,0.1272333264350891,0.3744608163833618,0.07547924667596817,0.1367885023355484,0.12456250935792923,0.3370424509048462,0.17369526624679565,0.21539267897605896,0.6009275317192078,4.9305788706988096e-05,0.00971912406384945,1.999800076646352e-07,0.5343823432922363,0.07660053670406342,0.0074333325028419495,0.0885395035147667,668.2373657226562,825.1295166015625,1.870218623426846,0.4793463945388794,0.008855728432536125,0.0017467538127675653,0.8417525887489319
PINN20260517-KimLayered,1,247,physics,0.7602436542510986,0.1244436651468277,0.3703787922859192,0.07523620873689651,0.13401101529598236,0.1231689453125,0.3336932063102722,0.17234234511852264,0.21441364288330078,0.5985743999481201,4.760604497278109e-05,0.008991844952106476,1.9929524341932847e-07,0.5337625741958618,0.07668507844209671,0.007455721031874418,0.08802637457847595,660.8930053710938,811.9803466796875,1.8558506810587776,0.4795224070549011,0.008840369991958141,0.0017346704844385386,0.8416436910629272
PINN20260517-KimLayered,1,250,physics,0.7518019080162048,0.12254418432712555,0.36751168966293335,0.07551859319210052,0.13202472031116486,0.12216083705425262,0.3301839232444763,0.17135384678840637,0.21369078755378723,0.5970418453216553,4.6017848944757134e-05,0.008451182395219803,1.9994398314793216e-07,0.5333327054977417,0.076753169298172,0.007470268290489912,0.08765299618244171,655.59521484375,802.3558959960938,1.8384299928140821,0.47965008020401,0.008817705325782299,0.0017224347684532404,0.8415650129318237
PINN20260517-KimLayered,1,253,physics,0.7433076500892639,0.12054216861724854,0.36452704668045044,0.07533837109804153,0.1301281750202179,0.12119998037815094,0.3307856321334839,0.17038007080554962,0.21297669410705566,0.5966073870658875,4.408528548083268e-05,0.00794327910989523,1.9735962553113495e-07,0.5329306125640869,0.07683592289686203,0.0074845897033810616,0.08729550987482071,650.4976806640625,792.9725952148438,1.8285163787364758,0.4797855317592621,0.008780046366155148,0.001708457712084055,0.8414870500564575
PINN20260517-KimLayered,1,257,physics,0.7326258420944214,0.11811782419681549,0.36091017723083496,0.07525662332773209,0.1277003437280655,0.11997439712285995,0.3280547261238098,0.16910941898822784,0.21204228699207306,0.5973924994468689,4.0891703974921256e-05,0.007306861225515604,1.9655216476621717e-07,0.5324307084083557,0.07695358991622925,0.007501200307160616,0.08683650940656662,643.953125,780.8659057617188,1.8148397886345835,0.4799744486808777,0.00870498176664114,0.0016887410311028361,0.8413860201835632
PINN20260517-KimLayered,1,260,physics,0.7250354290008545,0.11647538840770721,0.3584796190261841,0.07536092400550842,0.1259426474571228,0.11908885836601257,0.3229326605796814,0.16817577183246613,0.21135661005973816,0.5984386205673218,3.824476516456343e-05,0.006863069720566273,1.9823448837996693e-07,0.5320730209350586,0.07704482227563858,0.00751164834946394,0.08650348335504532,639.201904296875,772.1025390625,1.8035921096478378,0.4801243245601654,0.00863661989569664,0.001674516941420734,0.8413118720054626
PINN20260517-KimLayered,1,263,physics,0.7171176671981812,0.1147056519985199,0.3558496832847595,0.07475844025611877,0.12425064295530319,0.11823665350675583,0.321934312582016,0.16725273430347443,0.21068421006202698,0.5996417999267578,3.5709046642296016e-05,0.006465974263846874,1.9636057402294682e-07,0.5317258238792419,0.07715091109275818,0.00752238417044282,0.08618704229593277,634.5709228515625,763.5900268554688,1.7922835944217945,0.48029327392578125,0.008567620068788528,0.0016617861110717058,0.8412368297576904
PINN20260517-KimLayered,1,266,physics,0.7099006175994873,0.11308596283197403,0.3533875346183777,0.07470544427633286,0.12260367721319199,0.11740192025899887,0.31969183683395386,0.16634666919708252,0.21002663671970367,0.6006994247436523,3.3306820114376023e-05,0.006093211937695742,1.95962229554425e-07,0.5313836336135864,0.07725900411605835,0.007531818933784962,0.08588014543056488,630.0601196289062,755.2793579101562,1.7823809180661598,0.48047491908073425,0.008501455187797546,0.0016504687955603004,0.8411620855331421
PINN20260517-KimLayered,1,270,physics,0.7009755969047546,0.11107499152421951,0.3502618968486786,0.07508022338151932,0.12047645449638367,0.11631269752979279,0.31588324904441833,0.1651654690504074,0.20917214453220367,0.6019594669342041,3.042332718905527e-05,0.00563330203294754,1.9641835535821883e-07,0.5309354066848755,0.07740805298089981,0.00754318293184042,0.08548840135335922,624.2047119140625,744.4882202148438,1.766979995160121,0.48074671626091003,0.008422983810305595,0.0016372415702790022,0.8410629630088806
PINN20260517-KimLayered,1,273,physics,0.6939911246299744,0.10947244614362717,0.34771883487701416,0.07460807263851166,0.11894122511148453,0.11551406979560852,0.3168802559375763,0.16429689526557922,0.20854729413986206,0.6029857993125916,2.8543368898681365e-05,0.0053237141110002995,1.9357734970526508e-07,0.5306072235107422,0.07753151655197144,0.007552369497716427,0.08521325886249542,619.9400634765625,736.58349609375,1.759055255384911,0.4809841811656952,0.008372866548597813,0.0016282525612041354,0.8409877419471741
PINN20260517-KimLayered,1,276,physics,0.6871117949485779,0.10800595581531525,0.34540799260139465,0.07429113239049911,0.11743734031915665,0.11471988260746002,0.3136429190635681,0.16345049440860748,0.20793597400188446,0.6039109826087952,2.6732293918030336e-05,0.005020925309509039,1.9347766055943794e-07,0.5302823185920715,0.07764770090579987,0.00755989970639348,0.08494376391172409,615.7740478515625,728.8206787109375,1.7524053897290381,0.48123985528945923,0.008325674571096897,0.0016191391041502357,0.8409136533737183
PINN20260517-KimLayered,1,279,physics,0.6808961629867554,0.10663672536611557,0.3431546092033386,0.07449962943792343,0.11597321182489395,0.11393113434314728,0.3107159435749054,0.16262206435203552,0.20733748376369476,0.6048064827919006,2.498588219168596e-05,0.004728031810373068,1.937696652021259e-07,0.5299655199050903,0.07776224613189697,0.007566789165139198,0.0846838429570198,611.6395263671875,721.2491455078125,1.738069709875256,0.48151808977127075,0.008279814384877682,0.0016096088802441955,0.8408403396606445
PINN20260517-KimLayered,1,283,physics,0.6722416281700134,0.10473997890949249,0.33997923135757446,0.07411639392375946,0.11409331113100052,0.112888403236866,0.30889415740966797,0.16154082119464874,0.20655980706214905,0.6060141921043396,2.273172685818281e-05,0.004359510261565447,1.9226811787120823e-07,0.5295689105987549,0.07791934162378311,0.007576413918286562,0.08435935527086258,606.3068237304688,711.3507080078125,1.7282583276984511,0.4819346070289612,0.008218097500503063,0.0015961052849888802,0.8407439589500427
PINN20260517-KimLayered,1,286,physics,0.6660499572753906,0.103386789560318,0.33764806389808655,0.0740240067243576,0.11272883415222168,0.11210982501506805,0.30702146887779236,0.16074854135513306,0.20599156618118286,0.6068755984306335,2.1046147594461218e-05,0.004090715665370226,1.9167760001437273e-07,0.529290497303009,0.07803375273942947,0.007583192083984613,0.08412818610668182,602.38623046875,704.113525390625,1.7197145766639157,0.4822760820388794,0.008169084787368774,0.0015853459481149912,0.8406733274459839
PINN20260517-KimLayered,1,289,physics,0.6599368453025818,0.10205097496509552,0.3352969288825989,0.07390657812356949,0.11140153557062149,0.11133354902267456,0.3054019808769226,0.15997140109539032,0.2054358571767807,0.6077346205711365,1.9386699932510965e-05,0.003827616572380066,1.9088777492015652e-07,0.5290252566337585,0.07814481854438782,0.007589687127619982,0.08390608429908752,598.5039672851562,697.0618286132812,1.7082062547242172,0.48264095187187195,0.008117955178022385,0.0015743006952106953,0.8406040668487549
PINN20260517-KimLayered,1,293,physics,0.6523362994194031,0.10034796595573425,0.33217859268188477,0.07387343049049377,0.10968700051307678,0.11030488461256027,0.30501025915145874,0.15895618498325348,0.20471437275409698,0.6088959574699402,1.7270014723180793e-05,0.003490612143650651,1.889070944116611e-07,0.5286950469017029,0.07828947901725769,0.007598438300192356,0.08362536877393723,593.470947265625,687.9088134765625,1.7000602248584413,0.48316702246665955,0.008048570714890957,0.0015596719458699226,0.8405134677886963
PINN20260517-KimLayered,1,296,physics,0.6462910771369934,0.09910684823989868,0.32993805408477783,0.0735810175538063,0.1084355041384697,0.1095367893576622,0.30165964365005493,0.15821273624897003,0.20418685674667358,0.6096943616867065,1.576060094521381e-05,0.003243815852329135,1.888938356842118e-07,0.5284633040428162,0.07838982343673706,0.007604260928928852,0.08342208713293076,589.777099609375,681.2572631835938,1.693723548472457,0.48358461260795593,0.00799654982984066,0.0015489934012293816,0.8404475450515747
PINN20260517-KimLayered,1,299,physics,0.640891432762146,0.0979442149400711,0.32774078845977783,0.07386214286088943,0.10721506923437119,0.10877245664596558,0.2988090515136719,0.15748116374015808,0.20367027819156647,0.6104539036750793,1.4355540770338848e-05,0.003005180973559618,1.8922384015240823e-07,0.5282450318336487,0.07848688215017319,0.007610061205923557,0.0832265242934227,586.0867309570312,674.8269653320312,1.6819483402918003,0.4840226173400879,0.007946209982037544,0.001538775977678597,0.8403826951980591
PINN20260517-KimLayered,1,302,physics,0.6351737380027771,0.09668150544166565,0.3253081142902374,0.07351209223270416,0.10602951049804688,0.10801438987255096,0.2994239926338196,0.15676192939281464,0.2031654566526413,0.6112610697746277,1.3093171219225042e-05,0.002781989984214306,1.8701231851991906e-07,0.5280404686927795,0.07858932763338089,0.007617345079779625,0.08304361999034882,582.5130615234375,668.5693969726562,1.6761325159105667,0.48448795080184937,0.007899151183664799,0.0015291695017367601,0.8403180241584778
PINN20260517-KimLayered,1,306,physics,0.6277229189872742,0.09514209628105164,0.3223467171192169,0.07330837100744247,0.10447579622268677,0.1070111021399498,0.2957121729850769,0.15582439303398132,0.20250733196735382,0.6121577620506287,1.1539219485712238e-05,0.002495969645678997,1.869409373966846e-07,0.5277743935585022,0.07871219515800476,0.007625959347933531,0.08280204981565475,577.8089599609375,660.5332641601562,1.6662336324323876,0.48513221740722656,0.00783831998705864,0.0015167833771556616,0.8402332663536072
PINN20260517-KimLayered,1,309,physics,0.6223369836807251,0.09400103241205215,0.3200873136520386,0.07321126013994217,0.10333461314439774,0.10626567900180817,0.2940540909767151,0.15513436496257782,0.20202459394931793,0.6128205060958862,1.0485656275704969e-05,0.002293716184794903,1.8628054476721445e-07,0.5275769829750061,0.07880193740129471,0.0076329270377755165,0.08262597024440765,574.339111328125,654.7174072265625,1.658650954850241,0.48563674092292786,0.007794603705406189,0.001507779466919601,0.8401694893836975
PINN20260517-KimLayered,1,312,physics,0.6171101331710815,0.09290257841348648,0.31787678599357605,0.07315106689929962,0.10221043229103088,0.10552637279033661,0.2922181785106659,0.1544569581747055,0.2015511393547058,0.6134697198867798,9.513810255157296e-06,0.0021022374276071787,1.8574408500171558e-07,0.5273813009262085,0.07888872176408768,0.007640292402356863,0.08245350420475006,570.9359741210938,649.0835571289062,1.6520631884372694,0.4861598610877991,0.007751677185297012,0.0014988743932917714,0.8401057720184326
PINN20260517-KimLayered,1,316,physics,0.6105573773384094,0.09146375954151154,0.3148752748966217,0.07313056290149689,0.10074035823345184,0.10455305874347687,0.292375385761261,0.15356962382793427,0.20093472301959991,0.6143683195114136,8.361203072126955e-06,0.0018667234107851982,1.8375365584688552e-07,0.5271248817443848,0.0790058821439743,0.007651822175830603,0.08223255723714828,566.4993896484375,641.8583984375,1.6443264351690174,0.48689013719558716,0.0076957023702561855,0.0014871321618556976,0.8400202393531799
PINN20260517-KimLayered,1,319,physics,0.6055482029914856,0.09048628807067871,0.31288835406303406,0.07310295850038528,0.09964673221111298,0.10382874310016632,0.2881948947906494,0.15291878581047058,0.20048128068447113,0.6149164438247681,7.572792128485162e-06,0.0017000306397676468,1.8476345076123835e-07,0.5269290208816528,0.07908178120851517,0.007659465540200472,0.08206335455179214,563.2157592773438,636.64501953125,1.6376489533075491,0.4874489903450012,0.007652751635760069,0.0014781909994781017,0.8399566411972046
PINN20260517-KimLayered,1,322,physics,0.6004250049591064,0.08943311870098114,0.3106827735900879,0.07271847128868103,0.09857514500617981,0.10311359167098999,0.2872960865497589,0.152276873588562,0.20003700256347656,0.6155354380607605,6.8964995989517774e-06,0.001545432605780661,1.8348701757986419e-07,0.5267366766929626,0.0791628435254097,0.007668740581721067,0.08190148323774338,559.9854125976562,631.6102905273438,1.6306921952476952,0.48802584409713745,0.007610979489982128,0.0014694114215672016,0.8398922681808472
PINN20260517-KimLayered,1,325,physics,0.5954593420028687,0.08838672935962677,0.30845001339912415,0.07248003780841827,0.09751958400011063,0.10240548104047775,0.2868950366973877,0.151642844080925,0.19960017502307892,0.6161433458328247,6.315779501164798e-06,0.0013998310314491391,1.8213590635696164e-07,0.5265461802482605,0.07924186438322067,0.007678300142288208,0.08174169808626175,556.79833984375,626.7465209960938,1.623118911070428,0.4886123239994049,0.007569613866508007,0.0014607248594984412,0.8398277759552002
PINN20260517-KimLayered,1,329,physics,0.5891076326370239,0.08708366006612778,0.30563265085220337,0.07226831465959549,0.09613413363695145,0.10147198289632797,0.28510966897010803,0.1508130431175232,0.1990286260843277,0.6169187426567078,5.634774879581528e-06,0.0012207154650241137,1.8107989774307498e-07,0.5262975096702576,0.07934324443340302,0.007691479288041592,0.08153221011161804,552.6676025390625,620.5398559570312,1.6168113184778339,0.48941126465797424,0.007515015546232462,0.001449334667995572,0.8397420048713684
PINN20260517-KimLayered,1,332,physics,0.5844950079917908,0.08613371849060059,0.30354544520378113,0.07209127396345139,0.09511132538318634,0.10077977925539017,0.2842556834220886,0.15020090341567993,0.19860798120498657,0.6174778938293457,5.16238924319623e-06,0.0010981676168739796,1.800370483806546e-07,0.5261121392250061,0.07941671460866928,0.007701712194830179,0.08137688785791397,549.6251831054688,616.0877075195312,1.6135037690395941,0.49002042412757874,0.007474815007299185,0.0014409719733521342,0.8396775126457214
PINN20260517-KimLayered,1,335,physics,0.5799975991249084,0.08525256812572479,0.30159175395965576,0.07212812453508377,0.09409960359334946,0.10009246319532394,0.2811186909675598,0.14959877729415894,0.19819244742393494,0.6179540753364563,4.7138291847659275e-06,0.0009844780433923006,1.8032008597401727e-07,0.5259268879890442,0.0794825628399849,0.007711113430559635,0.0812191516160965,546.5847778320312,611.7904052734375,1.6065993096251039,0.49063119292259216,0.007434701547026634,0.0014326851814985275,0.8396133184432983
PINN20260517-KimLayered,1,338,physics,0.5753455758094788,0.08429579436779022,0.29946184158325195,0.07187368720769882,0.09310881048440933,0.09941332042217255,0.2804718017578125,0.14900223910808563,0.19778533279895782,0.6184939742088318,4.310109943617135e-06,0.0008805067045614123,1.7914877048497146e-07,0.5257514119148254,0.07955343276262283,0.007721964735537767,0.08106917887926102,543.6135864257812,607.6742553710938,1.599816828824638,0.4912547469139099,0.007395995780825615,0.0014246434438973665,0.8395490646362305
PINN20260517-KimLayered,1,342,physics,0.5695459246635437,0.08311264961957932,0.29675614833831787,0.07163465023040771,0.09180847555398941,0.09851893782615662,0.27958327531814575,0.14821989834308624,0.1972537785768509,0.6192101836204529,3.823548922810005e-06,0.0007565440610051155,1.7770666715932748e-07,0.5255273580551147,0.07964859902858734,0.0077375201508402824,0.08087561279535294,539.7606811523438,602.4512329101562,1.5950866907559402,0.4921034276485443,0.007345306687057018,0.0014141271822154522,0.8394635319709778
PINN20260517-KimLayered,1,345,physics,0.5651583671569824,0.08224733173847198,0.2947710156440735,0.07141168415546417,0.09084287285804749,0.09785393625497818,0.2780444324016571,0.14764253795146942,0.19686158001422882,0.6196805834770203,3.4757881621771958e-06,0.0006730430759489536,1.7698242515962193e-07,0.5253530144691467,0.07971378415822983,0.007748476695269346,0.0807267501950264,536.89501953125,598.677001953125,1.591321249962473,0.49274057149887085,0.007307315245270729,0.0014062603004276752,0.8393988609313965
PINN20260517-KimLayered,1,348,physics,0.5609647035598755,0.08143630623817444,0.29286620020866394,0.07147731631994247,0.08988656848669052,0.0971938967704773,0.2751004099845886,0.1470741629600525,0.19647347927093506,0.6201016902923584,3.1408578706759727e-06,0.0005962909781374037,1.7716186562211078e-07,0.5251763463020325,0.07977473735809326,0.007758769206702709,0.08057607710361481,534.052001953125,595.0145874023438,1.584780499564288,0.4933779835700989,0.007269288878887892,0.0013984090182930231,0.8393340706825256
PINN20260517-KimLayered,1,352,physics,0.5556610822677612,0.08037727326154709,0.29033035039901733,0.07167027145624161,0.0886332094669342,0.09632498770952225,0.2723962068557739,0.14632973074913025,0.19596818089485168,0.620713472366333,2.7281398615741637e-06,0.0005038073868490756,1.7701742649478547e-07,0.5249480605125427,0.07986088842153549,0.007773646153509617,0.08038237690925598,530.36572265625,590.3526000976562,1.576942586189373,0.49424129724502563,0.0072195022366940975,0.0013881175545975566,0.8392472267150879
PINN20260517-KimLayered,1,355,physics,0.5512936115264893,0.0794837549328804,0.28821560740470886,0.07098101079463959,0.08771049231290817,0.09568268060684204,0.2741159200668335,0.145779088139534,0.19559961557388306,0.6212586164474487,2.4484961613779888e-06,0.0004422342753969133,1.7411188935056998e-07,0.5247762799263,0.07993312925100327,0.00778650026768446,0.08024314045906067,527.6578979492188,586.9999389648438,1.5750895416900257,0.4948998987674713,0.0071834372356534,0.0013805850176140666,0.839180588722229
PINN20260517-KimLayered,1,358,physics,0.5471652150154114,0.0786915197968483,0.28631314635276794,0.07072616368532181,0.08679157495498657,0.09504203498363495,0.27251458168029785,0.14523845911026,0.1952345073223114,0.6216517686843872,2.172327640437288e-06,0.00038689118809998035,1.733277059656757e-07,0.5245958566665649,0.07999282330274582,0.007796851452440023,0.08009473234415054,524.9480590820312,583.732666015625,1.571569643267305,0.49554765224456787,0.0071466173976659775,0.001372962142340839,0.8391140699386597
PINN20260517-KimLayered,1,361,physics,0.5432189106941223,0.07795368134975433,0.28449302911758423,0.07081236690282822,0.08588772267103195,0.09440606087446213,0.26913556456565857,0.14470604062080383,0.19487477838993073,0.622003436088562,1.9125182006973773e-06,0.0003362827410455793,1.7372879312915757e-07,0.5244240760803223,0.08005061000585556,0.007806503679603338,0.0799480676651001,522.28125,580.6040649414062,1.5649894164878755,0.4961947202682495,0.007110057398676872,0.0013654121430590749,0.8390481472015381
PINN20260517-KimLayered,1,365,physics,0.5382081270217896,0.07697366923093796,0.28203538060188293,0.07088128477334976,0.08471222221851349,0.0935685783624649,0.2668018341064453,0.144004225730896,0.1944083720445633,0.6225519180297852,1.6021017472667154e-06,0.00027569630765356123,1.7330071955257154e-07,0.5242144465446472,0.08013671636581421,0.00782090425491333,0.07976503670215607,518.8272705078125,576.6640625,1.558348124403925,0.4970712661743164,0.00706274202093482,0.0013556149788200855,0.838960587978363
PINN20260517-KimLayered,1,368,physics,0.5341168642044067,0.0761486291885376,0.2799980938434601,0.07018532603979111,0.08384719491004944,0.0929478257894516,0.2685897946357727,0.14348609745502472,0.19406715035438538,0.623008131980896,1.3937786889073323e-06,0.000236192048760131,1.7037434929534356e-07,0.5240544080734253,0.08020561188459396,0.00783248245716095,0.07963094860315323,516.2599487304688,573.8046875,1.5569019202706311,0.49773257970809937,0.007028280291706324,0.0013484196970239282,0.8388936519622803
PINN20260517-KimLayered,1,371,physics,0.5302201509475708,0.07541772723197937,0.2781607508659363,0.06990078091621399,0.08298647403717041,0.09232780337333679,0.2670183777809143,0.1429751068353653,0.19372810423374176,0.6233099699020386,1.1918334621441318e-06,0.0002018069790210575,1.695735392104325e-07,0.5238880515098572,0.0802622064948082,0.007841299287974834,0.0794881135225296,513.7008666992188,571.0277709960938,1.5543668959404253,0.49838119745254517,0.0069930823519825935,0.0013411411782726645,0.8388268947601318
PINN20260517-KimLayered,1,375,physics,0.5253019332885742,0.07445544004440308,0.2756607234477997,0.06988539546728134,0.08186805248260498,0.09151056408882141,0.2653041481971741,0.14230488240718842,0.19328728318214417,0.6237592101097107,9.56059693635325e-07,0.00016029136895667762,1.6864821361650684e-07,0.5236883163452148,0.08034611493349075,0.007853838615119457,0.0793098732829094,510.4084167480469,567.5787353515625,1.5494217519911466,0.4992540180683136,0.006947434041649103,0.0013316721888259053,0.838738739490509
PINN20260517-KimLayered,1,378,physics,0.5217449069023132,0.07382631301879883,0.27399304509162903,0.06992881745100021,0.08103906363248825,0.09090214967727661,0.2617296874523163,0.14180795848369598,0.19296309351921082,0.6240490078926086,7.958087167025951e-07,0.0001334084226982668,1.6921987366913527e-07,0.5235397815704346,0.08040657639503479,0.007862463593482971,0.07917651534080505,507.9588928222656,565.0523681640625,1.5456657613649758,0.49990999698638916,0.00691310316324234,0.0013246102025732398,0.8386725187301636
PINN20260517-KimLayered,1,381,physics,0.5179151296615601,0.07305996865034103,0.2720208764076233,0.06941103935241699,0.08022113889455795,0.09029873460531235,0.26296666264533997,0.1413172334432602,0.19264495372772217,0.6243767738342285,6.542805408571439e-07,0.00011012882896466181,1.6681234171755932e-07,0.523378312587738,0.08046936243772507,0.007871238514780998,0.0790419727563858,505.4718933105469,562.505126953125,1.5406336881590907,0.5005622506141663,0.0068795583210885525,0.00131763587705791,0.8386042714118958
PINN20260517-KimLayered,1,384,physics,0.5142703652381897,0.07238193601369858,0.27022895216941833,0.06924719363451004,0.07940960675477982,0.08969743549823761,0.2612271010875702,0.14083249866962433,0.19233010709285736,0.6246074438095093,5.23765891102812e-07,9.034025424625725e-05,1.6617714493349922e-07,0.5232151746749878,0.08052483946084976,0.007878175005316734,0.07890341430902481,503.05535888671875,560.1050415039062,1.5377908551004702,0.5012074708938599,0.006845620460808277,0.001310635474510491,0.838536262512207
PINN20260517-KimLayered,1,388,physics,0.5094794631004333,0.07151714712381363,0.2679121792316437,0.06909220665693283,0.07835231721401215,0.0889044925570488,0.2578126788139343,0.1401924192905426,0.1919209361076355,0.6249526739120483,3.7753960668851505e-07,6.715467316098511e-05,1.6617136111563013e-07,0.5230186581611633,0.08060682564973831,0.007888217456638813,0.07873106002807617,499.9375305175781,557.1358032226562,1.534304408305764,0.5020776987075806,0.006801404058933258,0.001301512005738914,0.8384462594985962
PINN20260517-KimLayered,1,391,physics,0.5062330961227417,0.07090910524129868,0.2662326991558075,0.06916686147451401,0.07756812125444412,0.08831428736448288,0.25599971413612366,0.13971814513206482,0.1916198879480362,0.625169038772583,2.837312251813273e-07,5.318035982782021e-05,1.6601791230641538e-07,0.5228654742240906,0.08066558837890625,0.007894868031144142,0.0785999596118927,497.5469055175781,554.855712890625,1.526329703849279,0.502726674079895,0.006768396589905024,0.0012947075301781297,0.8383782505989075
PINN20260517-KimLayered,1,394,physics,0.5025490522384644,0.0701921358704567,0.2643117606639862,0.06855001300573349,0.07679460197687149,0.08772951364517212,0.25727835297584534,0.13924850523471832,0.19132518768310547,0.6254227757453918,2.0611143725091097e-07,4.144510967307724e-05,1.634117126059209e-07,0.5227046012878418,0.0807282030582428,0.007901842705905437,0.07847010344266891,495.21112060546875,552.682373046875,1.5245500119454738,0.5033738613128662,0.006736238021403551,0.0012880078284069896,0.8383083939552307
PINN20260517-KimLayered,1,397,physics,0.49909940361976624,0.06955460458993912,0.26255643367767334,0.0683511346578598,0.0760287344455719,0.08714784681797028,0.2559666633605957,0.13878153264522552,0.19103392958641052,0.6255996227264404,1.405975069701526e-07,3.1686675356468186e-05,1.625480479106045e-07,0.522545337677002,0.08078693598508835,0.007907371036708355,0.07833921164274216,492.9222106933594,550.6231689453125,1.5231521099718073,0.5040156245231628,0.006703942082822323,0.001281323260627687,0.8382390141487122
PINN20260517-KimLayered,1,401,physics,0.4945676922798157,0.0687146857380867,0.26022103428840637,0.0681597888469696,0.07502679526805878,0.08638045191764832,0.254079133272171,0.13816499710083008,0.190654456615448,0.625844419002533,7.49126485288798e-08,2.0785497326869518e-05,1.6155188120592356e-07,0.5223389267921448,0.0808701291680336,0.007914602756500244,0.07817123830318451,489.9183044433594,547.990234375,1.5192974947554991,0.5048712491989136,0.006661630235612392,0.001272566500119865,0.8381463885307312
PINN20260517-KimLayered,1,404,physics,0.49129775166511536,0.0681586042046547,0.25864607095718384,0.06806184351444244,0.07427913695573807,0.08580810576677322,0.251015841960907,0.13770630955696106,0.19037336111068726,0.6259436011314392,3.87513026112174e-08,1.4765245396120008e-05,1.6172340622233605e-07,0.5221719145774841,0.08092629164457321,0.007918327115476131,0.0780402198433876,487.6495666503906,546.00390625,1.5162542157084289,0.5055051445960999,0.00662952521815896,0.0012659839121624827,0.8380760550498962
PINN20260517-KimLayered,1,407,physics,0.4880080223083496,0.06755847483873367,0.2569623589515686,0.06782085448503494,0.07354085147380829,0.08523977547883987,0.24991044402122498,0.13724961876869202,0.19009697437286377,0.6260444521903992,1.489566958667865e-08,1.0041050700237975e-05,1.6076019448973966e-07,0.5219974517822266,0.08098302781581879,0.00792169664055109,0.07790938019752502,485.3719787597656,544.032470703125,1.5100058918361992,0.506134033203125,0.006597856990993023,0.0012594687286764383,0.8380048871040344
PINN20260517-KimLayered,1,411,physics,0.4836384356021881,0.06676078587770462,0.25470492243766785,0.06756775081157684,0.07257542759180069,0.08448800444602966,0.24816498160362244,0.13664326071739197,0.1897364854812622,0.6261770725250244,6.569856880744851e-10,5.272079761198256e-06,1.596503409473371e-07,0.5217700600624084,0.08106136322021484,0.007925931364297867,0.07774163782596588,482.4192199707031,541.6094360351562,1.5049552726548001,0.5069712996482849,0.006556324660778046,0.0012509189546108246,0.8379101753234863
PINN20260517-KimLayered,1,414,physics,0.4800555109977722,0.06608317792415619,0.2528488039970398,0.06698767095804214,0.07186596095561981,0.08392874896526337,0.2486223578453064,0.13618861138820648,0.18947279453277588,0.6263142228126526,0.0,2.736051783358562e-06,1.575244255036523e-07,0.5215975642204285,0.08112437278032303,0.007929430343210697,0.07762137055397034,480.2218322753906,539.8590087890625,1.501885598920596,0.507598340511322,0.006526005920022726,0.0012446352047845721,0.8378386497497559
PINN20260517-KimLayered,1,417,physics,0.47681233286857605,0.06549110263586044,0.2511560916900635,0.06676275283098221,0.07115975767374039,0.08336994051933289,0.247537761926651,0.13573412597179413,0.18921113014221191,0.6263665556907654,0.0,1.2091271628378308e-06,1.565184675200726e-07,0.5214114785194397,0.08118068426847458,0.007931379601359367,0.07749731838703156,478.04119873046875,538.1670532226562,1.502308507807222,0.5082175731658936,0.006495373323559761,0.0012383314315229654,0.8377668857574463
PINN20260517-KimLayered,1,420,physics,0.47363948822021484,0.0649043396115303,0.24945864081382751,0.06667954474687576,0.07046093046665192,0.08281181007623672,0.24625177681446075,0.135280579328537,0.18895265460014343,0.6263929009437561,0.0,3.474968934824574e-07,1.5570898881378525e-07,0.5212113261222839,0.08123475313186646,0.007932518608868122,0.07737310230731964,475.8171691894531,536.4432983398438,1.4956506406653531,0.5088303685188293,0.0064648790284991264,0.0012320653768256307,0.8376947045326233
PINN20260517-KimLayered,1,424,physics,0.46921679377555847,0.06413844972848892,0.2472521960735321,0.06631812453269958,0.06954213976860046,0.08206801116466522,0.24341391026973724,0.13467247784137726,0.18861566483974457,0.626422107219696,0.0,1.1215376717610415e-11,1.5515436757596035e-07,0.5209227204322815,0.08130783587694168,0.007933798246085644,0.07721346616744995,472.9378662109375,534.34765625,1.493896613769178,0.5096462368965149,0.006424634717404842,0.001223818864673376,0.8375982642173767
PINN20260517-KimLayered,1,427,physics,0.4661067724227905,0.06359297037124634,0.24563241004943848,0.06615098565816879,0.0688597783446312,0.08150730282068253,0.24166665971279144,0.13421489298343658,0.1883675754070282,0.6264134645462036,0.0,1.1191187733461394e-11,1.5471418635115697e-07,0.5206722617149353,0.08136116713285446,0.00793416053056717,0.07709530740976334,470.7533874511719,532.78955078125,1.4924539375867376,0.5102524757385254,0.006394644733518362,0.0012176790041849017,0.8375253081321716
PINN20260517-KimLayered,1,430,physics,0.4631451368331909,0.06306099891662598,0.24401138722896576,0.0661846473813057,0.06818213313817978,0.08093921095132828,0.23990952968597412,0.13375605642795563,0.18812140822410583,0.6263548731803894,0.0,1.1170783048575217e-11,1.544136836173493e-07,0.5203763246536255,0.08141139894723892,0.007933453656733036,0.07697784900665283,468.49627685546875,531.192626953125,1.4840139552374287,0.5108481049537659,0.0063646892085671425,0.0012115525314584374,0.8374519348144531
PINN20260517-KimLayered,1,433,physics,0.4595910310745239,0.06239094212651253,0.2420768141746521,0.0655507817864418,0.06751900166273117,0.08036153018474579,0.2408486008644104,0.1332933008670807,0.18788136541843414,0.6263806819915771,0.0,1.113628286808499e-11,1.5185668189587886e-07,0.5200203061103821,0.08147139102220535,0.007933763787150383,0.07687350362539291,466.271240234375,529.7518920898438,1.4823102755512565,0.5114399790763855,0.006335834972560406,0.0012055819388478994,0.8373778462409973
PINN20260517-KimLayered,1,437,physics,0.4555659294128418,0.06159090995788574,0.23956069350242615,0.06561864912509918,0.06664462387561798,0.07954737544059753,0.24135315418243408,0.13267147541046143,0.18756087124347687,0.6263209581375122,0.0,1.1095860341647779e-11,1.4987539032063069e-07,0.5193495154380798,0.08154849708080292,0.007932154461741447,0.07674936950206757,463.1600646972656,527.885009765625,1.482181267620027,0.5122038125991821,0.006297167856246233,0.0011976397363469005,0.8372796177864075
PINN20260517-KimLayered,1,440,physics,0.45167580246925354,0.061037227511405945,0.2377205789089203,0.06524933129549026,0.06599113345146179,0.07885557413101196,0.23522314429283142,0.1321987360715866,0.18731550872325897,0.6261089444160461,0.0,1.1084069426181564e-11,1.512079705889846e-07,0.5185171961784363,0.0815955176949501,0.007927668280899525,0.0766783133149147,460.5524597167969,526.4630737304688,1.4798125216150328,0.5127437114715576,0.006267094518989325,0.0011915891664102674,0.8372073769569397
PINN20260517-KimLayered,1,443,physics,0.44728246331214905,0.060278862714767456,0.23506036400794983,0.06452485173940659,0.06535693258047104,0.07798198610544205,0.23491454124450684,0.1317128837108612,0.18707449734210968,0.6260126233100891,0.0,1.105536755890979e-11,1.4939215020604024e-07,0.5169305801391602,0.08165959268808365,0.007924304343760014,0.07669509202241898,457.3981018066406,524.90576171875,1.4730778468514185,0.5132591128349304,0.006238197907805443,0.001185719738714397,0.8371362090110779
PINN20260517-KimLayered,1,447,physics,0.4398084580898285,0.05920520797371864,0.228970468044281,0.06348322331905365,0.06453864276409149,0.07589545100927353,0.23389743268489838,0.13100168108940125,0.18674500286579132,0.62576824426651,0.0,1.1029384003324871e-11,1.4713047846726113e-07,0.5103981494903564,0.0817614495754242,0.007915152236819267,0.07723716646432877,453.31988525390625,522.1097412109375,1.4657365054113005,0.5138205885887146,0.006199278868734837,0.0011779057094827294,0.8370494246482849
PINN20260517-KimLayered,1,450,physics,0.4353032112121582,0.05889953672885895,0.2236199527978897,0.06290026754140854,0.06401858478784561,0.07403559982776642,0.23207655549049377,0.13040661811828613,0.18645848333835602,0.6254168152809143,0.0,1.1032607986904974e-11,1.4572533757473138e-07,0.5034379959106445,0.08187960833311081,0.007899049669504166,0.07807406038045883,449.5209655761719,522.308349609375,1.4706256196259346,0.5139778256416321,0.006169774569571018,0.0011720354668796062,0.8370020389556885
PINN20260517-KimLayered,1,453,physics,0.42784130573272705,0.05693745240569115,0.22142547369003296,0.06317666172981262,0.06360290944576263,0.07337828725576401,0.22880569100379944,0.12992681562900543,0.18611536920070648,0.62473064661026,0.0,1.1082271385298714e-11,1.469571344614451e-07,0.5070664882659912,0.08203447610139847,0.007870113477110863,0.07747562229633331,442.70440673828125,523.8840942382812,1.469810912525831,0.5137913823127747,0.006138736382126808,0.0011658862931653857,0.8369672894477844
PINN20260517-KimLayered,1,456,physics,0.41971203684806824,0.05528915673494339,0.21605387330055237,0.06250424683094025,0.06309008598327637,0.07163179665803909,0.23055532574653625,0.12932278215885162,0.18578718602657318,0.6239838600158691,0.0,1.1138808625466012e-11,1.4373986800819694e-07,0.5046781897544861,0.08219645172357559,0.007838924415409565,0.0776112824678421,436.260986328125,522.6156005859375,1.4671340229379317,0.5134772658348083,0.006105696316808462,0.0011593768140301108,0.8369107246398926
PINN20260517-KimLayered,1,460,physics,0.4078035354614258,0.052922070026397705,0.206709623336792,0.0627373531460762,0.062300391495227814,0.06849610805511475,0.23273110389709473,0.12841834127902985,0.18535293638706207,0.6231573224067688,0.0,1.1152665596592115e-11,1.4103129331033415e-07,0.49956002831459045,0.08247698843479156,0.007800741586834192,0.07806120812892914,425.601806640625,522.203857421875,1.4727196703644962,0.5128838419914246,0.00606178492307663,0.0011506772134453058,0.8368054628372192
PINN20260517-KimLayered,1,463,physics,0.39709940552711487,0.05099102854728699,0.20078113675117493,0.06173151358962059,0.06160443648695946,0.06635605543851852,0.2248665988445282,0.1277734488248825,0.1849966049194336,0.6223082542419434,0.0,1.118250544246413e-11,1.441865862261693e-07,0.4978930354118347,0.08269838243722916,0.007769681513309479,0.07801251858472824,418.0606384277344,519.98046875,1.4643404646005722,0.5122374296188354,0.006026537157595158,0.0011437416542321444,0.836703896522522
PINN20260517-KimLayered,1,466,physics,0.38660165667533875,0.048744551837444305,0.19493991136550903,0.06104207783937454,0.06082446128129959,0.06453359127044678,0.22460198402404785,0.12720374763011932,0.18460622429847717,0.6215733885765076,0.0,1.1198649646493308e-11,1.4204516673999024e-07,0.4976884722709656,0.08294345438480377,0.007742302026599646,0.07764005661010742,408.339111328125,518.2039794921875,1.4602105717629603,0.5114569067955017,0.005991765763610601,0.0011366956168785691,0.8365765810012817
PINN20260517-KimLayered,1,470,physics,0.37430596351623535,0.04626572132110596,0.18723419308662415,0.06066301837563515,0.05968717858195305,0.0619938038289547,0.2232775241136551,0.12639185786247253,0.18410617113113403,0.6206259727478027,0.0,3.951112148570246e-08,1.407761516247774e-07,0.4961734116077423,0.08329320698976517,0.007714848034083843,0.07731743901968002,398.1802062988281,514.8327026367188,1.4522726923217357,0.5103088021278381,0.005945676472038031,0.0011273468844592571,0.8363800048828125
PINN20260517-KimLayered,1,473,physics,0.3666931986808777,0.04469706863164902,0.1823093146085739,0.06062941998243332,0.058805759996175766,0.0603783018887043,0.2237708568572998,0.12578001618385315,0.18375767767429352,0.6200097799301147,0.0,2.249277173405062e-07,1.3921190600285627e-07,0.4951808452606201,0.08357106149196625,0.007702438160777092,0.07702837884426117,391.94476318359375,512.3246459960938,1.4570611275721963,0.5094152092933655,0.0059122429229319096,0.0011205151677131653,0.8362175226211548
PINN20260517-KimLayered,1,476,physics,0.3602997660636902,0.043525394052267075,0.178705632686615,0.060409728437662125,0.057901374995708466,0.059038400650024414,0.22013765573501587,0.12521421909332275,0.1833987981081009,0.6192390322685242,0.0,8.888832212505804e-07,1.4016387694937293e-07,0.49417632818222046,0.08382736891508102,0.007694208528846502,0.07669685781002045,386.5918884277344,509.7050476074219,1.4508037221832129,0.5085081458091736,0.005877945572137833,0.0011135995155200362,0.8360469341278076
PINN20260517-KimLayered,1,479,physics,0.354610413312912,0.04233880341053009,0.17519128322601318,0.06043292209506035,0.057028837502002716,0.05795493721961975,0.22082474827766418,0.12464597821235657,0.18305249512195587,0.6186892986297607,0.0,1.6315509583364474e-06,1.379552827529551e-07,0.4930421710014343,0.08408583700656891,0.007692508399486542,0.0763949304819107,382.12005615234375,507.21832275390625,1.4400040815894846,0.5076448917388916,0.005845468025654554,0.001106967800296843,0.8358724117279053
PINN20260517-KimLayered,1,483,physics,0.3488139808177948,0.041189245879650116,0.17212791740894318,0.060250405222177505,0.055932819843292236,0.056949540972709656,0.21981433033943176,0.12399578839540482,0.18259812891483307,0.6180710196495056,0.0,2.604998826427618e-06,1.363779063012771e-07,0.49173885583877563,0.08441490679979324,0.0076972427777945995,0.07596994191408157,377.1728820800781,503.9102783203125,1.4397091042201757,0.506624698638916,0.005803543608635664,0.001098529901355505,0.8356448411941528
PINN20260517-KimLayered,1,486,physics,0.3448985815048218,0.04054754599928856,0.1706443428993225,0.05969690904021263,0.055154766887426376,0.056383196264505386,0.21568045020103455,0.12348131090402603,0.18224601447582245,0.6175004243850708,0.0,4.137727501074551e-06,1.3669527731963171e-07,0.49075832962989807,0.08462794125080109,0.007702905684709549,0.07565487176179886,374.0704040527344,501.8177795410156,1.4388483067943008,0.5059529542922974,0.005772181320935488,0.0010923242662101984,0.8354811668395996
PINN20260517-KimLayered,1,489,physics,0.3416227400302887,0.03992011398077011,0.16920754313468933,0.05965367332100868,0.05442861095070839,0.055928610265254974,0.2136913537979126,0.12294711917638779,0.18190445005893707,0.6169732809066772,0.0,6.0424531511671375e-06,1.3601624004877522e-07,0.48974770307540894,0.08482407033443451,0.007710202597081661,0.07537420839071274,371.35186767578125,499.90350341796875,1.430726913594128,0.5053826570510864,0.005742241628468037,0.0010863917414098978,0.8353258371353149
PINN20260517-KimLayered,1,492,physics,0.3388086259365082,0.03939243406057358,0.16806426644325256,0.05974165350198746,0.05374974384903908,0.05554452911019325,0.2110901176929474,0.12241438776254654,0.1815631091594696,0.616487979888916,0.0,7.986272066773381e-06,1.359118897426015e-07,0.4887399673461914,0.0850052535533905,0.007718464359641075,0.07513298094272614,368.9741516113281,497.98162841796875,1.4243944061390188,0.5049315094947815,0.0057136802934110165,0.0010807764483615756,0.8351817727088928
PINN20260517-KimLayered,1,496,physics,0.3352350890636444,0.03869856148958206,0.16690750420093536,0.0593167208135128,0.05287465080618858,0.05507861450314522,0.209824800491333,0.12169839441776276,0.18109337985515594,0.6158912777900696,0.0,1.116297789849341e-05,1.3384024555307406e-07,0.4865851402282715,0.08521566540002823,0.007729079574346542,0.07508119940757751,366.0910339355469,495.3835144042969,1.4199178160377586,0.5044953227043152,0.005677241366356611,0.0010736578842625022,0.8350048065185547
PINN20260517-KimLayered,1,499,physics,0.33268460631370544,0.03817310184240341,0.1656436175107956,0.059322789311409,0.052231565117836,0.054729338735342026,0.20997896790504456,0.12121150642633438,0.18074236810207367,0.6154701709747314,0.0,1.4088609532336704e-05,1.3176494917388482e-07,0.48575732111930847,0.08535219728946686,0.007736407220363617,0.07482670247554779,363.7535705566406,492.3631896972656,1.4183547513532373,0.5042701959609985,0.0056512304581701756,0.0010685666929930449,0.8348840475082397
PINN20260517-KimLayered,1,502,physics,0.3298288881778717,0.03770283982157707,0.16455921530723572,0.059147387742996216,0.05155470222234726,0.05435355007648468,0.20651336014270782,0.1207355260848999,0.1803903728723526,0.6150014996528625,0.0,1.6480929843964987e-05,1.3160034484371863e-07,0.48489782214164734,0.08547527343034744,0.007743095047771931,0.07458817213773727,361.2386779785156,487.5384216308594,1.4135507693549383,0.50413978099823,0.005626160651445389,0.0010637147352099419,0.8347741961479187
PINN20260517-KimLayered,1,506,physics,0.32587283849716187,0.03695876896381378,0.16275319457054138,0.059420954436063766,0.050446346402168274,0.053759124130010605,0.20336872339248657,0.12017523497343063,0.1799163818359375,0.6143681406974792,0.0,1.7614971511648037e-05,1.312150743615348e-07,0.4837954342365265,0.08562155812978745,0.0077506606467068195,0.07419069111347198,356.85614013671875,475.33990478515625,1.4015429851617403,0.5040789246559143,0.005594168324023485,0.0010575548512861133,0.8346409201622009
PINN20260517-KimLayered,1,509,physics,0.32118192315101624,0.03597710654139519,0.160744771361351,0.059331633150577545,0.049067120999097824,0.05313409864902496,0.20311467349529266,0.11977841705083847,0.17955338954925537,0.6140135526657104,0.0,1.3106293408782221e-05,1.2868521537257038e-07,0.482081800699234,0.08572925627231598,0.00775539968162775,0.07396669685840607,350.96295166015625,459.1624450683594,1.384109996117438,0.504115104675293,0.0055717709474265575,0.001053233863785863,0.8345497250556946
PINN20260517-KimLayered,1,512,physics,0.31299659609794617,0.034172266721725464,0.15704801678657532,0.060460083186626434,0.04571864381432533,0.051879238337278366,0.20243024826049805,0.11956273019313812,0.17918486893177032,0.6137863397598267,0.0,1.1552094747457886e-06,1.2634221491225617e-07,0.4788348078727722,0.08585482090711594,0.007759612984955311,0.07357003539800644,338.2586364746094,485.9315490722656,1.4146629812247706,0.5042471289634705,0.005551520735025406,0.0010493660811334848,0.8344699144363403
PINN20260517-KimLayered,1,515,physics,0.30228880047798157,0.0324542336165905,0.1474369764328003,0.06606566160917282,0.03740445524454117,0.04855915531516075,0.19914698600769043,0.12015385925769806,0.17882758378982544,0.6139273643493652,0.0,1.0313644903392483e-11,1.2472352750592108e-07,0.4715648293495178,0.08606038987636566,0.007763843517750502,0.07228706777095795,334.11358642578125,654.6149291992188,1.5438954698169447,0.5045726895332336,0.005536888726055622,0.0010465857340022922,0.8344092965126038
PINN20260517-KimLayered,1,519,physics,0.2933467626571655,0.031212393194437027,0.14023110270500183,0.06465116143226624,0.035625968128442764,0.04642073065042496,0.1983349472284317,0.1199416071176529,0.17832814157009125,0.6146478056907654,0.0,9.91802473482295e-12,1.2697316265075642e-07,0.4695759117603302,0.08643173426389694,0.007759211119264364,0.07247999310493469,327.60870361328125,527.5130615234375,1.4328728908977868,0.5053384900093079,0.005526472814381123,0.0010440032929182053,0.834325909614563
PINN20260517-KimLayered,1,522,physics,0.28541964292526245,0.029498077929019928,0.1381942331790924,0.06215610355138779,0.03487201780080795,0.04568421468138695,0.19905579090118408,0.11971797794103622,0.1777714192867279,0.6114016771316528,0.0,4.5311062422115356e-06,1.234756865642339e-07,0.4699726104736328,0.08620324730873108,0.007718092296272516,0.07202368229627609,317.9202575683594,522.56591796875,1.4256144027719382,0.5050461888313293,0.005489231552928686,0.001036648522131145,0.8342140316963196
PINN20260517-KimLayered,1,525,physics,0.2840505540370941,0.029598940163850784,0.1377905160188675,0.060955729335546494,0.03437754511833191,0.04546761512756348,0.19505071640014648,0.11964922398328781,0.1773311197757721,0.6092668175697327,0.0,4.7369620006065816e-05,1.2176765551430435e-07,0.4699649214744568,0.08611489087343216,0.007689949590712786,0.07152427732944489,316.841796875,495.1824035644531,1.4130905203680886,0.5050020217895508,0.005463217385113239,0.00103146699257195,0.8341559171676636
PINN20260517-KimLayered,1,528,physics,0.2817600965499878,0.029303569346666336,0.13618841767311096,0.059860628098249435,0.034208282828330994,0.04514797776937485,0.1957346796989441,0.11902645230293274,0.1769939363002777,0.6098980903625488,0.0,6.404805753845721e-05,1.2395474868753809e-07,0.4707965850830078,0.08637687563896179,0.00769082922488451,0.0722828134894371,320.65423583984375,472.0959167480469,1.3909493473767591,0.5056538581848145,0.005462336353957653,0.0010308815399184823,0.8341707587242126
PINN20260517-KimLayered,1,532,physics,0.27747830748558044,0.028504017740488052,0.13419687747955322,0.059904493391513824,0.033579692244529724,0.044409334659576416,0.19170382618904114,0.11894096434116364,0.17620620131492615,0.6076574921607971,0.0,0.00010282763105351478,1.2282606576263788e-07,0.46987050771713257,0.08628402650356293,0.0076744165271520615,0.07186446338891983,312.8944396972656,498.3077392578125,1.4038319511632564,0.5057883858680725,0.005434262100607157,0.0010255023371428251,0.8341505527496338
PINN20260517-KimLayered,1,535,physics,0.27464190125465393,0.028033465147018433,0.1310291290283203,0.06042592227458954,0.033067405223846436,0.04340473562479019,0.19328871369361877,0.118498794734478,0.17573432624340057,0.6068592071533203,0.0,0.00011558705591596663,1.2062768917076028e-07,0.46939167380332947,0.08625995367765427,0.007672551553696394,0.07191736996173859,310.21893310546875,493.5711669921875,1.4063503717813908,0.5060858130455017,0.005416647996753454,0.001022157957777381,0.834128737449646
PINN20260517-KimLayered,1,538,physics,0.270419180393219,0.02737133577466011,0.12874750792980194,0.059739191085100174,0.032512735575437546,0.04267594590783119,0.18978853523731232,0.1180661991238594,0.17537423968315125,0.6075265407562256,0.0,7.56649678805843e-05,1.212587079635341e-07,0.46811795234680176,0.08638668805360794,0.007686409167945385,0.07203737646341324,306.705078125,495.4981994628906,1.4148181113088123,0.506747305393219,0.0054083289578557014,0.0010206281440332532,0.8341056704521179
PINN20260517-KimLayered,1,542,physics,0.2652896046638489,0.026316536590456963,0.12568187713623047,0.06064094230532646,0.03106684237718582,0.041600245982408524,0.18835893273353577,0.11791982501745224,0.17471759021282196,0.6071212887763977,0.0,2.8394859327818267e-05,1.187465628049722e-07,0.46445485949516296,0.08637954294681549,0.007693939842283726,0.0711640864610672,299.1361389160156,509.65679931640625,1.4245674420972974,0.5072969794273376,0.005386209115386009,0.0010165345156565309,0.8340173363685608
PINN20260517-KimLayered,1,545,physics,0.2609463334083557,0.02565636858344078,0.12254174053668976,0.06060539558529854,0.02998485416173935,0.04047693312168121,0.18679437041282654,0.11751074343919754,0.17424890398979187,0.606849193572998,0.0,1.708710078673903e-05,1.1872162986037438e-07,0.46179965138435364,0.08639630675315857,0.007699640933424234,0.07094886898994446,295.3825378417969,496.3676452636719,1.4059629447676365,0.507739782333374,0.005372600629925728,0.0010138353100046515,0.8339443802833557
PINN20260517-KimLayered,1,548,physics,0.2562873959541321,0.024819090962409973,0.11938610672950745,0.060697782784700394,0.02854185737669468,0.03939516097307205,0.18772296607494354,0.11716805398464203,0.17381581664085388,0.6067526340484619,0.0,6.190506610437296e-06,1.1767760099701263e-07,0.45792868733406067,0.08645325154066086,0.00770582864060998,0.07047322392463684,289.3110046386719,489.90411376953125,1.40315432296258,0.5081492066383362,0.005362493917346001,0.0010116916382685304,0.8338845372200012
PINN20260517-KimLayered,1,551,physics,0.24979627132415771,0.023777224123477936,0.11532244086265564,0.06092819571495056,0.02634032629430294,0.03788634017109871,0.18470101058483124,0.11699629575014114,0.17332148551940918,0.6063566207885742,0.0,5.6535093051479635e-08,1.1799470200912765e-07,0.4519093632698059,0.08650773018598557,0.007708082906901836,0.06933463364839554,280.94622802734375,481.54376220703125,1.3900058953050014,0.5084002614021301,0.0053529152646660805,0.0010096727637574077,0.8338532447814941
PINN20260517-KimLayered,1,555,physics,0.23853783309459686,0.021866317838430405,0.10804618895053864,0.06055307015776634,0.0231613852083683,0.0353420227766037,0.18394380807876587,0.11660217493772507,0.17261403799057007,0.6061449646949768,0.0,9.924032082220258e-12,1.1744758410259237e-07,0.44145333766937256,0.08667066693305969,0.007712336257100105,0.06787674874067307,268.38153076171875,453.23907470703125,1.358197821507118,0.508646547794342,0.005348887760192156,0.0010085178073495626,0.8339094519615173
PINN20260517-KimLayered,1,558,physics,0.22931133210659027,0.02021707221865654,0.10161382704973221,0.06013137847185135,0.020807022228837013,0.03318338841199875,0.18717047572135925,0.11625036597251892,0.17202970385551453,0.6055498123168945,1.6508000522108546e-09,1.0015287210674018e-11,1.148349824120487e-07,0.43192750215530396,0.0867946594953537,0.007710289675742388,0.06660884618759155,257.6873779296875,435.508056640625,1.3422519675409337,0.5085861086845398,0.005348416045308113,0.0010082164080813527,0.8340469598770142
PINN20260517-KimLayered,1,561,physics,0.2195426970720291,0.018705660477280617,0.09571760892868042,0.05918145552277565,0.018746841698884964,0.031078094616532326,0.18193058669567108,0.1158880963921547,0.17140719294548035,0.6042708158493042,1.1829917490047137e-08,6.758467634426779e-07,1.1609225936126677e-07,0.42272478342056274,0.0869024246931076,0.007703672628849745,0.06532991677522659,247.139404296875,423.3587646484375,1.332914835099676,0.5083070993423462,0.005348643288016319,0.0010083565721288323,0.8342858552932739
PINN20260517-KimLayered,1,565,physics,0.20767417550086975,0.01669815555214882,0.0873236432671547,0.058694880455732346,0.016437917947769165,0.028323007747530937,0.18074074387550354,0.11537196487188339,0.17048528790473938,0.6023922562599182,3.9402230811447225e-08,2.5166315026581287e-05,1.1626345042259345e-07,0.4137260913848877,0.08705373853445053,0.007695856038480997,0.06467831879854202,234.766357421875,416.99200439453125,1.3274131805685216,0.507793664932251,0.005352703854441643,0.001009610015898943,0.8347376585006714
PINN20260517-KimLayered,1,568,physics,0.20058324933052063,0.015556072816252708,0.0818493589758873,0.05863511934876442,0.015044452622532845,0.026556432247161865,0.17977142333984375,0.11503135412931442,0.16972334682941437,0.6004238128662109,5.318465667869532e-08,7.49125174479559e-05,1.16220959966995e-07,0.4088255763053894,0.08709229528903961,0.0076873451471328735,0.06429246813058853,227.38900756835938,418.67584228515625,1.3256854181779922,0.5073097348213196,0.0053530046716332436,0.0010102959349751472,0.835106372833252
PINN20260517-KimLayered,1,571,physics,0.19498741626739502,0.01470430102199316,0.07721862941980362,0.058416709303855896,0.013918370008468628,0.0251280777156353,0.18030786514282227,0.11470901221036911,0.16897572576999664,0.598656952381134,6.662862261919145e-08,0.00012771942419931293,1.1452912218601341e-07,0.40325966477394104,0.08709653466939926,0.007683726493269205,0.0637703388929367,222.82186889648438,417.33111572265625,1.3257883737447158,0.5069688558578491,0.00535421771928668,0.0010111647425219417,0.8354482054710388
PINN20260517-KimLayered,1,574,physics,0.19043999910354614,0.01415275875478983,0.07362491637468338,0.05811578035354614,0.01297102402895689,0.023888517171144485,0.1776532530784607,0.11430194228887558,0.16841870546340942,0.5971918702125549,8.374711768510679e-08,0.0001648249599384144,1.1532579691220235e-07,0.3970932364463806,0.08707699179649353,0.0076885526068508625,0.06330312788486481,219.31544494628906,413.3373718261719,1.3246147895133933,0.5069050788879395,0.005358097143471241,0.0010124939726665616,0.8357451558113098
PINN20260517-KimLayered,1,578,physics,0.18542538583278656,0.013600949198007584,0.06920116394758224,0.05757112801074982,0.011920368298888206,0.0224350243806839,0.1764010488986969,0.11394041031599045,0.16767878830432892,0.5951975584030151,9.422520008683932e-08,0.00019782678282354027,1.1489557039112697e-07,0.3898382782936096,0.08695186674594879,0.007700066082179546,0.06247755140066147,215.2798309326172,414.126708984375,1.3253848502923704,0.5070191025733948,0.005364163778722286,0.0010141941020265222,0.8360676169395447
PINN20260517-KimLayered,1,581,physics,0.18184712529182434,0.013153974898159504,0.06598256528377533,0.0572962649166584,0.011282486841082573,0.021402504295110703,0.17630167305469513,0.11347957700490952,0.16699792444705963,0.5934861302375793,8.623844394151092e-08,0.00023529179452452809,1.1401527189036642e-07,0.3862451910972595,0.08677607029676437,0.007709996309131384,0.06221416965126991,211.79547119140625,419.7179260253906,1.3328892815170845,0.5071663856506348,0.005368360318243504,0.0010152675677090883,0.8362733721733093
PINN20260517-KimLayered,1,584,physics,0.17818781733512878,0.012677917256951332,0.06299439817667007,0.057113561779260635,0.010729589499533176,0.020393535494804382,0.17431354522705078,0.11328853666782379,0.16637465357780457,0.5914769172668457,6.767946558738913e-08,0.0002820597728714347,1.1418308076827088e-07,0.3835969567298889,0.0865444764494896,0.007720328867435455,0.06192706525325775,207.3372802734375,427.0882568359375,1.3404392809822907,0.5073345303535461,0.00537141552194953,0.0010160997044295073,0.8364529013633728
PINN20260517-KimLayered,1,587,physics,0.1745232343673706,0.012116946280002594,0.06006443500518799,0.05685899779200554,0.010237817652523518,0.019455427303910255,0.17434217035770416,0.11290673911571503,0.16583873331546783,0.5893784761428833,4.959746391364206e-08,0.00032849382841959596,1.1322534021473984e-07,0.381268173456192,0.08629345148801804,0.00773307541385293,0.06159696355462074,202.6673126220703,435.0238952636719,1.3500333590522342,0.5075519680976868,0.005374398082494736,0.001016879454255104,0.8366060256958008
PINN20260517-KimLayered,1,591,physics,0.16980652511119843,0.011411132290959358,0.0564328096807003,0.056578993797302246,0.009589631110429764,0.01822471432387829,0.1732441782951355,0.11264128983020782,0.16504262387752533,0.5862194299697876,2.855557212910753e-08,0.00037940527545288205,1.128009401440977e-07,0.37808138132095337,0.08594127744436264,0.007753094658255577,0.06126745790243149,196.56935119628906,447.0115051269531,1.3632694021405756,0.5079070329666138,0.00537751242518425,0.0010178006486967206,0.8367745876312256
PINN20260517-KimLayered,1,594,physics,0.16641934216022491,0.010951036587357521,0.053807977586984634,0.05633736401796341,0.00910145416855812,0.017329640686511993,0.17182058095932007,0.11230340600013733,0.16456536948680878,0.5834043025970459,1.67719615973283e-08,0.0004095226468052715,1.1281250067440851e-07,0.37569472193717957,0.08567884564399719,0.007769168820232153,0.060959335416555405,192.10360717773438,456.16741943359375,1.3737046765288488,0.508173406124115,0.005378952249884605,0.001018362701870501,0.8368831872940063
PINN20260517-KimLayered,1,597,physics,0.16324719786643982,0.010486926883459091,0.051334261894226074,0.056089285761117935,0.008673087693750858,0.016505347564816475,0.1713869869709015,0.11206686496734619,0.1640743762254715,0.5801355838775635,9.557806990301287e-09,0.000445962039520964,1.1232308594344431e-07,0.3735300302505493,0.08543823659420013,0.0077864862978458405,0.060754407197237015,187.72879028320312,465.3029479980469,1.3838450931354873,0.5084275007247925,0.005380608141422272,0.0010189816821366549,0.8369882106781006
PINN20260517-KimLayered,1,601,physics,0.15926429629325867,0.009878411889076233,0.04831143468618393,0.055947910994291306,0.008188856765627861,0.01552191935479641,0.17055007815361023,0.11175958812236786,0.1633138507604599,0.5744167566299438,3.5850107327206615e-09,0.0005090759950689971,1.1190611104439085e-07,0.3710406720638275,0.08512695878744125,0.007807144429534674,0.06044168770313263,181.95745849609375,478.9300537109375,1.398303030288291,0.5086774230003357,0.005381636321544647,0.0010196049697697163,0.8371286988258362
PINN20260517-KimLayered,1,604,physics,0.15645356476306915,0.009462354704737663,0.046205244958400726,0.0558619387447834,0.007862504571676254,0.014833600260317326,0.16961097717285156,0.11152495443820953,0.16278797388076782,0.5688777565956116,1.220653578215547e-09,0.0005711238482035697,1.11881853115392e-07,0.36950042843818665,0.08489257842302322,0.007820677012205124,0.060317475348711014,177.93060302734375,489.23724365234375,1.410003600844696,0.5088223814964294,0.005381206050515175,0.001019848044961691,0.8372334837913513
PINN20260517-KimLayered,1,607,physics,0.15375663340091705,0.009079601615667343,0.04422304034233093,0.05570029467344284,0.00753966486081481,0.014189891517162323,0.16883787512779236,0.11129575967788696,0.16224005818367004,0.5623379349708557,2.302739665616116e-10,0.0006387861794792116,1.1174356018273102e-07,0.36767682433128357,0.08465654402971268,0.007833301089704037,0.06011158227920532,174.11956787109375,498.1448974609375,1.4196008303627223,0.5089617371559143,0.005379858892410994,0.0010199060197919607,0.8373342156410217
PINN20260517-KimLayered,1,610,physics,0.1511799693107605,0.008707993663847446,0.042419884353876114,0.055521946400403976,0.0072447555139660835,0.013604414649307728,0.16809700429439545,0.11108588427305222,0.16169965267181396,0.5552682876586914,0.0,0.0007178518571890891,1.1161854018837403e-07,0.3657846748828888,0.08441772311925888,0.00784531980752945,0.05990774929523468,170.508056640625,506.1677551269531,1.4285799962351313,0.5091066956520081,0.005377435591071844,0.0010197628289461136,0.8374326825141907
PINN20260517-KimLayered,1,614,physics,0.14795492589473724,0.008218269795179367,0.04026241600513458,0.055354684591293335,0.006905953865498304,0.012904902920126915,0.16703414916992188,0.11077560484409332,0.16097882390022278,0.5466733574867249,0.0,0.0008389726281166077,1.1147761114216337e-07,0.36365094780921936,0.08408278971910477,0.00785801000893116,0.059672869741916656,165.6986541748047,517.7915649414062,1.4421651497764627,0.5092656016349792,0.0053717209957540035,0.001019146991893649,0.8375635743141174
PINN20260517-KimLayered,1,617,physics,0.1457223743200302,0.007870993576943874,0.038721293210983276,0.05519499257206917,0.006679821759462357,0.01242308970540762,0.16654521226882935,0.11057736724615097,0.16041573882102966,0.5424391627311707,0.0,0.0009355119545944035,1.1117035825236599e-07,0.3625877797603607,0.083836629986763,0.007865619845688343,0.05957507714629173,162.16192626953125,526.5289916992188,1.4527976534896982,0.5093591809272766,0.005366900935769081,0.0010186155559495091,0.8376597166061401
PINN20260517-KimLayered,1,620,physics,0.1436474323272705,0.007554107345640659,0.03727949783205986,0.05506541207432747,0.006458105519413948,0.01196433138102293,0.165683776140213,0.11035633087158203,0.15989238023757935,0.5404791831970215,0.0,0.0010230098851025105,1.1113190367950665e-07,0.36137306690216064,0.08362060785293579,0.007873233407735825,0.05944899469614029,158.76834106445312,534.1547241210938,1.4624553720542934,0.5094466805458069,0.0053635952062904835,0.001018376904539764,0.8377509713172913
PINN20260517-KimLayered,1,624,physics,0.14108453691005707,0.007153189741075039,0.03546648472547531,0.05488014593720436,0.006179726682603359,0.011401453986763954,0.1648591160774231,0.1100885421037674,0.15919837355613708,0.539788544178009,0.0,0.0011266536312177777,1.1094045504478345e-07,0.35972657799720764,0.08339866250753403,0.007884040474891663,0.059275224804878235,154.4115447998047,543.6442260742188,1.4744411809256532,0.5095465779304504,0.005363192409276962,0.001018801354803145,0.837863564491272
PINN20260517-KimLayered,1,627,physics,0.13929784297943115,0.006864565424621105,0.03429510071873665,0.054776355624198914,0.005978114902973175,0.010975595563650131,0.1642346978187561,0.10989543795585632,0.15867550671100616,0.5393908023834229,0.0,0.0011831437004730105,1.1055241344593014e-07,0.3578064441680908,0.0832696408033371,0.00789122935384512,0.059088416397571564,152.3560333251953,550.6947021484375,1.4835809494708985,0.5095860958099365,0.005365224555134773,0.0010195646900683641,0.8379403352737427
PINN20260517-KimLayered,1,630,physics,0.13791581988334656,0.006673159543424845,0.03313102945685387,0.05461191385984421,0.005889363121241331,0.010852538049221039,0.16347135603427887,0.10970646888017654,0.15824070572853088,0.538790225982666,0.0,0.0012957811122760177,1.1119761467170974e-07,0.36004331707954407,0.08317077904939651,0.007898214273154736,0.0592237189412117,146.40621948242188,561.5029296875,1.4960541113542125,0.5096033215522766,0.0053688352927565575,0.0010206003207713366,0.8380129933357239
PINN20260517-KimLayered,1,633,physics,0.13730372488498688,0.006549151614308357,0.033371277153491974,0.05472881346940994,0.0056657930836081505,0.010357335209846497,0.16285791993141174,0.1100260317325592,0.15757937729358673,0.5380603075027466,0.0,0.0012293397448956966,1.089587229330391e-07,0.35140708088874817,0.08307363837957382,0.007903767749667168,0.05856988951563835,147.9434814453125,564.744384765625,1.4998334989863804,0.509609043598175,0.005373271182179451,0.0010218583047389984,0.8380697965621948
PINN20260517-KimLayered,1,637,physics,0.1347624659538269,0.006187280640006065,0.03107457235455513,0.05429382249712944,0.0055880360305309296,0.010275102220475674,0.16204284131526947,0.1092921569943428,0.1571570783853531,0.537412166595459,0.0,0.0014186225598677993,1.109950460431719e-07,0.35855424404144287,0.08299916982650757,0.00791429728269577,0.058985427021980286,141.2376708984375,575.19482421875,1.5139202449228533,0.5096299052238464,0.00538036972284317,0.001023602206259966,0.8381498456001282
PINN20260517-KimLayered,1,640,physics,0.13348573446273804,0.005966407712548971,0.030291978269815445,0.05422331392765045,0.005462404806166887,0.010020116344094276,0.16132035851478577,0.10953651368618011,0.15664879977703094,0.5370743274688721,0.0,0.00145213573705405,1.1093753471413947e-07,0.3575264513492584,0.08293505012989044,0.00792069174349308,0.0588369257748127,137.80361938476562,582.9005737304688,1.521334876730584,0.509634256362915,0.005385354161262512,0.0010248977923765779,0.8381996750831604
PINN20260517-KimLayered,1,643,physics,0.1321379840373993,0.0057383812963962555,0.02944782003760338,0.054125383496284485,0.005336974281817675,0.009713249281048775,0.1607397496700287,0.10959580540657043,0.15619318187236786,0.5368151068687439,0.0,0.0014763110084459186,1.1057664295321956e-07,0.35630619525909424,0.08286654949188232,0.007926275953650475,0.05873315781354904,135.0199432373047,590.1128540039062,1.528969657044526,0.509630024433136,0.00538956094533205,0.0010260489070788026,0.8382464647293091
PINN20260517-KimLayered,1,646,physics,0.1308017373085022,0.005525562446564436,0.02867208793759346,0.05401768907904625,0.005208821035921574,0.009423180483281612,0.16018074750900269,0.10914435237646103,0.15577223896980286,0.5365060567855835,0.0,0.0014944993890821934,1.1017650081157626e-07,0.35486871004104614,0.08279607445001602,0.007931528612971306,0.05857844278216362,132.57797241210938,596.2141723632812,1.5361886244115213,0.5096266269683838,0.005393187515437603,0.0010270824423059821,0.8382897973060608
PINN20260517-KimLayered,1,650,physics,0.12912803888320923,0.005235293414443731,0.027920518070459366,0.05403959006071091,0.0049862791784107685,0.008824027143418789,0.1593504548072815,0.10881874710321426,0.15519356727600098,0.5358415842056274,0.0,0.0014561116695404053,1.0885445789199366e-07,0.34916266798973083,0.08269307017326355,0.00793746393173933,0.0581657737493515,130.91468811035156,601.978515625,1.545125349671979,0.5096214413642883,0.005397144239395857,0.0010283219162374735,0.8383422493934631
PINN20260517-KimLayered,1,653,physics,0.12811288237571716,0.005083149299025536,0.02731785923242569,0.05395066365599632,0.0048983050510287285,0.008630532771348953,0.1587577760219574,0.10857216268777847,0.1547500044107437,0.5351981520652771,0.0,0.001478764577768743,1.0869943167790552e-07,0.3483125865459442,0.08261571824550629,0.007940875366330147,0.05806036293506622,129.3962860107422,606.9072875976562,1.5511841754071471,0.5096002817153931,0.005399421323090792,0.0010290927020832896,0.8383834958076477
PINN20260517-KimLayered,2,1,pretrain,32.130210876464844,3.534667491912842,7.019615173339844,3.1629722118377686,1.9860868453979492,1.971649169921875,128.10768127441406,0.7973344326019287,0.689672589302063,0.0,0.0,0.0,0.0,0.0,0.0,0.0,0.0,3717.235595703125,3797.94873046875,47.80353064763157,0.40416526794433594,0.005495938006788492,0.0011020379606634378,0.7982791066169739
PINN20260517-KimLayered,2,3,pretrain,31.61801528930664,3.5166263580322266,6.920480728149414,3.211291551589966,1.9746432304382324,1.9400057792663574,124.86480712890625,0.48497524857521057,0.6487761735916138,0.0,0.0,0.0,0.0,0.0,0.0,0.0,0.0,3696.774658203125,3781.774658203125,46.65583722635095,0.40548965334892273,0.005546744912862778,0.0011099636321887374,0.7989424467086792
PINN20260517-KimLayered,2,5,pretrain,31.01523780822754,3.4935526847839355,6.773883819580078,3.2366061210632324,1.9615684747695923,1.9049569368362427,120.89988708496094,0.5593672394752502,0.6071845293045044,0.0,0.0,0.0,0.0,0.0,0.0,0.0,0.0,3672.9501953125,3763.041748046875,45.287465979069985,0.4068978428840637,0.005638158414512873,0.0011298483004793525,0.7995949387550354
PINN20260517-KimLayered,2,8,pretrain,29.9302921295166,3.4502952098846436,6.5162153244018555,3.262190103530884,1.9379380941390991,1.8443750143051147,114.03236389160156,0.5206966996192932,0.5470623970031738,0.0,0.0,0.0,0.0,0.0,0.0,0.0,0.0,3629.654541015625,3729.161376953125,42.926328225316595,0.4091684818267822,0.005807274952530861,0.0011652226094156504,0.8005414605140686
PINN20260517-KimLayered,2,10,pretrain,29.09465789794922,3.4148099422454834,6.32181978225708,3.273040771484375,1.9188312292099,1.797838807106018,108.84249877929688,0.46708032488822937,0.5087825655937195,0.0,0.0,0.0,0.0,0.0,0.0,0.0,0.0,3594.478271484375,3701.711669921875,41.153505064938635,0.41082364320755005,0.005935054272413254,0.001190958428196609,0.8011608719825745
PINN20260517-KimLayered,2,12,pretrain,28.168611526489258,3.3725810050964355,6.107483863830566,3.2759387493133545,1.8963918685913086,1.7457118034362793,103.12135314941406,0.4877528250217438,0.47230687737464905,0.0,0.0,0.0,0.0,0.0,0.0,0.0,0.0,3553.169189453125,3669.523193359375,39.22324447681729,0.4126291275024414,0.006074743811041117,0.0012188078835606575,0.801777184009552
PINN20260517-KimLayered,2,14,pretrain,27.137840270996094,3.3224377632141113,5.873540878295898,3.266613721847534,1.8701432943344116,1.6878093481063843,96.877685546875,0.5028358697891235,0.439039409160614,0.0,0.0,0.0,0.0,0.0,0.0,0.0,0.0,3504.842529296875,3631.89453125,37.13697519483827,0.4145863950252533,0.006226393859833479,0.0012489785440266132,0.8023843169212341
PINN20260517-KimLayered,2,17,pretrain,25.379201889038086,3.2296054363250732,5.48837947845459,3.2162439823150635,1.8227403163909912,1.5904412269592285,86.57362365722656,0.4616162180900574,0.39789071679115295,0.0,0.0,0.0,0.0,0.0,0.0,0.0,0.0,3417.33251953125,3563.68798828125,33.72474253634542,0.4177769720554352,0.0064779953099787235,0.0012989901006221771,0.8032766580581665
PINN20260517-KimLayered,2,19,pretrain,24.06130027770996,3.15415620803833,5.211911201477051,3.1430532932281494,1.7853738069534302,1.5194069147109985,79.08829498291016,0.4532526433467865,0.377467542886734,0.0,0.0,0.0,0.0,0.0,0.0,0.0,0.0,3348.1728515625,3509.587158203125,31.27493696874493,0.4200562834739685,0.00666359718888998,0.001335807261057198,0.8038657903671265
PINN20260517-KimLayered,2,21,pretrain,22.62549591064453,3.0670790672302246,4.925337314605713,3.0214309692382812,1.743491768836975,1.4455677270889282,71.16439056396484,0.4648961126804352,0.3632461428642273,0.0,0.0,0.0,0.0,0.0,0.0,0.0,0.0,3270.694091796875,3448.61767578125,28.710481612392613,0.42243799567222595,0.006863926071673632,0.001375467167235911,0.8044532537460327
PINN20260517-KimLayered,2,23,pretrain,21.07671356201172,2.9686341285705566,4.634725570678711,2.837094306945801,1.6975884437561035,1.370908498764038,62.90718078613281,0.4646341800689697,0.35493457317352295,0.0,0.0,0.0,0.0,0.0,0.0,0.0,0.0,3186.0556640625,3381.413330078125,26.066203726306235,0.4248984158039093,0.007078239228576422,0.0014178286073729396,0.8050406575202942
PINN20260517-KimLayered,2,25,pretrain,19.42874526977539,2.8595240116119385,4.345006942749023,2.579763650894165,1.6483416557312012,1.2963517904281616,54.44343566894531,0.4492001533508301,0.3514389097690582,0.0,0.0,0.0,0.0,0.0,0.0,0.0,0.0,3095.823974609375,3308.900390625,23.384286312317556,0.4274148941040039,0.007305279839783907,0.0014626518823206425,0.8056321144104004
PINN20260517-KimLayered,2,28,pretrain,16.83643913269043,2.679020404815674,3.9306881427764893,2.0531508922576904,1.5698668956756592,1.1903104782104492,41.72526550292969,0.43841323256492615,0.3519796133041382,0.0,0.0,0.0,0.0,0.0,0.0,0.0,0.0,2954.23779296875,3192.80810546875,19.400690680421743,0.43124935030937195,0.007665693294256926,0.0015337170334532857,0.8065409660339355
PINN20260517-KimLayered,2,30,pretrain,15.09424114227295,2.5499227046966553,3.676095962524414,1.6229479312896729,1.5156229734420776,1.1271816492080688,33.61546325683594,0.4417394697666168,0.35418882966041565,0.0,0.0,0.0,0.0,0.0,0.0,0.0,0.0,2858.579833984375,3112.343505859375,16.852333141775773,0.4338117837905884,0.007915250957012177,0.0015828671166673303,0.8071690201759338
PINN20260517-KimLayered,2,32,pretrain,13.467012405395508,2.4160728454589844,3.439445972442627,1.2157529592514038,1.4605717658996582,1.068101406097412,26.413780212402344,0.4384525716304779,0.3566727340221405,0.0,0.0,0.0,0.0,0.0,0.0,0.0,0.0,2763.632568359375,3030.422607421875,14.468359690149041,0.43634939193725586,0.008168509230017662,0.0016327007906511426,0.8078222274780273
PINN20260517-KimLayered,2,34,pretrain,12.033082962036133,2.2812814712524414,3.211024761199951,0.9058188796043396,1.404946208000183,1.011857032775879,20.37477684020996,0.4290097951889038,0.35866495966911316,0.0,0.0,0.0,0.0,0.0,0.0,0.0,0.0,2670.536865234375,2947.72705078125,12.33857952729952,0.4388485252857208,0.008422787301242352,0.0016827047802507877,0.8085117936134338
PINN20260517-KimLayered,2,36,pretrain,10.8037691116333,2.147610664367676,2.995889186859131,0.6691202521324158,1.3489975929260254,0.9588993787765503,15.620159149169922,0.424604594707489,0.35963571071624756,0.0,0.0,0.0,0.0,0.0,0.0,0.0,0.0,2580.3212890625,2865.0830078125,10.572085776812392,0.4412888288497925,0.008674831129610538,0.0017322753556072712,0.8092438578605652
PINN20260517-KimLayered,2,39,pretrain,9.733753204345703,1.9728193283081055,2.728335380554199,0.6515130400657654,1.2644706964492798,0.884680986404419,12.535944938659668,0.42138752341270447,0.3584149181842804,0.0,0.0,0.0,0.0,0.0,0.0,0.0,0.0,2451.696533203125,2743.009033203125,9.097372320085265,0.44485583901405334,0.009041831828653812,0.0018047651974484324,0.8104382753372192
PINN20260517-KimLayered,2,41,pretrain,9.4830322265625,1.8801215887069702,2.5822107791900635,0.8660321831703186,1.208789348602295,0.8388903141021729,12.580507278442383,0.4145571291446686,0.35597604513168335,0.0,0.0,0.0,0.0,0.0,0.0,0.0,0.0,2372.201171875,2665.10400390625,8.802455716812064,0.4472026228904724,0.009269969537854195,0.0018502026796340942,0.8112987875938416
PINN20260517-KimLayered,2,43,pretrain,9.30782413482666,1.7965259552001953,2.4516117572784424,1.0791181325912476,1.1557080745697021,0.7971077561378479,12.958370208740234,0.4112381935119629,0.35303768515586853,0.0,0.0,0.0,0.0,0.0,0.0,0.0,0.0,2299.201904296875,2591.849609375,8.628950822676138,0.44947534799575806,0.009473237209022045,0.001890370505861938,0.8121916055679321
PINN20260517-KimLayered,2,45,pretrain,9.029224395751953,1.716166377067566,2.3319947719573975,1.1836469173431396,1.1060246229171753,0.7594513893127441,12.833595275878906,0.4078533351421356,0.3502121567726135,0.0,0.0,0.0,0.0,0.0,0.0,0.0,0.0,2232.568359375,2523.550048828125,8.35456902828318,0.45164036750793457,0.009649861603975296,0.0019244542345404625,0.8130970597267151
PINN20260517-KimLayered,2,48,pretrain,8.34752368927002,1.603581190109253,2.1735875606536865,1.0733635425567627,1.0376532077789307,0.709496259689331,11.368545532226562,0.39927008748054504,0.3469153642654419,0.0,0.0,0.0,0.0,0.0,0.0,0.0,0.0,2142.6806640625,2429.27294921875,7.645177477391852,0.4546704888343811,0.009870789013803005,0.0019651169423013926,0.8144550919532776
PINN20260517-KimLayered,2,50,pretrain,7.748416423797607,1.5332448482513428,2.0794870853424072,0.8512913584709167,0.9953725934028625,0.67954021692276,9.688392639160156,0.3955536186695099,0.345492422580719,0.0,0.0,0.0,0.0,0.0,0.0,0.0,0.0,2087.786376953125,2370.437255859375,7.042726394587488,0.45655006170272827,0.009995248168706894,0.001986719435080886,0.8153557777404785
PINN20260517-KimLayered,2,52,pretrain,7.108214378356934,1.4653072357177734,1.9914295673370361,0.5904926061630249,0.954780101776123,0.6513456106185913,7.752932548522949,0.39124491810798645,0.3446313738822937,0.0,0.0,0.0,0.0,0.0,0.0,0.0,0.0,2035.384521484375,2313.217529296875,6.485882952636192,0.4583231508731842,0.010107778012752533,0.0020055409986525774,0.8162567615509033
PINN20260517-KimLayered,2,54,pretrain,6.5432586669921875,1.4035520553588867,1.908331036567688,0.38539034128189087,0.9148087501525879,0.624108612537384,6.013768196105957,0.38566961884498596,0.34416845440864563,0.0,0.0,0.0,0.0,0.0,0.0,0.0,0.0,1984.124267578125,2255.994873046875,6.171261584264528,0.4599943459033966,0.010215113870799541,0.00202349154278636,0.8171678781509399
PINN20260517-KimLayered,2,56,pretrain,6.116547107696533,1.3475399017333984,1.8313040733337402,0.26700982451438904,0.8745406866073608,0.5973522663116455,4.862153053283691,0.3810032308101654,0.34386947751045227,0.0,0.0,0.0,0.0,0.0,0.0,0.0,0.0,1933.4105224609375,2197.881591796875,6.163404617147697,0.4615638852119446,0.010324093513190746,0.0020425887778401375,0.818096935749054
PINN20260517-KimLayered,2,59,pretrain,5.720807075500488,1.2652738094329834,1.7205517292022705,0.2784990072250366,0.8134748339653015,0.558531641960144,4.243986129760742,0.37323009967803955,0.34327414631843567,0.0,0.0,0.0,0.0,0.0,0.0,0.0,0.0,1859.616455078125,2110.10205078125,6.1845744813071954,0.4637077748775482,0.01049787923693657,0.002075405325740576,0.8195071816444397
PINN20260517-KimLayered,2,61,pretrain,5.4839677810668945,1.2068527936935425,1.6452093124389648,0.3290466368198395,0.773433268070221,0.5341166257858276,3.951510429382324,0.3679322898387909,0.34266188740730286,0.0,0.0,0.0,0.0,0.0,0.0,0.0,0.0,1813.1376953125,2052.5419921875,5.9320549653521875,0.4649759829044342,0.010619042441248894,0.0020995663944631815,0.8204278945922852
PINN20260517-KimLayered,2,63,pretrain,5.1582465171813965,1.1458635330200195,1.5693659782409668,0.2989322543144226,0.7343974709510803,0.5110554695129395,3.3488032817840576,0.3630501627922058,0.3418862521648407,0.0,0.0,0.0,0.0,0.0,0.0,0.0,0.0,1768.80615234375,1995.75830078125,5.472752831045497,0.4661271870136261,0.01074224803596735,0.002124801743775606,0.8213238716125488
PINN20260517-KimLayered,2,65,pretrain,4.794747352600098,1.0849499702453613,1.4950501918792725,0.21858224272727966,0.6961265206336975,0.48902639746665955,2.650740623474121,0.3576074242591858,0.3409813642501831,0.0,0.0,0.0,0.0,0.0,0.0,0.0,0.0,1726.0872802734375,1939.052490234375,4.91970219946768,0.4671919047832489,0.010866742581129074,0.0021507428027689457,0.8222034573554993
PINN20260517-KimLayered,2,67,pretrain,4.48635721206665,1.0252656936645508,1.422107219696045,0.18493518233299255,0.6580922603607178,0.46741729974746704,2.1607935428619385,0.3521151840686798,0.33998483419418335,0.0,0.0,0.0,0.0,0.0,0.0,0.0,0.0,1684.3994140625,1881.5439453125,4.4224761637629415,0.4682087302207947,0.010992303490638733,0.002177178394049406,0.8230830430984497
PINN20260517-KimLayered,2,70,pretrain,4.158673286437988,0.9449260234832764,1.3171401023864746,0.20106400549411774,0.601108968257904,0.43536123633384705,1.998002290725708,0.343716561794281,0.33842429518699646,0.0,0.0,0.0,0.0,0.0,0.0,0.0,0.0,1623.853759765625,1793.5946044921875,3.9575973172716257,0.4697173833847046,0.011179231107234955,0.0022167423740029335,0.8244231939315796
PINN20260517-KimLayered,2,72,pretrain,3.966217517852783,0.8938616514205933,1.249389410018921,0.21648016571998596,0.563751757144928,0.4141949713230133,2.011911392211914,0.337857723236084,0.337410569190979,0.0,0.0,0.0,0.0,0.0,0.0,0.0,0.0,1585.174560546875,1734.2359619140625,3.7613522515612914,0.4707292318344116,0.011299610137939453,0.0022422822657972574,0.8253227472305298
PINN20260517-KimLayered,2,74,pretrain,3.7658462524414062,0.8448705673217773,1.1841930150985718,0.22140900790691376,0.5274358987808228,0.3932429850101471,1.942710518836975,0.33202728629112244,0.3364312946796417,0.0,0.0,0.0,0.0,0.0,0.0,0.0,0.0,1548.085693359375,1674.619873046875,3.5982375966797804,0.471748024225235,0.011414955370128155,0.0022667942102998495,0.8262190222740173
PINN20260517-KimLayered,2,76,pretrain,3.544711112976074,0.7983418703079224,1.1226087808609009,0.21464060246944427,0.4926781952381134,0.3727644681930542,1.6734726428985596,0.3259257376194,0.33545592427253723,0.0,0.0,0.0,0.0,0.0,0.0,0.0,0.0,1512.5784912109375,1614.64306640625,3.490836386625618,0.4727700352668762,0.011524050496518612,0.0022899776231497526,0.8271064162254333
PINN20260517-KimLayered,2,79,pretrain,3.226485252380371,0.7312741279602051,1.0355591773986816,0.22081677615642548,0.4438031315803528,0.3432711958885193,1.2066168785095215,0.31682708859443665,0.3338697850704193,0.0,0.0,0.0,0.0,0.0,0.0,0.0,0.0,1462.140625,1522.868896484375,3.414197216269708,0.47428780794143677,0.011678981594741344,0.002323088701814413,0.8284258842468262
PINN20260517-KimLayered,2,81,pretrain,3.0576348304748535,0.6882407665252686,0.9802656173706055,0.24065575003623962,0.41356325149536133,0.32457399368286133,1.1231575012207031,0.31063026189804077,0.33266499638557434,0.0,0.0,0.0,0.0,0.0,0.0,0.0,0.0,1431.0321044921875,1460.4375,3.329268410749651,0.47525694966316223,0.011778862215578556,0.0023446690756827593,0.8292987942695618
PINN20260517-KimLayered,2,83,pretrain,2.8895223140716553,0.6484687924385071,0.9266580939292908,0.24053171277046204,0.38565438985824585,0.306698739528656,1.0406794548034668,0.3045361340045929,0.3313484787940979,0.0,0.0,0.0,0.0,0.0,0.0,0.0,0.0,1402.932373046875,1397.7333984375,3.1564164765126987,0.4761408567428589,0.011877457611262798,0.002366290194913745,0.8301545977592468
PINN20260517-KimLayered,2,85,pretrain,2.7070910930633545,0.6128596663475037,0.8752244710922241,0.20801128447055817,0.36028823256492615,0.2897893488407135,0.8655414581298828,0.29844313859939575,0.3299328088760376,0.0,0.0,0.0,0.0,0.0,0.0,0.0,0.0,1378.1409912109375,1334.5316162109375,2.9522612496456433,0.47691190242767334,0.011973445303738117,0.0023876368068158627,0.8309897780418396
PINN20260517-KimLayered,2,87,pretrain,2.559823751449585,0.5812457203865051,0.8264825344085693,0.17554610967636108,0.33727842569351196,0.2738056778907776,0.8643038272857666,0.2923450767993927,0.3283887505531311,0.0,0.0,0.0,0.0,0.0,0.0,0.0,0.0,1356.995361328125,1270.913330078125,2.7952826874400327,0.4775601625442505,0.012063567526638508,0.002407764783129096,0.8318164944648743
PINN20260517-KimLayered,2,90,pretrain,2.358154535293579,0.5394349098205566,0.761244535446167,0.15059471130371094,0.3077701926231384,0.2521371841430664,0.7248725891113281,0.28304624557495117,0.3258364796638489,0.0,0.0,0.0,0.0,0.0,0.0,0.0,0.0,1333.0849609375,1178.139404296875,2.6749413239555127,0.4782571494579315,0.012174587696790695,0.002431647153571248,0.8330285549163818
PINN20260517-KimLayered,2,92,pretrain,2.2474498748779297,0.5153668522834778,0.7225708961486816,0.1447499543428421,0.2914291322231293,0.2394833266735077,0.6541441679000854,0.27659910917282104,0.3239620327949524,0.0,0.0,0.0,0.0,0.0,0.0,0.0,0.0,1321.9425048828125,1118.8905029296875,2.600808677895712,0.4785010814666748,0.012233340181410313,0.0024434016086161137,0.8338119983673096
PINN20260517-KimLayered,2,94,pretrain,2.152430295944214,0.49648648500442505,0.6884905099868774,0.1259191781282425,0.27797621488571167,0.22843992710113525,0.6152950525283813,0.2700487971305847,0.3219693899154663,0.0,0.0,0.0,0.0,0.0,0.0,0.0,0.0,1313.879638671875,1064.01025390625,2.4883283239957685,0.4785673916339874,0.01228534895926714,0.0024535569828003645,0.8345591425895691
PINN20260517-KimLayered,2,96,pretrain,2.0768494606018066,0.48284658789634705,0.6598846316337585,0.1089455708861351,0.2677558958530426,0.21918471157550812,0.5653706789016724,0.26355284452438354,0.31990745663642883,0.0,0.0,0.0,0.0,0.0,0.0,0.0,0.0,1307.133056640625,1015.824462890625,2.3831815368604747,0.4784785807132721,0.01232643611729145,0.0024611728731542826,0.8352454304695129
PINN20260517-KimLayered,2,99,pretrain,2.0060455799102783,0.4662878215312958,0.6271651983261108,0.11195043474435806,0.2580816447734833,0.2086414396762848,0.5557116866111755,0.254149466753006,0.31672874093055725,0.0,0.0,0.0,0.0,0.0,0.0,0.0,0.0,1294.188232421875,960.3232421875,2.2969378654022847,0.47809579968452454,0.01234816201031208,0.002462985459715128,0.8361193537712097
PINN20260517-KimLayered,2,101,pretrain,1.9690437316894531,0.4561716914176941,0.611108124256134,0.12127024680376053,0.2545161247253418,0.2033414989709854,0.5438873767852783,0.24834169447422028,0.3145628273487091,0.0,0.0,0.0,0.0,0.0,0.0,0.0,0.0,1280.5360107421875,935.95263671875,2.256221157505012,0.4776972532272339,0.012330734170973301,0.00245689251460135,0.8365776538848877
PINN20260517-KimLayered,2,103,pretrain,1.9332342147827148,0.44707438349723816,0.5981864333152771,0.12127099186182022,0.2524615228176117,0.19900311529636383,0.540740966796875,0.2430703043937683,0.3123572766780853,0.0,0.0,0.0,0.0,0.0,0.0,0.0,0.0,1261.2740478515625,921.7531127929688,2.197397843469617,0.47720053791999817,0.012290962040424347,0.0024460842832922935,0.836929440498352
PINN20260517-KimLayered,2,105,pretrain,1.8929821252822876,0.4381941556930542,0.5875167846679688,0.1099083349108696,0.2512235939502716,0.1954137533903122,0.5346211791038513,0.23833757638931274,0.31011271476745605,0.0,0.0,0.0,0.0,0.0,0.0,0.0,0.0,1235.9619140625,917.1631469726562,2.138785742414932,0.4766214191913605,0.012231181375682354,0.0024311279412359,0.8371814489364624
PINN20260517-KimLayered,2,107,pretrain,1.8516247272491455,0.42816460132598877,0.5786684155464172,0.10094600170850754,0.2502438426017761,0.1924542784690857,0.5280323028564453,0.23413635790348053,0.30783891677856445,0.0,0.0,0.0,0.0,0.0,0.0,0.0,0.0,1205.1600341796875,921.1949462890625,2.1026666887722363,0.4759771227836609,0.012152452021837234,0.0024121820461004972,0.837350070476532
PINN20260517-KimLayered,2,110,pretrain,1.7848670482635498,0.4104955792427063,0.5683017373085022,0.09300238639116287,0.2486724853515625,0.1890438348054886,0.5063989162445068,0.2288326621055603,0.30439868569374084,0.0,0.0,0.0,0.0,0.0,0.0,0.0,0.0,1152.6353759765625,939.9130859375,2.0774165053472586,0.47492775321006775,0.012006307020783424,0.0023778604809194803,0.8374908566474915
PINN20260517-KimLayered,2,112,pretrain,1.7431720495224,0.39856988191604614,0.5631256699562073,0.09028209000825882,0.24758318066596985,0.1873980313539505,0.4994712471961975,0.22592444717884064,0.3021027147769928,0.0,0.0,0.0,0.0,0.0,0.0,0.0,0.0,1117.2933349609375,957.6123657226562,2.064845115978666,0.4741910994052887,0.011898857541382313,0.002352937590330839,0.8375406861305237
PINN20260517-KimLayered,2,114,pretrain,1.704689860343933,0.38787704706192017,0.5594708919525146,0.085675448179245,0.24660146236419678,0.18618926405906677,0.49006593227386475,0.22347785532474518,0.29981058835983276,0.0,0.0,0.0,0.0,0.0,0.0,0.0,0.0,1084.726318359375,976.5422973632812,2.0515243197034705,0.4734230637550354,0.011790487915277481,0.0023279243614524603,0.8375791311264038
PINN20260517-KimLayered,2,116,pretrain,1.6697734594345093,0.3785587251186371,0.5569589734077454,0.08028443157672882,0.24583260715007782,0.18531347811222076,0.47378072142601013,0.22143687307834625,0.2975326180458069,0.0,0.0,0.0,0.0,0.0,0.0,0.0,0.0,1056.60205078125,994.2346801757812,2.043961087787777,0.4726014733314514,0.01168490294367075,0.002303651301190257,0.8376240730285645
PINN20260517-KimLayered,2,118,pretrain,1.6388216018676758,0.3701852560043335,0.5547254085540771,0.0766448900103569,0.2453198879957199,0.1845576912164688,0.45647746324539185,0.21972928941249847,0.2952834963798523,0.0,0.0,0.0,0.0,0.0,0.0,0.0,0.0,1033.4644775390625,1008.3392944335938,2.043247124452931,0.4716937839984894,0.011584372259676456,0.002280660206452012,0.8376897573471069
PINN20260517-KimLayered,2,121,pretrain,1.596031665802002,0.3584127426147461,0.5498608946800232,0.07454373687505722,0.24504046142101288,0.18302029371261597,0.4297449588775635,0.2176622450351715,0.2919901907444,0.0,0.0,0.0,0.0,0.0,0.0,0.0,0.0,1006.7477416992188,1018.3651733398438,2.0445224739516608,0.47012045979499817,0.01144828274846077,0.0022497966419905424,0.837843120098114
PINN20260517-KimLayered,2,123,pretrain,1.5691012144088745,0.3508715033531189,0.5448771119117737,0.07492775470018387,0.24518202245235443,0.1814797818660736,0.41513708233833313,0.2165316939353943,0.28986844420433044,0.0,0.0,0.0,0.0,0.0,0.0,0.0,0.0,992.461181640625,1015.6626586914062,2.040851149708414,0.4689357578754425,0.011371462605893612,0.002232505474239588,0.8379822969436646
PINN20260517-KimLayered,2,125,pretrain,1.5423837900161743,0.34350425004959106,0.5386133193969727,0.07534922659397125,0.24556991457939148,0.17952893674373627,0.402068167924881,0.21555021405220032,0.287814199924469,0.0,0.0,0.0,0.0,0.0,0.0,0.0,0.0,979.7008666992188,1005.0999755859375,2.0285673573586407,0.46768254041671753,0.01130792498588562,0.0022182008251547813,0.8381444811820984
PINN20260517-KimLayered,2,127,pretrain,1.51534903049469,0.3363812565803528,0.5316253900527954,0.07367301732301712,0.2462203949689865,0.17728804051876068,0.3918841779232025,0.21468107402324677,0.28584226965904236,0.0,0.0,0.0,0.0,0.0,0.0,0.0,0.0,967.9494018554688,988.1635131835938,2.009508007849171,0.46640732884407043,0.011257519945502281,0.0022067506797611713,0.8383198380470276
PINN20260517-KimLayered,2,130,pretrain,1.4762705564498901,0.32586604356765747,0.5206460952758789,0.07197975367307663,0.24763447046279907,0.17382141947746277,0.381091445684433,0.21355704963207245,0.28307977318763733,0.0,0.0,0.0,0.0,0.0,0.0,0.0,0.0,952.112060546875,956.8143310546875,1.9756828641077822,0.4645414650440216,0.011196156963706017,0.0021925284527242184,0.8385794758796692
PINN20260517-KimLayered,2,132,pretrain,1.4519954919815063,0.31918495893478394,0.5137181878089905,0.07230769097805023,0.24863407015800476,0.17170383036136627,0.3716793656349182,0.21290943026542664,0.2813829183578491,0.0,0.0,0.0,0.0,0.0,0.0,0.0,0.0,942.6447143554688,936.0604248046875,1.9531628701811155,0.46335914731025696,0.011157558299601078,0.0021833486389368773,0.8387290239334106
PINN20260517-KimLayered,2,134,pretrain,1.4294391870498657,0.31289857625961304,0.5076215267181396,0.07319000363349915,0.24936045706272125,0.16988211870193481,0.361439049243927,0.21233120560646057,0.2798031270503998,0.0,0.0,0.0,0.0,0.0,0.0,0.0,0.0,933.6473388671875,918.0260009765625,1.9363883050341293,0.46223267912864685,0.011116240173578262,0.002173316664993763,0.8388442397117615
PINN20260517-KimLayered,2,136,pretrain,1.4080843925476074,0.30698162317276,0.5026454925537109,0.07316718995571136,0.24951808154582977,0.16839247941970825,0.35325169563293457,0.21181133389472961,0.27833324670791626,0.0,0.0,0.0,0.0,0.0,0.0,0.0,0.0,924.6211547851562,904.0184326171875,1.9291066311463445,0.46115800738334656,0.011069484055042267,0.002161753596737981,0.8389156460762024
PINN20260517-KimLayered,2,138,pretrain,1.3868061304092407,0.30138954520225525,0.49882954359054565,0.0703558623790741,0.24888628721237183,0.16719962656497955,0.34815022349357605,0.2113320529460907,0.27696263790130615,0.0,0.0,0.0,0.0,0.0,0.0,0.0,0.0,915.2119140625,894.4369506835938,1.931902624385057,0.46012648940086365,0.011016067117452621,0.002148344414308667,0.8389387726783752
PINN20260517-KimLayered,2,141,pretrain,1.3545198440551758,0.2929669916629791,0.4946402907371521,0.06481095403432846,0.24630986154079437,0.16583500802516937,0.3433305025100708,0.21066166460514069,0.2750636041164398,0.0,0.0,0.0,0.0,0.0,0.0,0.0,0.0,900.3450317382812,887.400634765625,1.9443702245907781,0.4586431384086609,0.010922967456281185,0.0021246331743896008,0.838887631893158
PINN20260517-KimLayered,2,143,pretrain,1.3328592777252197,0.28703832626342773,0.49236810207366943,0.06348398327827454,0.2436501383781433,0.16512280702590942,0.3368256390094757,0.21022345125675201,0.27388083934783936,0.0,0.0,0.0,0.0,0.0,0.0,0.0,0.0,890.3134765625,885.970703125,1.949859157736871,0.4576983153820038,0.010854113847017288,0.002106819301843643,0.8388058543205261
PINN20260517-KimLayered,2,145,pretrain,1.3114923238754272,0.2810859680175781,0.4903903007507324,0.06318299472332001,0.24048012495040894,0.16451111435890198,0.32909709215164185,0.20977665483951569,0.27274611592292786,0.0,0.0,0.0,0.0,0.0,0.0,0.0,0.0,880.4957885742188,885.4539184570312,1.9536622509113413,0.45680415630340576,0.010783389210700989,0.0020881372038275003,0.8386963605880737
PINN20260517-KimLayered,2,147,pretrain,1.2904702425003052,0.2753680944442749,0.48871034383773804,0.06178373843431473,0.23702089488506317,0.16396059095859528,0.32317525148391724,0.20930980145931244,0.27164527773857117,0.0,0.0,0.0,0.0,0.0,0.0,0.0,0.0,870.9542236328125,884.58837890625,1.956198417322539,0.45598044991493225,0.010714245960116386,0.0020693005062639713,0.8385677933692932
PINN20260517-KimLayered,2,149,pretrain,1.2697782516479492,0.26978594064712524,0.4871792793273926,0.05983173847198486,0.2334437519311905,0.163441002368927,0.3189489245414734,0.2088167667388916,0.2705672085285187,0.0,0.0,0.0,0.0,0.0,0.0,0.0,0.0,861.6165771484375,882.6144409179688,1.9544123375790992,0.45524415373802185,0.010648775845766068,0.002050763228908181,0.8384284377098083
PINN20260517-KimLayered,2,152,pretrain,1.2392789125442505,0.2612571120262146,0.4847838580608368,0.05912164971232414,0.22809219360351562,0.16267254948616028,0.31115198135375977,0.20803377032279968,0.2689787745475769,0.0,0.0,0.0,0.0,0.0,0.0,0.0,0.0,847.8619995117188,877.0441284179688,1.9444847212305094,0.45432204008102417,0.01055893860757351,0.002023943467065692,0.8382130265235901
PINN20260517-KimLayered,2,154,pretrain,1.2193230390548706,0.2555646598339081,0.48312801122665405,0.059355076402425766,0.2246326208114624,0.16215157508850098,0.3059001863002777,0.20749089121818542,0.26793423295021057,0.0,0.0,0.0,0.0,0.0,0.0,0.0,0.0,838.890869140625,871.8809204101562,1.9387276927813315,0.4538293182849884,0.010504880920052528,0.0020068862941116095,0.8380705714225769
PINN20260517-KimLayered,2,156,pretrain,1.199806809425354,0.2500946521759033,0.4815312922000885,0.05847923457622528,0.2212934046983719,0.1616213172674179,0.303213894367218,0.2069476842880249,0.26690274477005005,0.0,0.0,0.0,0.0,0.0,0.0,0.0,0.0,830.1497802734375,866.2532958984375,1.9356888598567805,0.4534209370613098,0.010454768314957619,0.001990474993363023,0.8379309177398682
PINN20260517-KimLayered,2,158,pretrain,1.1808934211730957,0.24485641717910767,0.47995999455451965,0.056943755596876144,0.2180727869272232,0.1610822230577469,0.30227285623550415,0.20641662180423737,0.26588961482048035,0.0,0.0,0.0,0.0,0.0,0.0,0.0,0.0,821.6363525390625,860.8897094726562,1.9336077117250545,0.4530741572380066,0.01040675863623619,0.0019745149184018373,0.8377947807312012
PINN20260517-KimLayered,2,161,pretrain,1.1535083055496216,0.23723801970481873,0.4774729013442993,0.05573791638016701,0.2134358286857605,0.16025841236114502,0.29784396290779114,0.20566536486148834,0.2644125819206238,0.0,0.0,0.0,0.0,0.0,0.0,0.0,0.0,809.1094360351562,854.3319702148438,1.9277172769852005,0.45261797308921814,0.010334641672670841,0.0019510319689288735,0.8375983834266663
PINN20260517-KimLayered,2,163,pretrain,1.1357780694961548,0.23234064877033234,0.47572028636932373,0.05525696650147438,0.21047340333461761,0.1596902757883072,0.2931476831436157,0.20520034432411194,0.2634597718715668,0.0,0.0,0.0,0.0,0.0,0.0,0.0,0.0,800.8278198242188,851.0422973632812,1.9232120024493016,0.4523361325263977,0.010285372845828533,0.0019356819102540612,0.8374732136726379
PINN20260517-KimLayered,2,165,pretrain,1.1184638738632202,0.22762548923492432,0.47389936447143555,0.05446697399020195,0.20762845873832703,0.1590932309627533,0.28863275051116943,0.204762265086174,0.26253268122673035,0.0,0.0,0.0,0.0,0.0,0.0,0.0,0.0,792.6287841796875,848.2655639648438,1.9198977421944123,0.4520722031593323,0.010235442779958248,0.0019207393052056432,0.8373537659645081
PINN20260517-KimLayered,2,167,pretrain,1.1016252040863037,0.22307565808296204,0.47197550535202026,0.05352470651268959,0.20492495596408844,0.1584581583738327,0.2845633029937744,0.20434334874153137,0.2616298496723175,0.0,0.0,0.0,0.0,0.0,0.0,0.0,0.0,784.5804443359375,845.4840087890625,1.9176317189246588,0.4518371522426605,0.01018579863011837,0.0019064119551330805,0.8372413516044617
PINN20260517-KimLayered,2,169,pretrain,1.0852638483047485,0.21864739060401917,0.4699048697948456,0.052817102521657944,0.20238471031188965,0.1577799767255783,0.28039026260375977,0.2039373368024826,0.26074889302253723,0.0,0.0,0.0,0.0,0.0,0.0,0.0,0.0,776.726806640625,842.19482421875,1.9157524110572743,0.45164528489112854,0.010137555189430714,0.0018928914796561003,0.8371375799179077
PINN20260517-KimLayered,2,172,pretrain,1.0615376234054565,0.21221396327018738,0.46653562784194946,0.05197697505354881,0.19889713823795319,0.15668238699436188,0.2746567726135254,0.20333991944789886,0.2594653069972992,0.0,0.0,0.0,0.0,0.0,0.0,0.0,0.0,765.31689453125,835.7030639648438,1.9131023839820487,0.45146238803863525,0.010069740936160088,0.001874373760074377,0.8369995355606079
PINN20260517-KimLayered,2,174,pretrain,1.0462220907211304,0.20807525515556335,0.4641551971435547,0.051281653344631195,0.19677110016345978,0.1559048742055893,0.27175554633140564,0.20294485986232758,0.25863513350486755,0.0,0.0,0.0,0.0,0.0,0.0,0.0,0.0,757.9404296875,830.4163208007812,1.910230876777979,0.4514133036136627,0.010027804411947727,0.0018631640123203397,0.8369184732437134
PINN20260517-KimLayered,2,176,pretrain,1.0313061475753784,0.20405229926109314,0.4616827964782715,0.050653960555791855,0.19476953148841858,0.15510107576847076,0.26891985535621643,0.20255133509635925,0.25782784819602966,0.0,0.0,0.0,0.0,0.0,0.0,0.0,0.0,750.7359008789062,824.7249145507812,1.9055604605808427,0.45141372084617615,0.009987730532884598,0.0018526682397350669,0.8368442058563232
PINN20260517-KimLayered,2,178,pretrain,1.0167940855026245,0.2001504898071289,0.45913881063461304,0.05018879100680351,0.19285640120506287,0.15427862107753754,0.26564711332321167,0.20216380059719086,0.25704634189605713,0.0,0.0,0.0,0.0,0.0,0.0,0.0,0.0,743.6854248046875,818.9973754882812,1.8995129726782463,0.4514518082141876,0.009948518127202988,0.0018426630413159728,0.8367745280265808
PINN20260517-KimLayered,2,181,pretrain,0.9957766532897949,0.19455915689468384,0.45526063442230225,0.049432072788476944,0.19008192420005798,0.15302270650863647,0.26061952114105225,0.2015923708677292,0.2559269666671753,0.0,0.0,0.0,0.0,0.0,0.0,0.0,0.0,733.358642578125,810.8670654296875,1.8904011808743304,0.45155951380729675,0.009889581240713596,0.001828170963563025,0.8366730809211731
PINN20260517-KimLayered,2,183,pretrain,0.98225998878479,0.19100120663642883,0.452663391828537,0.048832155764102936,0.1882636696100235,0.1521771401166916,0.2575016915798187,0.2012186050415039,0.2552171051502228,0.0,0.0,0.0,0.0,0.0,0.0,0.0,0.0,726.6361694335938,805.8300170898438,1.8853239880673052,0.4516594409942627,0.009849658235907555,0.0018186935922130942,0.8366052508354187
PINN20260517-KimLayered,2,185,pretrain,0.9691336750984192,0.18756192922592163,0.4500662088394165,0.04826128110289574,0.18646176159381866,0.15132956206798553,0.2544584572315216,0.200847327709198,0.25453561544418335,0.0,0.0,0.0,0.0,0.0,0.0,0.0,0.0,720.0645751953125,800.9503784179688,1.881248635912546,0.4517839252948761,0.009809285402297974,0.0018093271646648645,0.8365362286567688
PINN20260517-KimLayered,2,187,pretrain,0.9563929438591003,0.1842326670885086,0.44747671484947205,0.047765087336301804,0.1846790909767151,0.15048453211784363,0.25141674280166626,0.20047633349895477,0.25388142466545105,0.0,0.0,0.0,0.0,0.0,0.0,0.0,0.0,713.6625366210938,796.0300903320312,1.877877961550304,0.45193764567375183,0.00976882316172123,0.0018000983400270343,0.8364662528038025
PINN20260517-KimLayered,2,189,pretrain,0.9440395832061768,0.18101981282234192,0.444913387298584,0.04723244905471802,0.18292121589183807,0.1496463418006897,0.24864758551120758,0.20010587573051453,0.2532537579536438,0.0,0.0,0.0,0.0,0.0,0.0,0.0,0.0,707.4417724609375,790.9157104492188,1.874834026571533,0.45212414860725403,0.009728653356432915,0.0017910425085574389,0.8363953828811646
PINN20260517-KimLayered,2,192,pretrain,0.9262223839759827,0.1764177680015564,0.4411233067512512,0.046377476304769516,0.18033748865127563,0.14840596914291382,0.2448209822177887,0.1995447278022766,0.2523621618747711,0.0,0.0,0.0,0.0,0.0,0.0,0.0,0.0,698.4534912109375,782.7962036132812,1.8692069001694234,0.45246422290802,0.009669212624430656,0.0017777903703972697,0.8362882137298584
PINN20260517-KimLayered,2,194,pretrain,0.9148170351982117,0.1734863668680191,0.43862342834472656,0.04593442380428314,0.17864957451820374,0.14759066700935364,0.24195504188537598,0.1991693377494812,0.25180110335350037,0.0,0.0,0.0,0.0,0.0,0.0,0.0,0.0,692.6859741210938,777.169921875,1.8644504966471396,0.4527251124382019,0.009629880078136921,0.0017691199900582433,0.836216390132904
PINN20260517-KimLayered,2,196,pretrain,0.9037912487983704,0.1706724613904953,0.4361536204814911,0.04548493027687073,0.1769883781671524,0.14678333699703217,0.23911184072494507,0.19879189133644104,0.2512667179107666,0.0,0.0,0.0,0.0,0.0,0.0,0.0,0.0,687.0925903320312,771.4767456054688,1.859518041943266,0.4530070424079895,0.00959051214158535,0.0017605263274163008,0.8361440896987915
PINN20260517-KimLayered,2,198,pretrain,0.89314866065979,0.167974054813385,0.4337162971496582,0.04501538351178169,0.17535291612148285,0.1459820717573166,0.2364310324192047,0.19841377437114716,0.2507587969303131,0.0,0.0,0.0,0.0,0.0,0.0,0.0,0.0,681.6678466796875,765.7763061523438,1.85480747159707,0.453305184841156,0.009550869464874268,0.0017519659595564008,0.8360714316368103
PINN20260517-KimLayered,2,200,pretrain,0.8828778266906738,0.16538794338703156,0.43131110072135925,0.04448392614722252,0.17374421656131744,0.14518608152866364,0.2340855896472931,0.19803500175476074,0.250276654958725,0.0,0.0,0.0,0.0,0.0,0.0,0.0,0.0,676.40966796875,760.0609130859375,1.850765402122519,0.4536164402961731,0.009510857984423637,0.00174341828096658,0.8359987139701843
PINN20260517-KimLayered,2,203,pretrain,0.868146538734436,0.16170892119407654,0.42776066064834595,0.043610528111457825,0.1713910549879074,0.14400021731853485,0.23108020424842834,0.19746381044387817,0.24959951639175415,0.0,0.0,0.0,0.0,0.0,0.0,0.0,0.0,668.8356323242188,751.3472290039062,1.8449931060808002,0.45410457253456116,0.009450238198041916,0.001730626099742949,0.8358901739120483
PINN20260517-KimLayered,2,205,pretrain,0.8587580919265747,0.15937888622283936,0.4254152178764343,0.043110039085149765,0.16986849904060364,0.1432185173034668,0.22897134721279144,0.19708049297332764,0.24917714297771454,0.0,0.0,0.0,0.0,0.0,0.0,0.0,0.0,663.9971313476562,745.3408813476562,1.8403440758984178,0.4544428884983063,0.009409580379724503,0.001722136395983398,0.8358190655708313
PINN20260517-KimLayered,2,207,pretrain,0.8497027158737183,0.15713083744049072,0.4230777621269226,0.04282180964946747,0.1683872640132904,0.14244742691516876,0.22641858458518982,0.19669388234615326,0.2487765997648239,0.0,0.0,0.0,0.0,0.0,0.0,0.0,0.0,659.3278198242188,739.1089477539062,1.8351804704268746,0.4547916054725647,0.00936886016279459,0.0017136982642114162,0.8357495665550232
PINN20260517-KimLayered,2,209,pretrain,0.8409700393676758,0.1549728810787201,0.42076486349105835,0.0425412617623806,0.1669488251209259,0.14168663322925568,0.22400665283203125,0.19630426168441772,0.24839656054973602,0.0,0.0,0.0,0.0,0.0,0.0,0.0,0.0,654.8239135742188,732.6513671875,1.8302327932013638,0.45515045523643494,0.009328185580670834,0.0017053253250196576,0.8356817364692688
PINN20260517-KimLayered,2,212,pretrain,0.8284407258033752,0.15191054344177246,0.41735708713531494,0.04189169779419899,0.16486704349517822,0.14056207239627838,0.22129541635513306,0.19570975005626678,0.24786265194416046,0.0,0.0,0.0,0.0,0.0,0.0,0.0,0.0,648.356201171875,722.6753540039062,1.8229400642811016,0.455703467130661,0.009267176501452923,0.001692874589934945,0.8355831503868103
PINN20260517-KimLayered,2,214,pretrain,0.8204477429389954,0.1499588042497635,0.41509872674942017,0.04163450747728348,0.1635240614414215,0.13982103765010834,0.2192106395959854,0.19530783593654633,0.247529536485672,0.0,0.0,0.0,0.0,0.0,0.0,0.0,0.0,644.2183837890625,715.932861328125,1.8175702415373731,0.4560774266719818,0.009226237423717976,0.0016846072394400835,0.8355191946029663
PINN20260517-KimLayered,2,216,pretrain,0.8127256035804749,0.1480800211429596,0.4128568172454834,0.0414588637650013,0.16221299767494202,0.13908648490905762,0.21699655055999756,0.19490446150302887,0.2472134530544281,0.0,0.0,0.0,0.0,0.0,0.0,0.0,0.0,640.2101440429688,709.1578369140625,1.812384859174139,0.456453412771225,0.0091850021854043,0.0016763526946306229,0.8354565501213074
PINN20260517-KimLayered,2,218,pretrain,0.8052582144737244,0.14628784358501434,0.4106543958187103,0.041094642132520676,0.16093207895755768,0.13835875689983368,0.2153421938419342,0.19449222087860107,0.24691317975521088,0.0,0.0,0.0,0.0,0.0,0.0,0.0,0.0,636.326171875,702.361328125,1.8074099264064605,0.4568310081958771,0.009143532253801823,0.0016681173583492637,0.8353947997093201
PINN20260517-KimLayered,2,220,pretrain,0.7980318665504456,0.14456573128700256,0.40847882628440857,0.0407382994890213,0.15967899560928345,0.13763904571533203,0.213699072599411,0.19407576322555542,0.2466275691986084,0.0,0.0,0.0,0.0,0.0,0.0,0.0,0.0,632.5610961914062,695.5388793945312,1.8019151706702226,0.4572103023529053,0.00910181738436222,0.0016599016962572932,0.8353338241577148
PINN20260517-KimLayered,2,223,physics,0.8155086636543274,0.14208921790122986,0.40525782108306885,0.04044518992304802,0.15784022212028503,0.13657709956169128,0.21062037348747253,0.19343869388103485,0.24622271955013275,0.7519010305404663,0.00019890698604285717,0.013406715355813503,1.976078607413001e-07,0.5065310597419739,0.092115119099617,0.008081568405032158,0.08857814222574234,627.122314453125,685.3688354492188,1.7933156268215067,0.45778465270996094,0.009026707150042057,0.0016479616751894355,0.8352430462837219
PINN20260517-KimLayered,2,225,physics,0.8086463212966919,0.14051716029644012,0.40316689014434814,0.0401458777487278,0.15663427114486694,0.13588356971740723,0.20892247557640076,0.19300542771816254,0.2459661066532135,0.7436664700508118,0.0001905681419884786,0.01318918913602829,1.9752192770283727e-07,0.5064871311187744,0.09213076531887054,0.008094468154013157,0.08839558809995651,623.6306762695312,678.6149291992188,1.7880693446719724,0.45817306637763977,0.008960029110312462,0.0016399631276726723,0.835182249546051
PINN20260517-KimLayered,2,227,physics,0.8018971681594849,0.13899734616279602,0.4011121988296509,0.039839647710323334,0.1554448902606964,0.13520094752311707,0.2072734236717224,0.19256477057933807,0.2457190901041031,0.7319154739379883,0.00018146725778933614,0.012960121966898441,1.9745741042243026e-07,0.506434977054596,0.09214694797992706,0.008106951601803303,0.08821336179971695,620.23583984375,671.9173583984375,1.781963110601142,0.4585666060447693,0.008880997076630592,0.0016318566631525755,0.8351213932037354
PINN20260517-KimLayered,2,229,physics,0.7952581644058228,0.1375088393688202,0.39906489849090576,0.03982318565249443,0.1542711853981018,0.13452811539173126,0.204879492521286,0.19211754202842712,0.24548086524009705,0.7169286012649536,0.0001716698898235336,0.012719710357487202,1.9759119140871917e-07,0.5063768029212952,0.09216337651014328,0.00811896100640297,0.08803164213895798,616.9342651367188,665.2782592773438,1.7759392372269733,0.45896396040916443,0.008788596838712692,0.0016237051459029317,0.8350604176521301
PINN20260517-KimLayered,2,231,physics,0.7887445092201233,0.13608333468437195,0.3970751166343689,0.03950216993689537,0.15311382710933685,0.13386543095111847,0.20343732833862305,0.19166350364685059,0.24525026977062225,0.6997324824333191,0.00016132078599184752,0.01247577928006649,1.974842831486967e-07,0.506314218044281,0.092180997133255,0.008130627684295177,0.08785127103328705,613.722900390625,658.6887817382812,1.7710243149873721,0.45936650037765503,0.008682689629495144,0.0016156563069671392,0.8349993228912354
PINN20260517-KimLayered,2,234,physics,0.7792993187904358,0.13403181731700897,0.39416319131851196,0.03884204104542732,0.1514076590538025,0.13288913667201996,0.2020171880722046,0.19096703827381134,0.24491772055625916,0.6752982139587402,0.00014532434579450637,0.012104212306439877,1.971512944010101e-07,0.5062150359153748,0.09220957010984421,0.008147481828927994,0.08758384734392166,609.056884765625,648.9413452148438,1.7632261371024933,0.45997855067253113,0.008503350429236889,0.0016042398056015372,0.8349074125289917
PINN20260517-KimLayered,2,236,physics,0.7733138203620911,0.13268961012363434,0.3922252058982849,0.03880205750465393,0.15029039978981018,0.13224852085113525,0.2000533789396286,0.190493643283844,0.24470527470111847,0.6653077006340027,0.00013511702127289027,0.01184871792793274,1.9718903843113367e-07,0.5061461925506592,0.09222918003797531,0.008158189244568348,0.08740787208080292,606.0365600585938,642.5768432617188,1.7577858834059727,0.4603898823261261,0.008379817008972168,0.0015974368434399366,0.8348461389541626
PINN20260517-KimLayered,2,238,physics,0.7676289081573486,0.13139306008815765,0.39032289385795593,0.03865016996860504,0.1491907835006714,0.13161532580852509,0.19845649600028992,0.19000962376594543,0.24450086057186127,0.6631808876991272,0.00012605395750142634,0.011588755063712597,1.9713991150638321e-07,0.5060753226280212,0.092249296605587,0.008168482221662998,0.08723437041044235,603.0841064453125,636.3334350585938,1.7531942329760042,0.46080321073532104,0.008266081102192402,0.0015913667157292366,0.8347846269607544
PINN20260517-KimLayered,2,240,physics,0.7621942162513733,0.13015204668045044,0.38846951723098755,0.03818356245756149,0.14810992777347565,0.13098910450935364,0.19776538014411926,0.18951354920864105,0.24430492520332336,0.6669396162033081,0.00011854027980007231,0.011325865983963013,1.9685998609020317e-07,0.5060030221939087,0.09226993471384048,0.00817839801311493,0.08706394582986832,600.1932983398438,630.2150268554688,1.748838497929858,0.46121835708618164,0.008172324858605862,0.001585577498190105,0.8347229957580566
PINN20260517-KimLayered,2,243,physics,0.7543042302131653,0.12832914292812347,0.3856918215751648,0.037915050983428955,0.14652462303638458,0.13006019592285156,0.1956244260072708,0.18874631822109222,0.24402666091918945,0.6738670468330383,0.00010995996854035184,0.01092437282204628,1.9665709771743423e-07,0.5058964490890503,0.09230124950408936,0.008192518725991249,0.08681491762399673,595.9674682617188,621.2388305664062,1.741540635278926,0.46184399724006653,0.008074987679719925,0.0015761806862428784,0.83463054895401
PINN20260517-KimLayered,2,245,physics,0.7491316795349121,0.12714654207229614,0.3838561177253723,0.037818729877471924,0.14549142122268677,0.1294485628604889,0.19407469034194946,0.188217431306839,0.24385005235671997,0.6755611300468445,0.00010561094677541405,0.010658483020961285,1.9648669535854424e-07,0.5058292746543884,0.0923231914639473,0.008201587945222855,0.08665404468774796,593.226806640625,615.3464965820312,1.7372603701530684,0.4622650444507599,0.008034792728722095,0.001569284126162529,0.8345690965652466
PINN20260517-KimLayered,2,247,physics,0.7440142631530762,0.1260078251361847,0.382061243057251,0.037421442568302155,0.14447645843029022,0.12884366512298584,0.19347502291202545,0.18767589330673218,0.24367959797382355,0.6747125387191772,0.00010203786223428324,0.01039840467274189,1.9605985812631843e-07,0.505765974521637,0.09234657138586044,0.008210496045649052,0.08649751543998718,590.5431518554688,609.5242309570312,1.7333965093420067,0.4626903831958771,0.008009547367691994,0.0015620588092133403,0.8345078229904175
PINN20260517-KimLayered,2,249,physics,0.738956868648529,0.12488536536693573,0.38027119636535645,0.03715471178293228,0.14347851276397705,0.1282443404197693,0.19256307184696198,0.1871195137500763,0.24351483583450317,0.6722612380981445,9.901665180223063e-05,0.01014087162911892,1.956870221420104e-07,0.5057064294815063,0.09237076342105865,0.008219181559979916,0.0863446593284607,587.9083251953125,603.792236328125,1.7283370412706027,0.46311891078948975,0.007995469495654106,0.001554654212668538,0.8344466090202332
PINN20260517-KimLayered,2,251,physics,0.7339330315589905,0.12368497997522354,0.3783867359161377,0.03818393498659134,0.14249363541603088,0.12765087187290192,0.1883220374584198,0.1865502893924713,0.24335522949695587,0.6693756580352783,9.635355672799051e-05,0.009884177707135677,1.9618028090917505e-07,0.5056492686271667,0.0923951044678688,0.008227599784731865,0.08619455248117447,585.3220825195312,598.159423828125,1.7231043833035145,0.4635510742664337,0.007989049889147282,0.0015471898950636387,0.8343855142593384
PINN20260517-KimLayered,2,254,physics,0.726621687412262,0.12208208441734314,0.3757838010787964,0.037385888397693634,0.14104200899600983,0.12677477300167084,0.1884831190109253,0.18566952645778656,0.2431233525276184,0.66633141040802,9.279439836973324e-05,0.009518992155790329,1.95415196913018e-07,0.505561351776123,0.09243536740541458,0.00824022851884365,0.08597423881292343,581.5336303710938,589.8755493164062,1.7201007211055714,0.4642077386379242,0.007987236604094505,0.0015362902777269483,0.8342927694320679
PINN20260517-KimLayered,2,256,physics,0.7219007015228271,0.12106123566627502,0.3740796744823456,0.03673628345131874,0.14008736610412598,0.1261955350637436,0.1888182908296585,0.18506622314453125,0.2429734319448471,0.6657466292381287,9.045571641763672e-05,0.009271115995943546,1.9490023817070323e-07,0.5055001378059387,0.0924622043967247,0.008248201571404934,0.0858282595872879,579.0376586914062,584.509033203125,1.7155946370520587,0.46464473009109497,0.00798560306429863,0.0015293165342882276,0.8342304825782776
PINN20260517-KimLayered,2,258,physics,0.7172370553016663,0.11998158693313599,0.3722822070121765,0.0374295674264431,0.13914133608341217,0.12561778724193573,0.1851254105567932,0.18444833159446716,0.2428267002105713,0.6660730838775635,8.796227484708652e-05,0.009012367576360703,1.953040538182904e-07,0.5054383277893066,0.09248750656843185,0.008255593478679657,0.08568235486745834,576.5726928710938,579.2290649414062,1.7104915894223407,0.46507930755615234,0.007979486137628555,0.0015225837705656886,0.8341681361198425
PINN20260517-KimLayered,2,260,physics,0.7126755118370056,0.11897429823875427,0.3705616891384125,0.037333887070417404,0.13820664584636688,0.1250464767217636,0.18369992077350616,0.18382030725479126,0.2426820546388626,0.666787326335907,8.528280886821449e-05,0.008761614561080933,1.9512323490289418e-07,0.505376935005188,0.09251385927200317,0.008262933231890202,0.085538350045681,574.1557006835938,574.0076904296875,1.7082449569337421,0.46551695466041565,0.007967145182192326,0.0015161305200308561,0.834105372428894
PINN20260517-KimLayered,2,262,physics,0.7081825733184814,0.11802438646554947,0.36890995502471924,0.03647986426949501,0.13728322088718414,0.1244819238781929,0.18461093306541443,0.18317440152168274,0.2425391674041748,0.6674220561981201,8.23937589302659e-05,0.008523591794073582,1.9431384146173514e-07,0.5053176283836365,0.09254153817892075,0.008270388469099998,0.08539693057537079,571.77734375,568.8738403320312,1.706339971356949,0.4659600555896759,0.00794757530093193,0.0015098913572728634,0.8340422511100769
PINN20260517-KimLayered,2,265,physics,0.7015447616577148,0.11651401221752167,0.36632806062698364,0.03678976371884346,0.1359156221151352,0.12364217638969421,0.18211118876934052,0.18218325078487396,0.2423277646303177,0.6677908301353455,7.768278737785295e-05,0.00817315373569727,1.939830696073841e-07,0.5052350163459778,0.09258189797401428,0.008281293325126171,0.08518818765878677,568.2614135742188,561.385986328125,1.7019006468189128,0.46663013100624084,0.007904574275016785,0.0015006818575784564,0.8339478969573975
PINN20260517-KimLayered,2,267,physics,0.6971975564956665,0.11555362492799759,0.36465275287628174,0.03660782426595688,0.13501669466495514,0.1230863556265831,0.18155424296855927,0.18150371313095093,0.24218852818012238,0.667747974395752,7.442740024998784e-05,0.007946978323161602,1.935652989004666e-07,0.5051834583282471,0.09260883182287216,0.008288484998047352,0.08505135774612427,565.9555053710938,556.5220336914062,1.7000456319401338,0.4670797884464264,0.00786884780973196,0.0014945786679163575,0.8338849544525146
PINN20260517-KimLayered,2,269,physics,0.6929095983505249,0.11464473605155945,0.36302268505096436,0.03599024564027786,0.13412871956825256,0.12253282964229584,0.18200629949569702,0.18081098794937134,0.24205061793327332,0.6676870584487915,7.118219218682498e-05,0.007725119590759277,1.929834922975715e-07,0.505135178565979,0.09263577312231064,0.008295567706227303,0.08491627871990204,563.6722412109375,551.7567138671875,1.6970510075416823,0.4675307273864746,0.00782946776598692,0.001488442998379469,0.8338220715522766
PINN20260517-KimLayered,2,271,physics,0.6886721849441528,0.11371171474456787,0.3613484799861908,0.036105550825595856,0.1332499235868454,0.12198098748922348,0.18025001883506775,0.18010209500789642,0.2419140785932541,0.6677590608596802,6.800737173762172e-05,0.0075033074244856834,1.9298383335808467e-07,0.5050907731056213,0.09266187250614166,0.008302390575408936,0.08478263020515442,561.4144287109375,547.0736083984375,1.6927015534634369,0.4679819941520691,0.007788040209561586,0.001482209307141602,0.8337592482566833
PINN20260517-KimLayered,2,274,physics,0.6824327707290649,0.1123618334531784,0.35888364911079407,0.03597056493163109,0.13195055723190308,0.12116104364395142,0.17847265303134918,0.17901183664798737,0.2417115569114685,0.6682233810424805,6.353843491524458e-05,0.007185765076428652,1.9281661423065088e-07,0.5050297975540161,0.09270179271697998,0.008312681689858437,0.08458620309829712,558.095703125,540.1887817382812,1.6881230976308021,0.46866461634635925,0.007726162206381559,0.001472679665312171,0.8336648941040039
PINN20260517-KimLayered,2,276,physics,0.6783415675163269,0.1114976704120636,0.3572852611541748,0.035491157323122025,0.1310950666666031,0.12062080949544907,0.17852699756622314,0.17826655507087708,0.24157796800136566,0.6686875820159912,6.080446109990589e-05,0.006986251566559076,1.923503418765904e-07,0.5049901008605957,0.09272903203964233,0.00831968430429697,0.08445748686790466,555.9175415039062,535.7257690429688,1.6854358595793935,0.469124436378479,0.007687044329941273,0.0014662090688943863,0.8336015343666077
PINN20260517-KimLayered,2,278,physics,0.6742952466011047,0.11061502993106842,0.35566720366477966,0.035470664501190186,0.1302454173564911,0.12008409947156906,0.17737650871276855,0.1775054782629013,0.24144552648067474,0.6691561341285706,5.826349661219865e-05,0.006789861712604761,1.921237640090112e-07,0.5049486756324768,0.09275533258914948,0.008326569572091103,0.08432910591363907,553.7555541992188,531.388671875,1.6823712630358676,0.46958544850349426,0.00765042332932353,0.0014596421970054507,0.8335376977920532
PINN20260517-KimLayered,2,280,physics,0.6702950596809387,0.10973945260047913,0.35405856370925903,0.03552791476249695,0.12940126657485962,0.11955138295888901,0.17604699730873108,0.17672990262508392,0.2413141429424286,0.6695550680160522,5.588557178271003e-05,0.006596946157515049,1.9189748456938105e-07,0.5049039125442505,0.0927806869149208,0.008333342149853706,0.08420062810182571,551.6116333007812,527.176513671875,1.6797491588116493,0.4700472056865692,0.0076167164370417595,0.0014530253829434514,0.8334733843803406
PINN20260517-KimLayered,2,282,physics,0.6663378477096558,0.10890016704797745,0.35249170660972595,0.03522505238652229,0.12856316566467285,0.1190226748585701,0.17566409707069397,0.17594046890735626,0.24118369817733765,0.6698606014251709,5.364191019907594e-05,0.006409879308193922,1.914172287342808e-07,0.504855751991272,0.09280555695295334,0.00834010448306799,0.08407220989465714,549.4884643554688,523.0745849609375,1.6776545604329356,0.470510333776474,0.00758599815890193,0.0014464204432442784,0.8334082961082458
PINN20260517-KimLayered,2,285,physics,0.6604811549186707,0.10767211019992828,0.3501709997653961,0.03473812714219093,0.1273174285888672,0.1182369738817215,0.17501796782016754,0.1747283935546875,0.24098940193653107,0.6701871752738953,5.049081300967373e-05,0.006139020901173353,1.9077124591149186e-07,0.5047809481620789,0.09284217655658722,0.008350170217454433,0.08388043195009232,546.3414916992188,517.1055908203125,1.6735295159808372,0.4712073504924774,0.0075446623377501965,0.0014366357354447246,0.8333097100257874
PINN20260517-KimLayered,2,287,physics,0.6566274166107178,0.10685045272111893,0.3486153483390808,0.03473140299320221,0.126495361328125,0.11771780997514725,0.1736462414264679,0.17390382289886475,0.2408604621887207,0.67037433385849,4.850580808124505e-05,0.005965575575828552,1.9061739919834508e-07,0.5047312378883362,0.09286635369062424,0.00835686270147562,0.0837535709142685,544.2742919921875,513.243408203125,1.6706168520199467,0.47167423367500305,0.007519362960010767,0.0014302441850304604,0.8332436084747314
PINN20260517-KimLayered,2,289,physics,0.6528151035308838,0.10605008900165558,0.3470873236656189,0.03451362997293472,0.12568004429340363,0.11720339953899384,0.17293113470077515,0.17306505143642426,0.24073170125484467,0.6705758571624756,4.659928526962176e-05,0.005801070481538773,1.9030726150504051e-07,0.504681408405304,0.0928909033536911,0.008363699540495872,0.08362787961959839,542.2330322265625,509.4864196777344,1.6685361397012604,0.47214406728744507,0.007495141122490168,0.0014239930314943194,0.8331770896911621
PINN20260517-KimLayered,2,291,physics,0.649040937423706,0.10526732355356216,0.34558334946632385,0.03411981835961342,0.1248706504702568,0.11669333279132843,0.17279615998268127,0.17221298813819885,0.24060304462909698,0.6708022356033325,4.475406967685558e-05,0.0056440080516040325,1.8981752702984522e-07,0.5046303868293762,0.09291534125804901,0.008370628580451012,0.08350277692079544,540.2081298828125,505.8447265625,1.6666478703707142,0.4726160168647766,0.007471256889402866,0.0014178748242557049,0.833109974861145
PINN20260517-KimLayered,2,294,physics,0.6434503197669983,0.10408259928226471,0.3433152437210083,0.03400800749659538,0.12366560101509094,0.1159331277012825,0.17127862572669983,0.1709137260913849,0.24040985107421875,0.6711701154708862,4.206797530059703e-05,0.0054143499583005905,1.8930246881154744e-07,0.5045501589775085,0.09294995665550232,0.008380819112062454,0.08331466466188431,537.19091796875,500.5947570800781,1.663631615853175,0.47332412004470825,0.007434589322656393,0.0014088874449953437,0.8330084681510925
PINN20260517-KimLayered,2,296,physics,0.6397684812545776,0.10331693291664124,0.3418257236480713,0.03375361114740372,0.12286929041147232,0.11542968451976776,0.1707654744386673,0.1700333207845688,0.24028070271015167,0.6714213490486145,4.0332652133656666e-05,0.005266799125820398,1.8881421226524253e-07,0.5044952034950256,0.09297221153974533,0.008387542329728603,0.08318930864334106,535.19921875,497.2244873046875,1.6621888638509945,0.4737963378429413,0.007409163285046816,0.0014030039310455322,0.8329402208328247
PINN20260517-KimLayered,2,298,physics,0.6361232399940491,0.10256637632846832,0.34034842252731323,0.03343065828084946,0.12207956612110138,0.11492863297462463,0.17043232917785645,0.16914236545562744,0.24015113711357117,0.6716711521148682,3.863699748762883e-05,0.005124444607645273,1.8829859982361086e-07,0.5044410228729248,0.0929940715432167,0.008394250646233559,0.08306462317705154,533.225341796875,493.9445495605469,1.660415536087484,0.47426924109458923,0.007382786367088556,0.0013971802545711398,0.832871675491333
PINN20260517-KimLayered,2,300,physics,0.6325125098228455,0.10181094706058502,0.3388610780239105,0.033359963446855545,0.12129689007997513,0.11443018168210983,0.16937536001205444,0.16824127733707428,0.24002091586589813,0.6719197630882263,3.697414285852574e-05,0.004987283609807491,1.879814703897864e-07,0.5043895244598389,0.09301567077636719,0.008400944992899895,0.08294107019901276,531.2725219726562,490.7546691894531,1.658456250313938,0.4747432470321655,0.007355444133281708,0.0013913867296651006,0.8328030109405518
PINN20260517-KimLayered,2,302,physics,0.6289366483688354,0.10106921195983887,0.33738672733306885,0.033195316791534424,0.12052123993635178,0.11393453925848007,0.16862811148166656,0.16733136773109436,0.23988991975784302,0.6721716523170471,3.535100768203847e-05,0.004857079591602087,1.876142619039456e-07,0.5043403506278992,0.09303739666938782,0.008407730609178543,0.08281884342432022,529.342041015625,487.66259765625,1.6569814335690807,0.4752189517021179,0.0073273666203022,0.0013856104342266917,0.832734227180481
PINN20260517-KimLayered,2,305,physics,0.6236348748207092,0.0999782383441925,0.3351977467536926,0.03282564878463745,0.11936935782432556,0.11319597065448761,0.16793113946914673,0.16595077514648438,0.2396918535232544,0.6725574135780334,3.299694799352437e-05,0.004672377370297909,1.86969259630132e-07,0.5042684078216553,0.0930694192647934,0.008417973294854164,0.08263704925775528,526.4724731445312,483.2182922363281,1.6546829290909115,0.4759345054626465,0.007284339517354965,0.0013769279466941953,0.832630455493927
PINN20260517-KimLayered,2,307,physics,0.6201421022415161,0.09925305098295212,0.33373934030532837,0.03272842615842819,0.1186080127954483,0.11270620673894882,0.16705943644046783,0.16502106189727783,0.23955868184566498,0.6728163957595825,3.148396353935823e-05,0.004553654231131077,1.8663475032099086e-07,0.5042198896408081,0.09308968484401703,0.008424687199294567,0.08251592516899109,524.5734252929688,480.38250732421875,1.6531978840580266,0.476411372423172,0.007255382835865021,0.0013711067149415612,0.8325608372688293
PINN20260517-KimLayered,2,309,physics,0.6166833639144897,0.09854836761951447,0.33230215311050415,0.032444871962070465,0.117852121591568,0.11221887171268463,0.16672086715698242,0.16408436000347137,0.239424467086792,0.6730749011039734,3.0023913495824672e-05,0.004439179785549641,1.8619574859712884e-07,0.5041706562042236,0.0931093618273735,0.008431361056864262,0.08239495009183884,522.689208984375,477.6430358886719,1.652087145821619,0.47688817977905273,0.007226606365293264,0.001365272211842239,0.8324907422065735
PINN20260517-KimLayered,2,311,physics,0.6132579445838928,0.09785205870866776,0.33087238669395447,0.03217805176973343,0.11710147559642792,0.11173373460769653,0.1663297563791275,0.16314297914505005,0.23928911983966827,0.6733298301696777,2.8618474971153773e-05,0.0043286774307489395,1.858235663121377e-07,0.5041213035583496,0.09312845766544342,0.008437968790531158,0.08227433264255524,520.8179931640625,474.99456787109375,1.6505553375991426,0.4773651659488678,0.0071982163935899734,0.001359434681944549,0.8324203491210938
PINN20260517-KimLayered,2,313,physics,0.6098626255989075,0.09714926034212112,0.3294336795806885,0.03215966373682022,0.11635618656873703,0.111251100897789,0.16523496806621552,0.16219516098499298,0.23915255069732666,0.6735779047012329,2.726685670495499e-05,0.0042219581082463264,1.856456748328128e-07,0.5040722489356995,0.09314695745706558,0.008444505743682384,0.08215415477752686,518.964111328125,472.44183349609375,1.6490826507786265,0.47784242033958435,0.007170326076447964,0.0013536050682887435,0.8323495388031006
PINN20260517-KimLayered,2,316,physics,0.6048277020454407,0.09612946957349777,0.3273160457611084,0.03174927085638046,0.11524862051010132,0.1105322390794754,0.16478779911994934,0.16076721251010895,0.2389450967311859,0.6739363670349121,2.534585837565828e-05,0.004071518778800964,1.8517030753173458e-07,0.5039986371994019,0.09317434579133987,0.008454353548586369,0.08197494596242905,516.2129516601562,468.79791259765625,1.6474524029159447,0.4785600006580353,0.00712974090129137,0.001344928634352982,0.8322425484657288
PINN20260517-KimLayered,2,318,physics,0.6015076041221619,0.09544941037893295,0.32590287923812866,0.03163514658808708,0.11451615393161774,0.1100558489561081,0.16406063735485077,0.15981009602546692,0.238804891705513,0.6741639375686646,2.41303387156222e-05,0.003975266590714455,1.8499004283967224e-07,0.5039488673210144,0.09319169819355011,0.008460795506834984,0.08185562491416931,514.3919677734375,466.4815979003906,1.6459470155866616,0.4790382385253906,0.007103392854332924,0.001339196227490902,0.8321707248687744
PINN20260517-KimLayered,2,320,physics,0.598217785358429,0.09477648138999939,0.3244945704936981,0.031544268131256104,0.11378837376832962,0.10958189517259598,0.16326561570167542,0.15885202586650848,0.23866300284862518,0.674384355545044,2.296647107868921e-05,0.003882228396832943,1.84829033855749e-07,0.5038981437683105,0.09320838749408722,0.008467130362987518,0.0817362442612648,512.5850219726562,464.2608642578125,1.644744335002002,0.47951629757881165,0.007077554240822792,0.0013335206313058734,0.8320984840393066
PINN20260517-KimLayered,2,322,physics,0.5949548482894897,0.09412150084972382,0.3231041133403778,0.03127483278512955,0.11306482553482056,0.10911048203706741,0.16298508644104004,0.15789258480072021,0.23851938545703888,0.6746008396148682,2.1852674763067625e-05,0.003793177427724004,1.8454126404776616e-07,0.5038464069366455,0.09322477132081985,0.008473430760204792,0.08161712437868118,510.79193115234375,462.13250732421875,1.6437035966777238,0.47999465465545654,0.007052167784422636,0.00132791290525347,0.8320257067680359
PINN20260517-KimLayered,2,325,physics,0.5901176929473877,0.09312695264816284,0.3210083544254303,0.031270768493413925,0.11198778450489044,0.10840847343206406,0.16151553392410278,0.15645305812358856,0.23830032348632812,0.6749204993247986,2.0261111785657704e-05,0.003665582276880741,1.8435301285535388e-07,0.5037667155265808,0.09324809163808823,0.008482709527015686,0.08143842965364456,508.1272277832031,459.11468505859375,1.642089336648221,0.48071226477622986,0.007014487870037556,0.0013196106301620603,0.831915557384491
PINN20260517-KimLayered,2,327,physics,0.5869229435920715,0.09249027073383331,0.3196455240249634,0.0309288389980793,0.1112758219242096,0.10794398188591003,0.16153216361999512,0.15549243986606598,0.23815175890922546,0.6751325130462646,1.9255126971984282e-05,0.003585946513339877,1.8399320822481968e-07,0.5037118196487427,0.09326338022947311,0.00848888885229826,0.08131960779428482,506.3684387207031,457.222900390625,1.641971104424055,0.4811910390853882,0.006989593617618084,0.0013141543604433537,0.8318414688110352
PINN20260517-KimLayered,2,329,physics,0.5837579369544983,0.09185631573200226,0.3182830214500427,0.03069724328815937,0.11056824028491974,0.10748080909252167,0.1612069308757782,0.15453468263149261,0.23800088465213776,0.6753406524658203,1.828987842600327e-05,0.0035082781687378883,1.8374471721926966e-07,0.5036557912826538,0.093277707695961,0.00849488377571106,0.081200510263443,504.6120300292969,455.3995056152344,1.6407658184683716,0.48166874051094055,0.006964691914618015,0.0013087405823171139,0.8317667841911316
PINN20260517-KimLayered,2,331,physics,0.580618679523468,0.09121794253587723,0.31691229343414307,0.03070969320833683,0.10986519604921341,0.10701901465654373,0.16010220348834991,0.1535782814025879,0.23784758150577545,0.6755454540252686,1.7364785890094936e-05,0.003432333702221513,1.8370630527897447e-07,0.5035994648933411,0.09329105168581009,0.008500676602125168,0.08108138293027878,502.8700256347656,453.6636657714844,1.639907890181432,0.4821453094482422,0.006939711514860392,0.0013033594004809856,0.8316919207572937
PINN20260517-KimLayered,2,333,physics,0.5775085091590881,0.09060994535684586,0.3155694305896759,0.030335694551467896,0.10916776210069656,0.10655935853719711,0.16012480854988098,0.15262427926063538,0.2376917451620102,0.6757513284683228,1.6484334992128424e-05,0.003360927104949951,1.8340088558943535e-07,0.5035438537597656,0.09330442547798157,0.008506501093506813,0.08096298575401306,501.143798828125,452.02362060546875,1.6391509635501122,0.48262229561805725,0.006914801895618439,0.0012980216415598989,0.8316166400909424
PINN20260517-KimLayered,2,336,physics,0.5728785395622253,0.08967683464288712,0.3135402798652649,0.030226007103919983,0.1081313043832779,0.10587389767169952,0.1589290201663971,0.15119898319244385,0.23745287954807281,0.676061749458313,1.5239883396134246e-05,0.003261053469032049,1.8320017147743783e-07,0.5034619569778442,0.09332381188869476,0.008515221998095512,0.08078686147928238,498.5833740234375,449.7457275390625,1.6385345492163768,0.48333901166915894,0.006877298466861248,0.0012900556903332472,0.8315029740333557
PINN20260517-KimLayered,2,338,physics,0.5698280930519104,0.08906905353069305,0.31220144033432007,0.03004363924264908,0.10744655877351761,0.10541918873786926,0.15849846601486206,0.15025413036346436,0.23728996515274048,0.6762678027153015,1.4463089428318199e-05,0.003198618534952402,1.8294994674761256e-07,0.5034072399139404,0.09333615005016327,0.008520986884832382,0.08066996186971664,496.8874206542969,448.3280334472656,1.6380166086148504,0.4838167726993561,0.006852327845990658,0.001284769969061017,0.831426739692688
PINN20260517-KimLayered,2,340,physics,0.5668042898178101,0.08846994489431381,0.3108683228492737,0.02985040470957756,0.10676636546850204,0.10496587306261063,0.15808509290218353,0.14931224286556244,0.2371240109205246,0.6764706373214722,1.3727312762057409e-05,0.0031382828019559383,1.8269305712692585e-07,0.5033517479896545,0.09334759414196014,0.008526591584086418,0.08055299520492554,495.19927978515625,446.9844970703125,1.637621314387159,0.4842933714389801,0.0068274084478616714,0.0012794978683814406,0.8313500881195068
PINN20260517-KimLayered,2,342,physics,0.5638012886047363,0.08787296712398529,0.3095371723175049,0.02972150593996048,0.10609061270952225,0.10451389849185944,0.15747147798538208,0.14837543666362762,0.23695462942123413,0.6766706705093384,1.302597866015276e-05,0.0030802679248154163,1.8249477307108464e-07,0.5032957792282104,0.09335833042860031,0.008532073348760605,0.08043616265058517,493.5216369628906,445.7213134765625,1.6373013347056762,0.484769344329834,0.006802572403103113,0.0012742411345243454,0.8312729597091675
PINN20260517-KimLayered,2,344,physics,0.5608245134353638,0.08728577196598053,0.3082170784473419,0.02953704632818699,0.10541988909244537,0.10406370460987091,0.15702003240585327,0.14744624495506287,0.23678170144557953,0.6768688559532166,1.235579293279443e-05,0.0030250835698097944,1.8227258635761245e-07,0.5032396912574768,0.09336869418621063,0.00853748805820942,0.08031974732875824,491.85711669921875,444.5425720214844,1.637087753555245,0.4852449297904968,0.006777914706617594,0.0012690091971307993,0.8311954140663147
PINN20260517-KimLayered,2,347,physics,0.556402862071991,0.08641180396080017,0.30624035000801086,0.029344521462917328,0.10442297160625458,0.1033913642168045,0.15610581636428833,0.1460583657026291,0.23651525378227234,0.6771619319915771,1.1403380085539538e-05,0.0029472780879586935,1.8202597118488484e-07,0.5031566023826599,0.09338346868753433,0.008545476011931896,0.08014613389968872,489.383544921875,442.92718505859375,1.6366638862768321,0.48595792055130005,0.00674130255356431,0.0012612143764272332,0.8310785293579102
PINN20260517-KimLayered,2,349,physics,0.553485095500946,0.08583781868219376,0.3049270808696747,0.029203996062278748,0.10376438498497009,0.10294517874717712,0.15554237365722656,0.14514048397541046,0.2363324910402298,0.6773536205291748,1.0803651093738154e-05,0.0028986302204430103,1.8185102135248599e-07,0.5031014084815979,0.09339269250631332,0.008550718426704407,0.08003094792366028,487.74810791015625,441.9544372558594,1.6364434492482227,0.4864329695701599,0.006717175245285034,0.0012560583418235183,0.8309999704360962
PINN20260517-KimLayered,2,351,physics,0.5505881309509277,0.08527125418186188,0.30361971259117126,0.029020704329013824,0.10311002284288406,0.10250057280063629,0.15512299537658691,0.14422915875911713,0.23614540696144104,0.6775422692298889,1.0231539818050805e-05,0.0028525583911687136,1.8162525350362557e-07,0.5030455589294434,0.09340132027864456,0.008555898442864418,0.07991600036621094,486.12261962890625,441.06256103515625,1.6363213899062974,0.4869077801704407,0.006693260744214058,0.0012509363004937768,0.8309211730957031
PINN20260517-KimLayered,2,353,physics,0.5477157235145569,0.08470743894577026,0.3023146986961365,0.028879601508378983,0.1024596318602562,0.10205782949924469,0.15461647510528564,0.1433260440826416,0.2359536588191986,0.6777275204658508,9.68667518463917e-06,0.0028086218517273664,1.814041041825476e-07,0.5029886960983276,0.09340918809175491,0.008560989052057266,0.07980109006166458,484.5060119628906,440.2465515136719,1.6362569398065472,0.48738211393356323,0.0066695185378193855,0.0012458470882847905,0.8308417201042175
PINN20260517-KimLayered,2,356,physics,0.5434479117393494,0.08387675881385803,0.30037105083465576,0.028588781133294106,0.10149083286523819,0.10139762610197067,0.15410667657852173,0.14197930693626404,0.2356567084789276,0.6780000329017639,8.920072104956489e-06,0.0027465138118714094,1.809908241057201e-07,0.502901017665863,0.093419648706913,0.008568444289267063,0.07962864637374878,482.0993957519531,439.1669921875,1.636362735831435,0.4880927503108978,0.006634238176047802,0.001238281256519258,0.8307215571403503
PINN20260517-KimLayered,2,358,physics,0.540635347366333,0.08331655710935593,0.2990748882293701,0.028601961210370064,0.10084955394268036,0.10096017271280289,0.15322908759117126,0.14109176397323608,0.2354521006345749,0.6781790852546692,8.434298251813743e-06,0.0027073160745203495,1.8085768260789337e-07,0.5028409361839294,0.0934256911277771,0.00857328251004219,0.07951375842094421,480.5087890625,438.5455017089844,1.636630395223051,0.4885660707950592,0.006610845681279898,0.0012332771439105272,0.8306408524513245
PINN20260517-KimLayered,2,360,physics,0.5378419756889343,0.08279245346784592,0.29780852794647217,0.028134232386946678,0.10021284222602844,0.10052455216646194,0.15368181467056274,0.14021028578281403,0.23524174094200134,0.6783563494682312,7.96768563304795e-06,0.0026701921597123146,1.8039298765870626e-07,0.5027797818183899,0.09343136847019196,0.008578052744269371,0.0793989896774292,478.9266357421875,437.98626708984375,1.636847749608219,0.48903849720954895,0.006587708834558725,0.001228317036293447,0.830559492111206
PINN20260517-KimLayered,2,362,physics,0.5350627303123474,0.08223473280668259,0.2965032458305359,0.028328483924269676,0.09957964718341827,0.10009101033210754,0.152191162109375,0.1393355280160904,0.23502519726753235,0.6785298585891724,7.516486220993102e-06,0.002633455442264676,1.8042094040993106e-07,0.5027177929878235,0.09343556314706802,0.008582569658756256,0.07928390800952911,477.35211181640625,437.490478515625,1.6367591203476395,0.4895099103450775,0.00656451191753149,0.0012233718298375607,0.830477774143219
PINN20260517-KimLayered,2,364,physics,0.532310426235199,0.08170507848262787,0.2952353358268738,0.02810780145227909,0.09895116090774536,0.09965962916612625,0.1519661545753479,0.1384671926498413,0.23480229079723358,0.6787034273147583,7.083786840667017e-06,0.0025997254997491837,1.8013153635365597e-07,0.5026547312736511,0.09343954920768738,0.008587139658629894,0.07916930317878723,475.7947998046875,437.1050109863281,1.6374889985499332,0.4899815022945404,0.006541518960148096,0.0012184659717604518,0.8303954601287842
PINN20260517-KimLayered,2,367,physics,0.5282244086265564,0.08092106878757477,0.2933603525161743,0.027720481157302856,0.09801647812128067,0.09901703149080276,0.15184491872787476,0.13717596232891083,0.23445507884025574,0.6789602637290955,6.466885679401457e-06,0.002552646677941084,1.7969476573398424e-07,0.5025580525398254,0.09344417601823807,0.008593857288360596,0.07899753749370575,473.4684143066406,436.61749267578125,1.6380823663820174,0.49068769812583923,0.006507206708192825,0.001211158698424697,0.8302710056304932
PINN20260517-KimLayered,2,369,physics,0.5255261063575745,0.08040103316307068,0.29210036993026733,0.027630425989627838,0.09739819169044495,0.09859015792608261,0.15115986764431,0.13632412254810333,0.23421423137187958,0.6791260838508606,6.076889803807717e-06,0.0025214622728526592,1.7959783349397185e-07,0.5024927258491516,0.0934455543756485,0.008597996085882187,0.0788826048374176,471.9245300292969,436.3431091308594,1.6378875153033834,0.49115604162216187,0.0064844246953725815,0.0012063125614076853,0.8301874995231628
PINN20260517-KimLayered,2,371,physics,0.5228526592254639,0.07987510412931442,0.29083555936813354,0.027715925127267838,0.09678437560796738,0.09816575795412064,0.1500287503004074,0.13547749817371368,0.23396553099155426,0.6792915463447571,5.703606802853756e-06,0.002492097206413746,1.796176007928807e-07,0.5024272799491882,0.09344614297151566,0.008602076210081577,0.07876807451248169,470.4002990722656,436.1883239746094,1.6383014271132235,0.49162426590919495,0.006461723241955042,0.0012014905223622918,0.8301035761833191
PINN20260517-KimLayered,2,373,physics,0.520195722579956,0.07937807589769363,0.2896077334880829,0.02732698805630207,0.09617538005113602,0.09774444997310638,0.15032640099525452,0.13463665544986725,0.2337086796760559,0.6794588565826416,5.348425929696532e-06,0.002466248581185937,1.7921469463999529e-07,0.5023613572120667,0.093446746468544,0.008606319315731525,0.07865442335605621,468.89044189453125,436.12750244140625,1.6390383943647482,0.49209338426589966,0.0064392732456326485,0.0011967081809416413,0.8300191164016724
PINN20260517-KimLayered,2,376,physics,0.5162487030029297,0.07861141115427017,0.2877510190010071,0.02721676044166088,0.09526821970939636,0.09711641073226929,0.14949092268943787,0.13338452577590942,0.233306884765625,0.6797047257423401,4.845486273552524e-06,0.0024296180345118046,1.78928942773382e-07,0.502259373664856,0.09344500303268433,0.008612418547272682,0.07848349213600159,466.63250732421875,436.1114196777344,1.6397551382939963,0.49279549717903137,0.006405663676559925,0.0011895649367943406,0.8298913836479187
PINN20260517-KimLayered,2,378,physics,0.5136459469795227,0.07812459766864777,0.286526083946228,0.026930471882224083,0.09466853737831116,0.09669921547174454,0.14947807788848877,0.13255617022514343,0.23302726447582245,0.6798627972602844,4.53148822998628e-06,0.0024056611582636833,1.7861879086922272e-07,0.5021891593933105,0.0934419184923172,0.008616173639893532,0.07836886495351791,465.126953125,436.1065979003906,1.6400366569947402,0.4932604730129242,0.0063834600150585175,0.0011848335852846503,0.8298055529594421
PINN20260517-KimLayered,2,380,physics,0.5110664367675781,0.07760390639305115,0.2852660119533539,0.027288569137454033,0.09407243132591248,0.09628362208604813,0.14767596125602722,0.13173118233680725,0.23273774981498718,0.6800186038017273,4.232487299304921e-06,0.00238245353102684,1.7878085145639488e-07,0.5021193027496338,0.09343733638525009,0.008619752712547779,0.07825440168380737,463.642578125,436.2239074707031,1.640695152435312,0.49372488260269165,0.0063612330704927444,0.0011801169021055102,0.8297194242477417
PINN20260517-KimLayered,2,382,physics,0.5084897875785828,0.0771382600069046,0.28407400846481323,0.02670499123632908,0.09348247945308685,0.09587091207504272,0.14855605363845825,0.13091471791267395,0.23243877291679382,0.6801772117614746,3.951734015572583e-06,0.002363428473472595,1.781499605613135e-07,0.5020501017570496,0.0934334471821785,0.008623616769909859,0.07814142107963562,462.17645263671875,436.4457702636719,1.6415943317075559,0.4941900372505188,0.00633942149579525,0.0011754593579098582,0.8296326994895935
PINN20260517-KimLayered,2,384,physics,0.5059358477592468,0.07664438337087631,0.2828475832939148,0.026701953262090683,0.09289667010307312,0.09545920789241791,0.14778754115104675,0.13010641932487488,0.2321285605430603,0.680332362651825,3.685992624014034e-06,0.002344626933336258,1.779504827936762e-07,0.501981794834137,0.0934280976653099,0.008627246133983135,0.0780285894870758,460.70989990234375,436.663818359375,1.6424551635296614,0.4946537911891937,0.0063176206313073635,0.001170820090919733,0.829545795917511
PINN20260517-KimLayered,2,387,physics,0.5021495819091797,0.07593520730733871,0.28104084730148315,0.026366986334323883,0.09202713519334793,0.09484371542930603,0.14757424592971802,0.12891311943531036,0.2316393107175827,0.6805601716041565,3.3180538139276905e-06,0.002318249549716711,1.7744389424478868e-07,0.5018795132637024,0.09341828525066376,0.008632423356175423,0.0778597965836525,458.5318908691406,437.10443115234375,1.6434015548318768,0.49534595012664795,0.006285259500145912,0.0011639244621619582,0.8294146060943604
PINN20260517-KimLayered,2,389,physics,0.49964404106140137,0.07545715570449829,0.2798263430595398,0.02635684236884117,0.0914532020688057,0.09443441778421402,0.1467609405517578,0.12813010811805725,0.2312960922718048,0.6807085871696472,3.092344513788703e-06,0.0023012191522866488,1.7731676393850648e-07,0.5018121600151062,0.0934102013707161,0.008635618723928928,0.07774757593870163,457.0860900878906,437.4248046875,1.6442353817764697,0.4958049952983856,0.0062637897208333015,0.0011593587696552277,0.829326868057251
PINN20260517-KimLayered,2,391,physics,0.4971626102924347,0.07498042285442352,0.2786184549331665,0.026373859494924545,0.09088397771120071,0.09402688592672348,0.14595189690589905,0.1273556351661682,0.23093925416469574,0.6808566451072693,2.878798568417551e-06,0.0022856860887259245,1.7720239497975854e-07,0.5017457008361816,0.09340151399374008,0.0086387749761343,0.07763613015413284,455.661376953125,437.86639404296875,1.6451740525495735,0.49626341462135315,0.006242446601390839,0.0011548250913619995,0.8292388319969177
PINN20260517-KimLayered,2,393,physics,0.49470117688179016,0.07454000413417816,0.27744781970977783,0.025843359529972076,0.0903201550245285,0.0936209186911583,0.14675313234329224,0.12659063935279846,0.23056787252426147,0.6810046434402466,2.6745908598968526e-06,0.0022720955312252045,1.7664081042312318e-07,0.5016800165176392,0.09339254349470139,0.008641963824629784,0.07752544432878494,454.2398681640625,438.3179626464844,1.6460992145605793,0.4967208206653595,0.0062213777564466,0.0011503332061693072,0.8291503190994263
PINN20260517-KimLayered,2,395,physics,0.4922504127025604,0.07405649125576019,0.2762201130390167,0.026165269315242767,0.08975934237241745,0.0932159349322319,0.14502109587192535,0.12583588063716888,0.23018048703670502,0.6811487674713135,2.4775281417532824e-06,0.002258007414638996,1.7675046137810568e-07,0.5016146898269653,0.0933813825249672,0.0086448322981596,0.07741458714008331,452.826904296875,438.82159423828125,1.6471303641278117,0.4971764087677002,0.006200186908245087,0.0011458467924967408,0.8290616273880005
PINN20260517-KimLayered,2,398,physics,0.48860597610473633,0.0733933299779892,0.27445489168167114,0.02564186416566372,0.08892659097909927,0.09261222183704376,0.14543652534484863,0.12471941113471985,0.22956976294517517,0.6813654899597168,2.198743004555581e-06,0.00224120682105422,1.7604679669602774e-07,0.5015153288841248,0.09336404502391815,0.00864929985255003,0.07724937796592712,450.7296447753906,439.71484375,1.6486752492153196,0.4978587329387665,0.006168865133076906,0.0011391901643946767,0.8289275169372559
PINN20260517-KimLayered,2,400,physics,0.4861994683742523,0.07292890548706055,0.2732531428337097,0.025775521993637085,0.08837536722421646,0.0922117531299591,0.14433792233467102,0.12398524582386017,0.22914208471775055,0.6815069913864136,2.022359467446222e-06,0.0022305434104055166,1.7596268264696846e-07,0.5014479160308838,0.09335052967071533,0.008652064017951488,0.07713901996612549,449.33880615234375,440.3531188964844,1.6488758373940178,0.4983117878437042,0.006147980690002441,0.0011347719701007009,0.828837513923645
PINN20260517-KimLayered,2,402,physics,0.48381125926971436,0.07250075042247772,0.27208957076072693,0.025385841727256775,0.08782856166362762,0.09181273728609085,0.14473095536231995,0.12325911968946457,0.22869712114334106,0.6816471219062805,1.8548139451013412e-06,0.0022211552131921053,1.754886795879429e-07,0.5013792514801025,0.09333641082048416,0.008654781617224216,0.077028788626194,447.95513916015625,441.02484130859375,1.6490267573014956,0.4987630546092987,0.006127361208200455,0.0011303912615403533,0.8287469744682312
PINN20260517-KimLayered,2,404,physics,0.4814356863498688,0.07204928994178772,0.27089637517929077,0.025488056242465973,0.08728481829166412,0.09141525626182556,0.14366483688354492,0.12254077196121216,0.22823388874530792,0.6817851066589355,1.6946229379755096e-06,0.0022118492051959038,1.754346499183157e-07,0.5013100504875183,0.09332077950239182,0.008657307364046574,0.07691844552755356,446.5809020996094,441.7516784667969,1.6501911878748592,0.4992128908634186,0.006106733810156584,0.0011260268511250615,0.828656017780304
PINN20260517-KimLayered,2,407,physics,0.4779050350189209,0.07140359282493591,0.26916250586509705,0.025146082043647766,0.08647708594799042,0.0908229798078537,0.14359620213508606,0.12147507071495056,0.22750474512577057,0.6819925904273987,1.469690801059187e-06,0.0022013140842318535,1.74947530240388e-07,0.5012048482894897,0.09329693764448166,0.008661224506795406,0.07675409317016602,444.54510498046875,443.002197265625,1.6500840875742417,0.49988633394241333,0.006076176185160875,0.00111954880412668,0.8285185694694519
PINN20260517-KimLayered,2,409,physics,0.4755704402923584,0.07097090780735016,0.2680003345012665,0.025092927739024162,0.08594299852848053,0.09042946994304657,0.1429855227470398,0.12077201157808304,0.2269950658082962,0.6821271181106567,1.32925367779535e-06,0.002194418339058757,1.7480780911682814e-07,0.5011335015296936,0.09327943623065948,0.008663578890264034,0.07664418965578079,443.1861572265625,443.8057861328125,1.6510552710998767,0.5003323554992676,0.006055912468582392,0.0011152583174407482,0.8284263014793396
PINN20260517-KimLayered,2,411,physics,0.47325247526168823,0.07055293768644333,0.26684775948524475,0.024900799617171288,0.08541272580623627,0.09003708511590958,0.14274299144744873,0.1200745701789856,0.22646570205688477,0.682259202003479,1.1966719739575638e-06,0.00218793423846364,1.7457961121181143e-07,0.501061201095581,0.09326095879077911,0.008665787987411022,0.07653426378965378,441.8401794433594,444.6806335449219,1.650303090382554,0.5007760524749756,0.006035826168954372,0.0011109979823231697,0.8283336758613586
PINN20260517-KimLayered,2,413,physics,0.4709501266479492,0.07013171911239624,0.26568740606307983,0.02482205629348755,0.08488621562719345,0.0896465852856636,0.14221784472465515,0.11938319355249405,0.2259160429239273,0.6823911666870117,1.0715591542975744e-06,0.0021825069561600685,1.7438904365008057e-07,0.500988781452179,0.09324167668819427,0.008667979389429092,0.07642487436532974,440.5058288574219,445.6280517578125,1.6519164309698624,0.5012189149856567,0.006015850231051445,0.0011067647719755769,0.8282406330108643
PINN20260517-KimLayered,2,415,physics,0.46865972876548767,0.06970318406820297,0.264527291059494,0.024849331006407738,0.08436335623264313,0.08925851434469223,0.1414840817451477,0.11869775503873825,0.22534625232219696,0.6825241446495056,9.537352525512688e-07,0.002178969094529748,1.7419175435406942e-07,0.5009157657623291,0.09322187304496765,0.008670280687510967,0.07631625980138779,439.190185546875,446.7063903808594,1.652828442016542,0.5016621351242065,0.005995966959744692,0.001102559152059257,0.8281470537185669
PINN20260517-KimLayered,2,418,physics,0.46525272727012634,0.06908949464559555,0.262836217880249,0.024464420974254608,0.08358615636825562,0.08867892622947693,0.14165174961090088,0.11768690496683121,0.2244510054588318,0.6827201843261719,7.909865189503762e-07,0.0021756819915026426,1.7357939441353665e-07,0.5008025169372559,0.09319072961807251,0.008673649281263351,0.07615329325199127,437.2087097167969,448.2229919433594,1.6538619614197987,0.5023233294487,0.0059664444997906685,0.0010963070672005415,0.8280056118965149
PINN20260517-KimLayered,2,420,physics,0.4629976451396942,0.06867492198944092,0.261687695980072,0.024512605741620064,0.08307209610939026,0.08829215168952942,0.14072048664093018,0.11702431738376617,0.22382445633411407,0.6828444600105286,6.914100936228351e-07,0.0021720449440181255,1.7357325532429968e-07,0.500725269317627,0.09316759556531906,0.008675379678606987,0.07604365795850754,435.8888854980469,449.2013854980469,1.653398919583456,0.5027588605880737,0.0059468187391757965,0.001092160353437066,0.827910840511322
PINN20260517-KimLayered,2,422,physics,0.46076250076293945,0.06828833371400833,0.26056039333343506,0.02418329007923603,0.082563117146492,0.0879066213965416,0.14090079069137573,0.11636806279420853,0.22317375242710114,0.6829687356948853,5.994168645884201e-07,0.0021693843882530928,1.7326574663911742e-07,0.5006493330001831,0.09314441680908203,0.008677111938595772,0.07593508809804916,434.5874938964844,450.2906188964844,1.6542276233817814,0.5031925439834595,0.005927469581365585,0.0010880555491894484,0.82781583070755
PINN20260517-KimLayered,2,424,physics,0.45853331685066223,0.06787235289812088,0.2593994736671448,0.024342907592654228,0.08205840736627579,0.08752331882715225,0.1397460401058197,0.11571945995092392,0.22249792516231537,0.6830956339836121,5.140754524290969e-07,0.002168366452679038,1.7322794576557499e-07,0.5005752444267273,0.09312086552381516,0.008678984828293324,0.0758281722664833,433.3116760253906,451.5621643066406,1.6561913059754565,0.5036272406578064,0.005908139981329441,0.0010839751921594143,0.827720582485199
PINN20260517-KimLayered,2,426,physics,0.456312894821167,0.067477285861969,0.258283793926239,0.02405780926346779,0.08155830204486847,0.08714227378368378,0.14000622928142548,0.11507843434810638,0.22179551422595978,0.6832245588302612,4.3580905639828416e-07,0.0021704118698835373,1.7270068042307685e-07,0.5005002617835999,0.0930977314710617,0.0086811613291502,0.07572254538536072,432.04290771484375,452.8759765625,1.6568073328072304,0.5040624737739563,0.005889032036066055,0.001079933950677514,0.8276248574256897
PINN20260517-KimLayered,2,429,physics,0.4530133306980133,0.06687657535076141,0.2565962076187134,0.024038223549723625,0.0808129608631134,0.08656966686248779,0.13906122744083405,0.11413003504276276,0.2206876575946808,0.6834062933921814,3.308882980945782e-07,0.0021717099007219076,1.7241592331629363e-07,0.5003820657730103,0.09305890649557114,0.008683647029101849,0.07556179910898209,430.10406494140625,454.5172119140625,1.6587505468968542,0.5047063231468201,0.00586036778986454,0.0010738924611359835,0.8274803161621094
PINN20260517-KimLayered,2,431,physics,0.45081639289855957,0.06649882346391678,0.25548914074897766,0.023785756900906563,0.08032137900590897,0.08618787676095963,0.1389206051826477,0.11350840330123901,0.21991075575351715,0.6835238337516785,2.695962564303045e-07,0.002172124804928899,1.7218624748238653e-07,0.5003018975257874,0.09303209185600281,0.008684985339641571,0.0754547193646431,428.83062744140625,455.71356201171875,1.6591833281618782,0.5051304697990417,0.005841484293341637,0.001069905934855342,0.8273835182189941
PINN20260517-KimLayered,2,433,physics,0.4486304223537445,0.06611382961273193,0.25438597798347473,0.023717008531093597,0.07983502745628357,0.08580795675516129,0.13819292187690735,0.11289611458778381,0.2190999984741211,0.6836447715759277,2.1487988988155848e-07,0.002173522487282753,1.7214007641541684e-07,0.5002234578132629,0.09300585836172104,0.008686434477567673,0.07534964382648468,427.58331298828125,457.09381103515625,1.6608534270281774,0.5055544972419739,0.005822751205414534,0.0010659596882760525,0.8272866010665894
PINN20260517-KimLayered,2,435,physics,0.4464574158191681,0.06574317812919617,0.2533017694950104,0.02341708540916443,0.07935352623462677,0.08542962372303009,0.13820607960224152,0.11229374259710312,0.2182523012161255,0.6837685108184814,1.6674466962740553e-07,0.0021765443962067366,1.7184255796109937e-07,0.5001449584960938,0.0929802805185318,0.008688061498105526,0.07524626702070236,426.3471374511719,458.550537109375,1.6611754665231806,0.5059781670570374,0.0058042570017278194,0.0010620575631037354,0.8271893262863159
PINN20260517-KimLayered,2,438,physics,0.44320952892303467,0.06517618894577026,0.2516496777534485,0.02330191060900688,0.07863589376211166,0.08486220985651016,0.13719461858272552,0.11140529811382294,0.21690534055233002,0.6839484572410583,1.0615075751729819e-07,0.0021813467610627413,1.7160581933239882e-07,0.5000177621841431,0.09293880313634872,0.00869011040776968,0.07509010285139084,424.4691467285156,460.5455017089844,1.6637434318985298,0.5066080093383789,0.005776556674391031,0.0010562306270003319,0.8270425200462341
PINN20260517-KimLayered,2,440,physics,0.44105419516563416,0.06480139493942261,0.2505539357662201,0.0231842752546072,0.07816029340028763,0.08448425680398941,0.13671591877937317,0.11082375049591064,0.21595244109630585,0.6840659379959106,7.345175134787496e-08,0.0021858487743884325,1.713377031364871e-07,0.49992454051971436,0.0929095596075058,0.008691397495567799,0.07498545944690704,423.2184143066406,461.8988037109375,1.665630061853037,0.5070250034332275,0.005758173298090696,0.0010523684322834015,0.8269437551498413
PINN20260517-KimLayered,2,442,physics,0.4389066696166992,0.06443613022565842,0.2494679093360901,0.02289769798517227,0.07768835872411728,0.08410680294036865,0.13682202994823456,0.11025001853704453,0.214951291680336,0.6841839551925659,4.690178556643332e-08,0.0021917109843343496,1.708989856297194e-07,0.49982523918151855,0.09288009256124496,0.008692767471075058,0.07488168776035309,421.97412109375,463.3122863769531,1.6662528838162403,0.5074408054351807,0.005739953834563494,0.0010485367383807898,0.8268444538116455
PINN20260517-KimLayered,3,1,pretrain,30.17461585998535,3.8784852027893066,6.8744354248046875,1.2751997709274292,1.6260322332382202,1.9199260473251343,113.7219009399414,0.7395992875099182,0.7052278518676758,0.0,0.0,0.0,0.0,0.0,0.0,0.0,0.0,4246.82421875,3227.3212890625,42.398249368750086,0.42399147152900696,0.0054699513129889965,0.001098250038921833,0.8008397221565247
PINN20260517-KimLayered,3,5,pretrain,29.04636573791504,3.8247265815734863,6.603740692138672,1.330119252204895,1.6049187183380127,1.846482515335083,106.81446838378906,0.589327335357666,0.6154159307479858,0.0,0.0,0.0,0.0,0.0,0.0,0.0,0.0,4188.45947265625,3186.554931640625,40.1905812479224,0.42684119939804077,0.0057127526961266994,0.0011523313587531447,0.8021067976951599
PINN20260517-KimLayered,3,8,pretrain,27.955158233642578,3.770136833190918,6.327264785766602,1.3560937643051147,1.584664225578308,1.78093683719635,100.27406311035156,0.5238428711891174,0.5487256646156311,0.0,0.0,0.0,0.0,0.0,0.0,0.0,0.0,4132.6279296875,3147.411865234375,38.17461984195736,0.42927756905555725,0.00592124043032527,0.0011985204182565212,0.8030143976211548
PINN20260517-KimLayered,3,12,pretrain,26.206844329833984,3.6741268634796143,5.8963518142700195,1.3761000633239746,1.5495351552963257,1.6765691041946411,89.9387435913086,0.5308191776275635,0.4660492241382599,0.0,0.0,0.0,0.0,0.0,0.0,0.0,0.0,4036.513916015625,3079.72607421875,35.076259871126226,0.43300628662109375,0.006240176502615213,0.001268934109248221,0.8041875958442688
PINN20260517-KimLayered,3,16,pretrain,24.069828033447266,3.5431437492370605,5.3996171951293945,1.3580375909805298,1.5025906562805176,1.5546000003814697,77.75041198730469,0.49277418851852417,0.40238523483276367,0.0,0.0,0.0,0.0,0.0,0.0,0.0,0.0,3910.12841796875,2990.0263671875,31.462638306469273,0.43725356459617615,0.006606553681194782,0.001349546597339213,0.8053082227706909
PINN20260517-KimLayered,3,20,pretrain,21.528026580810547,3.3689403533935547,4.848816394805908,1.2620848417282104,1.4413572549819946,1.4158477783203125,63.83050537109375,0.49994418025016785,0.3651868999004364,0.0,0.0,0.0,0.0,0.0,0.0,0.0,0.0,3750.525146484375,2875.214599609375,27.414343224790994,0.44193342328071594,0.007023165933787823,0.00144097616430372,0.8063884377479553
PINN20260517-KimLayered,3,23,pretrain,19.384260177612305,3.210440158843994,4.422987461090088,1.1094026565551758,1.3860985040664673,1.3088780641555786,52.569007873535156,0.4832959473133087,0.3537585139274597,0.0,0.0,0.0,0.0,0.0,0.0,0.0,0.0,3612.948974609375,2774.379638671875,24.16878135329798,0.4456230401992798,0.007364115212112665,0.0015156666049733758,0.8071804642677307
PINN20260517-KimLayered,3,27,pretrain,16.35332679748535,2.972233295440674,3.8829119205474854,0.7844805121421814,1.302856206893921,1.1758594512939453,37.23285675048828,0.475979208946228,0.3527078330516815,0.0,0.0,0.0,0.0,0.0,0.0,0.0,0.0,3418.198974609375,2627.612060546875,19.74886442983202,0.45066037774086,0.007844392210245132,0.0016208061715587974,0.8082405924797058
PINN20260517-KimLayered,3,31,pretrain,13.48698902130127,2.7283847332000732,3.4123311042785645,0.4071149528026581,1.2145116329193115,1.0573636293411255,23.38656997680664,0.4653920531272888,0.3572785258293152,0.0,0.0,0.0,0.0,0.0,0.0,0.0,0.0,3228.006103515625,2478.02392578125,15.50005471245281,0.4556953012943268,0.00833393819630146,0.0017281658947467804,0.8093476295471191
PINN20260517-KimLayered,3,34,pretrain,11.839675903320312,2.5471770763397217,3.1015067100524902,0.31934991478919983,1.1477142572402954,0.9822429418563843,16.077953338623047,0.4592953622341156,0.35933250188827515,0.0,0.0,0.0,0.0,0.0,0.0,0.0,0.0,3094.830810546875,2368.495361328125,12.566060117899719,0.45943427085876465,0.008696229197084904,0.0018079914152622223,0.8102547526359558
PINN20260517-KimLayered,3,38,pretrain,10.440839767456055,2.3335013389587402,2.7496719360351562,0.4557071328163147,1.0599544048309326,0.8934143781661987,10.872871398925781,0.44927316904067993,0.356927752494812,0.0,0.0,0.0,0.0,0.0,0.0,0.0,0.0,2932.457763671875,2229.55908203125,9.393319061922567,0.46434494853019714,0.009158400818705559,0.0019106706604361534,0.8116239905357361
PINN20260517-KimLayered,3,42,pretrain,10.016679763793945,2.187973976135254,2.506823778152466,0.6697916388511658,0.9774211049079895,0.816322922706604,11.290878295898438,0.4412524402141571,0.35029274225234985,0.0,0.0,0.0,0.0,0.0,0.0,0.0,0.0,2789.967529296875,2104.83740234375,7.809173020046257,0.4691798686981201,0.009564821608364582,0.0020004608668386936,0.8131726980209351
PINN20260517-KimLayered,3,46,pretrain,9.41230583190918,2.050978660583496,2.3103601932525635,0.6950758695602417,0.9046451449394226,0.7525402903556824,10.63861083984375,0.43007537722587585,0.34435635805130005,0.0,0.0,0.0,0.0,0.0,0.0,0.0,0.0,2667.939697265625,1997.942626953125,6.946208692331243,0.47371503710746765,0.009890230372548103,0.0020695182029157877,0.8147884011268616
PINN20260517-KimLayered,3,49,pretrain,8.723074913024902,1.9507695436477661,2.1826257705688477,0.5758161544799805,0.8556730151176453,0.7112599015235901,8.650402069091797,0.42258012294769287,0.3416910469532013,0.0,0.0,0.0,0.0,0.0,0.0,0.0,0.0,2586.2861328125,1927.010986328125,6.469744180402712,0.47687771916389465,0.010092227719724178,0.0021102293394505978,0.8160070776939392
PINN20260517-KimLayered,3,53,pretrain,7.645925998687744,1.817007303237915,2.0278491973876953,0.3110971450805664,0.7950609922409058,0.6618852019309998,5.087417125701904,0.4122409522533417,0.3400246202945709,0.0,0.0,0.0,0.0,0.0,0.0,0.0,0.0,2485.2470703125,1840.045166015625,6.300981733035063,0.480796217918396,0.010327696800231934,0.00215562479570508,0.8176372647285461
PINN20260517-KimLayered,3,57,pretrain,6.938417911529541,1.7067840099334717,1.896471619606018,0.13999363780021667,0.7358139753341675,0.6155298352241516,3.491394519805908,0.4013844132423401,0.3386895954608917,0.0,0.0,0.0,0.0,0.0,0.0,0.0,0.0,2387.798828125,1756.5167236328125,6.408619600098704,0.4843626320362091,0.010555471293628216,0.002200249582529068,0.8193047642707825
PINN20260517-KimLayered,3,60,pretrain,6.657979965209961,1.6310008764266968,1.800760269165039,0.14307057857513428,0.6916180849075317,0.5821333527565002,3.591554641723633,0.3939521014690399,0.3371935486793518,0.0,0.0,0.0,0.0,0.0,0.0,0.0,0.0,2318.278564453125,1696.8927001953125,5.967264948594854,0.4867095947265625,0.010735530406236649,0.0022384917829185724,0.8205506801605225
PINN20260517-KimLayered,3,64,pretrain,6.005967617034912,1.5052917003631592,1.6560089588165283,0.14821788668632507,0.6341758370399475,0.5403240919113159,2.0761303901672363,0.3837178349494934,0.33468103408813477,0.0,0.0,0.0,0.0,0.0,0.0,0.0,0.0,2230.552734375,1621.9117431640625,4.836846784461185,0.4894186854362488,0.01098075695335865,0.0022933068685233593,0.8221566081047058
PINN20260517-KimLayered,3,68,pretrain,5.507821083068848,1.3966240882873535,1.5268669128417969,0.14494577050209045,0.5762556791305542,0.5002194046974182,1.3962256908416748,0.3739033043384552,0.33188414573669434,0.0,0.0,0.0,0.0,0.0,0.0,0.0,0.0,2144.539794921875,1549.7119140625,3.8579850651729717,0.4919578731060028,0.011228878051042557,0.0023500670213252306,0.8237752914428711
PINN20260517-KimLayered,3,72,pretrain,5.123192310333252,1.2859299182891846,1.4052200317382812,0.1615264117717743,0.5177432894706726,0.4617597460746765,1.5933864116668701,0.36434853076934814,0.32924002408981323,0.0,0.0,0.0,0.0,0.0,0.0,0.0,0.0,2060.350341796875,1481.8350830078125,3.412272751940085,0.4945692718029022,0.011470219120383263,0.00240508234128356,0.8254268765449524
PINN20260517-KimLayered,3,75,pretrain,4.793132781982422,1.2035032510757446,1.3186432123184204,0.15692737698554993,0.47468632459640503,0.434059739112854,1.4359620809555054,0.3574064075946808,0.3273586928844452,0.0,0.0,0.0,0.0,0.0,0.0,0.0,0.0,1998.85009765625,1435.099853515625,3.2646569606117706,0.49659693241119385,0.011641286313533783,0.0024434716906398535,0.8266603946685791
PINN20260517-KimLayered,3,79,pretrain,4.353986740112305,1.0952744483947754,1.207916259765625,0.1510740965604782,0.4191969037055969,0.3977327346801758,1.1655898094177246,0.34860458970069885,0.32468539476394653,0.0,0.0,0.0,0.0,0.0,0.0,0.0,0.0,1917.64453125,1378.792724609375,3.264135253442168,0.49938517808914185,0.011860628612339497,0.002492355415597558,0.8282945156097412
PINN20260517-KimLayered,3,83,pretrain,3.946045398712158,0.9843502044677734,1.0938661098480225,0.1581019014120102,0.3666645288467407,0.3609323799610138,1.1665394306182861,0.34042251110076904,0.32157817482948303,0.0,0.0,0.0,0.0,0.0,0.0,0.0,0.0,1836.9619140625,1330.8582763671875,3.0414148564644465,0.5021924376487732,0.012079074047505856,0.0025420235469937325,0.8299117088317871
PINN20260517-KimLayered,3,86,pretrain,3.616992473602295,0.8998004198074341,1.0048484802246094,0.15287235379219055,0.3302190899848938,0.332821249961853,1.060572862625122,0.3346351683139801,0.31893837451934814,0.0,0.0,0.0,0.0,0.0,0.0,0.0,0.0,1777.2783203125,1301.5379638671875,2.7600293867153067,0.5042901039123535,0.012240234762430191,0.002579436404630542,0.8311070203781128
PINN20260517-KimLayered,3,90,pretrain,3.2147843837738037,0.7907102108001709,0.8855788707733154,0.1592513769865036,0.28607261180877686,0.2942657172679901,1.0604019165039062,0.3270204961299896,0.31495401263237,0.0,0.0,0.0,0.0,0.0,0.0,0.0,0.0,1702.508544921875,1272.5697021484375,2.607540949630893,0.5071073770523071,0.012438489124178886,0.002625455614179373,0.8326928615570068
PINN20260517-KimLayered,3,94,pretrain,2.851433038711548,0.6947429776191711,0.7762553691864014,0.16063974797725677,0.24746471643447876,0.25728240609169006,1.021661400794983,0.3193373382091522,0.3103901743888855,0.0,0.0,0.0,0.0,0.0,0.0,0.0,0.0,1642.297119140625,1256.9488525390625,2.57159791432288,0.5096798539161682,0.012609508819878101,0.0026648230850696564,0.8342684507369995
PINN20260517-KimLayered,3,98,pretrain,2.548710823059082,0.6174511909484863,0.6761379241943359,0.15561258792877197,0.21430285274982452,0.2246820628643036,0.993069052696228,0.31161239743232727,0.30522653460502625,0.0,0.0,0.0,0.0,0.0,0.0,0.0,0.0,1604.2952880859375,1256.923583984375,2.478140858512084,0.5115333199501038,0.012761901132762432,0.0027002866845577955,0.8358238339424133
PINN20260517-KimLayered,3,101,pretrain,2.3681840896606445,0.5747433304786682,0.6109155416488647,0.14906933903694153,0.1936003863811493,0.2028704434633255,0.9366861581802368,0.30577802658081055,0.3008723855018616,0.0,0.0,0.0,0.0,0.0,0.0,0.0,0.0,1590.3607177734375,1267.122314453125,2.5067867163766,0.5123465061187744,0.012857039459049702,0.00272147124633193,0.836970865726471
PINN20260517-KimLayered,3,105,pretrain,2.195701837539673,0.5356649160385132,0.5415160655975342,0.1422007977962494,0.17234468460083008,0.179215207695961,0.8816534876823425,0.29809123277664185,0.29424944519996643,0.0,0.0,0.0,0.0,0.0,0.0,0.0,0.0,1586.671875,1290.796630859375,2.50448530314661,0.5126321911811829,0.012950798496603966,0.002740471623837948,0.8384313583374023
PINN20260517-KimLayered,3,109,pretrain,2.092853546142578,0.5132452845573425,0.4988705515861511,0.13939841091632843,0.16044758260250092,0.16450954973697662,0.8288512229919434,0.29120153188705444,0.2869516611099243,0.0,0.0,0.0,0.0,0.0,0.0,0.0,0.0,1585.2362060546875,1311.0897216796875,2.5075210250200586,0.5122146606445312,0.012978808954358101,0.002742834622040391,0.8396538496017456
PINN20260517-KimLayered,3,112,pretrain,2.041853189468384,0.5018950700759888,0.48290014266967773,0.13753163814544678,0.1563960760831833,0.1588875949382782,0.7856942415237427,0.2868005037307739,0.2812960147857666,0.0,0.0,0.0,0.0,0.0,0.0,0.0,0.0,1573.484130859375,1312.35302734375,2.5001097385431583,0.5116443634033203,0.012938677333295345,0.0027295369654893875,0.8403293490409851
PINN20260517-KimLayered,3,116,pretrain,1.97862708568573,0.4861283302307129,0.4721055030822754,0.1364506036043167,0.153703510761261,0.15531288087368011,0.7230201959609985,0.2818833589553833,0.27380144596099854,0.0,0.0,0.0,0.0,0.0,0.0,0.0,0.0,1533.3685302734375,1285.9013671875,2.4322875788710214,0.510753333568573,0.012813056819140911,0.0026944500859826803,0.8408745527267456
PINN20260517-KimLayered,3,120,pretrain,1.9023720026016235,0.46440646052360535,0.46700793504714966,0.1364392638206482,0.1510707288980484,0.15383681654930115,0.670433759689331,0.277895450592041,0.2665402591228485,0.0,0.0,0.0,0.0,0.0,0.0,0.0,0.0,1464.937744140625,1226.7430419921875,2.3800422900990528,0.5098749399185181,0.012618749402463436,0.0026424911338835955,0.8410734534263611
PINN20260517-KimLayered,3,124,pretrain,1.8185707330703735,0.4386597275733948,0.4649592339992523,0.13815413415431976,0.14771728217601776,0.15348201990127563,0.6362115144729614,0.27462515234947205,0.25965577363967896,0.0,0.0,0.0,0.0,0.0,0.0,0.0,0.0,1380.4146728515625,1147.08349609375,2.2783875212776916,0.5090209245681763,0.012386675924062729,0.0025809993967413902,0.8410717248916626
PINN20260517-KimLayered,3,127,pretrain,1.7582978010177612,0.41908568143844604,0.46423929929733276,0.14090335369110107,0.1450371891260147,0.15355923771858215,0.6282855272293091,0.272587388753891,0.2548278272151947,0.0,0.0,0.0,0.0,0.0,0.0,0.0,0.0,1315.1375732421875,1083.3731689453125,2.18854431196706,0.5083107948303223,0.012204313650727272,0.0025331457145512104,0.8410450220108032
PINN20260517-KimLayered,3,131,pretrain,1.6811295747756958,0.39380377531051636,0.46205973625183105,0.1474965363740921,0.1414935439825058,0.15311898291110992,0.6146783828735352,0.27041441202163696,0.2489192932844162,0.0,0.0,0.0,0.0,0.0,0.0,0.0,0.0,1233.7950439453125,1004.6239013671875,2.069990813871813,0.5070930123329163,0.011969025246798992,0.002473146189004183,0.8410895466804504
PINN20260517-KimLayered,3,135,pretrain,1.6039748191833496,0.36865144968032837,0.455444872379303,0.15482653677463531,0.13809086382389069,0.15121033787727356,0.6115201711654663,0.26870059967041016,0.2437114715576172,0.0,0.0,0.0,0.0,0.0,0.0,0.0,0.0,1162.0628662109375,941.3670654296875,1.9814857330567934,0.5053912997245789,0.011763663031160831,0.0024238377809524536,0.8412898182868958
PINN20260517-KimLayered,3,138,pretrain,1.5431617498397827,0.35005098581314087,0.44807180762290955,0.15750901401042938,0.1358325034379959,0.14875082671642303,0.5997724533081055,0.26748958230018616,0.24029426276683807,0.0,0.0,0.0,0.0,0.0,0.0,0.0,0.0,1113.7774658203125,905.7215576171875,1.9305059867093202,0.5037668347358704,0.011635063216090202,0.002395086921751499,0.8415412306785583
PINN20260517-KimLayered,3,142,pretrain,1.457157850265503,0.32651954889297485,0.4367852807044983,0.15170834958553314,0.13371573388576508,0.14465638995170593,0.5576252937316895,0.2656276822090149,0.23631004989147186,0.0,0.0,0.0,0.0,0.0,0.0,0.0,0.0,1054.728515625,870.9330444335938,1.861296751772497,0.501250147819519,0.011494732461869717,0.0023657616693526506,0.8419645428657532
PINN20260517-KimLayered,3,146,pretrain,1.3727309703826904,0.3036634922027588,0.42652785778045654,0.14416807889938354,0.1329638808965683,0.14102627336978912,0.5108278393745422,0.26321670413017273,0.2328561395406723,0.0,0.0,0.0,0.0,0.0,0.0,0.0,0.0,1000.048828125,842.325439453125,1.7811902813036538,0.4985358715057373,0.011374079622328281,0.002341626910492778,0.842409610748291
PINN20260517-KimLayered,3,150,pretrain,1.2962299585342407,0.2826772630214691,0.4195616543292999,0.13631117343902588,0.13298793137073517,0.13865461945533752,0.4684927761554718,0.2602006793022156,0.22987717390060425,0.0,0.0,0.0,0.0,0.0,0.0,0.0,0.0,949.4822387695312,810.7999267578125,1.6747142845386516,0.4957863390445709,0.011249106377363205,0.0023162143770605326,0.8427934646606445
PINN20260517-KimLayered,3,153,pretrain,1.2453062534332275,0.26811015605926514,0.41582202911376953,0.13254061341285706,0.13287073373794556,0.13740111887454987,0.44578784704208374,0.25764206051826477,0.2278834581375122,0.0,0.0,0.0,0.0,0.0,0.0,0.0,0.0,915.9085693359375,784.5779418945312,1.6087625960689447,0.49378639459609985,0.0111462427303195,0.002294403500854969,0.8430083394050598
PINN20260517-KimLayered,3,157,pretrain,1.1868667602539062,0.2505660355091095,0.410290390253067,0.1319461166858673,0.13197308778762817,0.1358477622270584,0.4315534234046936,0.25398221611976624,0.22536920011043549,0.0,0.0,0.0,0.0,0.0,0.0,0.0,0.0,879.2781372070312,751.939453125,1.5839167287438842,0.491325318813324,0.011004792526364326,0.002262894297018647,0.8431825041770935
PINN20260517-KimLayered,3,161,pretrain,1.137897253036499,0.23630459606647491,0.4043782353401184,0.13218365609645844,0.13013379275798798,0.13402187824249268,0.41574710607528687,0.24987047910690308,0.22281146049499512,0.0,0.0,0.0,0.0,0.0,0.0,0.0,0.0,850.4820556640625,730.1715698242188,1.5774083479300103,0.4893122911453247,0.010877172462642193,0.002232437254860997,0.8432329893112183
PINN20260517-KimLayered,3,164,pretrain,1.1017788648605347,0.22669130563735962,0.3993470370769501,0.13118807971477509,0.1280534863471985,0.13240672647953033,0.39272958040237427,0.24628396332263947,0.22081208229064941,0.0,0.0,0.0,0.0,0.0,0.0,0.0,0.0,831.4335327148438,720.5777587890625,1.5607520152681742,0.4882192015647888,0.010797042399644852,0.00221157050691545,0.8431938886642456
PINN20260517-KimLayered,3,168,pretrain,1.0554625988006592,0.21486689150333405,0.39219486713409424,0.1296624392271042,0.12406771630048752,0.13002295792102814,0.36008888483047485,0.24088934063911438,0.21812133491039276,0.0,0.0,0.0,0.0,0.0,0.0,0.0,0.0,807.8865966796875,709.566162109375,1.535200270493744,0.4872802793979645,0.010698999278247356,0.0021840380504727364,0.843041181564331
PINN20260517-KimLayered,3,172,pretrain,1.0129756927490234,0.20406103134155273,0.38435959815979004,0.12870371341705322,0.11873315274715424,0.12745235860347748,0.33881330490112305,0.2351720780134201,0.21554404497146606,0.0,0.0,0.0,0.0,0.0,0.0,0.0,0.0,786.1104125976562,695.4434814453125,1.5127849683261767,0.48675537109375,0.010596259497106075,0.002154342597350478,0.8427862524986267
PINN20260517-KimLayered,3,176,pretrain,0.9740465879440308,0.19409778714179993,0.37595802545547485,0.128191739320755,0.11275692284107208,0.12483993172645569,0.32821038365364075,0.22946584224700928,0.21316714584827423,0.0,0.0,0.0,0.0,0.0,0.0,0.0,0.0,766.3222045898438,678.3471069335938,1.4819198968255656,0.48646703362464905,0.010486762039363384,0.002122929086908698,0.84246426820755
PINN20260517-KimLayered,3,179,pretrain,0.9473310708999634,0.18730470538139343,0.36973339319229126,0.1284485161304474,0.10841969400644302,0.12297438085079193,0.3199893832206726,0.22523944079875946,0.2114875167608261,0.0,0.0,0.0,0.0,0.0,0.0,0.0,0.0,752.9874877929688,666.1732788085938,1.4642338530287107,0.4863547682762146,0.010404707863926888,0.002099687932059169,0.8422070741653442
PINN20260517-KimLayered,3,183,pretrain,0.9161486029624939,0.17914891242980957,0.36208343505859375,0.1284298449754715,0.10332988202571869,0.12074047327041626,0.3199559152126312,0.2196662873029709,0.20930269360542297,0.0,0.0,0.0,0.0,0.0,0.0,0.0,0.0,736.9599609375,653.6058349609375,1.4634264274504893,0.48632746934890747,0.010304158553481102,0.002071283059194684,0.8418781757354736
PINN20260517-KimLayered,3,187,pretrain,0.889362096786499,0.17216691374778748,0.355700820684433,0.12855498492717743,0.0991496667265892,0.11881611496210098,0.31821340322494507,0.21423959732055664,0.20714165270328522,0.0,0.0,0.0,0.0,0.0,0.0,0.0,0.0,722.498291015625,645.6532592773438,1.4616566701172404,0.4864062964916229,0.01021627988666296,0.0020465978886932135,0.8415895700454712
PINN20260517-KimLayered,3,190,pretrain,0.8714508414268494,0.1675800383090973,0.3517041504383087,0.12800095975399017,0.0965527668595314,0.11756512522697449,0.31660670042037964,0.21034012734889984,0.2055385559797287,0.0,0.0,0.0,0.0,0.0,0.0,0.0,0.0,712.6002197265625,641.5439453125,1.458342793330236,0.4864969551563263,0.010157995857298374,0.0020304014906287193,0.8414052724838257
PINN20260517-KimLayered,3,194,pretrain,0.8501384258270264,0.1622973382472992,0.34719258546829224,0.12759216129779816,0.09363548457622528,0.11607799679040909,0.30804264545440674,0.20547568798065186,0.20345929265022278,0.0,0.0,0.0,0.0,0.0,0.0,0.0,0.0,700.6522216796875,635.86328125,1.4434842674404116,0.4865953326225281,0.010084617882966995,0.002010774565860629,0.8411979079246521
PINN20260517-KimLayered,3,198,pretrain,0.8313375115394592,0.15770386159420013,0.3432042598724365,0.12712039053440094,0.09118375182151794,0.11472731083631516,0.2993314862251282,0.201005756855011,0.2014470100402832,0.0,0.0,0.0,0.0,0.0,0.0,0.0,0.0,689.97802734375,628.7720336914062,1.4269214480182286,0.4866396486759186,0.010013045743107796,0.001992638688534498,0.8410252928733826
PINN20260517-KimLayered,3,202,pretrain,0.8146257996559143,0.15371328592300415,0.3395915627479553,0.12701311707496643,0.08908501267433167,0.11348125338554382,0.2882002592086792,0.19686564803123474,0.1994836926460266,0.0,0.0,0.0,0.0,0.0,0.0,0.0,0.0,680.41845703125,621.234130859375,1.4050368918370184,0.48664966225624084,0.009943230077624321,0.0019757456611841917,0.840879499912262
PINN20260517-KimLayered,3,205,pretrain,0.8033537268638611,0.1510135382413864,0.337100625038147,0.1267896294593811,0.08770471811294556,0.11261831223964691,0.2819693684577942,0.1939111351966858,0.19803352653980255,0.0,0.0,0.0,0.0,0.0,0.0,0.0,0.0,673.84326171875,616.35986328125,1.3924065542468729,0.4866611063480377,0.009894071146845818,0.0019640792161226273,0.8407844305038452
PINN20260517-KimLayered,3,209,pretrain,0.7897440195083618,0.14777329564094543,0.33407291769981384,0.12671023607254028,0.08606402575969696,0.11155594885349274,0.27344363927841187,0.1901244819164276,0.1961345374584198,0.0,0.0,0.0,0.0,0.0,0.0,0.0,0.0,665.7180786132812,611.209228515625,1.3769167853648387,0.48669755458831787,0.009833003394305706,0.0019497305620461702,0.8406713604927063
PINN20260517-KimLayered,3,213,pretrain,0.7774279713630676,0.1448124498128891,0.33126574754714966,0.1263355016708374,0.0845910832285881,0.11057913303375244,0.26837795972824097,0.18649443984031677,0.19428515434265137,0.0,0.0,0.0,0.0,0.0,0.0,0.0,0.0,658.2570190429688,607.008544921875,1.3689705700905257,0.4867543578147888,0.009776062332093716,0.0019364375621080399,0.8405659198760986
PINN20260517-KimLayered,3,216,pretrain,0.7689274549484253,0.14278478920459747,0.32926827669143677,0.12617146968841553,0.08356066793203354,0.1098838672041893,0.26451289653778076,0.18387804925441742,0.19294293224811554,0.0,0.0,0.0,0.0,0.0,0.0,0.0,0.0,653.0731201171875,603.8546752929688,1.362944088798729,0.48679888248443604,0.009734191931784153,0.0019267898751422763,0.8404871225357056
PINN20260517-KimLayered,3,220,pretrain,0.7584046721458435,0.1402580589056015,0.32667216658592224,0.1258288025856018,0.08226783573627472,0.10899585485458374,0.2615228295326233,0.1805119663476944,0.1912154257297516,0.0,0.0,0.0,0.0,0.0,0.0,0.0,0.0,646.6333618164062,599.4179077148438,1.3562352873550712,0.4868530333042145,0.009678875096142292,0.0019142074743285775,0.8403806090354919
PINN20260517-KimLayered,3,224,physics,0.7750917077064514,0.13793808221817017,0.32416579127311707,0.12569381296634674,0.08106158673763275,0.10814505815505981,0.2576989531517029,0.17726530134677887,0.18954932689666748,0.6992009282112122,0.0001319481962127611,0.0008705196087248623,1.5131598729567486e-07,0.5351115465164185,0.08095889538526535,0.008511233143508434,0.08018951117992401,640.6585693359375,594.7803344726562,1.3461711249430832,0.4868980646133423,0.009596654213964939,0.0019048480316996574,0.8402739763259888
PINN20260517-KimLayered,3,228,physics,0.7654948830604553,0.13575702905654907,0.3217504620552063,0.12554797530174255,0.0799507275223732,0.10733801126480103,0.2548067569732666,0.174101322889328,0.18793050944805145,0.6780131459236145,0.00012717909703496844,0.0010470023844391108,1.5277201725893974e-07,0.5344082117080688,0.08122877031564713,0.008540716953575611,0.07992071658372879,635.0206298828125,590.60400390625,1.3372657376939068,0.486939013004303,0.009462964721024036,0.001898079877719283,0.8401720523834229
PINN20260517-KimLayered,3,231,physics,0.7586727738380432,0.1342090666294098,0.32002967596054077,0.1255498081445694,0.07918507605791092,0.10676215589046478,0.25218355655670166,0.1717718094587326,0.18674422800540924,0.6633066534996033,0.00012308651639614254,0.0011891225585713983,1.5359532312686497e-07,0.5339217185974121,0.08143676072359085,0.008561421185731888,0.079740010201931,630.9533081054688,587.9412231445312,1.3305971820800577,0.4869686961174011,0.009336292743682861,0.001893081353046,0.8401017189025879
PINN20260517-KimLayered,3,235,physics,0.7502077221870422,0.13222435116767883,0.31782209873199463,0.12540988624095917,0.0782485380768776,0.10602773725986481,0.25010377168655396,0.16871237754821777,0.1852010190486908,0.6542970538139343,0.00011744644143618643,0.001389389974065125,1.5486261872865725e-07,0.5333447456359863,0.08172263950109482,0.008587426505982876,0.07952981442213058,625.7322387695312,584.7487182617188,1.3247244852893467,0.4870016276836395,0.009147710166871548,0.0018824953585863113,0.8400168418884277
PINN20260517-KimLayered,3,239,physics,0.7423563599586487,0.13035713136196136,0.31568479537963867,0.12529577314853668,0.0773933082818985,0.10531577467918396,0.24783378839492798,0.16569799184799194,0.18370702862739563,0.6548144221305847,0.00011254629498580471,0.0015867501497268677,1.5520093654686207e-07,0.5328270792961121,0.0820084810256958,0.008611029013991356,0.07934499531984329,620.760986328125,581.4052124023438,1.3182888192417823,0.4870139956474304,0.0089785261079669,0.0018657242180779576,0.8399403095245361
PINN20260517-KimLayered,3,242,physics,0.7367308139801025,0.12901636958122253,0.31410059332847595,0.1251256763935089,0.07679873704910278,0.10479176044464111,0.24679133296012878,0.16345444321632385,0.18261951208114624,0.656018853187561,0.00010988077701767907,0.0017276473809033632,1.553854929170484e-07,0.5324668288230896,0.0822206512093544,0.008627107366919518,0.07921985536813736,617.1856689453125,578.7141723632812,1.314322039419765,0.4870058298110962,0.008891255594789982,0.001852307585068047,0.8398873209953308
PINN20260517-KimLayered,3,246,physics,0.7294825315475464,0.1273185759782791,0.31203675270080566,0.12495234608650208,0.07606028020381927,0.10410592705011368,0.2449520230293274,0.16047890484333038,0.18120968341827393,0.6553815007209778,0.00010758980351965874,0.00190682930406183,1.5539772846295818e-07,0.5320215225219727,0.08250203728675842,0.008646748960018158,0.07907016575336456,612.5975341796875,575.050537109375,1.307413997962231,0.48697429895401,0.008829627186059952,0.001836581970565021,0.8398218154907227
PINN20260517-KimLayered,3,250,physics,0.7225249409675598,0.12569940090179443,0.3100382089614868,0.12474582344293594,0.07537718862295151,0.10344024002552032,0.2434014081954956,0.15751402080059052,0.17983756959438324,0.6536105871200562,0.00010631397890392691,0.002085061278194189,1.5594136471008824e-07,0.5316208004951477,0.08278833329677582,0.008665066212415695,0.07894197851419449,608.1776123046875,571.6036987304688,1.3007679249873991,0.4869268238544464,0.008812330663204193,0.0018247439293190837,0.8397617936134338
PINN20260517-KimLayered,3,254,physics,0.7158648371696472,0.12415849417448044,0.3081128001213074,0.12458845227956772,0.0747382789850235,0.10279495269060135,0.24155810475349426,0.1545567661523819,0.17849615216255188,0.652437150478363,0.00010559990187175572,0.0022658049128949642,1.5667005470731965e-07,0.5312535166740417,0.08308109641075134,0.008682426065206528,0.07883112877607346,603.9168701171875,568.399169921875,1.293719658678422,0.48686790466308594,0.008818639442324638,0.0018173003336414695,0.8397058248519897
PINN20260517-KimLayered,3,257,physics,0.7110592722892761,0.12304723262786865,0.3067021667957306,0.12445168197154999,0.07428146153688431,0.10232322663068771,0.24040113389492035,0.15235020220279694,0.17750711739063263,0.6520656943321228,0.00010517588816583157,0.002401527250185609,1.5725849777936673e-07,0.5309863686561584,0.08330337703227997,0.008694803342223167,0.07875410467386246,600.8323974609375,566.068359375,1.2885745785619813,0.486815869808197,0.00882688257843256,0.0018140055472031236,0.8396653532981873
PINN20260517-KimLayered,3,261,physics,0.7048889398574829,0.12162698805332184,0.30485737323760986,0.12425754219293594,0.07369421422481537,0.1017078161239624,0.23901110887527466,0.14944525063037872,0.1762097328901291,0.6519362926483154,0.00010444928921060637,0.0025784242898225784,1.5764952365771023e-07,0.5306262969970703,0.08360012620687485,0.008710324764251709,0.07865314930677414,596.8709716796875,562.9597778320312,1.282414928105601,0.4867345094680786,0.008828742429614067,0.0018108757212758064,0.8396117687225342
PINN20260517-KimLayered,3,265,physics,0.6989719867706299,0.12027174234390259,0.3030396103858948,0.12407334893941879,0.07312821596860886,0.10110551863908768,0.23777790367603302,0.14659440517425537,0.17493930459022522,0.6519390344619751,0.00010335929982829839,0.002749146893620491,1.5759502502987743e-07,0.5302609801292419,0.0838959589600563,0.008724793791770935,0.07855243980884552,593.0791015625,559.8663940429688,1.2760901271595286,0.4866391122341156,0.008812164887785912,0.0018072256352752447,0.8395587801933289
PINN20260517-KimLayered,3,268,physics,0.6946933269500732,0.1192937046289444,0.3016987144947052,0.12393911927938461,0.0727178305387497,0.10066310316324234,0.23699764907360077,0.14449919760227203,0.17400339245796204,0.6519529223442078,0.00010231707710772753,0.0028751350473612547,1.5763914973376814e-07,0.5299913883209229,0.0841183140873909,0.008735108189284801,0.07847905158996582,590.3327026367188,557.6356811523438,1.2716745239204403,0.48656031489372253,0.008787985891103745,0.0018033470259979367,0.8395199775695801
PINN20260517-KimLayered,3,272,physics,0.6891905665397644,0.11804889887571335,0.2999662160873413,0.12379121035337448,0.07219012081623077,0.10008584707975388,0.23563945293426514,0.14177164435386658,0.17278005182743073,0.6519637107849121,0.00010075196041725576,0.003042097669094801,1.579091843950664e-07,0.5296458005905151,0.08441615849733353,0.008748291991651058,0.07838648557662964,586.7935180664062,554.8012084960938,1.2646143515359807,0.4864477515220642,0.008745532482862473,0.0017964064609259367,0.8394700288772583
PINN20260517-KimLayered,3,276,physics,0.683912456035614,0.1168607696890831,0.29828137159347534,0.12360364198684692,0.0716833546757698,0.09952162206172943,0.23453614115715027,0.13913492858409882,0.17158113420009613,0.6520015001296997,9.915440750773996e-05,0.0032062421087175608,1.5852134538363316e-07,0.5293167233467102,0.08471407741308212,0.00876081082969904,0.07829972356557846,583.395263671875,552.06201171875,1.2582696002215514,0.4863264858722687,0.00869931560009718,0.0017879846272990108,0.8394222855567932
PINN20260517-KimLayered,3,280,physics,0.6788532733917236,0.11573410034179688,0.29663169384002686,0.12346670031547546,0.07119497656822205,0.09896855056285858,0.23314344882965088,0.13660287857055664,0.17040495574474335,0.6521227955818176,9.765537834027782e-05,0.003362795803695917,1.5881568060649442e-07,0.5289976596832275,0.08500848710536957,0.008772488683462143,0.07821609079837799,580.14404296875,549.3322143554688,1.251848511759413,0.48619475960731506,0.008656339719891548,0.0017791100544854999,0.8393762707710266
PINN20260517-KimLayered,3,283,physics,0.6751987934112549,0.1149192601442337,0.29540935158729553,0.12332972139120102,0.07084030658006668,0.09856214374303818,0.23246800899505615,0.13477951288223267,0.16953538358211517,0.6522614359855652,9.664658864494413e-05,0.0034759312402457,1.589296090287462e-07,0.5287650227546692,0.08522726595401764,0.008780743926763535,0.07815561443567276,577.7958374023438,547.3250732421875,1.2474842012667826,0.4860904812812805,0.008628691546618938,0.0017727826489135623,0.8393427729606628
PINN20260517-KimLayered,3,287,physics,0.6705030798912048,0.11388323456048965,0.29382485151290894,0.1231878399848938,0.07038149982690811,0.09803208708763123,0.23123562335968018,0.13245950639247894,0.16839227080345154,0.652449905872345,9.546039655106142e-05,0.0036232145503163338,1.5881263948358537e-07,0.5284655094146729,0.08551723510026932,0.008791230618953705,0.07807884365320206,574.774658203125,544.7572021484375,1.2415063218382745,0.48594701290130615,0.008598288521170616,0.0017652559326961637,0.8392997980117798
PINN20260517-KimLayered,3,291,physics,0.6660051941871643,0.11289481818675995,0.2922845482826233,0.12304716557264328,0.06993842124938965,0.09751653671264648,0.23007342219352722,0.130273699760437,0.1672671139240265,0.6526068449020386,9.442216833122075e-05,0.0037684482522308826,1.5883021831086808e-07,0.5281782746315002,0.08580606430768967,0.008801228366792202,0.07800669968128204,571.8740844726562,542.3233032226562,1.2359413790468499,0.4858003854751587,0.008573364466428757,0.0017588092014193535,0.8392582535743713
PINN20260517-KimLayered,3,294,physics,0.6627576351165771,0.11218281090259552,0.29115140438079834,0.12293887883424759,0.06961452215909958,0.09713874757289886,0.22931018471717834,0.12872517108917236,0.1664358228445053,0.6527109742164612,9.369687177240849e-05,0.0038750837557017803,1.5896917204827332e-07,0.5279670357704163,0.08602093905210495,0.008808402344584465,0.07795411348342896,569.7805786132812,540.5548095703125,1.2316938016118202,0.4856880009174347,0.008556247688829899,0.001754446653649211,0.8392279148101807
PINN20260517-KimLayered,3,298,physics,0.6585929989814758,0.11127214133739471,0.2896670401096344,0.12276820093393326,0.06919208914041519,0.09664564579725266,0.22854314744472504,0.12678466737270355,0.16534385085105896,0.652848482131958,9.274072363041341e-05,0.004012203775346279,1.5905411032690608e-07,0.5276852250099182,0.0863034650683403,0.008817456662654877,0.07788393646478653,567.099365234375,538.2463989257812,1.227707696995652,0.48553451895713806,0.008532966487109661,0.001748801558278501,0.8391880393028259
PINN20260517-KimLayered,3,302,physics,0.6546115279197693,0.11041251569986343,0.2882111072540283,0.12265509366989136,0.06877891719341278,0.09616272896528244,0.22745844721794128,0.12498506158590317,0.1642705798149109,0.6529980301856995,9.1754031018354e-05,0.004141904879361391,1.5831221844564425e-07,0.5274040102958679,0.08657972514629364,0.008825927972793579,0.07781293988227844,564.5406494140625,535.9999389648438,1.2229475081051415,0.48537591099739075,0.00850738026201725,0.0017429310828447342,0.8391489386558533
PINN20260517-KimLayered,3,306,physics,0.6508035659790039,0.10958656668663025,0.2867894470691681,0.12250693887472153,0.06837759912014008,0.09569311141967773,0.22679243981838226,0.12332537770271301,0.1632174551486969,0.6531534790992737,9.07627836568281e-05,0.0042708152905106544,1.5852093326884642e-07,0.5271342396736145,0.08685416728258133,0.0088341124355793,0.07774557918310165,562.0819702148438,533.900634765625,1.2184838543406342,0.48521697521209717,0.008479630574584007,0.0017367344116792083,0.839111328125
PINN20260517-KimLayered,3,309,physics,0.6480574011802673,0.10899742692708969,0.2857572138309479,0.12241624295711517,0.06808316707611084,0.09534893929958344,0.22609582543373108,0.12217099964618683,0.16244103014469147,0.6532626748085022,9.001591388368979e-05,0.004365323577076197,1.589674667457075e-07,0.5269362330436707,0.08705758303403854,0.008839993737637997,0.07769621163606644,560.310302734375,532.3739624023438,1.2147744628260757,0.4850969612598419,0.008457759395241737,0.0017318922327831388,0.8390837907791138
PINN20260517-KimLayered,3,313,physics,0.6445367336273193,0.10824412852525711,0.2844047546386719,0.1222802996635437,0.06769740581512451,0.09489931166172028,0.22535637021064758,0.1207461878657341,0.16142599284648895,0.6533887386322021,8.902420086087659e-05,0.004485278390347958,1.594299163798496e-07,0.5266711115837097,0.08732356876134872,0.008847386576235294,0.07762958854436874,558.0462036132812,530.3746948242188,1.2103708911623736,0.48493456840515137,0.008428080007433891,0.0017253212863579392,0.8390476107597351
PINN20260517-KimLayered,3,317,physics,0.6411730647087097,0.10752981901168823,0.28309059143066406,0.1221635565161705,0.06731953471899033,0.09446223080158234,0.2245364487171173,0.11944390088319778,0.1604372262954712,0.653496265411377,8.80626539583318e-05,0.004599437117576599,1.5957400023580703e-07,0.5264065861701965,0.08758416771888733,0.008854297921061516,0.07756277173757553,555.8836669921875,528.45263671875,1.206247491441477,0.4847707748413086,0.008398981764912605,0.001718855113722384,0.8390120267868042
PINN20260517-KimLayered,3,320,physics,0.6387500166893005,0.10701783001422882,0.2821403443813324,0.12208221107721329,0.06704201549291611,0.09414379298686981,0.22387748956680298,0.1185426265001297,0.1597142219543457,0.653564989566803,8.737971802474931e-05,0.0046838996931910515,1.5977408907019708e-07,0.5262128114700317,0.08777780085802078,0.00885927863419056,0.07751430571079254,554.3194580078125,527.0836181640625,1.2028767914091036,0.48464930057525635,0.008378134109079838,0.0017142023425549269,0.8389860987663269
PINN20260517-KimLayered,3,324,physics,0.6356440186500549,0.1063598245382309,0.280904084444046,0.1219494491815567,0.06667933613061905,0.09373073279857635,0.22326946258544922,0.11743365228176117,0.15877528488636017,0.6536375284194946,8.651913958601654e-05,0.004794117994606495,1.6008621628316178e-07,0.5259595513343811,0.08803273737430573,0.00886561069637537,0.07745131850242615,552.3137817382812,525.3251953125,1.1989221223043995,0.484488844871521,0.00835171714425087,0.0017082871636375785,0.8389523029327393
PINN20260517-KimLayered,3,328,physics,0.6326745748519897,0.10573713481426239,0.2797064781188965,0.12183710187673569,0.06632363051176071,0.09332909435033798,0.22252902388572693,0.11641713231801987,0.1578649878501892,0.6536835432052612,8.569730562157929e-05,0.004899246152490377,1.6018016424368398e-07,0.5257084369659424,0.08828195184469223,0.008871510624885559,0.07738861441612244,550.3998413085938,523.634033203125,1.1948999978130317,0.48432910442352295,0.008326453156769276,0.001702620880678296,0.8389192223548889
PINN20260517-KimLayered,3,332,physics,0.6298319101333618,0.10514563322067261,0.278549462556839,0.12171800434589386,0.06597483903169632,0.09293893724679947,0.22180873155593872,0.11548084765672684,0.15698429942131042,0.6536986231803894,8.490855543641374e-05,0.005000804550945759,1.605189652309491e-07,0.5254604816436768,0.0885261818766594,0.008877018466591835,0.07732680439949036,548.5709838867188,522.0140991210938,1.191504272462425,0.4841718375682831,0.008301941677927971,0.0016971174627542496,0.8388869166374207
PINN20260517-KimLayered,3,335,physics,0.6277801990509033,0.10472244024276733,0.27770116925239563,0.12164589762687683,0.06571721285581589,0.09265295416116714,0.22119539976119995,0.1148233413696289,0.15634281933307648,0.653694748878479,8.432837785221636e-05,0.005073530599474907,1.6063127361576335e-07,0.5252755284309387,0.08870506286621094,0.008880868554115295,0.07728037238121033,547.2551879882812,520.8403930664062,1.188640173299853,0.4840545356273651,0.008283705450594425,0.001693029305897653,0.8388631939888
PINN20260517-KimLayered,3,339,physics,0.6251444220542908,0.10417822003364563,0.2765902578830719,0.121530681848526,0.06537912040948868,0.09228044003248215,0.2206222116947174,0.11399970948696136,0.155513197183609,0.6536732316017151,8.357393380720168e-05,0.005167919211089611,1.6080899456483166e-07,0.5250325202941895,0.0889388844370842,0.008885715156793594,0.07721927016973495,545.566650390625,519.3416748046875,1.1857164013715253,0.48390069603919983,0.008259505033493042,0.0016876155277714133,0.8388323187828064
PINN20260517-KimLayered,3,343,physics,0.6226177215576172,0.10366345942020416,0.27551597356796265,0.12143966555595398,0.06504710763692856,0.09191771596670151,0.2198687046766281,0.11322575807571411,0.15471266210079193,0.6536357998847961,8.283938223030418e-05,0.005259617231786251,1.609761710597013e-07,0.5247936844825745,0.08916719257831573,0.008890240453183651,0.07715920358896255,543.9512939453125,517.9094848632812,1.1825566242923933,0.48374998569488525,0.008235405199229717,0.0016822488978505135,0.8388023376464844
PINN20260517-KimLayered,3,346,physics,0.6207901835441589,0.10329185426235199,0.27472710609436035,0.12135742604732513,0.06480173021554947,0.09165161103010178,0.2194475531578064,0.1126723662018776,0.15413114428520203,0.6535962820053101,8.230286766774952e-05,0.005326567217707634,1.6120843326916656e-07,0.524616539478302,0.08933461457490921,0.00889341626316309,0.07711455971002579,542.7864990234375,516.8748779296875,1.1803241331911472,0.4836390018463135,0.008217484690248966,0.0016782755265012383,0.8387804627418518
PINN20260517-KimLayered,3,350,physics,0.6184372901916504,0.10282167792320251,0.2737067937850952,0.12127111852169037,0.0644783154129982,0.09130391478538513,0.2186601758003235,0.11196210235357285,0.15338048338890076,0.6535254120826721,8.160338620655239e-05,0.005412201397120953,1.6145295944625104e-07,0.5243813395500183,0.08955192565917969,0.008897330611944199,0.0770549401640892,541.294921875,515.542724609375,1.1772050393847688,0.4834933578968048,0.008193890564143658,0.0016730660572648048,0.8387516736984253
PINN20260517-KimLayered,3,354,physics,0.6161757707595825,0.10237456858158112,0.27271535992622375,0.12117874622344971,0.06415979564189911,0.09096445143222809,0.21790547668933868,0.11127954721450806,0.15265731513500214,0.6534351110458374,8.092776261037216e-05,0.005494536831974983,1.61702800482999e-07,0.524148166179657,0.08976306021213531,0.008900903165340424,0.07699567079544067,539.8685302734375,514.2643432617188,1.1739307845470028,0.4833507835865021,0.008170844055712223,0.0016679883701726794,0.8387237191200256
PINN20260517-KimLayered,3,358,physics,0.6140005588531494,0.10194738209247589,0.2717483341693878,0.12107954174280167,0.06384635716676712,0.09063305705785751,0.2172429859638214,0.11061812192201614,0.15196086466312408,0.6533304452896118,8.027988951653242e-05,0.0055740526877343655,1.619790310769531e-07,0.5239187479019165,0.08996836096048355,0.008904156275093555,0.0769372507929802,538.5020141601562,513.0371704101562,1.1712233949115762,0.4832112789154053,0.008148462511599064,0.0016630535246804357,0.8386964797973633
PINN20260517-KimLayered,3,361,physics,0.6124227643013,0.10164063423871994,0.27103951573371887,0.12101838737726212,0.0636141374707222,0.09039002656936646,0.21669138967990875,0.11013313382863998,0.1514558047056198,0.6532447338104248,7.981081580510363e-05,0.005631665233522654,1.621349525748883e-07,0.5237487554550171,0.09011827409267426,0.008906390517950058,0.0768938958644867,537.5164184570312,512.1483154296875,1.1690396462830763,0.4831084609031677,0.008132090792059898,0.0016594355693086982,0.8386765718460083
PINN20260517-KimLayered,3,365,physics,0.6103867888450623,0.10124507546424866,0.2701111435890198,0.1209285706281662,0.06330835074186325,0.09007356315851212,0.21610644459724426,0.10949898511171341,0.15080484747886658,0.6531200408935547,7.920825009932742e-05,0.005706506781280041,1.6238634259480023e-07,0.523525059223175,0.09031321853399277,0.008909113705158234,0.07683683186769485,536.2487182617188,511.00146484375,1.1663865375110118,0.4829743504524231,0.008110782131552696,0.001654710154980421,0.8386508822441101
PINN20260517-KimLayered,3,369,physics,0.6084297895431519,0.10086855292320251,0.2692105770111084,0.12083762884140015,0.06300626695156097,0.08976554870605469,0.21551430225372314,0.1089114174246788,0.15018723905086517,0.6529818177223206,7.862816710257903e-05,0.005778847727924585,1.6255930290753895e-07,0.5233024954795837,0.09050203114748001,0.008911533281207085,0.07678001374006271,535.0346069335938,509.896484375,1.1627918839342462,0.4828440248966217,0.008089960552752018,0.001650078920647502,0.8386257290840149
PINN20260517-KimLayered,3,372,physics,0.6070598363876343,0.10059729963541031,0.2685481607913971,0.12077170610427856,0.06278181821107864,0.08953925222158432,0.21507495641708374,0.10891345143318176,0.14974479377269745,0.6528722643852234,7.819229358574376e-05,0.00583098316565156,1.6266709224055376e-07,0.5231358408927917,0.0906393826007843,0.008913126774132252,0.07673727720975876,534.159423828125,509.0955505371094,1.1656134407892262,0.48274701833724976,0.00807434506714344,0.0016466062515974045,0.8386071920394897
PINN20260517-KimLayered,3,376,physics,0.6051640510559082,0.10024797916412354,0.26767873764038086,0.12068353593349457,0.0624849759042263,0.08924402296543121,0.2145855873823166,0.10786869376897812,0.14915770292282104,0.6527212262153625,7.765635382384062e-05,0.00589788006618619,1.6288599624658673e-07,0.5229132771492004,0.09081674367189407,0.008914991281926632,0.07668012380599976,533.0341186523438,508.0599060058594,1.1582433904233218,0.4826217293739319,0.008054346777498722,0.001642151502892375,0.8385829925537109
PINN20260517-KimLayered,3,380,physics,0.603382408618927,0.09991373121738434,0.26683151721954346,0.12060539424419403,0.06219099462032318,0.08895614743232727,0.21405240893363953,0.10727085173130035,0.14860126376152039,0.652561366558075,7.712674414506182e-05,0.0059628915041685104,1.630975248190225e-07,0.522691547870636,0.09098852425813675,0.008916574530303478,0.07662322372198105,531.9541015625,507.0589294433594,1.160080994031573,0.48249876499176025,0.008034459315240383,0.0016377276042476296,0.8385593295097351
PINN20260517-KimLayered,3,383,physics,0.6020961999893188,0.09967006742954254,0.26620563864707947,0.12054047733545303,0.061972323805093765,0.0887448787689209,0.21377086639404297,0.10689901560544968,0.14822040498256683,0.6524336338043213,7.675243978155777e-05,0.006010328885167837,1.6328621654793096e-07,0.5225254893302917,0.09111364930868149,0.008917571976780891,0.07658065855503082,531.171875,506.3288879394531,1.1574226627346431,0.4824088513851166,0.008019985631108284,0.0016345038311555982,0.8385417461395264
PINN20260517-KimLayered,3,387,physics,0.6004171371459961,0.0993577241897583,0.2653878629207611,0.12047018110752106,0.06168344244360924,0.08846874535083771,0.21331992745399475,0.10633179545402527,0.1476925164461136,0.6522510647773743,7.625611760886386e-05,0.006071528885513544,1.634647901482822e-07,0.5223045945167542,0.09127529710531235,0.008918635547161102,0.07652397453784943,530.1657104492188,505.38507080078125,1.1551579701596137,0.4822900891304016,0.008000730536878109,0.0016302247531712055,0.8385189771652222
PINN20260517-KimLayered,3,391,physics,0.5987919569015503,0.09905826300382614,0.2645888328552246,0.12039674073457718,0.06139697879552841,0.08819873631000519,0.21289578080177307,0.10575892776250839,0.1472107619047165,0.6520543098449707,7.579314842587337e-05,0.006130504421889782,1.6364096211418655e-07,0.5220843553543091,0.09143097698688507,0.008919386193156242,0.07646746933460236,529.1989135742188,504.4715881347656,1.1536506748736388,0.48217397928237915,0.00798211619257927,0.001626081531867385,0.838496744632721
PINN20260517-KimLayered,3,395,physics,0.5972172021865845,0.09876877069473267,0.263799250125885,0.12031435966491699,0.06111372634768486,0.08793359249830246,0.21260473132133484,0.10522294044494629,0.14671769738197327,0.6518503427505493,7.533955795224756e-05,0.006187007762491703,1.6370181299407705e-07,0.5218662023544312,0.09158060699701309,0.00891982950270176,0.07641132175922394,528.270751953125,503.5901184082031,1.1516045871735494,0.4820583164691925,0.007963686250150204,0.0016219757962971926,0.838475227355957
PINN20260517-KimLayered,3,398,physics,0.5960689783096313,0.09856076538562775,0.26322245597839355,0.12026616930961609,0.060903359204530716,0.08773844689130783,0.21226337552070618,0.1048460304737091,0.14636442065238953,0.6516919732093811,7.501773507101461e-05,0.006228611338883638,1.638439499629385e-07,0.5217050313949585,0.09168943762779236,0.00891998503357172,0.07636994868516922,527.5947265625,502.939697265625,1.1510640908242662,0.4819727838039398,0.007950234226882458,0.001618967275135219,0.8384595513343811
PINN20260517-KimLayered,3,402,physics,0.59456866979599,0.09829086065292358,0.2624654173851013,0.12019230425357819,0.06062519550323486,0.08748277276754379,0.21190837025642395,0.10427676886320114,0.14592497050762177,0.6514696478843689,7.461517088813707e-05,0.006282673683017492,1.6417604342677805e-07,0.5214924812316895,0.09182984381914139,0.008919931948184967,0.07631539553403854,526.7237548828125,502.0993347167969,1.147740139121797,0.4818606376647949,0.00793282687664032,0.0016150575829669833,0.8384392261505127
PINN20260517-KimLayered,3,406,physics,0.5931092500686646,0.09803269803524017,0.261722594499588,0.12013354152441025,0.060349054634571075,0.08723163604736328,0.21145319938659668,0.10373913496732712,0.14546631276607513,0.651231586933136,7.421619375236332e-05,0.006334186531603336,1.6426382387635385e-07,0.5212802886962891,0.09196408838033676,0.00891953520476818,0.07626073062419891,525.884521484375,501.2862854003906,1.1469392783026209,0.4817482531070709,0.00791549775749445,0.0016111634904518723,0.8384196162223816
PINN20260517-KimLayered,3,409,physics,0.5920401215553284,0.09784288704395294,0.2611727714538574,0.1200762614607811,0.06014341115951538,0.08704663813114166,0.21123898029327393,0.10332974791526794,0.14514867961406708,0.6510422229766846,7.393644045805559e-05,0.006372200790792704,1.6445081030269648e-07,0.5211219191551208,0.09206145256757736,0.008919053710997105,0.07622010260820389,525.2738647460938,500.68988037109375,1.1449488439773534,0.48166555166244507,0.007902847602963448,0.0016083139926195145,0.8384051322937012
PINN20260517-KimLayered,3,413,physics,0.590648353099823,0.09759753942489624,0.260451078414917,0.12001606076955795,0.05987069755792618,0.08680461347103119,0.21088728308677673,0.10282006114721298,0.1447192132472992,0.6507717370986938,7.35706853447482e-05,0.006421551574021578,1.6462990970467217e-07,0.5209108591079712,0.09218660742044449,0.008918116800487041,0.07616596668958664,524.4844970703125,499.914794921875,1.1435125736950373,0.4815555810928345,0.007886082865297794,0.0016045394586399198,0.8383863568305969
PINN20260517-KimLayered,3,417,physics,0.5892875790596008,0.09735967218875885,0.2597416639328003,0.11996068060398102,0.059599172323942184,0.08656730502843857,0.21053335070610046,0.10228828340768814,0.14431633055210114,0.6504762768745422,7.322582678170875e-05,0.0064693898893892765,1.6466371732803964e-07,0.5206993222236633,0.09230637550354004,0.008916844613850117,0.07611183077096939,523.7212524414062,499.16131591796875,1.141087174129211,0.4814470112323761,0.007869686931371689,0.0016008428065106273,0.8383679986000061
PINN20260517-KimLayered,3,421,physics,0.5879569053649902,0.09712817519903183,0.2590426802635193,0.11989833414554596,0.05932963266968727,0.08633427321910858,0.21025004982948303,0.1017657145857811,0.14391346275806427,0.6501606702804565,7.289426139323041e-05,0.006516339723020792,1.646779850261737e-07,0.5204886794090271,0.09242097288370132,0.008915248326957226,0.0760580375790596,522.9818115234375,498.42535400390625,1.1396328433169305,0.48133909702301025,0.00785348191857338,0.0015971882967278361,0.8383500576019287
PINN20260517-KimLayered,3,424,physics,0.5869799852371216,0.09695862233638763,0.2585258483886719,0.11984328180551529,0.059128474444150925,0.08616240322589874,0.2100987732410431,0.10138212144374847,0.14362259209156036,0.6499119400978088,7.265857129823416e-05,0.006550833582878113,1.6476666075959656e-07,0.5203317403793335,0.09250343590974808,0.008913830853998661,0.07601799070835114,522.442626953125,497.8854064941406,1.1383248185000139,0.48125869035720825,0.007841539569199085,0.0015944925835356116,0.8383370041847229
PINN20260517-KimLayered,3,428,physics,0.5856996178627014,0.09674171358346939,0.2578522562980652,0.11979525536298752,0.058861445635557175,0.08593638986349106,0.2096773386001587,0.10086555778980255,0.14323905110359192,0.649560272693634,7.23550037946552e-05,0.006595325656235218,1.6485415699207806e-07,0.5201230645179749,0.09260835498571396,0.008911609649658203,0.07596476376056671,521.7429809570312,497.1880187988281,1.136791144774374,0.4811515510082245,0.007825789041817188,0.001590937259607017,0.8383200764656067
PINN20260517-KimLayered,3,432,physics,0.5844451189041138,0.0965273529291153,0.2571829855442047,0.11973648518323898,0.05859594792127609,0.08571405708789825,0.20942148566246033,0.10035690665245056,0.14286234974861145,0.6491841077804565,7.206744339782745e-05,0.006638673134148121,1.649811451898131e-07,0.5199158787727356,0.09270813316106796,0.008909017778933048,0.07591194659471512,521.064697265625,496.5137634277344,1.1355407761709624,0.4810445308685303,0.007810303010046482,0.0015874363016337156,0.838303804397583
PINN20260517-KimLayered,3,435,physics,0.5835183262825012,0.0963701531291008,0.2566862106323242,0.1197013407945633,0.05839765444397926,0.08554959297180176,0.20918595790863037,0.09997421503067017,0.14259254932403564,0.6488862037658691,7.186564471339807e-05,0.006670606322586536,1.649890890575989e-07,0.5197615027427673,0.09277958422899246,0.008906831964850426,0.07587264478206635,520.5675659179688,496.0124816894531,1.1341157535008382,0.48096466064453125,0.007798919454216957,0.0015848574694246054,0.8382919430732727
PINN20260517-KimLayered,3,439,physics,0.5823015570640564,0.09616384655237198,0.2560300827026367,0.11964225023984909,0.058134548366069794,0.08533331006765366,0.20896689593791962,0.0994715467095375,0.14223544299602509,0.6484704613685608,7.161250687204301e-05,0.006713110022246838,1.649633816214191e-07,0.5195579528808594,0.09287069737911224,0.008903611451387405,0.07582102715969086,519.919677734375,495.354248046875,1.132436016707057,0.4808586537837982,0.007783979643136263,0.0015814675716683269,0.8382766842842102
PINN20260517-KimLayered,3,443,physics,0.5811077356338501,0.09596104174852371,0.25537702441215515,0.11958449333906174,0.05787249654531479,0.08511975407600403,0.20879167318344116,0.09899762272834778,0.1418914794921875,0.6480304002761841,7.137666398193687e-05,0.006754518952220678,1.650087142479606e-07,0.5193552374839783,0.09295649826526642,0.008899981155991554,0.07576963305473328,519.289306640625,494.7184753417969,1.1305349036462062,0.480752170085907,0.007769304793328047,0.0015781325055286288,0.8382620215415955
PINN20260517-KimLayered,3,447,physics,0.5799629092216492,0.09576356410980225,0.25473225116729736,0.11953803151845932,0.057610783725976944,0.08490919321775436,0.20853707194328308,0.09877249598503113,0.1415787935256958,0.647560715675354,7.115914922906086e-05,0.006794648244976997,1.6505136102296092e-07,0.5191526412963867,0.0930369570851326,0.008895907551050186,0.07571820169687271,518.675048828125,494.10321044921875,1.1275629481830978,0.4806457459926605,0.007754920050501823,0.0015748587902635336,0.8382477760314941
PINN20260517-KimLayered,3,450,physics,0.5791252255439758,0.09561562538146973,0.2542491555213928,0.11949460953474045,0.05741547420620918,0.08475280553102493,0.20844706892967224,0.09875203669071198,0.14129139482975006,0.6471881866455078,7.098005153238773e-05,0.006824797950685024,1.6505478583894728e-07,0.5190025568008423,0.09309445321559906,0.008892578072845936,0.07568023353815079,518.2239990234375,493.6514587402344,1.1317218239860731,0.4805641770362854,0.00774373346939683,0.0015723302494734526,0.8382376432418823
PINN20260517-KimLayered,3,454,physics,0.5779032111167908,0.09542112797498703,0.2536083459854126,0.11944327503442764,0.05715532600879669,0.08454687893390656,0.20832273364067078,0.0976850688457489,0.14097923040390015,0.6466641426086426,7.081023068167269e-05,0.006864303257316351,1.6501279276326386e-07,0.5188030004501343,0.09316644817590714,0.008887753821909428,0.07562986761331558,517.6319580078125,493.05462646484375,1.1264797613162116,0.48045864701271057,0.007730084005743265,0.0015692076412960887,0.8382242918014526
PINN20260517-KimLayered,3,458,physics,0.5767586827278137,0.09522897005081177,0.2529727816581726,0.11939919739961624,0.05689665675163269,0.0843430683016777,0.20817002654075623,0.0971888080239296,0.1406569480895996,0.6461026072502136,7.063670636853203e-05,0.0069036660715937614,1.649447654017422e-07,0.5186060667037964,0.09323404729366302,0.008882448077201843,0.07558032125234604,517.0523681640625,492.4770202636719,1.127117731739195,0.4803514778614044,0.00771626690402627,0.0015660556964576244,0.838211715221405
PINN20260517-KimLayered,3,461,physics,0.5759208798408508,0.0950872004032135,0.2525023818016052,0.11936663091182709,0.05670314282178879,0.08419178426265717,0.20802253484725952,0.09692264348268509,0.14043289422988892,0.6456543803215027,7.052016735542566e-05,0.006933046039193869,1.6487469167714153e-07,0.5184594988822937,0.09328169375658035,0.008878135122358799,0.07554358243942261,516.6239013671875,492.049072265625,1.1240861936924438,0.4802713692188263,0.007706090342253447,0.0015637341421097517,0.8382026553153992
PINN20260517-KimLayered,3,465,physics,0.5747755765914917,0.09490082412958145,0.25188881158828735,0.11931006610393524,0.056446757167577744,0.08399258553981781,0.20783324539661407,0.09629654884338379,0.14010010659694672,0.6450085043907166,7.037059549475089e-05,0.006973708514124155,1.650828522770098e-07,0.5182667374610901,0.0933421179652214,0.008871912956237793,0.07549586147069931,516.057861328125,491.4873352050781,1.1251284958874403,0.4801650643348694,0.0076925307512283325,0.0015606465749442577,0.8381910920143127
PINN20260517-KimLayered,3,469,physics,0.5736655592918396,0.09471812099218369,0.25127747654914856,0.1192806214094162,0.05619005486369133,0.08379481732845306,0.2074802815914154,0.09589936584234238,0.1397891640663147,0.6442925930023193,7.023397483862936e-05,0.007012311369180679,1.649917891199948e-07,0.5180729031562805,0.09339676797389984,0.008865002542734146,0.07544774562120438,515.5029907226562,490.9820251464844,1.1237302046170774,0.48005756735801697,0.007679201662540436,0.0015576054574921727,0.8381800055503845
PINN20260517-KimLayered,3,473,physics,0.5725497603416443,0.09453330188989639,0.2506636381149292,0.11924251914024353,0.055933475494384766,0.08359866589307785,0.2072836011648178,0.09538771957159042,0.1395038366317749,0.6435107588768005,7.01274475432001e-05,0.007050705142319202,1.645862681698418e-07,0.517881453037262,0.09344648569822311,0.008857435546815395,0.07540034502744675,514.9539184570312,490.4903869628906,1.1205898437017452,0.479950875043869,0.007666402962058783,0.001554666319862008,0.838169515132904
PINN20260517-KimLayered,3,476,physics,0.5717161893844604,0.09439857304096222,0.250216543674469,0.11922869086265564,0.055742520838975906,0.08345256745815277,0.20693780481815338,0.09503442049026489,0.13926346600055695,0.6428937315940857,7.004553481237963e-05,0.007081698160618544,1.6429841309673066e-07,0.5177434682846069,0.09348175674676895,0.008851391263306141,0.07536664605140686,514.5423583984375,490.09521484375,1.120988176298813,0.47987139225006104,0.007656702771782875,0.0015524453483521938,0.8381624221801758
PINN20260517-KimLayered,3,480,physics,0.5706084966659546,0.09421909600496292,0.2496182769536972,0.11920158565044403,0.055488888174295425,0.08325827866792679,0.20655080676078796,0.09453998506069183,0.1389750838279724,0.6420402526855469,6.996855518082157e-05,0.007123690098524094,1.6427119930995104e-07,0.5175646543502808,0.0935245156288147,0.008842780254781246,0.07532306015491486,513.9991455078125,489.5913391113281,1.1184534139886324,0.47976624965667725,0.007644288241863251,0.0015495899133384228,0.8381537795066833
PINN20260517-KimLayered,3,484,physics,0.5695086717605591,0.09404072165489197,0.2490140199661255,0.11917129904031754,0.05523402988910675,0.08306346833705902,0.20617809891700745,0.09412477910518646,0.13868480920791626,0.6411283016204834,6.989185931161046e-05,0.007164043374359608,1.6417503445609327e-07,0.5173856616020203,0.09356045722961426,0.008833389729261398,0.0752791166305542,513.4633178710938,489.13848876953125,1.1163344761159935,0.4796591103076935,0.007631782442331314,0.0015467240009456873,0.8381456732749939
PINN20260517-KimLayered,3,487,physics,0.5686800479888916,0.09390533715486526,0.24856668710708618,0.11911477148532867,0.05504266172647476,0.08291833102703094,0.20607826113700867,0.0937916487455368,0.1384560912847519,0.6403958797454834,6.983231287449598e-05,0.007196022197604179,1.6433186544873024e-07,0.5172529816627502,0.09358460456132889,0.008825821802020073,0.07524685561656952,513.0611572265625,488.7995300292969,1.1163908099250142,0.47957974672317505,0.007622307166457176,0.0015445592580363154,0.838140070438385
PINN20260517-KimLayered,3,491,physics,0.567575991153717,0.09372744709253311,0.24797189235687256,0.11908125132322311,0.054786477237939835,0.08272489905357361,0.20567968487739563,0.09335656464099884,0.13817070424556732,0.6393513679504395,6.977031443966553e-05,0.007238977123051882,1.6420436566022545e-07,0.517078697681427,0.09361161291599274,0.008814980275928974,0.07520446926355362,512.5269165039062,488.3719177246094,1.1150041907091224,0.47947490215301514,0.007609921973198652,0.0015417264075949788,0.8381330966949463
PINN20260517-KimLayered,3,495,physics,0.5664719939231873,0.09354370087385178,0.2473655641078949,0.1190500482916832,0.05453028902411461,0.0825321301817894,0.20542681217193604,0.09296564012765884,0.13788741827011108,0.6382258534431458,6.972115079406649e-05,0.007285058498382568,1.6418717052602005e-07,0.5169104933738708,0.09363444149494171,0.008803276345133781,0.07516399025917053,511.9885559082031,487.93365478515625,1.1143524020116362,0.479371577501297,0.007597651798278093,0.001538917189463973,0.8381272554397583
PINN20260517-KimLayered,3,499,physics,0.5653652548789978,0.09336148202419281,0.24676695466041565,0.11904015392065048,0.05427236109972,0.08233971893787384,0.2049797922372818,0.0926043912768364,0.13760684430599213,0.6369972825050354,6.967764056753367e-05,0.007333764340728521,1.6405837754973618e-07,0.516744077205658,0.09365221112966537,0.008790559135377407,0.07512424886226654,511.4488525390625,487.5203857421875,1.1129495273046977,0.47927019000053406,0.007585396524518728,0.0015361147234216332,0.8381218314170837
PINN20260517-KimLayered,3,502,physics,0.5645309090614319,0.09321874380111694,0.24630753695964813,0.11899570375680923,0.05407758802175522,0.08219525963068008,0.20495891571044922,0.09236259758472443,0.1373940408229828,0.6360039710998535,6.964556087041274e-05,0.007371712010353804,1.6393067880926537e-07,0.5166199207305908,0.09366186708211899,0.008780308999121189,0.07509470731019974,511.04339599609375,487.23883056640625,1.1125555511897194,0.4791942238807678,0.007576126605272293,0.001533997943624854,0.8381181955337524
PINN20260517-KimLayered,3,506,physics,0.5634326934814453,0.09302684664726257,0.24569156765937805,0.11894506961107254,0.053816214203834534,0.08200227469205856,0.20488294959068298,0.09223685413599014,0.13711895048618317,0.6345745325088501,6.96102506481111e-05,0.007425505667924881,1.6387511436732893e-07,0.5164574384689331,0.09367019683122635,0.0087656294927001,0.07505632191896439,510.4967041015625,486.86529541015625,1.1138892436983296,0.47909438610076904,0.00756381219252944,0.001531182904727757,0.8381140828132629
PINN20260517-KimLayered,3,510,physics,0.5624580979347229,0.09283315390348434,0.24507306516170502,0.11891847103834152,0.05355258285999298,0.0818081945180893,0.20465514063835144,0.09323912858963013,0.13688193261623383,0.633001983165741,6.957240839255974e-05,0.0074831051751971245,1.6367944510875532e-07,0.5162989497184753,0.09367301315069199,0.008749670349061489,0.07501912862062454,509.9443054199219,486.5199279785156,1.115026308681731,0.4789954423904419,0.0075513324700295925,0.0015283377142623067,0.8381108045578003
PINN20260517-KimLayered,3,513,physics,0.5614251494407654,0.09268723428249359,0.2446092963218689,0.11891300231218338,0.05335260555148125,0.08166190981864929,0.20437556505203247,0.09161578118801117,0.1366359293460846,0.6317204833030701,6.960018072277308e-05,0.007528983056545258,1.633560771097109e-07,0.5161827206611633,0.09367091953754425,0.008736813440918922,0.07499200850725174,509.5231628417969,486.26251220703125,1.1101084641771863,0.4789257049560547,0.007542965933680534,0.0015263959066942334,0.8381087183952332
PINN20260517-KimLayered,3,517,physics,0.560313880443573,0.092485710978508,0.24398428201675415,0.11886933445930481,0.05308585986495018,0.08146573603153229,0.20422658324241638,0.09179143607616425,0.13635863363742828,0.62987220287323,6.958175799809396e-05,0.007597833871841431,1.6333217445207993e-07,0.516036868095398,0.09366463124752045,0.00871844869107008,0.07495876401662827,508.950927734375,485.90985107421875,1.1090910243978347,0.47883227467536926,0.007530607283115387,0.0015235703904181719,0.8381074070930481
PINN20260517-KimLayered,3,521,physics,0.5591189861297607,0.09228230267763138,0.24335701763629913,0.11883244663476944,0.05281467363238335,0.0812673270702362,0.20396745204925537,0.09144806116819382,0.13609443604946136,0.6278157234191895,6.962611951166764e-05,0.007672139909118414,1.6332204211266799e-07,0.5158935785293579,0.09365084767341614,0.008698388934135437,0.07492641359567642,508.3668212890625,485.6042175292969,1.1051173965683523,0.4787448048591614,0.00751935038715601,0.0015209560515359044,0.8381066918373108
PINN20260517-KimLayered,3,525,physics,0.5578805208206177,0.09207259118556976,0.24271805584430695,0.11881332099437714,0.05253973603248596,0.08106620609760284,0.2036481648683548,0.09101030230522156,0.13579639792442322,0.6255055069923401,6.960869359318167e-05,0.007753905840218067,1.6307043892993534e-07,0.5157556533813477,0.09362984448671341,0.008676430210471153,0.07489559799432755,507.76898193359375,485.34893798828125,1.1075966952452614,0.4786568880081177,0.007506732363253832,0.0015180889749899507,0.838107168674469
PINN20260517-KimLayered,3,528,physics,0.5569194555282593,0.09190644323825836,0.24222442507743835,0.11878211796283722,0.05233108252286911,0.08091366291046143,0.2036164402961731,0.09059108048677444,0.13558198511600494,0.6235930323600769,6.963676423765719e-05,0.007822620682418346,1.628475416737274e-07,0.5156574845314026,0.09360965341329575,0.00865867082029581,0.07487430423498154,507.3066711425781,485.14776611328125,1.105995990058094,0.47859665751457214,0.0074979462660849094,0.0015160650946199894,0.8381083011627197
PINN20260517-KimLayered,3,532,physics,0.5556497573852539,0.09167805314064026,0.24155421555042267,0.11875290423631668,0.052049409598112106,0.08070755749940872,0.20351549983024597,0.09040898829698563,0.1352953016757965,0.6207712888717651,6.96630886523053e-05,0.007926324382424355,1.625652288339552e-07,0.5155348777770996,0.0935768187046051,0.008633130230009556,0.07484875619411469,506.67108154296875,484.8633117675781,1.1041491335158973,0.4785211384296417,0.007485853508114815,0.0015132888220250607,0.8381110429763794
PINN20260517-KimLayered,3,536,physics,0.5543316006660461,0.0914367139339447,0.24085494875907898,0.11870799958705902,0.05176141485571861,0.08049759268760681,0.2035907804965973,0.09023899585008621,0.13501113653182983,0.6175745725631714,6.97082286933437e-05,0.008044111542403698,1.6212960929351539e-07,0.5154157876968384,0.09353476017713547,0.008605153299868107,0.07482481747865677,506.0143737792969,484.6217346191406,1.1034274655172576,0.4784535765647888,0.007473920937627554,0.0015105337370187044,0.8381146788597107
PINN20260517-KimLayered,3,539,physics,0.5533038973808289,0.09124509990215302,0.24030977487564087,0.11866724491119385,0.051540493965148926,0.08033742755651474,0.2037964165210724,0.09009026736021042,0.13479022681713104,0.6148849129676819,6.973193376325071e-05,0.008143538609147072,1.6167126659638598e-07,0.5153283476829529,0.09349676221609116,0.008582322858273983,0.07480797171592712,505.50408935546875,484.4674377441406,1.1024086747920192,0.4784074127674103,0.0074646188877522945,0.0015083967009559274,0.8381179571151733
PINN20260517-KimLayered,3,543,physics,0.5518854856491089,0.09097953885793686,0.23956778645515442,0.1186414286494255,0.0512402318418026,0.08011970669031143,0.20397719740867615,0.08986257761716843,0.1344880312681198,0.6108685731887817,6.975577707635239e-05,0.008295908570289612,1.6107452438518521e-07,0.5152176022529602,0.0934380367398262,0.008549242280423641,0.07478832453489304,504.7940673828125,484.25115966796875,1.1036597177532042,0.4783545136451721,0.007451795507222414,0.0015054662944748998,0.838123619556427
PINN20260517-KimLayered,3,547,physics,0.5503926277160645,0.09069529175758362,0.23878934979438782,0.11860671639442444,0.05093292146921158,0.07989668846130371,0.2042672038078308,0.08967401832342148,0.13418465852737427,0.6063058376312256,6.97934883646667e-05,0.008475404232740402,1.603525561222341e-07,0.5151138305664062,0.09336911886930466,0.008512861095368862,0.07477253675460815,504.04864501953125,484.03460693359375,1.1030022222901952,0.47831404209136963,0.007438844069838524,0.001502507133409381,0.8381304740905762
PINN20260517-KimLayered,3,551,physics,0.5488304495811462,0.09039533138275146,0.23798367381095886,0.1185503900051117,0.05061788484454155,0.07966694235801697,0.20467793941497803,0.08951710909605026,0.13387537002563477,0.6011539101600647,6.982897320995107e-05,0.008688454516232014,1.5943734865686565e-07,0.5150178670883179,0.0932883769273758,0.00847279280424118,0.07476141303777695,503.2601013183594,483.7798156738281,1.1034720687507005,0.47828832268714905,0.007425442337989807,0.0014994596131145954,0.8381388783454895
PINN20260517-KimLayered,3,554,physics,0.5476050972938538,0.09017117321491241,0.23738282918930054,0.1185595914721489,0.05037658289074898,0.07948920130729675,0.2043588012456894,0.08940439671278,0.13363789021968842,0.5969071388244629,6.984575156820938e-05,0.008874221704900265,1.5907193073871895e-07,0.5149520635604858,0.09321872889995575,0.008440013974905014,0.07475686818361282,502.6365051269531,483.5877990722656,1.1016185351783199,0.4782799482345581,0.007414961699396372,0.0014970963820815086,0.8381465077400208
PINN20260517-KimLayered,3,558,physics,0.5458918809890747,0.08986273407936096,0.23657983541488647,0.11854932457208633,0.05004816874861717,0.07924287021160126,0.20375369489192963,0.08924081176519394,0.13331124186515808,0.5907806754112244,6.985213985899463e-05,0.009163369424641132,1.596364143097162e-07,0.5148720145225525,0.09311272203922272,0.008392156101763248,0.0747566670179367,501.7564392089844,483.39215087890625,1.100309117310706,0.4782829284667969,0.00740035530179739,0.001493828371167183,0.8381586074829102
PINN20260517-KimLayered,3,562,physics,0.5440942049026489,0.08954089879989624,0.2357524335384369,0.11854450404644012,0.049710310995578766,0.07898300886154175,0.2029540240764618,0.08909660577774048,0.13297748565673828,0.5842218399047852,6.984665378695354e-05,0.009509919211268425,1.6051637885539094e-07,0.5147971510887146,0.09298983216285706,0.008338860236108303,0.07476378232240677,500.8080749511719,483.2324523925781,1.0984565457756157,0.47830334305763245,0.00738515192642808,0.0014904458075761795,0.838172972202301
PINN20260517-KimLayered,3,565,physics,0.5426727533340454,0.08928611129522324,0.23511183261871338,0.11853199452161789,0.04945080354809761,0.07877761870622635,0.20224902033805847,0.08899679780006409,0.1327192187309265,0.579167366027832,6.983565981499851e-05,0.009819035418331623,1.6090197618723323e-07,0.5147440433502197,0.09288770705461502,0.00829489715397358,0.0747758001089096,500.0411682128906,483.0986633300781,1.0979976005912133,0.47833260893821716,0.007373408880084753,0.0014878412475809455,0.8381856083869934
PINN20260517-KimLayered,3,569,physics,0.5406625866889954,0.08891651779413223,0.23419038951396942,0.11849604547023773,0.04909680783748627,0.07848493754863739,0.2014731764793396,0.0888635665178299,0.13236476480960846,0.5725718140602112,6.982257036725059e-05,0.010312041267752647,1.6096369392926135e-07,0.5146706104278564,0.09274011105298996,0.008230548352003098,0.07480281591415405,498.9277648925781,482.8940734863281,1.0967329156464647,0.47839057445526123,0.007357579655945301,0.0014843340031802654,0.8382053971290588
PINN20260517-KimLayered,3,573,physics,0.5385169386863708,0.0885111466050148,0.2331785410642624,0.11846332997083664,0.04873298108577728,0.07816334068775177,0.20074905455112457,0.08874808996915817,0.13199517130851746,0.5665707588195801,6.9811700086575e-05,0.010920638218522072,1.616298845874553e-07,0.5145711898803711,0.0925835520029068,0.008159080520272255,0.0748446062207222,497.67987060546875,482.63165283203125,1.0961126162587813,0.4784705936908722,0.007341785356402397,0.0014808387495577335,0.8382279872894287
PINN20260517-KimLayered,3,577,physics,0.5361765623092651,0.08806613832712173,0.23205330967903137,0.1184241846203804,0.048352859914302826,0.0777975395321846,0.1998184472322464,0.0886421650648117,0.13160869479179382,0.5614417791366577,6.978936289669946e-05,0.01167322602123022,1.6288450410684163e-07,0.5143858790397644,0.0924207866191864,0.008079350925981998,0.07490158081054688,496.25238037109375,482.4263916015625,1.0946605460590282,0.4785679578781128,0.007326091174036264,0.001477373531088233,0.8382522463798523
PINN20260517-KimLayered,3,580,physics,0.5342361330986023,0.08769384026527405,0.23107367753982544,0.11838354915380478,0.048054102808237076,0.07747671753168106,0.199114590883255,0.08856450766324997,0.13130956888198853,0.5582113265991211,6.977233715588227e-05,0.012352838180959225,1.6377546785406594e-07,0.5141323208808899,0.09229744970798492,0.008013645187020302,0.0749586820602417,495.01019287109375,482.2944030761719,1.0943710355217933,0.4786469340324402,0.0073145912028849125,0.0014748332323506474,0.8382713794708252
PINN20260517-KimLayered,3,584,physics,0.5312431454658508,0.0871170237660408,0.22943943738937378,0.11831391602754593,0.04763739928603172,0.07694011181592941,0.19819127023220062,0.08847522735595703,0.13089212775230408,0.5546497702598572,6.976899749133736e-05,0.01345343329012394,1.6463627616758458e-07,0.5134838819503784,0.09213858097791672,0.00791806261986494,0.07507462054491043,492.9801025390625,482.009521484375,1.0937745889375916,0.4787580668926239,0.007299874443560839,0.0014715763973072171,0.8382993340492249
PINN20260517-KimLayered,3,588,physics,0.5273451209068298,0.08638303726911545,0.2270011007785797,0.11819452047348022,0.047194965183734894,0.07612866163253784,0.19726374745368958,0.08841027319431305,0.13044512271881104,0.5517262816429138,6.98205767548643e-05,0.014836822636425495,1.6548926851100987e-07,0.5119451284408569,0.09199396520853043,0.007813232019543648,0.0752972811460495,490.1336669921875,481.5249938964844,1.0921179911651262,0.4788726270198822,0.007286112755537033,0.0014685234054923058,0.8383311629295349
PINN20260517-KimLayered,3,591,physics,0.523054838180542,0.0856553390622139,0.22363442182540894,0.11801635473966599,0.046833496540784836,0.07499144971370697,0.19659635424613953,0.08839539438486099,0.13007378578186035,0.5497617125511169,6.991290865698829e-05,0.016106510534882545,1.6626192689273012e-07,0.5090237855911255,0.0919002816081047,0.007728281430900097,0.07567543536424637,487.0232238769531,481.061767578125,1.091292624459346,0.4789431691169739,0.007276026997715235,0.0014663055771961808,0.8383587598800659
PINN20260517-KimLayered,3,595,physics,0.5153236985206604,0.08525855094194412,0.21208083629608154,0.11756152659654617,0.046286460012197495,0.07101329416036606,0.1957157701253891,0.08851619809865952,0.1294456422328949,0.547106146812439,7.027930405456573e-05,0.01823158748447895,1.664684958768703e-07,0.4975687563419342,0.09182684123516083,0.007606217171996832,0.07732916623353958,485.387939453125,479.9210205078125,1.089425140059775,0.4789355397224426,0.007262434344738722,0.001463388092815876,0.838408350944519
PINN20260517-KimLayered,3,599,physics,0.504998505115509,0.08321908116340637,0.20474031567573547,0.11741283535957336,0.045716430991888046,0.06848757714033127,0.1949140727519989,0.08854805678129196,0.12885905802249908,0.5437299609184265,7.154786726459861e-05,0.021266402676701546,1.6730295726574695e-07,0.4947882294654846,0.09190154820680618,0.007471879478543997,0.0779888778924942,474.8262939453125,478.033935546875,1.0867617829310472,0.47856849431991577,0.007248726207762957,0.0014604650205001235,0.8384873867034912
PINN20260517-KimLayered,3,603,physics,0.49027061462402344,0.07996714860200882,0.19626832008361816,0.11723989248275757,0.04489916190505028,0.06556385010480881,0.19366419315338135,0.0884348452091217,0.12833335995674133,0.5390070080757141,7.302637095563114e-05,0.025187604129314423,1.6817250525491545e-07,0.4932986795902252,0.09198331087827682,0.00731420936062932,0.07836788147687912,464.5963439941406,479.02978515625,1.0910546252638686,0.47776031494140625,0.007224849425256252,0.0014556286623701453,0.838550865650177
PINN20260517-KimLayered,3,606,physics,0.4765068590641022,0.07768914103507996,0.18389925360679626,0.11692202091217041,0.04412592202425003,0.06112980842590332,0.19295711815357208,0.08850529044866562,0.12780296802520752,0.5350167751312256,7.435275620082393e-05,0.028705468401312828,1.6895509702408162e-07,0.4875801205635071,0.09205665439367294,0.0071884458884596825,0.07961451262235641,452.8448486328125,478.46112060546875,1.0884787862726166,0.47696784138679504,0.007202683482319117,0.0014511633198708296,0.8385826945304871
PINN20260517-KimLayered,3,610,physics,0.4577462077140808,0.07347951829433441,0.17341187596321106,0.11677099764347076,0.04304792732000351,0.05722762644290924,0.19136667251586914,0.08855471014976501,0.12723027169704437,0.5297827124595642,7.704314339207485e-05,0.03419937565922737,1.71502321677508e-07,0.48569199442863464,0.09225265681743622,0.007028530351817608,0.08039521425962448,438.1461181640625,475.8106994628906,1.0878414209725595,0.4757370352745056,0.007175609935075045,0.001445559784770012,0.8386214971542358
PINN20260517-KimLayered,3,614,physics,0.4412243664264679,0.06963521242141724,0.16519419848918915,0.11674504727125168,0.04181992635130882,0.05434095114469528,0.1894850879907608,0.08842550218105316,0.12681883573532104,0.5243279337882996,8.031928155105561e-05,0.040147725492715836,1.7287187858983089e-07,0.4857923984527588,0.09245733171701431,0.006867855787277222,0.08064364641904831,425.5978088378906,473.1506652832031,1.087731911555762,0.4742204248905182,0.00714617595076561,0.0014393519377335906,0.8386441469192505
PINN20260517-KimLayered,3,617,physics,0.43122801184654236,0.0674128606915474,0.1597789227962494,0.116594597697258,0.04080165550112724,0.05248471722006798,0.1893184781074524,0.08826326578855515,0.1265711933374405,0.5202100276947021,8.2975639088545e-05,0.044594913721084595,1.7331726098746003e-07,0.4856124818325043,0.09258663654327393,0.006745923310518265,0.0807618647813797,418.1477966308594,471.1516418457031,1.085536256825333,0.47292858362197876,0.007121937349438667,0.0014342335052788258,0.838649570941925
PINN20260517-KimLayered,3,621,physics,0.4194088876247406,0.06501772999763489,0.1520477533340454,0.11642587929964066,0.039423100650310516,0.050127383321523666,0.18922542035579681,0.08783136308193207,0.12642958760261536,0.515352725982666,8.682822954142466e-05,0.0501653291285038,1.7467266388848657e-07,0.4868584871292114,0.09274929016828537,0.006595100741833448,0.0801934078335762,410.4870910644531,467.4551086425781,1.0841424005956086,0.4711707532405853,0.0070917983539402485,0.0014278014423325658,0.8386520147323608
PINN20260517-KimLayered,3,625,physics,0.4100261330604553,0.0632358267903328,0.1456836760044098,0.11632474511861801,0.03791970759630203,0.04810791462659836,0.18857601284980774,0.08743614703416824,0.12630362808704376,0.5112822651863098,9.072026296053082e-05,0.054993513971567154,1.7595164081285475e-07,0.48666146397590637,0.09288816899061203,0.006461448967456818,0.07985970377922058,402.6232604980469,463.66949462890625,1.0821359744829466,0.46946632862091064,0.007064734119921923,0.001422008266672492,0.8386566042900085
PINN20260517-KimLayered,3,629,physics,0.39920562505722046,0.06118535250425339,0.13926619291305542,0.11600881814956665,0.035441216081380844,0.04544831067323685,0.18788234889507294,0.0871497243642807,0.12608540058135986,0.5078073143959045,9.431275248061866e-05,0.05902344733476639,1.7556068598878483e-07,0.4819941222667694,0.09299281239509583,0.006345644593238831,0.08061723411083221,392.67767333984375,460.1058044433594,1.0804800997729136,0.46790459752082825,0.00704039866104722,0.0014169106725603342,0.8386656045913696
PINN20260517-KimLayered,3,632,physics,0.38555917143821716,0.05888008326292038,0.1310214251279831,0.11551234126091003,0.030324190855026245,0.04236293211579323,0.18741630017757416,0.08657746016979218,0.12600472569465637,0.5059323906898499,9.692937601357698e-05,0.06170262396335602,1.7579625932739873e-07,0.4770711362361908,0.09308849275112152,0.006280292756855488,0.08007608354091644,380.2763366699219,457.97467041015625,1.076790944861799,0.466938853263855,0.007027411367744207,0.001414195983670652,0.838683009147644
PINN20260517-KimLayered,3,636,physics,0.3759579062461853,0.058620743453502655,0.1199398785829544,0.11550825834274292,0.02449832297861576,0.039049889892339706,0.1845633089542389,0.08295952528715134,0.12495078891515732,0.5055274367332458,0.00010111493611475453,0.06608942896127701,1.8050369021693768e-07,0.4730271100997925,0.0933304950594902,0.006250376813113689,0.07766935229301453,375.00982666015625,446.23516845703125,1.064823111548186,0.4662817716598511,0.007028514519333839,0.0014140944695100188,0.8387405276298523
PINN20260517-KimLayered,3,640,physics,0.364724338054657,0.05590434372425079,0.1148584634065628,0.11574909090995789,0.02407744899392128,0.03711147606372833,0.1814548671245575,0.0827525407075882,0.12427956610918045,0.5017456412315369,0.0001037494366755709,0.06997645646333694,1.8159606440804055e-07,0.47150033712387085,0.09321466088294983,0.0061439163982868195,0.07959818094968796,370.1622009277344,442.6448059082031,1.067281033778537,0.4653368294239044,0.007010989356786013,0.0014101822162047029,0.838776707649231
PINN20260517-KimLayered,3,643,physics,0.36263442039489746,0.05566912516951561,0.11410970985889435,0.11584901064634323,0.023507775738835335,0.03700930252671242,0.18044906854629517,0.07919040322303772,0.12308279424905777,0.49613505601882935,0.00010402232874184847,0.07087678462266922,1.770619491026082e-07,0.4698830842971802,0.09287331253290176,0.006001385394483805,0.07842884212732315,371.0710144042969,442.3469543457031,1.0680620443957844,0.4641767740249634,0.006979529280215502,0.0014035949716344476,0.8387901782989502
PINN20260517-KimLayered,3,647,physics,0.3605037331581116,0.055231258273124695,0.11295676976442337,0.11560839414596558,0.023147456347942352,0.036599282175302505,0.17953835427761078,0.07981621474027634,0.12313812226057053,0.49623557925224304,0.00010611142351990566,0.07468972355127335,1.840833334654235e-07,0.47036540508270264,0.0928780660033226,0.006009432952851057,0.07945199310779572,370.4792175292969,436.0549621582031,1.071545491032822,0.4641305208206177,0.006988896988332272,0.0014051338657736778,0.838863730430603
PINN20260517-KimLayered,3,651,physics,0.35811978578567505,0.05485814809799194,0.11180663108825684,0.11595805734395981,0.022916516289114952,0.03618578612804413,0.1746610850095749,0.07855550944805145,0.12263843417167664,0.49639183282852173,0.00010687384201446548,0.07684604823589325,1.8482438690625713e-07,0.4697289764881134,0.09279915690422058,0.0060241250321269035,0.07937485724687576,367.8351745605469,435.1644287109375,1.0688567621269383,0.464150995016098,0.0069945501163601875,0.0014059344539418817,0.8389152884483337
PINN20260517-KimLayered,3,655,physics,0.35539454221725464,0.054391048848629,0.1102079451084137,0.11607133597135544,0.02262907847762108,0.03561335429549217,0.17241424322128296,0.0774899497628212,0.1223694384098053,0.49626028537750244,0.00010632978228386492,0.07688188552856445,1.8189537343005213e-07,0.4685308635234833,0.09258463978767395,0.00602826988324523,0.07891152799129486,364.98333740234375,435.13775634765625,1.0676064076481195,0.4641866981983185,0.006990810390561819,0.0014049415476620197,0.838918149471283
PINN20260517-KimLayered,3,658,physics,0.35311686992645264,0.05401049554347992,0.10830594599246979,0.11573879420757294,0.022423718124628067,0.03487618640065193,0.1717216521501541,0.07826633006334305,0.12266239523887634,0.4986604154109955,0.00010617482621455565,0.07708968967199326,1.8467051177140092e-07,0.467924565076828,0.09252659976482391,0.0060825347900390625,0.07924620062112808,362.92559814453125,433.5312194824219,1.0626637730146096,0.4646567106246948,0.006998131982982159,0.0014063393464311957,0.8389099836349487
PINN20260517-KimLayered,3,662,physics,0.35015058517456055,0.05354616791009903,0.10650423169136047,0.11566303670406342,0.021879274398088455,0.03424687683582306,0.17017996311187744,0.07703569531440735,0.12235721200704575,0.5003254413604736,0.00010508191189728677,0.07532624155282974,1.8571593329852476e-07,0.4652917683124542,0.09232620894908905,0.0061150211840868,0.07839599251747131,359.9249572753906,432.0140686035156,1.0541393097946898,0.46505337953567505,0.006994378753006458,0.0014055680949240923,0.8388705849647522
PINN20260517-KimLayered,3,666,physics,0.3477475941181183,0.05317368730902672,0.10450069606304169,0.11573835462331772,0.02135397307574749,0.03353030979633331,0.16765999794006348,0.07860129326581955,0.1225653663277626,0.5017873048782349,0.00010402057523606345,0.07398653775453568,1.8537350854330725e-07,0.4634757936000824,0.09213677793741226,0.006146198604255915,0.07812953740358353,357.7829284667969,429.5450439453125,1.0496318162006695,0.46550169587135315,0.006990141235291958,0.0014046707656234503,0.8388301134109497
PINN20260517-KimLayered,3,669,physics,0.3460747003555298,0.052903302013874054,0.1032356321811676,0.11569415032863617,0.020923452451825142,0.03304330259561539,0.16647398471832275,0.07961631566286087,0.12263870239257812,0.5028265118598938,0.00010356390703236684,0.0731869637966156,1.8458322870174015e-07,0.46178343892097473,0.09201972931623459,0.0061697219498455524,0.07803349196910858,356.2478942871094,426.42919921875,1.02919650401537,0.46584948897361755,0.006989722605794668,0.0014044828712940216,0.8388078212738037
PINN20260517-KimLayered,3,673,physics,0.3430263102054596,0.05246453732252121,0.10152104496955872,0.1156693547964096,0.020018024370074272,0.03248562291264534,0.16542182862758636,0.07741913944482803,0.12231893092393875,0.5031222701072693,0.00010271046630805358,0.07168860733509064,1.8353850350649736e-07,0.4582875967025757,0.0918421596288681,0.006176674272865057,0.07726932317018509,353.75811767578125,420.82958984375,1.0225709696075882,0.4661026895046234,0.006981997285038233,0.0014027527067810297,0.8387890458106995
PINN20260517-KimLayered,3,677,physics,0.3393952250480652,0.0518760159611702,0.09907527267932892,0.11574633419513702,0.019144533202052116,0.03160789981484413,0.1643540859222412,0.0762638971209526,0.12217681854963303,0.5035619735717773,0.00010249410843243822,0.0707940086722374,1.8509717847337015e-07,0.45522838830947876,0.09173497557640076,0.00618987251073122,0.07701071351766586,351.03155517578125,414.1573486328125,1.003243164927681,0.46636727452278137,0.006981076672673225,0.0014022941468283534,0.8387978672981262
PINN20260517-KimLayered,3,681,physics,0.3353906273841858,0.05119389668107033,0.09643922001123428,0.11589018255472183,0.018112950026988983,0.0306695569306612,0.16341954469680786,0.07557657361030579,0.12194901704788208,0.5034398436546326,0.00010233403736492619,0.06970640271902084,1.839816263782268e-07,0.4511597156524658,0.0916501134634018,0.006190400570631027,0.07648246735334396,347.7212829589844,406.0416564941406,0.9893133483759657,0.4664795994758606,0.006978410296142101,0.001401432789862156,0.8388279676437378
PINN20260517-KimLayered,3,684,physics,0.33235621452331543,0.05066371709108353,0.09448157995939255,0.11593279987573624,0.0173177532851696,0.029939308762550354,0.16297367215156555,0.07542896270751953,0.12176717817783356,0.5035402774810791,0.00010250414197798818,0.0689774602651596,1.8300171689134004e-07,0.4473651945590973,0.09163350611925125,0.00619503716006875,0.07593479007482529,345.150146484375,398.77374267578125,0.9728103728661672,0.46656590700149536,0.006979871541261673,0.0014014783082529902,0.8388667106628418
PINN20260517-KimLayered,3,688,physics,0.32841798663139343,0.049956873059272766,0.09175186604261398,0.1159980371594429,0.01647871918976307,0.028909508138895035,0.1625261902809143,0.07534744590520859,0.12165465950965881,0.5040733814239502,0.000102925521787256,0.06816752254962921,1.8385490818673134e-07,0.44295167922973633,0.09168178588151932,0.006208565551787615,0.07553069293498993,341.7193298339844,389.96258544921875,0.9590357130534795,0.466697633266449,0.006984819658100605,0.0014022329123690724,0.8389446139335632
PINN20260517-KimLayered,3,692,physics,0.3248075842857361,0.04922866076231003,0.08970040082931519,0.11614976078271866,0.015815624967217445,0.028126489371061325,0.1618804633617401,0.07507069408893585,0.12158036231994629,0.503983199596405,0.00010332307283533737,0.06657859683036804,1.833499965187002e-07,0.4383510649204254,0.09172285348176956,0.00620329799130559,0.07500084489583969,338.1583251953125,382.50360107421875,0.9434498214484964,0.46667933464050293,0.006988164968788624,0.0014027608558535576,0.8390374779701233
PINN20260517-KimLayered,3,695,physics,0.3221999704837799,0.04870181903243065,0.08822842687368393,0.1161547601222992,0.015403828583657742,0.02756260335445404,0.1617850363254547,0.07466896623373032,0.12151180952787399,0.5041465759277344,0.00010367372306063771,0.06526575237512589,1.8296273651685624e-07,0.43514490127563477,0.09178116172552109,0.006201929412782192,0.07470958679914474,335.50128173828125,376.64813232421875,0.9327187720825163,0.4666958749294281,0.006991974078118801,0.001403503934852779,0.839118242263794
PINN20260517-KimLayered,3,699,physics,0.3187596797943115,0.048008210957050323,0.08619184792041779,0.11616840213537216,0.014913225546479225,0.026808694005012512,0.16154587268829346,0.07426787167787552,0.1213982105255127,0.5045347213745117,0.000104149105027318,0.0632132813334465,1.8280996982866782e-07,0.4316032826900482,0.09186357259750366,0.006198762450367212,0.07445181161165237,331.8832702636719,369.3116760253906,0.9215499323629904,0.4667438864707947,0.006997711956501007,0.0014047365402802825,0.8392330408096313
PINN20260517-KimLayered,3,703,physics,0.31530049443244934,0.04728559032082558,0.08427780866622925,0.11627504229545593,0.014450803399085999,0.026142006739974022,0.1610371172428131,0.0737512856721878,0.12130045890808105,0.5044863224029541,0.00010438998288009316,0.06033552438020706,1.8220072206531768e-07,0.42828333377838135,0.09188101440668106,0.006178717128932476,0.07407132536172867,328.2497863769531,362.9008483886719,0.909250247279538,0.4667203724384308,0.006999841891229153,0.0014053434133529663,0.8393431305885315
PINN20260517-KimLayered,3,707,physics,0.3118184804916382,0.046549126505851746,0.08229480683803558,0.11632250994443893,0.014045516960322857,0.025451239198446274,0.16087765991687775,0.07326032966375351,0.12120766937732697,0.5045248866081238,0.0001045711906044744,0.05719386786222458,1.820061186208477e-07,0.42589953541755676,0.09185096621513367,0.006156176328659058,0.07387909293174744,324.6230163574219,356.4285888671875,0.8974556044982959,0.46673285961151123,0.007002026308327913,0.001406014198437333,0.8394497036933899
PINN20260517-KimLayered,3,710,physics,0.30920591950416565,0.04597854986786842,0.08090240508317947,0.11636936664581299,0.013762797228991985,0.024978330358862877,0.16084574162960052,0.07279770821332932,0.12112824618816376,0.5044372081756592,0.00010460068006068468,0.054615315049886703,1.815265733284832e-07,0.4241093695163727,0.09178318828344345,0.006135132163763046,0.07364118844270706,321.8565368652344,351.77008056640625,0.8880907547450844,0.4667304456233978,0.007002624683082104,0.001406312920153141,0.8395242094993591
PINN20260517-KimLayered,3,714,physics,0.30576884746551514,0.045203063637018204,0.07913707196712494,0.11648520082235336,0.01343761757016182,0.02438599243760109,0.16068531572818756,0.07217329740524292,0.12101203948259354,0.5043089985847473,0.00010458112228661776,0.05123375728726387,1.8107446919657377e-07,0.42239537835121155,0.09164867550134659,0.006108094472438097,0.07339604943990707,318.1600341796875,345.76055908203125,0.8789335701876119,0.46673551201820374,0.00700376695021987,0.0014067682204768062,0.8396190404891968
PINN20260517-KimLayered,3,718,physics,0.30243223905563354,0.04442337900400162,0.07751737534999847,0.11660677939653397,0.01315185148268938,0.023839015513658524,0.16060879826545715,0.07160649448633194,0.12087846547365189,0.5042458176612854,0.00010453382128616795,0.04806467145681381,1.8065959750401817e-07,0.4210101068019867,0.09147816896438599,0.006086737848818302,0.0731782391667366,314.4041748046875,340.14019775390625,0.8689960319796518,0.466756671667099,0.0070059774443507195,0.0014074142090976238,0.8397080898284912
PINN20260517-KimLayered,3,721,physics,0.29999464750289917,0.0438428558409214,0.0763910561800003,0.11669519543647766,0.012948554940521717,0.023455854505300522,0.16059830784797668,0.07117963582277298,0.1207737997174263,0.5042893886566162,0.00010450441186549142,0.04586546868085861,1.802021358798811e-07,0.4199043810367584,0.09133602678775787,0.006076624616980553,0.07298059016466141,311.56048583984375,336.1099853515625,0.8620167072619013,0.46678683161735535,0.007008636835962534,0.0014080870896577835,0.8397704362869263
PINN20260517-KimLayered,3,725,physics,0.29682284593582153,0.0430794283747673,0.07492206990718842,0.11680933088064194,0.012694573029875755,0.02294733189046383,0.1606193482875824,0.07070255279541016,0.12063397467136383,0.5045806169509888,0.00010448983812239021,0.043266575783491135,1.7996707413203694e-07,0.41863295435905457,0.09114179015159607,0.0060743303038179874,0.07277470827102661,307.71649169921875,331.0308837890625,0.8534168102062181,0.46686652302742004,0.007014031987637281,0.0014093563659116626,0.8398500680923462
PINN20260517-KimLayered,3,729,physics,0.2937375009059906,0.04232976585626602,0.07353725284337997,0.11693193763494492,0.012447447516024113,0.022467074915766716,0.16056323051452637,0.07026858627796173,0.12050055712461472,0.5050097703933716,0.00010443642531754449,0.04087096452713013,1.7958173259557952e-07,0.4171585738658905,0.09093499928712845,0.006081476807594299,0.0725075751543045,303.8363952636719,326.3010559082031,0.8453683586518281,0.4669684171676636,0.0070205130614340305,0.0014108598697930574,0.839925229549408
PINN20260517-KimLayered,3,733,physics,0.2907458543777466,0.04158683493733406,0.0722443014383316,0.11704650521278381,0.012224855832755566,0.02201353944838047,0.16060540080070496,0.0698617622256279,0.12036166340112686,0.5055797100067139,0.00010431224654894322,0.03862806037068367,1.7919821004852565e-07,0.41593679785728455,0.0907152071595192,0.006097021978348494,0.07228121906518936,299.9310607910156,321.8804016113281,0.8384153554383558,0.46709513664245605,0.0070277489721775055,0.0014125434681773186,0.8399979472160339
PINN20260517-KimLayered,3,736,physics,0.2885661721229553,0.04103386402130127,0.07137134671211243,0.11714580655097961,0.01207201462239027,0.021707402542233467,0.16056586802005768,0.06955694407224655,0.12025509029626846,0.5060163736343384,0.00010413824929855764,0.036938831210136414,1.7889418302274862e-07,0.41501685976982117,0.09053504467010498,0.006111516617238522,0.07207977771759033,296.9971923828125,318.7964782714844,0.8333490849660137,0.46719256043434143,0.0070330910384655,0.0014138089027255774,0.8400499820709229
PINN20260517-KimLayered,3,740,physics,0.2857387661933899,0.0402999110519886,0.07031409442424774,0.11728644371032715,0.011893054470419884,0.02133101038634777,0.1604856252670288,0.06915831565856934,0.12010583281517029,0.50662761926651,0.00010380797175457701,0.03468220308423042,1.7867257895431976e-07,0.414031058549881,0.09027832001447678,0.006134368013590574,0.07184835523366928,293.08636474609375,314.919189453125,0.8276722186658122,0.4673304557800293,0.0070401523262262344,0.0014155058888718486,0.8401160836219788
PINN20260517-KimLayered,4,1,pretrain,32.91373062133789,4.388493061065674,7.080989360809326,1.0709141492843628,1.8383418321609497,1.9897438287734985,122.97596740722656,0.8988736271858215,0.7402357459068298,0.0,0.0,0.0,0.0,0.0,0.0,0.0,0.0,3508.887451171875,4110.515625,47.02170350788368,0.41410520672798157,0.005172318778932095,0.001032318570651114,0.7999423742294312
PINN20260517-KimLayered,4,3,pretrain,32.38203048706055,4.3621602058410645,6.976251602172852,1.1064937114715576,1.828269600868225,1.9558742046356201,119.912841796875,0.528384804725647,0.7002619504928589,0.0,0.0,0.0,0.0,0.0,0.0,0.0,0.0,3486.791015625,4077.8330078125,45.90953400022648,0.41535553336143494,0.005276130046695471,0.0010554634500294924,0.8005955219268799
PINN20260517-KimLayered,4,6,pretrain,31.44618797302246,4.3118062019348145,6.741724967956543,1.1487126350402832,1.8104987144470215,1.8989077806472778,114.13467407226562,0.6348311901092529,0.6382631659507751,0.0,0.0,0.0,0.0,0.0,0.0,0.0,0.0,3447.571533203125,4019.78173828125,43.856183208039006,0.41742533445358276,0.005442424211651087,0.001092377700842917,0.8015435338020325
PINN20260517-KimLayered,4,8,pretrain,30.697416305541992,4.271102428436279,6.561819076538086,1.1749019622802734,1.7962721586227417,1.8556424379348755,109.6942138671875,0.5435548424720764,0.5970655083656311,0.0,0.0,0.0,0.0,0.0,0.0,0.0,0.0,3416.376220703125,3973.4814453125,42.27555458646478,0.41895437240600586,0.005566547159105539,0.0011196662671864033,0.802152693271637
PINN20260517-KimLayered,4,11,pretrain,29.41456413269043,4.196529388427734,6.256750106811523,1.2116891145706177,1.7702465057373047,1.7811529636383057,102.08785247802734,0.5313782095909119,0.5343141555786133,0.0,0.0,0.0,0.0,0.0,0.0,0.0,0.0,3360.077880859375,3889.52099609375,39.59061951845881,0.42152976989746094,0.0057742055505514145,0.0011646501952782273,0.8030595779418945
PINN20260517-KimLayered,4,13,pretrain,28.438629150390625,4.1361799240112305,6.0309553146362305,1.2315558195114136,1.749226689338684,1.7254716157913208,96.37568664550781,0.5481690168380737,0.49428364634513855,0.0,0.0,0.0,0.0,0.0,0.0,0.0,0.0,3315.60400390625,3822.73828125,37.584822608929905,0.4234355688095093,0.0059265331365168095,0.0011969082988798618,0.8036529421806335
PINN20260517-KimLayered,4,16,pretrain,26.772510528564453,4.027585029602051,5.663451194763184,1.2454332113265991,1.7113913297653198,1.634223222732544,86.86097717285156,0.49190255999565125,0.44177237153053284,0.0,0.0,0.0,0.0,0.0,0.0,0.0,0.0,3237.492919921875,3704.271728515625,34.24751619407749,0.4265638589859009,0.0061760046519339085,0.0012484980979934335,0.8045159578323364
PINN20260517-KimLayered,4,18,pretrain,25.526756286621094,3.9415321350097656,5.3998823165893555,1.2368249893188477,1.6814361810684204,1.5676621198654175,79.86427307128906,0.493346244096756,0.41321271657943726,0.0,0.0,0.0,0.0,0.0,0.0,0.0,0.0,3177.74853515625,3612.509033203125,31.808688117088437,0.4288305938243866,0.0063579450361430645,0.0012854981468990445,0.8050808906555176
PINN20260517-KimLayered,4,20,pretrain,24.17386245727539,3.8445513248443604,5.125377655029297,1.2058535814285278,1.6476496458053589,1.4975292682647705,72.39332580566406,0.504857063293457,0.3909952640533447,0.0,0.0,0.0,0.0,0.0,0.0,0.0,0.0,3112.8642578125,3511.56494140625,29.223023626956248,0.431222140789032,0.006551874801516533,0.0013246521120890975,0.8056368231773376
PINN20260517-KimLayered,4,23,pretrain,21.966411590576172,3.6812143325805664,4.7088398933410645,1.101955771446228,1.5905357599258423,1.393890619277954,60.48433303833008,0.4775138795375824,0.36996832489967346,0.0,0.0,0.0,0.0,0.0,0.0,0.0,0.0,3008.93994140625,3346.9365234375,25.141408276217323,0.4349951148033142,0.006862291134893894,0.0013870048569515347,0.8064538240432739
PINN20260517-KimLayered,4,25,pretrain,20.40711212158203,3.563584804534912,4.438844680786133,0.9868332147598267,1.5488600730895996,1.3292754888534546,52.20574188232422,0.4681650698184967,0.3631605803966522,0.0,0.0,0.0,0.0,0.0,0.0,0.0,0.0,2937.611328125,3232.103759765625,22.351183802640776,0.43762028217315674,0.007080413866788149,0.0014306759694591165,0.8069943189620972
PINN20260517-KimLayered,4,28,pretrain,18.012510299682617,3.380636692047119,4.0517473220825195,0.751554012298584,1.4827148914337158,1.2361518144607544,39.6889533996582,0.47244614362716675,0.36081036925315857,0.0,0.0,0.0,0.0,0.0,0.0,0.0,0.0,2831.62255859375,3059.594970703125,18.231276369838447,0.44166988134384155,0.007418982218950987,0.0014983246801421046,0.8078095316886902
PINN20260517-KimLayered,4,30,pretrain,16.442956924438477,3.2574543952941895,3.81788969039917,0.5691786408424377,1.4372859001159668,1.1768741607666016,31.637935638427734,0.46054530143737793,0.3623240292072296,0.0,0.0,0.0,0.0,0.0,0.0,0.0,0.0,2763.08447265625,2947.8447265625,15.638120894600632,0.444399356842041,0.007648433092981577,0.0015441292198374867,0.8083627223968506
PINN20260517-KimLayered,4,33,pretrain,14.282879829406738,3.070962905883789,3.4879324436187744,0.32430726289749146,1.368349313735962,1.0947606563568115,20.99932861328125,0.45003965497016907,0.3657521903514862,0.0,0.0,0.0,0.0,0.0,0.0,0.0,0.0,2663.962890625,2787.424560546875,12.188820949865889,0.4485015571117401,0.007992925122380257,0.0016129013383761048,0.8092256784439087
PINN20260517-KimLayered,4,35,pretrain,13.091333389282227,2.9403152465820312,3.2761940956115723,0.26447540521621704,1.3222781419754028,1.0447300672531128,15.62030029296875,0.4488433301448822,0.36720010638237,0.0,0.0,0.0,0.0,0.0,0.0,0.0,0.0,2600.073974609375,2684.79150390625,10.383894257773752,0.4512220621109009,0.008219899609684944,0.0016582378884777427,0.8098368048667908
PINN20260517-KimLayered,4,37,pretrain,12.170075416564941,2.816009044647217,3.086665630340576,0.2594131529331207,1.2762891054153442,0.9978156089782715,12.00578498840332,0.4397549033164978,0.36719706654548645,0.0,0.0,0.0,0.0,0.0,0.0,0.0,0.0,2537.651123046875,2584.869140625,9.186707195725894,0.453914612531662,0.008442067541182041,0.0017026745481416583,0.8104875087738037
PINN20260517-KimLayered,4,40,pretrain,11.451719284057617,2.6631999015808105,2.8549816608428955,0.3451312184333801,1.2075477838516235,0.931816041469574,10.638490676879883,0.43113502860069275,0.3640972673892975,0.0,0.0,0.0,0.0,0.0,0.0,0.0,0.0,2447.01953125,2440.267333984375,8.622406189938296,0.4579032063484192,0.008759748190641403,0.0017667484935373068,0.8115602135658264
PINN20260517-KimLayered,4,42,pretrain,11.222742080688477,2.5821022987365723,2.727841854095459,0.4070490896701813,1.162974238395691,0.8913249373435974,11.159029960632324,0.4249116778373718,0.36068373918533325,0.0,0.0,0.0,0.0,0.0,0.0,0.0,0.0,2390.140869140625,2350.26220703125,8.635775286453805,0.46046334505081177,0.008951830677688122,0.0018060706788673997,0.8123296499252319
PINN20260517-KimLayered,4,45,pretrain,10.822803497314453,2.4631502628326416,2.5571398735046387,0.4461471140384674,1.0998528003692627,0.8367465734481812,11.555150985717773,0.4136698842048645,0.3554494082927704,0.0,0.0,0.0,0.0,0.0,0.0,0.0,0.0,2311.214599609375,2227.15087890625,8.455978002995042,0.46405449509620667,0.009201805107295513,0.0018577000591903925,0.8135242462158203
PINN20260517-KimLayered,4,47,pretrain,10.448175430297852,2.385403633117676,2.454373836517334,0.4270669221878052,1.0604519844055176,0.8041321635246277,11.029545783996582,0.40832456946372986,0.3526383936405182,0.0,0.0,0.0,0.0,0.0,0.0,0.0,0.0,2262.52880859375,2152.566162109375,8.114377969802787,0.46627292037010193,0.009344993159174919,0.0018873687367886305,0.8143322467803955
PINN20260517-KimLayered,4,50,pretrain,9.742630958557129,2.273709535598755,2.3159401416778564,0.33776023983955383,1.0048164129257202,0.7597713470458984,9.125654220581055,0.39664557576179504,0.349911093711853,0.0,0.0,0.0,0.0,0.0,0.0,0.0,0.0,2194.207275390625,2049.878173828125,7.382802844290449,0.469355046749115,0.009531645104289055,0.0019260889384895563,0.8155492544174194
PINN20260517-KimLayered,4,52,pretrain,9.217979431152344,2.203434944152832,2.2321949005126953,0.25770241022109985,0.96942538022995,0.732402503490448,7.350481033325195,0.39060378074645996,0.3489036560058594,0.0,0.0,0.0,0.0,0.0,0.0,0.0,0.0,2150.995361328125,1986.1221923828125,6.89742600017967,0.47126689553260803,0.009642272256314754,0.0019491236889734864,0.8163641095161438
PINN20260517-KimLayered,4,54,pretrain,8.670700073242188,2.1333060264587402,2.152531862258911,0.1775358021259308,0.9349528551101685,0.7063257694244385,5.364123344421387,0.38375288248062134,0.34823575615882874,0.0,0.0,0.0,0.0,0.0,0.0,0.0,0.0,2109.154296875,1925.22216796875,6.614435794525518,0.47307735681533813,0.009745045565068722,0.0019706501625478268,0.8171819448471069
PINN20260517-KimLayered,4,57,pretrain,8.019701957702637,2.028954267501831,2.0386664867401123,0.15490998327732086,0.8839429616928101,0.6687721610069275,3.306755542755127,0.37340298295021057,0.34727439284324646,0.0,0.0,0.0,0.0,0.0,0.0,0.0,0.0,2047.7481689453125,1837.0799560546875,6.752923880201789,0.4756265878677368,0.009892373345792294,0.0020019470248371363,0.818421483039856
PINN20260517-KimLayered,4,59,pretrain,7.7862114906311035,1.9644768238067627,1.9677281379699707,0.2003168910741806,0.84979248046875,0.6443449854850769,3.182494640350342,0.3668613135814667,0.3463760316371918,0.0,0.0,0.0,0.0,0.0,0.0,0.0,0.0,2007.5623779296875,1780.0655517578125,6.921119321223375,0.47721248865127563,0.009993293322622776,0.0020238265860825777,0.8192571401596069
PINN20260517-KimLayered,4,62,pretrain,7.448239326477051,1.8667211532592773,1.8608872890472412,0.254285991191864,0.7987860441207886,0.6090075373649597,3.189418077468872,0.35640767216682434,0.3445490300655365,0.0,0.0,0.0,0.0,0.0,0.0,0.0,0.0,1949.080078125,1698.208251953125,6.836767649406838,0.47938716411590576,0.010151941329240799,0.002058622660115361,0.8205004930496216
PINN20260517-KimLayered,4,64,pretrain,7.144148349761963,1.8000984191894531,1.7891743183135986,0.25405871868133545,0.7652954459190369,0.5863599181175232,2.7382900714874268,0.35012343525886536,0.3431095480918884,0.0,0.0,0.0,0.0,0.0,0.0,0.0,0.0,1911.3350830078125,1646.3172607421875,6.536852591243991,0.4807075560092926,0.010261057876050472,0.00208265520632267,0.8213152289390564
PINN20260517-KimLayered,4,67,pretrain,6.620789051055908,1.6982345581054688,1.6809971332550049,0.2146298587322235,0.7156542539596558,0.553417444229126,1.7281996011734009,0.3403927981853485,0.34084853529930115,0.0,0.0,0.0,0.0,0.0,0.0,0.0,0.0,1855.9541015625,1572.1114501953125,5.92567381423303,0.48254358768463135,0.01042767334729433,0.0021194256842136383,0.8225218057632446
PINN20260517-KimLayered,4,69,pretrain,6.326859474182129,1.6324406862258911,1.6098754405975342,0.1816476434469223,0.6826431155204773,0.5318031311035156,1.4857864379882812,0.3343924283981323,0.33938148617744446,0.0,0.0,0.0,0.0,0.0,0.0,0.0,0.0,1819.3416748046875,1524.8065185546875,5.5707285596928315,0.48371443152427673,0.010539491660892963,0.0021442051511257887,0.8233266472816467
PINN20260517-KimLayered,4,71,pretrain,6.095075607299805,1.5697765350341797,1.5415544509887695,0.158243790268898,0.6496536135673523,0.5102187991142273,1.628666639328003,0.3281564712524414,0.33799436688423157,0.0,0.0,0.0,0.0,0.0,0.0,0.0,0.0,1782.8575439453125,1479.46142578125,5.315818963222058,0.4848725497722626,0.010649732314050198,0.002168811857700348,0.8241368532180786
PINN20260517-KimLayered,4,74,pretrain,5.742023944854736,1.4717872142791748,1.4412147998809814,0.1489584743976593,0.600493311882019,0.47778329253196716,1.770041584968567,0.3192782700061798,0.33604884147644043,0.0,0.0,0.0,0.0,0.0,0.0,0.0,0.0,1728.2750244140625,1415.64892578125,5.074928073375904,0.48660093545913696,0.010809063911437988,0.0022048268001526594,0.8253558874130249
PINN20260517-KimLayered,4,76,pretrain,5.483059406280518,1.404465675354004,1.375211238861084,0.14896583557128906,0.5681204199790955,0.4560527801513672,1.6845448017120361,0.31339457631111145,0.33477097749710083,0.0,0.0,0.0,0.0,0.0,0.0,0.0,0.0,1691.7001953125,1376.0281982421875,4.989907326044761,0.4877457618713379,0.010911107063293457,0.00222822860814631,0.8261681795120239
PINN20260517-KimLayered,4,79,pretrain,5.07437801361084,1.301810622215271,1.2776546478271484,0.15674953162670135,0.5203635692596436,0.4231463074684143,1.385967493057251,0.30484843254089355,0.33274245262145996,0.0,0.0,0.0,0.0,0.0,0.0,0.0,0.0,1635.8341064453125,1320.93212890625,4.9531610133992405,0.48943376541137695,0.01105896383523941,0.0022627143189311028,0.8273853063583374
PINN20260517-KimLayered,4,81,pretrain,4.808335304260254,1.2328956127166748,1.2144057750701904,0.1703723520040512,0.48932164907455444,0.4014096260070801,1.2042865753173828,0.2990068793296814,0.3312513530254364,0.0,0.0,0.0,0.0,0.0,0.0,0.0,0.0,1597.752197265625,1286.907958984375,4.944652094947249,0.4905160963535309,0.011154786683619022,0.00228549144230783,0.8281963467597961
PINN20260517-KimLayered,4,84,pretrain,4.443985939025879,1.1322672367095947,1.124117136001587,0.18250133097171783,0.44424110651016235,0.37042948603630066,1.1665675640106201,0.290266215801239,0.32874858379364014,0.0,0.0,0.0,0.0,0.0,0.0,0.0,0.0,1542.9327392578125,1239.3895263671875,4.861531198500103,0.4919872283935547,0.011296547949314117,0.0023197580594569445,0.8294122219085693
PINN20260517-KimLayered,4,86,pretrain,4.213900566101074,1.071085810661316,1.0645222663879395,0.17642353475093842,0.41530710458755493,0.35040736198425293,1.1591076850891113,0.28423407673835754,0.326899915933609,0.0,0.0,0.0,0.0,0.0,0.0,0.0,0.0,1514.0233154296875,1210.3485107421875,4.73289833899726,0.4927905797958374,0.011390849016606808,0.002342773601412773,0.8302199244499207
PINN20260517-KimLayered,4,88,pretrain,3.9884142875671387,1.0153640508651733,1.004784107208252,0.1630343794822693,0.3874455690383911,0.33009055256843567,1.084557056427002,0.2780765891075134,0.3249260485172272,0.0,0.0,0.0,0.0,0.0,0.0,0.0,0.0,1493.978515625,1186.6494140625,4.557984952753312,0.4933956265449524,0.011485900729894638,0.002366031287238002,0.8310232162475586
PINN20260517-KimLayered,4,91,pretrain,3.694842576980591,0.9430959224700928,0.9223912358283997,0.14281682670116425,0.3479652404785156,0.30302679538726807,1.0237265825271606,0.26874464750289917,0.32192954421043396,0.0,0.0,0.0,0.0,0.0,0.0,0.0,0.0,1468.9478759765625,1176.154541015625,4.32061789882963,0.4938623905181885,0.01163418684154749,0.0024021179415285587,0.8322165608406067
PINN20260517-KimLayered,4,93,pretrain,3.5120067596435547,0.8942737579345703,0.8695235252380371,0.1368636041879654,0.3233778476715088,0.28560081124305725,1.0575778484344482,0.26271045207977295,0.31999021768569946,0.0,0.0,0.0,0.0,0.0,0.0,0.0,0.0,1452.075439453125,1187.8828125,4.240786450692022,0.4939148724079132,0.011737478896975517,0.002426915569230914,0.8330029845237732
PINN20260517-KimLayered,4,96,pretrain,3.243509292602539,0.8247398734092712,0.7964859008789062,0.13717328011989594,0.2898571789264679,0.26128461956977844,0.9845350980758667,0.2537153363227844,0.31700006127357483,0.0,0.0,0.0,0.0,0.0,0.0,0.0,0.0,1436.2613525390625,1228.5264892578125,4.2659908660660255,0.49375027418136597,0.011892443522810936,0.002463565208017826,0.8341642022132874
PINN20260517-KimLayered,4,98,pretrain,3.0856049060821533,0.7852468490600586,0.7539405822753906,0.14410510659217834,0.270198255777359,0.24720065295696259,0.8750010132789612,0.24748638272285461,0.3147585391998291,0.0,0.0,0.0,0.0,0.0,0.0,0.0,0.0,1434.018310546875,1264.14697265625,4.347898318167239,0.49355781078338623,0.011989746242761612,0.0024862803984433413,0.8349263072013855
PINN20260517-KimLayered,4,101,pretrain,2.888408899307251,0.7327498197555542,0.6937820315361023,0.15910698473453522,0.2450878620147705,0.22750048339366913,0.8225659728050232,0.23758085072040558,0.3107089400291443,0.0,0.0,0.0,0.0,0.0,0.0,0.0,0.0,1435.9561767578125,1319.6922607421875,4.452367158200548,0.49323561787605286,0.012117297388613224,0.0025157127529382706,0.8360522985458374
PINN20260517-KimLayered,4,103,pretrain,2.7690138816833496,0.7035132646560669,0.6560512781143188,0.15971165895462036,0.23151594400405884,0.21502844989299774,0.7677716612815857,0.23061273992061615,0.30742862820625305,0.0,0.0,0.0,0.0,0.0,0.0,0.0,0.0,1439.1783447265625,1355.7373046875,4.448099844636294,0.4930051863193512,0.012186242267489433,0.002531366655603051,0.836784303188324
PINN20260517-KimLayered,4,105,pretrain,2.667009115219116,0.6807717084884644,0.622991681098938,0.155183807015419,0.22076310217380524,0.20400740206241608,0.6909414529800415,0.22345760464668274,0.3036280572414398,0.0,0.0,0.0,0.0,0.0,0.0,0.0,0.0,1443.7154541015625,1390.8575439453125,4.4401624463251395,0.4927330017089844,0.012238315306603909,0.0025426323991268873,0.837489902973175
PINN20260517-KimLayered,4,108,pretrain,2.558912515640259,0.6553130149841309,0.5859191417694092,0.1584215611219406,0.21047934889793396,0.19214241206645966,0.6154847145080566,0.2131856232881546,0.2972436547279358,0.0,0.0,0.0,0.0,0.0,0.0,0.0,0.0,1445.6322021484375,1435.7796630859375,4.54921198166987,0.4922041594982147,0.012274106033146381,0.0025482713244855404,0.8384348154067993
PINN20260517-KimLayered,4,110,pretrain,2.5006320476531982,0.6402263641357422,0.568897008895874,0.16706709563732147,0.2068181037902832,0.1869683861732483,0.55973881483078,0.2071022391319275,0.2926904857158661,0.0,0.0,0.0,0.0,0.0,0.0,0.0,0.0,1436.609619140625,1449.3193359375,4.66146620749601,0.49177494645118713,0.012265383265912533,0.0025437497533857822,0.8389471173286438
PINN20260517-KimLayered,4,113,pretrain,2.418262004852295,0.616416335105896,0.5516440868377686,0.17795705795288086,0.20332209765911102,0.18171906471252441,0.515227198600769,0.19942088425159454,0.2855231761932373,0.0,0.0,0.0,0.0,0.0,0.0,0.0,0.0,1390.9788818359375,1416.6934814453125,4.710375318409962,0.4910450577735901,0.012202492915093899,0.00252513587474823,0.8394936323165894
PINN20260517-KimLayered,4,115,pretrain,2.3432867527008057,0.5946083068847656,0.5420902371406555,0.17937074601650238,0.20034490525722504,0.17875805497169495,0.4868423342704773,0.1953119933605194,0.28056827187538147,0.0,0.0,0.0,0.0,0.0,0.0,0.0,0.0,1326.9384765625,1341.74755859375,4.633846116271996,0.49051663279533386,0.01212886068969965,0.0025054605212062597,0.8397062420845032
PINN20260517-KimLayered,4,118,pretrain,2.1782329082489014,0.5450729727745056,0.5275024175643921,0.1754591166973114,0.1922476589679718,0.17401544749736786,0.4662467837333679,0.1906381994485855,0.2730775475502014,0.0,0.0,0.0,0.0,0.0,0.0,0.0,0.0,1173.5596923828125,1137.7572021484375,4.430497937794817,0.48967981338500977,0.011980107985436916,0.002467343583703041,0.8398358225822449
PINN20260517-KimLayered,4,120,pretrain,2.0356736183166504,0.5022229552268982,0.5177282094955444,0.16940808296203613,0.18396730720996857,0.1706952005624771,0.45195579528808594,0.1883959174156189,0.2681922912597656,0.0,0.0,0.0,0.0,0.0,0.0,0.0,0.0,1046.6368408203125,974.5241088867188,4.296183281845966,0.48910391330718994,0.01186712272465229,0.0024388600140810013,0.8398429155349731
PINN20260517-KimLayered,4,122,pretrain,1.8885128498077393,0.4582591652870178,0.509172260761261,0.15968553721904755,0.17489586770534515,0.1676211804151535,0.44109123945236206,0.1867164671421051,0.2634226679801941,0.0,0.0,0.0,0.0,0.0,0.0,0.0,0.0,931.0439453125,892.7525634765625,4.245787313581084,0.48852044343948364,0.01175667718052864,0.0024111028760671616,0.8398422598838806
PINN20260517-KimLayered,4,125,pretrain,1.7281110286712646,0.409637987613678,0.5111862421035767,0.13847744464874268,0.1671414077281952,0.16796265542507172,0.44253289699554443,0.18506772816181183,0.2563779056072235,0.0,0.0,0.0,0.0,0.0,0.0,0.0,0.0,848.7901000976562,1065.0184326171875,4.384374319171222,0.48760905861854553,0.011628802865743637,0.0023789687547832727,0.8399638533592224
PINN20260517-KimLayered,4,127,pretrain,1.629757285118103,0.38112497329711914,0.4973425269126892,0.13046576082706451,0.16238285601139069,0.16306208074092865,0.45068711042404175,0.1843777894973755,0.2520180940628052,0.0,0.0,0.0,0.0,0.0,0.0,0.0,0.0,800.015869140625,1120.826416015625,4.406295913980337,0.4869861304759979,0.01158120483160019,0.0023665057960897684,0.8401709794998169
PINN20260517-KimLayered,4,130,pretrain,1.37249755859375,0.30584877729415894,0.44409579038619995,0.1284855604171753,0.15428195893764496,0.14592094719409943,0.45123451948165894,0.18351618945598602,0.2467011958360672,0.0,0.0,0.0,0.0,0.0,0.0,0.0,0.0,714.271484375,995.432861328125,4.195023848699848,0.48607245087623596,0.011559945531189442,0.0023586705792695284,0.8406233787536621
PINN20260517-KimLayered,4,132,pretrain,1.2746354341506958,0.27576565742492676,0.43144163489341736,0.12744010984897614,0.15708310902118683,0.1423332393169403,0.43808072805404663,0.1831975132226944,0.24360932409763336,0.0,0.0,0.0,0.0,0.0,0.0,0.0,0.0,688.4945678710938,969.125732421875,4.088409595648493,0.48548611998558044,0.011566109955310822,0.0023581336718052626,0.8409700393676758
PINN20260517-KimLayered,4,134,pretrain,1.21478271484375,0.25813448429107666,0.4226505756378174,0.1249145045876503,0.1607072651386261,0.13969165086746216,0.4182702898979187,0.18318118155002594,0.2407270073890686,0.0,0.0,0.0,0.0,0.0,0.0,0.0,0.0,667.6494140625,1053.1005859375,4.11711302255811,0.48494336009025574,0.011567995883524418,0.0023571208585053682,0.8412662744522095
PINN20260517-KimLayered,4,137,pretrain,1.192670464515686,0.2535537779331207,0.41508954763412476,0.12322492897510529,0.1609288454055786,0.13646048307418823,0.39045244455337524,0.1835230588912964,0.23727458715438843,0.0,0.0,0.0,0.0,0.0,0.0,0.0,0.0,665.9710693359375,1236.4276123046875,4.318310938747119,0.4842812120914459,0.011544234119355679,0.002349264221265912,0.8415581583976746
PINN20260517-KimLayered,4,139,pretrain,1.1881234645843506,0.25280606746673584,0.41348254680633545,0.12303316593170166,0.15861006081104279,0.13581815361976624,0.3885273039340973,0.1835699826478958,0.23501573503017426,0.0,0.0,0.0,0.0,0.0,0.0,0.0,0.0,658.0728149414062,1233.508544921875,4.30566939805163,0.48395538330078125,0.01151724997907877,0.002339971950277686,0.8416693806648254
PINN20260517-KimLayered,4,142,pretrain,1.1283313035964966,0.2366388589143753,0.40169835090637207,0.12157513946294785,0.14983198046684265,0.1318996697664261,0.3826758563518524,0.18320396542549133,0.2316082864999771,0.0,0.0,0.0,0.0,0.0,0.0,0.0,0.0,628.209228515625,1163.1712646484375,4.264006415930137,0.4837290048599243,0.01146288588643074,0.0023217229172587395,0.8417388796806335
PINN20260517-KimLayered,4,144,pretrain,1.065077543258667,0.22097834944725037,0.3850252032279968,0.11962706595659256,0.1384354680776596,0.12611626088619232,0.3659133315086365,0.18287873268127441,0.22939519584178925,0.0,0.0,0.0,0.0,0.0,0.0,0.0,0.0,601.18798828125,1143.1182861328125,4.2675396917806445,0.4838069677352905,0.011419682763516903,0.0023088527377694845,0.8417418003082275
PINN20260517-KimLayered,4,147,pretrain,0.9861851930618286,0.20263485610485077,0.35654038190841675,0.11876092106103897,0.11884067952632904,0.11623205989599228,0.35896337032318115,0.18232788145542145,0.22592899203300476,0.0,0.0,0.0,0.0,0.0,0.0,0.0,0.0,572.1864013671875,1077.0377197265625,4.214986628399101,0.4841938018798828,0.011368531733751297,0.002295027719810605,0.8417797684669495
PINN20260517-KimLayered,4,149,pretrain,0.939532458782196,0.19051745533943176,0.3428744077682495,0.11869747191667557,0.11123911291360855,0.1118253767490387,0.3578838109970093,0.18159103393554688,0.2239656299352646,0.0,0.0,0.0,0.0,0.0,0.0,0.0,0.0,552.726318359375,964.8052368164062,4.058390161445813,0.48453623056411743,0.011350942775607109,0.0022901829797774553,0.8418927192687988
PINN20260517-KimLayered,4,151,pretrain,0.893065333366394,0.17764857411384583,0.3303947150707245,0.11905553936958313,0.10764919221401215,0.10821012407541275,0.3562666177749634,0.18067973852157593,0.2223678082227707,0.0,0.0,0.0,0.0,0.0,0.0,0.0,0.0,536.2736206054688,886.2633056640625,3.9257419308048753,0.48490744829177856,0.011344614438712597,0.002288462594151497,0.842071533203125
PINN20260517-KimLayered,4,154,pretrain,0.8211163282394409,0.16054630279541016,0.30266621708869934,0.117286317050457,0.09727901220321655,0.09891340881586075,0.3455234169960022,0.17975111305713654,0.21988578140735626,0.0,0.0,0.0,0.0,0.0,0.0,0.0,0.0,503.5087585449219,874.4281616210938,3.868006255247888,0.48550334572792053,0.011345571838319302,0.0022917359601706266,0.8423783779144287
PINN20260517-KimLayered,4,156,pretrain,0.776165246963501,0.1508764624595642,0.2812894582748413,0.11591357737779617,0.0876900926232338,0.09149544686079025,0.34227263927459717,0.17929214239120483,0.21815015375614166,0.0,0.0,0.0,0.0,0.0,0.0,0.0,0.0,482.9559631347656,868.6392822265625,3.8172398012568567,0.48585668206214905,0.011355365626513958,0.002297600731253624,0.8426008820533752
PINN20260517-KimLayered,4,159,pretrain,0.7037317752838135,0.13268516957759857,0.2549648880958557,0.11450913548469543,0.07941458374261856,0.08311022073030472,0.3394036889076233,0.17832264304161072,0.2160259634256363,0.0,0.0,0.0,0.0,0.0,0.0,0.0,0.0,450.58245849609375,861.8665161132812,3.759785501089197,0.4862412214279175,0.011381855234503746,0.002309052972123027,0.8429808020591736
PINN20260517-KimLayered,4,161,pretrain,0.656360387802124,0.12182681262493134,0.23439693450927734,0.11354081332683563,0.07073992490768433,0.07623153924942017,0.3371152877807617,0.17776897549629211,0.2143704891204834,0.0,0.0,0.0,0.0,0.0,0.0,0.0,0.0,427.1123352050781,883.3634033203125,3.771184949046732,0.4864422380924225,0.011405618861317635,0.0023190979845821857,0.8432246446609497
PINN20260517-KimLayered,4,164,pretrain,0.5962581038475037,0.10970448702573776,0.2020532190799713,0.11204895377159119,0.05749417841434479,0.06501428037881851,0.32858508825302124,0.17701250314712524,0.2117229849100113,0.0,0.0,0.0,0.0,0.0,0.0,0.0,0.0,402.2353210449219,929.3983764648438,3.8466114134919955,0.4867178201675415,0.011441023088991642,0.002334129996597767,0.843573808670044
PINN20260517-KimLayered,4,166,pretrain,0.5656573176383972,0.10288083553314209,0.18713046610355377,0.1114933043718338,0.05360664799809456,0.060307253152132034,0.323344349861145,0.17626824975013733,0.21042528748512268,0.0,0.0,0.0,0.0,0.0,0.0,0.0,0.0,390.8471374511719,976.830322265625,3.911049628669308,0.4869089424610138,0.011457569897174835,0.0023407544940710068,0.8438093066215515
PINN20260517-KimLayered,4,168,pretrain,0.5392059683799744,0.09798034280538559,0.17007696628570557,0.11074507236480713,0.04842217266559601,0.05425122007727623,0.31955811381340027,0.1756468117237091,0.20889373123645782,0.0,0.0,0.0,0.0,0.0,0.0,0.0,0.0,379.328125,1023.4584350585938,3.9678631189035083,0.4871539771556854,0.011469602584838867,0.002346071181818843,0.8440167307853699
PINN20260517-KimLayered,4,171,pretrain,0.5112767815589905,0.09263800084590912,0.15160828828811646,0.11028609424829483,0.045175157487392426,0.04818984493613243,0.3127787709236145,0.17444643378257751,0.2071613222360611,0.0,0.0,0.0,0.0,0.0,0.0,0.0,0.0,374.391357421875,1116.9979248046875,4.086935993859805,0.48753926157951355,0.011469927616417408,0.002347080036997795,0.844290018081665
PINN20260517-KimLayered,4,173,pretrain,0.5010066628456116,0.0910772904753685,0.14413876831531525,0.10999759286642075,0.04275291785597801,0.04543527215719223,0.30882835388183594,0.17370019853115082,0.20593829452991486,0.0,0.0,0.0,0.0,0.0,0.0,0.0,0.0,370.927001953125,1157.7674560546875,4.123995447625758,0.48777246475219727,0.011463521048426628,0.002345490735024214,0.844423234462738
PINN20260517-KimLayered,4,176,pretrain,0.49279943108558655,0.08976041525602341,0.13867329061031342,0.11002246290445328,0.04092632979154587,0.04368772730231285,0.30441606044769287,0.17260269820690155,0.20436881482601166,0.0,0.0,0.0,0.0,0.0,0.0,0.0,0.0,373.363525390625,1223.393310546875,4.162327473406592,0.4879995584487915,0.01144461054354906,0.002339449478313327,0.8445550203323364
PINN20260517-KimLayered,4,178,pretrain,0.4912661015987396,0.08950228989124298,0.13887976109981537,0.10980670154094696,0.040392808616161346,0.0434236116707325,0.30181175470352173,0.17204631865024567,0.20335988700389862,0.0,0.0,0.0,0.0,0.0,0.0,0.0,0.0,372.5150146484375,1239.193359375,4.164353974948352,0.4880845248699188,0.011426492594182491,0.002333787502720952,0.8445976972579956
PINN20260517-KimLayered,4,181,pretrain,0.4911940097808838,0.08968429267406464,0.13873447477817535,0.10992849618196487,0.0406428799033165,0.04350956529378891,0.29721206426620483,0.17131556570529938,0.20243032276630402,0.0,0.0,0.0,0.0,0.0,0.0,0.0,0.0,373.4858093261719,1259.03466796875,4.167909839770183,0.4881284534931183,0.011383640579879284,0.002320217899978161,0.8446266651153564
PINN20260517-KimLayered,4,183,pretrain,0.48791053891181946,0.08863568305969238,0.1396978497505188,0.10938532650470734,0.040800660848617554,0.04357518255710602,0.29503387212753296,0.17100296914577484,0.2019658386707306,0.0,0.0,0.0,0.0,0.0,0.0,0.0,0.0,370.2142333984375,1251.4522705078125,4.153807592090226,0.4881216287612915,0.011348079890012741,0.0023093284107744694,0.8446210622787476
PINN20260517-KimLayered,4,185,pretrain,0.4832201898097992,0.08771173655986786,0.13689503073692322,0.10937006771564484,0.04045519232749939,0.04285821318626404,0.2920777201652527,0.17074255645275116,0.2017948031425476,0.0,0.0,0.0,0.0,0.0,0.0,0.0,0.0,367.72564697265625,1238.5087890625,4.137795795825676,0.4880671203136444,0.01130631286650896,0.00229654717259109,0.844605028629303
PINN20260517-KimLayered,4,188,pretrain,0.47465822100639343,0.08554588258266449,0.13476131856441498,0.10884097963571548,0.039777401834726334,0.041970789432525635,0.2890245318412781,0.17058737576007843,0.20155400037765503,0.0,0.0,0.0,0.0,0.0,0.0,0.0,0.0,360.1158142089844,1197.15771484375,4.080362613599824,0.487924188375473,0.011242534965276718,0.002277629217132926,0.8445464968681335
PINN20260517-KimLayered,4,190,pretrain,0.4690006971359253,0.0843014344573021,0.13199418783187866,0.10880343616008759,0.039228424429893494,0.04123125970363617,0.28638193011283875,0.17052417993545532,0.20152294635772705,0.0,0.0,0.0,0.0,0.0,0.0,0.0,0.0,355.4443664550781,1166.917724609375,4.036477163175982,0.48779958486557007,0.01119802612811327,0.0022646167781203985,0.8444969058036804
PINN20260517-KimLayered,4,193,pretrain,0.4618956446647644,0.08250278234481812,0.13064995408058167,0.10855457186698914,0.0383247435092926,0.04063643515110016,0.28230032324790955,0.1703878492116928,0.20141874253749847,0.0,0.0,0.0,0.0,0.0,0.0,0.0,0.0,350.02679443359375,1127.30712890625,3.978318391447332,0.48762983083724976,0.011131137609481812,0.0022457584273070097,0.8444138169288635
PINN20260517-KimLayered,4,195,pretrain,0.4576461613178253,0.0814938098192215,0.12913545966148376,0.10851939022541046,0.0379105806350708,0.0402376726269722,0.27998071908950806,0.17023219168186188,0.20142680406570435,0.0,0.0,0.0,0.0,0.0,0.0,0.0,0.0,346.3667907714844,1102.7808837890625,3.9382884774896665,0.4875321388244629,0.011085834354162216,0.0022332642693072557,0.8443655967712402
PINN20260517-KimLayered,4,198,pretrain,0.45261508226394653,0.08030404895544052,0.12789499759674072,0.10853589326143265,0.03733474388718605,0.03975316137075424,0.27528122067451477,0.16992656886577606,0.20133648812770844,0.0,0.0,0.0,0.0,0.0,0.0,0.0,0.0,343.68463134765625,1076.0904541015625,3.896339636612436,0.4874039888381958,0.011022073216736317,0.0022163463290780783,0.8443055748939514
PINN20260517-KimLayered,4,200,pretrain,0.44999417662620544,0.0796869769692421,0.12712633609771729,0.10854493081569672,0.03703932836651802,0.03956263139843941,0.2732304036617279,0.16970670223236084,0.20124129951000214,0.0,0.0,0.0,0.0,0.0,0.0,0.0,0.0,341.1973876953125,1058.2335205078125,3.8627624979636024,0.48731619119644165,0.010984568856656551,0.002206629142165184,0.8442786335945129
PINN20260517-KimLayered,4,202,pretrain,0.44759973883628845,0.07914450764656067,0.12671375274658203,0.10855481028556824,0.036627281457185745,0.03936317563056946,0.2703322172164917,0.16948512196540833,0.20106473565101624,0.0,0.0,0.0,0.0,0.0,0.0,0.0,0.0,339.8599548339844,1046.2572021484375,3.838741895375091,0.4872276484966278,0.01095193438231945,0.0021984365303069353,0.8442631363868713
PINN20260517-KimLayered,4,205,pretrain,0.4440275728702545,0.07837872207164764,0.125531405210495,0.10860741138458252,0.036211010068655014,0.03904005512595177,0.26622337102890015,0.16917093098163605,0.20080465078353882,0.0,0.0,0.0,0.0,0.0,0.0,0.0,0.0,337.1459045410156,1032.1163330078125,3.8024951366517055,0.4870929718017578,0.010910280048847198,0.0021882441360503435,0.8442701101303101
PINN20260517-KimLayered,4,207,pretrain,0.44135817885398865,0.0778440535068512,0.12454472482204437,0.10860686004161835,0.035933323204517365,0.03867802396416664,0.2628048360347748,0.1689644604921341,0.20059750974178314,0.0,0.0,0.0,0.0,0.0,0.0,0.0,0.0,335.9440612792969,1028.564208984375,3.789317461604476,0.4870084226131439,0.010886767879128456,0.0021827388554811478,0.8442926406860352
PINN20260517-KimLayered,4,210,pretrain,0.4370720088481903,0.07697467505931854,0.12250765413045883,0.10847209393978119,0.03562719002366066,0.038042206317186356,0.25946468114852905,0.1686544567346573,0.20028379559516907,0.0,0.0,0.0,0.0,0.0,0.0,0.0,0.0,333.172607421875,1024.06103515625,3.7642706920660602,0.4868842661380768,0.01085745356976986,0.002176022157073021,0.8443486094474792
PINN20260517-KimLayered,4,212,pretrain,0.43423017859458923,0.07640670984983444,0.12124741077423096,0.10842128843069077,0.03540089353919029,0.037626080214977264,0.2566290497779846,0.16844087839126587,0.20004324615001678,0.0,0.0,0.0,0.0,0.0,0.0,0.0,0.0,332.0339050292969,1024.308837890625,3.749102581573756,0.4868013262748718,0.010841268114745617,0.0021724363323301077,0.8443939089775085
PINN20260517-KimLayered,4,215,pretrain,0.4301222860813141,0.07555927336215973,0.11958978325128555,0.10836050659418106,0.03499898687005043,0.03706948831677437,0.2527874708175659,0.16810296475887299,0.19963915646076202,0.0,0.0,0.0,0.0,0.0,0.0,0.0,0.0,329.4288330078125,1022.631591796875,3.7329917783387727,0.4866746962070465,0.010821005329489708,0.0021680204663425684,0.8444660902023315
PINN20260517-KimLayered,4,217,pretrain,0.42753171920776367,0.0750105082988739,0.11851207166910172,0.1083378866314888,0.0347592867910862,0.036750394850969315,0.25072020292282104,0.16786806285381317,0.19937077164649963,0.0,0.0,0.0,0.0,0.0,0.0,0.0,0.0,328.394287109375,1023.3460083007812,3.7209002982305295,0.4865901470184326,0.010808679275214672,0.0021653524599969387,0.844514787197113
PINN20260517-KimLayered,4,219,pretrain,0.425059050321579,0.07449596375226974,0.11757322400808334,0.1083674356341362,0.03451142460107803,0.03642825037240982,0.2480565905570984,0.16762623190879822,0.19910387694835663,0.0,0.0,0.0,0.0,0.0,0.0,0.0,0.0,326.79913330078125,1022.0819702148438,3.7109695824847075,0.4865074157714844,0.010796107351779938,0.0021627082023769617,0.844562292098999
PINN20260517-KimLayered,4,222,physics,0.44450750946998596,0.07374101132154465,0.11608371138572693,0.1083558201789856,0.03418828547000885,0.03596440330147743,0.24532417953014374,0.16726630926132202,0.19874191284179688,0.6152508854866028,0.00019735866226255894,6.523063339480828e-12,1.9591823274822673e-07,0.3402886390686035,0.08754754811525345,0.008272414095699787,0.08909088373184204,325.022705078125,1019.98388671875,3.693771529586301,0.4863809645175934,0.010761654935777187,0.0021600769832730293,0.8446298241615295
PINN20260517-KimLayered,4,224,physics,0.44200316071510315,0.07325916737318039,0.11533209681510925,0.10843421518802643,0.033950645476579666,0.035687461495399475,0.24244311451911926,0.16703711450099945,0.198516383767128,0.6043036580085754,0.00019319420971442014,6.765639264105783e-12,1.961654731985618e-07,0.339425265789032,0.08756215125322342,0.008254462853074074,0.08905305713415146,323.6436462402344,1016.2658081054688,3.6827518698046453,0.48629286885261536,0.010692670941352844,0.0021604448556900024,0.8446713089942932
PINN20260517-KimLayered,4,227,physics,0.4383336901664734,0.07251235097646713,0.11401663720607758,0.10837789624929428,0.03361082822084427,0.035299528390169144,0.2403571605682373,0.16671884059906006,0.19822338223457336,0.5902736186981201,0.0001852615096140653,7.131507624019706e-12,1.9527426786680735e-07,0.3387446701526642,0.08756662160158157,0.008224775083363056,0.0889558494091034,321.4174499511719,1007.598876953125,3.655090713364145,0.48614931106567383,0.010551871731877327,0.002160204341635108,0.8447291254997253
PINN20260517-KimLayered,4,229,physics,0.4359946548938751,0.07202883064746857,0.11327065527439117,0.10840810835361481,0.03337310627102852,0.03504082188010216,0.23789003491401672,0.16652287542819977,0.19804921746253967,0.585900068283081,0.00017985219892580062,7.279904110091273e-12,1.9491474745336745e-07,0.3382226526737213,0.0875532329082489,0.008202672004699707,0.08887618780136108,319.95867919921875,1000.4326782226562,3.6437262744512537,0.48604816198349,0.010450731962919235,0.002158029470592737,0.8447652459144592
PINN20260517-KimLayered,4,232,physics,0.43264079093933105,0.07132291793823242,0.11200179904699326,0.10840436071157455,0.03305144980549812,0.03462779149413109,0.2348168045282364,0.16624750196933746,0.19782647490501404,0.5837404131889343,0.00017338551697321236,7.325007787828408e-12,1.942626823847604e-07,0.3379857838153839,0.08751082420349121,0.008166512474417686,0.08889967203140259,317.5606384277344,987.7733764648438,3.6132859236767785,0.48589181900024414,0.010326694697141647,0.0021511223167181015,0.8448179364204407
PINN20260517-KimLayered,4,234,physics,0.43046119809150696,0.0708572268486023,0.11108055710792542,0.10831346362829208,0.032851699739694595,0.03434750810265541,0.23381564021110535,0.166067972779274,0.19769065082073212,0.5817181468009949,0.00017081534315366298,7.309996358229043e-12,1.9340885160090693e-07,0.33796536922454834,0.08747083693742752,0.008140959776937962,0.08896041661500931,316.1426086425781,979.2390747070312,3.5936166756376595,0.48578593134880066,0.010278572328388691,0.0021457038819789886,0.8448524475097656
PINN20260517-KimLayered,4,236,physics,0.42830467224121094,0.07041443139314651,0.11025860905647278,0.10831055045127869,0.03264803811907768,0.034078072756528854,0.23196151852607727,0.1658860743045807,0.19755303859710693,0.578043520450592,0.00016956962645053864,7.297292978214465e-12,1.930925890292201e-07,0.3378402590751648,0.08742383867502213,0.008114664815366268,0.08898700773715973,314.5598449707031,970.1331787109375,3.5798538014491563,0.48567959666252136,0.010258414782583714,0.0021406516898423433,0.8448867201805115
PINN20260517-KimLayered,4,239,physics,0.4251420795917511,0.06977681070566177,0.10911394655704498,0.10837917774915695,0.03233698382973671,0.033700112253427505,0.22882071137428284,0.1656038761138916,0.19733570516109467,0.5705891847610474,0.00016961108485702425,7.303726200225125e-12,1.9317192823109508e-07,0.3375372886657715,0.08734716475009918,0.00807483121752739,0.08894293755292892,312.4557800292969,957.4210815429688,3.557064127122029,0.48552045226097107,0.01026826910674572,0.0021346257999539375,0.8449385166168213
PINN20260517-KimLayered,4,241,physics,0.42308756709098816,0.06934874504804611,0.10835537314414978,0.10834302008152008,0.03212065249681473,0.03345636650919914,0.2276964783668518,0.16540634632110596,0.19717927277088165,0.5655406713485718,0.0001704914029687643,7.335080459691667e-12,1.9282568075595918e-07,0.33711907267570496,0.08729354292154312,0.008048301562666893,0.08887272328138351,311.0675048828125,949.443603515625,3.537218721530867,0.4854167699813843,0.010292104445397854,0.0021320481318980455,0.8449739813804626
PINN20260517-KimLayered,4,244,physics,0.42011168599128723,0.06872878968715668,0.1071678176522255,0.10831478238105774,0.03183130547404289,0.03309080749750137,0.22611629962921143,0.1651001274585724,0.19693782925605774,0.5588465332984924,0.00017232104437425733,7.439849084023287e-12,1.925199342167616e-07,0.33668971061706543,0.08721078187227249,0.008008639328181744,0.08883348107337952,309.1256103515625,938.597412109375,3.5142102877567534,0.4852653443813324,0.010336912237107754,0.0021305708214640617,0.8450303673744202
PINN20260517-KimLayered,4,246,physics,0.4181804358959198,0.06833626329898834,0.10644114017486572,0.10835196822881699,0.03164678066968918,0.032847169786691666,0.224403977394104,0.16489462554454803,0.1967691034078598,0.5547600984573364,0.00017346425738651305,7.550882662188396e-12,1.9253648986250482e-07,0.3363134264945984,0.08715435117483139,0.007982245646417141,0.08882103860378265,307.9050598144531,931.9426879882812,3.502110164968934,0.4851665198802948,0.01036394014954567,0.002130938693881035,0.8450701236724854
PINN20260517-KimLayered,4,249,physics,0.4153568744659424,0.0677533894777298,0.10535448789596558,0.1083666980266571,0.031392063945531845,0.032498668879270554,0.22240124642848969,0.16458649933338165,0.1965101957321167,0.5484805107116699,0.00017457606736570597,7.765781941115879e-12,1.9232403758451255e-07,0.33583366870880127,0.0870729461312294,0.00794314593076706,0.0887976810336113,306.0079345703125,922.156982421875,3.478664462933388,0.48501935601234436,0.010389531031250954,0.0021324940025806427,0.8451331257820129
PINN20260517-KimLayered,4,251,physics,0.4135147035121918,0.06736449897289276,0.10463698208332062,0.10833078622817993,0.031230660155415535,0.03227808326482773,0.2216086983680725,0.16438335180282593,0.1963353306055069,0.5439647436141968,0.00017476889479439706,7.926780759559549e-12,1.9194028766378324e-07,0.33551815152168274,0.08702061325311661,0.007917378097772598,0.08876471221446991,304.8177490234375,915.8909301757812,3.462565291357289,0.48492172360420227,0.010393788106739521,0.0021334909833967686,0.8451767563819885
PINN20260517-KimLayered,4,253,physics,0.4117092192173004,0.06698890030384064,0.10396087169647217,0.10832007974386215,0.031073560938239098,0.03206195309758186,0.22054234147071838,0.16418376564979553,0.19616049528121948,0.5391941070556641,0.00017450704763177782,8.088894137836533e-12,1.916639291721367e-07,0.3351714015007019,0.08696754276752472,0.007891643792390823,0.08872970938682556,303.5714111328125,909.5117797851562,3.4493470163599156,0.48482486605644226,0.010387834161520004,0.0021339564118534327,0.8452215790748596
PINN20260517-KimLayered,4,256,physics,0.40907523036003113,0.06645479798316956,0.10295579582452774,0.1083458811044693,0.03085503540933132,0.0317380465567112,0.21855586767196655,0.16388769447803497,0.19590404629707336,0.5318021774291992,0.00017346204549539834,8.312500861251682e-12,1.914823002380217e-07,0.3347390294075012,0.08688431233167648,0.007853048853576183,0.08871503919363022,301.8387451171875,900.1701049804688,3.4301570490468154,0.4846820533275604,0.01036388985812664,0.0021331091411411762,0.8452903628349304
PINN20260517-KimLayered,4,258,physics,0.40736913681030273,0.06610608100891113,0.10228095948696136,0.10833428800106049,0.030708447098731995,0.03152136132121086,0.2176188975572586,0.16369323432445526,0.19573628902435303,0.5268702507019043,0.00017253844998776913,8.439276187599543e-12,1.9115995542051678e-07,0.3343840539455414,0.08682609349489212,0.0078273955732584,0.08870771527290344,300.71466064453125,893.9080810546875,3.4153442230411484,0.48458898067474365,0.01034196000546217,0.002131428336724639,0.8453367352485657
PINN20260517-KimLayered,4,261,physics,0.404884397983551,0.06560143083333969,0.10125254094600677,0.10831849277019501,0.030487224459648132,0.031199872493743896,0.2163892388343811,0.16340675950050354,0.19549190998077393,0.5196576118469238,0.0001711565419100225,8.594293679498044e-12,1.9066888512497826e-07,0.33385705947875977,0.08673649281263351,0.007789255119860172,0.0886826142668724,299.0597229003906,884.3577880859375,3.3950644486578017,0.4844517111778259,0.010307075455784798,0.002127526793628931,0.8454062938690186
PINN20260517-KimLayered,4,263,physics,0.40327468514442444,0.06528383493423462,0.10059688240289688,0.10833831876516342,0.030332067981362343,0.03098762035369873,0.2152317762374878,0.16321837902069092,0.1953330636024475,0.5150702595710754,0.00017039426893461496,8.681155620748893e-12,1.9048574984026345e-07,0.33342987298965454,0.08667579293251038,0.007764057721942663,0.08864358812570572,298.01568603515625,877.9744262695312,3.3831435690870935,0.4843609631061554,0.010285901837050915,0.0021243919618427753,0.845452606678009
PINN20260517-KimLayered,4,266,physics,0.400934100151062,0.06482818722724915,0.09961007535457611,0.1083703488111496,0.03009539097547531,0.030666153877973557,0.2135181427001953,0.16294042766094208,0.19510245323181152,0.508730947971344,0.0001696690305834636,8.806420002949178e-12,1.9017932118003955e-07,0.3327365517616272,0.08658631891012192,0.00772677268832922,0.08857938647270203,296.4568176269531,868.3363647460938,3.3651757873458856,0.4842245578765869,0.01026128325611353,0.0021196960005909204,0.8455222249031067
PINN20260517-KimLayered,4,268,physics,0.3994224965572357,0.06453221291303635,0.09891895949840546,0.1083676889538765,0.029940810054540634,0.030447693541646004,0.2127169519662857,0.1627637892961502,0.19495441019535065,0.504982590675354,0.00016950524877756834,8.898362081899425e-12,1.8984437133440224e-07,0.3322925269603729,0.08653032779693604,0.00770238321274519,0.08854816854000092,295.4677429199219,862.0182495117188,3.351885850703995,0.48413217067718506,0.01025059912353754,0.0021169877145439386,0.8455690145492554
PINN20260517-KimLayered,4,270,physics,0.3979463577270508,0.06424980610609055,0.09824728965759277,0.1083829402923584,0.02978489175438881,0.030227094888687134,0.2116505205631256,0.16258931159973145,0.19480939209461212,0.5016698241233826,0.0001695756072876975,9.00448639262752e-12,1.8962273884426395e-07,0.33179816603660583,0.08647885918617249,0.007678408641368151,0.08851557224988937,294.4827575683594,855.7548217773438,3.3418072244464563,0.4840373992919922,0.010244225151836872,0.0021148347295820713,0.8456161022186279
PINN20260517-KimLayered,4,273,physics,0.39579910039901733,0.06383534520864487,0.09722286462783813,0.10839302837848663,0.029553908854722977,0.029897281900048256,0.21033664047718048,0.16233424842357635,0.19459722936153412,0.4975636899471283,0.0001700587454251945,9.197425807072612e-12,1.8916851729500195e-07,0.33104509115219116,0.08641541749238968,0.007643578108400106,0.08845919370651245,293.0499267578125,846.66015625,3.323603715184321,0.4838882386684418,0.010241259820759296,0.0021128198131918907,0.845687210559845
PINN20260517-KimLayered,4,275,physics,0.3944070041179657,0.06356817483901978,0.09655912220478058,0.10841022431850433,0.029398560523986816,0.02967994473874569,0.20935209095478058,0.16216926276683807,0.19445793330669403,0.49536922574043274,0.00017055508214980364,9.348593080216183e-12,1.8893207709425042e-07,0.33048075437545776,0.08638376742601395,0.0076212091371417046,0.08840766549110413,292.1210021972656,840.8505859375,3.314188740012651,0.4837833344936371,0.010242117568850517,0.0021122314501553774,0.8457347750663757
PINN20260517-KimLayered,4,278,physics,0.39236998558044434,0.06317569315433502,0.09557268023490906,0.10843957215547562,0.02916824445128441,0.029357552528381348,0.20790725946426392,0.16192926466464996,0.1942521035671234,0.49277931451797485,0.00017143195145763457,9.601747348597645e-12,1.8865530648781714e-07,0.3295755684375763,0.08635399490594864,0.00758911669254303,0.08832306414842606,290.75030517578125,832.6035766601562,3.298614270357796,0.4836176335811615,0.010245026089251041,0.0021121834870427847,0.8458064794540405
PINN20260517-KimLayered,4,280,physics,0.39103877544403076,0.0629110336303711,0.09490054100751877,0.1084357351064682,0.02901735156774521,0.029144736006855965,0.20732423663139343,0.16177254915237427,0.1941172480583191,0.49143433570861816,0.00017204777395818383,9.781097806693673e-12,1.8832346881936246e-07,0.32893916964530945,0.08634620904922485,0.007568759378045797,0.08826561272144318,289.867919921875,827.4357299804688,3.2873701878489725,0.4835018217563629,0.010246851481497288,0.00211248267441988,0.8458542227745056
PINN20260517-KimLayered,4,283,physics,0.38907772302627563,0.06252144277095795,0.09391731023788452,0.10844088345766068,0.028790056705474854,0.028829319402575493,0.20634201169013977,0.16155026853084564,0.19391874969005585,0.48982003331184387,0.00017293587734457105,1.0053095508832932e-11,1.8780527000217262e-07,0.32789143919944763,0.08635067939758301,0.007539648562669754,0.08816681802272797,288.5675354003906,820.0294799804688,3.2732554127227727,0.4833199679851532,0.010247915051877499,0.0021130344830453396,0.8459256291389465
PINN20260517-KimLayered,4,285,physics,0.38779330253601074,0.06226769834756851,0.09327870607376099,0.10845550894737244,0.02863767370581627,0.02862192504107952,0.20554712414741516,0.16143923997879028,0.19379064440727234,0.48893263936042786,0.00017348722030874342,1.0230259347987491e-11,1.8748214358765836e-07,0.32715243101119995,0.08636340498924255,0.0075211310759186745,0.0880899578332901,287.70477294921875,815.243408203125,3.264261594197251,0.48319360613822937,0.010247230529785156,0.0021133089903742075,0.8459727764129639
PINN20260517-KimLayered,4,287,physics,0.3865390419960022,0.0620124489068985,0.09264151751995087,0.10845717787742615,0.02848351188004017,0.028416329994797707,0.20492875576019287,0.16147880256175995,0.19367048144340515,0.48815208673477173,0.0001740170846460387,1.0401369002210892e-11,1.870537715831233e-07,0.3263755142688751,0.0863829106092453,0.007503274828195572,0.08800336718559265,286.8639831542969,810.568603515625,3.254462989731653,0.48306378722190857,0.010245664976537228,0.002113459864631295,0.8460195064544678
PINN20260517-KimLayered,4,290,physics,0.38468992710113525,0.06163235008716583,0.0916614830493927,0.10845410823822021,0.028258593752980232,0.02810823731124401,0.20414291322231293,0.16164401173591614,0.19350109994411469,0.48713424801826477,0.00017477187793701887,1.0645324899360986e-11,1.86426518666849e-07,0.3252757787704468,0.08642279356718063,0.007477619219571352,0.08788096904754639,285.5232849121094,803.5443115234375,3.241066072038081,0.4828627407550812,0.010241927579045296,0.002113389316946268,0.846088707447052
PINN20260517-KimLayered,4,292,physics,0.3833659589290619,0.061383187770843506,0.09103818237781525,0.10845920443534851,0.02810225635766983,0.027902575209736824,0.20346742868423462,0.1609216183423996,0.19337980449199677,0.48653358221054077,0.00017530530749354511,1.080313529605581e-11,1.8608861296343093e-07,0.3244481086730957,0.08645334094762802,0.007461133413016796,0.08778747171163559,284.7132568359375,799.0217895507812,3.233168046523169,0.48272696137428284,0.010239683091640472,0.002113316673785448,0.8461340665817261
PINN20260517-KimLayered,4,295,physics,0.3815385401248932,0.06101178377866745,0.09008710086345673,0.10847176611423492,0.02787242829799652,0.02759646438062191,0.20248161256313324,0.16103848814964294,0.19322741031646729,0.48575517535209656,0.00017614847456570715,1.1036625606475337e-11,1.8569365067833132e-07,0.3232691287994385,0.08650528639554977,0.007437434047460556,0.08765120059251785,283.3873596191406,792.20458984375,3.221441248400776,0.48252010345458984,0.010236823000013828,0.002113188849762082,0.8462012410163879
PINN20260517-KimLayered,4,297,physics,0.3802691102027893,0.06076046824455261,0.08947267383337021,0.10847184807062149,0.027712993323802948,0.027395619079470634,0.2019474357366562,0.16064190864562988,0.19312509894371033,0.48531126976013184,0.00017679130542092025,1.1195184536350045e-11,1.8537082269176608e-07,0.3223997950553894,0.08654220402240753,0.007422321941703558,0.0875433012843132,282.5567626953125,787.83251953125,3.213584605464914,0.4823824465274811,0.010236215777695179,0.0021132836118340492,0.8462452292442322
PINN20260517-KimLayered,4,300,physics,0.3784317374229431,0.0603848434984684,0.08854402601718903,0.10848445445299149,0.027481339871883392,0.027100184932351112,0.20107108354568481,0.1605449765920639,0.19298148155212402,0.48475581407546997,0.00017783771909307688,1.1440395505935008e-11,1.849625306249436e-07,0.3211748003959656,0.08660086989402771,0.007400774396955967,0.08738894015550613,281.2287292480469,781.3885498046875,3.203507806476561,0.4821760058403015,0.010236713103950024,0.002113662427291274,0.8463103175163269
PINN20260517-KimLayered,4,302,physics,0.3772042691707611,0.060132455080747604,0.08795690536499023,0.1084926500916481,0.02732248790562153,0.026906844228506088,0.2004517912864685,0.16043215990066528,0.1928882896900177,0.48444506525993347,0.00017861330707091838,1.1611179899506663e-11,1.8463718731709378e-07,0.3202758729457855,0.08664041012525558,0.0073871188797056675,0.08727533370256424,280.3739013671875,777.2889404296875,3.196931788418975,0.48204052448272705,0.010238396935164928,0.0021141772158443928,0.8463530540466309
PINN20260517-KimLayered,4,304,physics,0.37597987055778503,0.05987674742937088,0.08736485242843628,0.10849665105342865,0.02716854214668274,0.026717588305473328,0.1999223530292511,0.16033948957920074,0.1927965134382248,0.4841820001602173,0.00017942528938874602,1.1786537024160992e-11,1.8427985537528002e-07,0.31942254304885864,0.08668087422847748,0.00737409433349967,0.0871673971414566,279.465087890625,773.2638549804688,3.1901358685318364,0.4819065034389496,0.010240674018859863,0.002114825416356325,0.8463953733444214
PINN20260517-KimLayered,4,307,physics,0.37414422631263733,0.05948634818196297,0.08650798350572586,0.10849547386169434,0.026937982067465782,0.026442209258675575,0.199204683303833,0.1601986438035965,0.19266121089458466,0.48385775089263916,0.00018069781071972102,1.2055977743896662e-11,1.8368834275861445e-07,0.31811410188674927,0.08674198389053345,0.0073556555435061455,0.08699703216552734,278.1264953613281,767.4825439453125,3.1804959923873892,0.4817092716693878,0.010244934819638729,0.002116011455655098,0.8464581370353699
PINN20260517-KimLayered,4,309,physics,0.3729110658168793,0.059223901480436325,0.085956871509552,0.10849972814321518,0.026786770671606064,0.02626452036201954,0.19865503907203674,0.16003036499023438,0.19257058203220367,0.48367932438850403,0.00018155826546717435,1.2237180019303295e-11,1.8333510354295868e-07,0.3172539174556732,0.08678258210420609,0.007344049401581287,0.08688221126794815,277.1814880371094,763.7135620117188,3.1748378927801593,0.48158028721809387,0.010247888043522835,0.0021168601233512163,0.846499502658844
PINN20260517-KimLayered,4,312,physics,0.37108102440834045,0.058822646737098694,0.08516062051057816,0.10850007086992264,0.02656073123216629,0.02600540965795517,0.19791147112846375,0.15994559228420258,0.19243940711021423,0.4834521412849426,0.00018285088299307972,1.2507671981465407e-11,1.827831255241108e-07,0.3159387707710266,0.08684207499027252,0.007327571045607328,0.08670646697282791,275.8024597167969,758.2730712890625,3.165905629512327,0.48139145970344543,0.010252183303236961,0.002118143253028393,0.8465608358383179
PINN20260517-KimLayered,4,314,physics,0.3698486387729645,0.05855029821395874,0.08463587611913681,0.10849840939044952,0.02641342207789421,0.02583707682788372,0.19748495519161224,0.1598006933927536,0.19235138595104218,0.4833211302757263,0.0001836922310758382,1.2685010160329302e-11,1.824098490033066e-07,0.31508809328079224,0.086880624294281,0.007317150477319956,0.08659345656633377,274.82403564453125,754.5758056640625,3.1605259637444307,0.481268048286438,0.01025459449738264,0.0021189290564507246,0.8466013669967651
PINN20260517-KimLayered,4,317,physics,0.3680369555950165,0.0581464022397995,0.08388709276914597,0.10851103067398071,0.026191750541329384,0.02559306100010872,0.1966995894908905,0.15971550345420837,0.19222676753997803,0.48314565420150757,0.0001849282707553357,1.2945819763410249e-11,1.8193284745393612e-07,0.31366249918937683,0.0869363322854042,0.007302307058125734,0.0863892138004303,273.42816162109375,748.7988891601562,3.1531311646537996,0.4810871481895447,0.010257625952363014,0.0021200089249759912,0.8466615080833435
PINN20260517-KimLayered,4,319,physics,0.36682385206222534,0.05787402018904686,0.0834062322974205,0.10851769149303436,0.026045866310596466,0.025433897972106934,0.19619092345237732,0.15960551798343658,0.19214315712451935,0.48304858803749084,0.00018572801491245627,1.3115972717636648e-11,1.815998587062495e-07,0.31268712878227234,0.08697280287742615,0.0072929770685732365,0.08625414222478867,272.433349609375,745.0250854492188,3.148340869463832,0.4809691905975342,0.010259212926030159,0.0021206585224717855,0.8467016220092773
PINN20260517-KimLayered,4,321,physics,0.36561718583106995,0.05759819597005844,0.08291971683502197,0.10852240025997162,0.025908377021551132,0.025279339402914047,0.19573460519313812,0.15956027805805206,0.19206134974956512,0.48297709226608276,0.00018652257858775556,1.3283721345125343e-11,1.812836103454174e-07,0.31179431080818176,0.08700980246067047,0.00728420726954937,0.08613330870866776,271.45135498046875,741.3881225585938,3.143449264048228,0.48085370659828186,0.010260704904794693,0.00212129857391119,0.8467417359352112
PINN20260517-KimLayered,4,324,physics,0.3637978136539459,0.05717683583498001,0.08224213123321533,0.10852082818746567,0.025697072967886925,0.025054777041077614,0.19508549571037292,0.15942978858947754,0.19193851947784424,0.48291462659835815,0.00018772280600387603,1.3533292542167175e-11,1.8073093599468848e-07,0.31034350395202637,0.08706610649824142,0.00727207213640213,0.08593395352363586,269.96917724609375,736.1515502929688,3.1369042719004607,0.4806855618953705,0.010263127274811268,0.002122314181178808,0.8468019962310791
PINN20260517-KimLayered,4,326,physics,0.36258846521377563,0.05689486861228943,0.08180949091911316,0.10852876305580139,0.025557866320014,0.02491038665175438,0.19454225897789001,0.15937994420528412,0.19185763597488403,0.48290467262268066,0.0001885257224785164,1.3699331599670295e-11,1.80488555656666e-07,0.30937352776527405,0.0871044397354126,0.0072646718472242355,0.085797980427742,268.94000244140625,732.7705078125,3.1326940456805263,0.48057669401168823,0.010264880955219269,0.0021230345591902733,0.8468422293663025
PINN20260517-KimLayered,4,329,physics,0.3607710599899292,0.0564633309841156,0.08116251975297928,0.10852621495723724,0.025351472198963165,0.024698693305253983,0.19398465752601624,0.15926963090896606,0.1917380839586258,0.48293688893318176,0.00018975546117872,1.395103997603453e-11,1.79994714244458e-07,0.30790549516677856,0.08716221153736115,0.007254527881741524,0.08559608459472656,267.427978515625,727.8836059570312,3.1262589313093057,0.48041877150535583,0.010268122889101505,0.0021242473740130663,0.8469026684761047
PINN20260517-KimLayered,4,331,physics,0.3595627546310425,0.05617828294634819,0.08074327558279037,0.10853896290063858,0.025214606896042824,0.02455909363925457,0.193431556224823,0.15921828150749207,0.19165997207164764,0.4829799234867096,0.00019057854660786688,1.4121534670785696e-11,1.7981442113068624e-07,0.3069138526916504,0.08720020949840546,0.00724826380610466,0.08546330779790878,266.4239807128906,724.6737670898438,3.1230860281931476,0.4803163409233093,0.010270543396472931,0.002125120023265481,0.8469429016113281
PINN20260517-KimLayered,4,334,physics,0.35775262117385864,0.05574489012360573,0.0801139622926712,0.10854057967662811,0.025006890296936035,0.024351442232728004,0.1928681582212448,0.1591278612613678,0.19154581427574158,0.4830739498138428,0.00019183715630788356,1.4382586267791542e-11,1.7935656160261715e-07,0.3053818941116333,0.08725642412900925,0.0072395107708871365,0.08525506407022476,264.896484375,719.8358764648438,3.1167779411040453,0.4801665246486664,0.01027479488402605,0.002126553328707814,0.8470032811164856
PINN20260517-KimLayered,4,336,physics,0.35654938220977783,0.055459149181842804,0.07969488203525543,0.1085515096783638,0.02487054094672203,0.024214504286646843,0.1923733353614807,0.15907464921474457,0.19147121906280518,0.48314982652664185,0.00019267549214418977,1.4559955671678004e-11,1.791430150888118e-07,0.3043833076953888,0.08729326725006104,0.007234006654471159,0.085116907954216,263.85137939453125,716.5517578125,3.1137114324006916,0.48006847500801086,0.010277814231812954,0.0021275498438626528,0.847043514251709
PINN20260517-KimLayered,4,338,physics,0.3553500175476074,0.055171966552734375,0.07927989214658737,0.10855484008789062,0.02473350428044796,0.024077875539660454,0.19196048378944397,0.15902993083000183,0.19139796495437622,0.48323458433151245,0.00019351576338522136,1.4740157011639e-11,1.7883164105114702e-07,0.3033612072467804,0.08732932060956955,0.007228716276586056,0.08497650176286697,262.8265075683594,713.2636108398438,3.109521369427414,0.4799717962741852,0.010281006805598736,0.002128580119460821,0.8470838665962219
PINN20260517-KimLayered,4,341,physics,0.3535557985305786,0.054741185158491135,0.07866588979959488,0.10855916142463684,0.024531086906790733,0.023875294253230095,0.1913457065820694,0.15895198285579681,0.1912895292043686,0.48337578773498535,0.0001947723503690213,1.5015062110323996e-11,1.7834875620792445e-07,0.3018290400505066,0.08738192915916443,0.007221166975796223,0.08476876467466354,261.26220703125,708.2798461914062,3.1050249647302586,0.4798292815685272,0.010286028496921062,0.0021301698870956898,0.8471444845199585
PINN20260517-KimLayered,4,343,physics,0.3523656725883484,0.05445394665002823,0.07826291024684906,0.1085636243224144,0.02440042793750763,0.0237441323697567,0.19092781841754913,0.1589047610759735,0.19121739268302917,0.4834807813167572,0.00019560058717615902,1.520046762071292e-11,1.7804184437864023e-07,0.30082908272743225,0.0874163880944252,0.007216424681246281,0.08463243395090103,260.2047119140625,704.9603881835938,3.1017735955917596,0.47973594069480896,0.010289409197866917,0.0021312374155968428,0.8471850156784058
PINN20260517-KimLayered,4,346,physics,0.3505893647670746,0.054021961987018585,0.07769159972667694,0.10857351124286652,0.024206237867474556,0.023553943261504173,0.19024693965911865,0.15884138643741608,0.1911095380783081,0.483652263879776,0.00019683330901898444,1.5481579559994962e-11,1.77685734570332e-07,0.29928648471832275,0.08746705949306488,0.007209755480289459,0.08441915363073349,258.630615234375,700.0404663085938,3.097035573944119,0.47959914803504944,0.010294612497091293,0.0021328674629330635,0.8472460508346558
PINN20260517-KimLayered,4,348,physics,0.349411278963089,0.05372989922761917,0.07732006907463074,0.10857049375772476,0.024080434814095497,0.02343190461397171,0.18993666768074036,0.15879760682582855,0.1910371333360672,0.48377907276153564,0.00019764556782320142,1.56709558524204e-11,1.7733674440023606e-07,0.2982548177242279,0.08750033378601074,0.007205619011074305,0.08427684009075165,257.5629577636719,696.783447265625,3.094732418690653,0.47951003909111023,0.010298117063939571,0.0021339664235711098,0.8472868204116821
PINN20260517-KimLayered,4,351,physics,0.3476541340351105,0.05329683795571327,0.076789990067482,0.10859089344739914,0.023898150771856308,0.023255864158272743,0.18917718529701233,0.15873487293720245,0.19092725217342377,0.4839780032634735,0.00019884135690517724,1.595937618170673e-11,1.7700968157896568e-07,0.2967194616794586,0.08754883706569672,0.007199794985353947,0.08406609296798706,255.96034240722656,691.9488525390625,3.0908889422645562,0.47937870025634766,0.01030334085226059,0.0021356302313506603,0.8473485112190247
PINN20260517-KimLayered,4,353,physics,0.3464908301830292,0.05300559103488922,0.07644924521446228,0.10859494656324387,0.02377925254404545,0.023142853751778603,0.1887802928686142,0.15869756042957306,0.1908537894487381,0.4841196835041046,0.00019963366503361613,1.6154048584904324e-11,1.7678829067335755e-07,0.2956874966621399,0.08758099377155304,0.007196217309683561,0.08392289280891418,254.8933868408203,688.7539672851562,3.0882251220413535,0.47929349541664124,0.010306947864592075,0.002136772498488426,0.8473897576332092
PINN20260517-KimLayered,4,355,physics,0.3453335165977478,0.052716389298439026,0.07612165808677673,0.10860470682382584,0.023661984130740166,0.023032203316688538,0.18830041587352753,0.158658966422081,0.19078004360198975,0.4842641055583954,0.00020041751849930733,1.6351439299788773e-11,1.7664631002389797e-07,0.29464712738990784,0.08761260658502579,0.0071928235702216625,0.08377882093191147,253.81521606445312,685.556396484375,3.0862006662138044,0.479209840297699,0.010310601443052292,0.0021379345562309027,0.8474310636520386
PINN20260517-KimLayered,4,358,physics,0.34361034631729126,0.05227971076965332,0.07562550902366638,0.1086057499051094,0.02349182590842247,0.022870264947414398,0.1878076195716858,0.15860383212566376,0.1906682848930359,0.48448991775512695,0.0002015830687014386,1.6653248224862693e-11,1.7625286830025289e-07,0.2931123375892639,0.08765919506549835,0.007188090123236179,0.08356787264347076,252.19479370117188,680.7901000976562,3.0814857037831063,0.4790864884853363,0.01031622476875782,0.002139720832929015,0.847493588924408
PINN20260517-KimLayered,4,360,physics,0.34246981143951416,0.051994454115629196,0.07531257718801498,0.10861872881650925,0.023379938676953316,0.022764340043067932,0.18726998567581177,0.15856829285621643,0.1905938684940338,0.48464179039001465,0.00020235119154676795,1.6857605589226665e-11,1.761411851930461e-07,0.29207903146743774,0.08768970519304276,0.007185162976384163,0.08342602103948593,251.11959838867188,677.6285400390625,3.0798253785263565,0.4790065884590149,0.010320093482732773,0.002140943892300129,0.8475354909896851
PINN20260517-KimLayered,4,363,physics,0.34077325463294983,0.05156184732913971,0.07483949512243271,0.1086120530962944,0.023215167224407196,0.022608555853366852,0.18681684136390686,0.15851816534996033,0.19048210978507996,0.4848792254924774,0.00020349920669104904,1.7168749061324817e-11,1.75683226188994e-07,0.2905209958553314,0.08773508667945862,0.007181165739893913,0.08321252465248108,249.50369262695312,672.9357299804688,3.075835421285369,0.4788900911808014,0.010326169431209564,0.0021428295876830816,0.8475986123085022
PINN20260517-KimLayered,4,365,physics,0.3396519124507904,0.051281705498695374,0.07453747093677521,0.10863697528839111,0.023107821121811867,0.022506535053253174,0.18619346618652344,0.15848568081855774,0.19040685892105103,0.48503512144088745,0.00020425039110705256,1.7379975930653657e-11,1.7560437015617936e-07,0.28948327898979187,0.08776430785655975,0.007178683299571276,0.08307141810655594,248.42037963867188,669.8401489257812,3.074767229663724,0.4788137376308441,0.010330247692763805,0.002144099213182926,0.8476409912109375
PINN20260517-KimLayered,4,367,physics,0.33853617310523987,0.05099354684352875,0.07422825694084167,0.10862789303064346,0.02300240471959114,0.02240689843893051,0.18598735332489014,0.15845495462417603,0.19033166766166687,0.48520052433013916,0.00020500663958955556,1.759216730623514e-11,1.7528566331748152e-07,0.28844180703163147,0.08779400587081909,0.0071764844469726086,0.08292902261018753,247.3512420654297,666.8182983398438,3.0705062160515757,0.47874000668525696,0.010334564372897148,0.0021454051602631807,0.8476834893226624
PINN20260517-KimLayered,4,370,physics,0.33687832951545715,0.05057316645979881,0.07379590719938278,0.10864716023206711,0.02284676767885685,0.022260280326008797,0.18523654341697693,0.15840809047222137,0.19021813571453094,0.48544928431510925,0.0002061215927824378,1.7913365235600054e-11,1.7510974714696204e-07,0.2868596315383911,0.08783802390098572,0.007173554040491581,0.08271501958370209,245.7410888671875,662.345458984375,3.0704618136058603,0.47863325476646423,0.01034117303788662,0.0021473949309438467,0.8477476239204407
PINN20260517-KimLayered,4,372,physics,0.3357822597026825,0.05029267445206642,0.07350818812847137,0.108658067882061,0.02274586632847786,0.02216470241546631,0.18480819463729858,0.15838022530078888,0.19014133512973785,0.48561981320381165,0.00020685725030489266,1.8129669640543078e-11,1.74953967757574e-07,0.28580886125564575,0.08786719292402267,0.007171865552663803,0.08257421851158142,244.6702117919922,659.4512329101562,3.067153393088473,0.4785640835762024,0.01034567505121231,0.002148741390556097,0.8477905988693237
PINN20260517-KimLayered,4,375,physics,0.3341539204120636,0.049869220703840256,0.07307262718677521,0.10865705460309982,0.02259945683181286,0.022025588899850845,0.1844249665737152,0.15834848582744598,0.19002434611320496,0.48588642477989197,0.0002079471742035821,1.845617582374448e-11,1.745280684417594e-07,0.28425130248069763,0.08791126310825348,0.007169770542532206,0.08236445486545563,243.04029846191406,655.1966552734375,3.0657308792463382,0.4784632921218872,0.01035253331065178,0.002150784246623516,0.8478554487228394
PINN20260517-KimLayered,4,377,physics,0.33307909965515137,0.049593839794397354,0.07280170172452927,0.10866902768611908,0.02250310592353344,0.02193494141101837,0.1839269995689392,0.15835008025169373,0.18994659185409546,0.4860663414001465,0.00020865922851953655,1.8674535876006537e-11,1.7438497934563202e-07,0.2831995487213135,0.08794078230857849,0.007168638054281473,0.08222267031669617,241.95761108398438,652.4498291015625,3.063937390382688,0.4783991277217865,0.010357174091041088,0.0021521670278161764,0.8478989601135254
PINN20260517-KimLayered,4,380,physics,0.331503301858902,0.049180518835783005,0.0724119022488594,0.10867466777563095,0.022356033325195312,0.021799296140670776,0.1833207607269287,0.15853019058704376,0.18983392417430878,0.4863397479057312,0.00020973374193999916,1.9006036328095277e-11,1.7398727436557238e-07,0.28154388070106506,0.08798444271087646,0.007167296018451452,0.08200164884328842,240.44078063964844,648.4588623046875,3.063232234609944,0.47830647230148315,0.010364532470703125,0.0021543230395764112,0.8479644656181335
PINN20260517-KimLayered,4,382,physics,0.3305027484893799,0.04890818893909454,0.07215432077646255,0.10868716984987259,0.022260233759880066,0.021710418164730072,0.1828559935092926,0.15898360311985016,0.1897640824317932,0.4865240156650543,0.00021043526066932827,1.9228996867015624e-11,1.7376750349740178e-07,0.28044456243515015,0.08801338076591492,0.007166640367358923,0.0818551555275917,239.41903686523438,645.8831176757812,3.0622181888794713,0.4782463610172272,0.010369447059929371,0.002155770780518651,0.8480083346366882
PINN20260517-KimLayered,4,384,physics,0.32949158549308777,0.048634596168994904,0.07189889252185822,0.10868848860263824,0.02216525562107563,0.021623222157359123,0.18250909447669983,0.15930236876010895,0.18969304859638214,0.4867132902145386,0.0002111300127580762,1.945198342678811e-11,1.735200783059554e-07,0.2793348431587219,0.08804290741682053,0.007166221737861633,0.08170519769191742,238.36239624023438,643.372314453125,3.062094634837922,0.4781886041164398,0.010374459438025951,0.002157235750928521,0.8480523824691772
PINN20260517-KimLayered,4,387,physics,0.327792763710022,0.04823116585612297,0.07148659974336624,0.1087186187505722,0.02203977294266224,0.021499190479516983,0.1817975640296936,0.15818315744400024,0.18956543505191803,0.4870055317878723,0.00021211724379099905,1.978642943933906e-11,1.7343242575407203e-07,0.27786359190940857,0.08808799833059311,0.007166003808379173,0.0815090611577034,236.71951293945312,639.7443237304688,3.0612513270187396,0.4781038165092468,0.010381558910012245,0.0021593705751001835,0.8481189012527466
PINN20260517-KimLayered,4,389,physics,0.32681581377983093,0.04795997217297554,0.07124844193458557,0.1087096780538559,0.021942056715488434,0.021411675959825516,0.18153277039527893,0.15864050388336182,0.18950217962265015,0.4872010350227356,0.00021280803775880486,2.0012524623580497e-11,1.7310414079929615e-07,0.27667275071144104,0.08811752498149872,0.007166065275669098,0.08134982734918594,235.70602416992188,637.4308471679688,3.061255637898159,0.4780508875846863,0.010386981070041656,0.0021609202958643436,0.8481632471084595
PINN20260517-KimLayered,4,392,physics,0.3252178728580475,0.04756612703204155,0.07084755599498749,0.10875086486339569,0.021819675341248512,0.021289674565196037,0.18067258596420288,0.15815670788288116,0.18938417732715607,0.48750215768814087,0.00021376712538767606,2.0350427940019067e-11,1.7309626798578392e-07,0.27518823742866516,0.08816312998533249,0.007166554220020771,0.08115309476852417,234.0472869873047,634.0931396484375,3.061176868451402,0.47797244787216187,0.010394426062703133,0.0021631361450999975,0.8482303619384766
PINN20260517-KimLayered,4,394,physics,0.32422566413879395,0.047297023236751556,0.07060355693101883,0.108734630048275,0.021725419908761978,0.021203821524977684,0.1805061399936676,0.1583770215511322,0.18931785225868225,0.48770689964294434,0.00021444035519380122,2.0578041007301984e-11,1.7272715524541127e-07,0.2740134596824646,0.08819349855184555,0.007167106494307518,0.08099337667226791,233.05026245117188,631.9857788085938,3.0598661151135564,0.47792360186576843,0.010400066152215004,0.002164731500670314,0.8482750654220581
PINN20260517-KimLayered,4,397,physics,0.3226741552352905,0.046905189752578735,0.07020342350006104,0.1087576374411583,0.021603774279356003,0.0210819523781538,0.17983919382095337,0.15811291337013245,0.18920506536960602,0.4880184829235077,0.00021537735301535577,2.0919174378852823e-11,1.7248447647943976e-07,0.272492915391922,0.08823974430561066,0.007168256677687168,0.08078884333372116,231.40614318847656,628.947265625,3.0618732188947253,0.4778510630130768,0.010407903231680393,0.0021670276764780283,0.848342776298523
PINN20260517-KimLayered,4,399,physics,0.3216831684112549,0.04664409160614014,0.0699673444032669,0.10875838249921799,0.02151075378060341,0.02099582925438881,0.1794666051864624,0.15824101865291595,0.18913733959197998,0.4882239103317261,0.00021601878688670695,2.1149446777224412e-11,1.7219197445683676e-07,0.2713055908679962,0.08827001601457596,0.007169183809310198,0.08062627911567688,230.40673828125,627.0440063476562,3.0606632940806735,0.47780531644821167,0.01041359081864357,0.0021686444524675608,0.8483878374099731
PINN20260517-KimLayered,4,401,physics,0.3206730782985687,0.04638180136680603,0.06970958411693573,0.10875406116247177,0.021427026018500328,0.020913835614919662,0.17921647429466248,0.15817345678806305,0.18906494975090027,0.48843464255332947,0.0002166387130273506,2.1379001000076947e-11,1.7191592860399396e-07,0.2702293395996094,0.08830111473798752,0.007170314434915781,0.08047804981470108,229.2912139892578,625.2136840820312,3.060884401165444,0.4777607321739197,0.010419164784252644,0.0021702400408685207,0.8484330773353577
PINN20260517-KimLayered,4,404,physics,0.31917494535446167,0.04599732533097267,0.06933395564556122,0.10877779871225357,0.021301181986927986,0.02078944258391857,0.17850959300994873,0.1581456959247589,0.18895703554153442,0.48874399065971375,0.00021754308545496315,2.1727128776682925e-11,1.717376960641559e-07,0.26860037446022034,0.08834713697433472,0.007172208279371262,0.08025453984737396,227.7613525390625,622.6128540039062,3.063204049015097,0.477695494890213,0.010427555069327354,0.002172654028981924,0.8485013842582703
PINN20260517-KimLayered,4,406,physics,0.3181804418563843,0.04574136063456535,0.06908005475997925,0.10879088193178177,0.02121780626475811,0.02070649154484272,0.1781046837568283,0.1581123173236847,0.18888482451438904,0.48895102739334106,0.00021813702187500894,2.196058439263293e-11,1.7163409893328208e-07,0.26751837134361267,0.08837805688381195,0.007173661142587662,0.08010425418615341,226.67294311523438,620.9952392578125,3.063910666055502,0.4776533842086792,0.010433242656290531,0.002174283843487501,0.8485470414161682
PINN20260517-KimLayered,4,409,physics,0.31669846177101135,0.04535844177007675,0.06869470328092575,0.10880254954099655,0.021092558279633522,0.020581616088747978,0.17759424448013306,0.15807360410690308,0.1887771189212799,0.4892664849758148,0.00021901648142375052,2.231160048382641e-11,1.714570601052401e-07,0.2658916413784027,0.08842518925666809,0.007176161743700504,0.07987581938505173,225.13876342773438,618.753662109375,3.0656019240823564,0.47759270668029785,0.010441955178976059,0.002176767447963357,0.8486159443855286
PINN20260517-KimLayered,4,411,physics,0.31571894884109497,0.045106396079063416,0.06844058632850647,0.10880932956933975,0.02100774459540844,0.020496955141425133,0.17722198367118835,0.1580706536769867,0.1887063980102539,0.4894806742668152,0.00021959244622848928,2.2545288552722198e-11,1.7130801666098705e-07,0.2647898197174072,0.0884571522474289,0.0071780444122850895,0.0797215923666954,224.07022094726562,617.399658203125,3.0661215472179313,0.4775545299053192,0.01044788770377636,0.0021784526761621237,0.8486619591712952
PINN20260517-KimLayered,4,414,physics,0.3142528533935547,0.044734079390764236,0.06805380433797836,0.10882589966058731,0.020882289856672287,0.0203697606921196,0.1765727549791336,0.15802070498466492,0.18859981000423431,0.4898085296154022,0.00022043373610358685,2.289462543159093e-11,1.710601651438992e-07,0.2631654143333435,0.0885060578584671,0.007181172724813223,0.07949502766132355,222.52874755859375,615.5523071289062,3.0690982631630557,0.4775003492832184,0.010456868447363377,0.0021810063626617193,0.8487313389778137
PINN20260517-KimLayered,4,416,physics,0.3132878243923187,0.04448811337351799,0.06779522448778152,0.10883656144142151,0.020795928314328194,0.020282864570617676,0.17615698277950287,0.15803591907024384,0.18853043019771576,0.49002888798713684,0.00022098908084444702,2.3128089721158318e-11,1.7085922365822626e-07,0.26205331087112427,0.08853889256715775,0.007183440495282412,0.07933901250362396,221.48776245117188,614.4529418945312,3.070580066501931,0.4774658977985382,0.010463006794452667,0.0021827411837875843,0.8487776517868042
PINN20260517-KimLayered,4,418,physics,0.31231987476348877,0.04424136132001877,0.06752248853445053,0.10883928090333939,0.02071225270628929,0.020197197794914246,0.17587120831012726,0.1579897403717041,0.18845966458320618,0.49025270342826843,0.00022153290046844631,2.3361070022875907e-11,1.7062109236576362e-07,0.26098397374153137,0.08857223391532898,0.0071858675219118595,0.0791882872581482,220.42550659179688,613.4576416015625,3.0720480040648668,0.4774326682090759,0.010469170287251472,0.002184480894356966,0.848824143409729
PINN20260517-KimLayered,4,421,physics,0.3108879625797272,0.04387862980365753,0.06712193042039871,0.10885641723871231,0.020580703392624855,0.02006411924958229,0.17529049515724182,0.15799599885940552,0.1883561611175537,0.4905838668346405,0.00022233717027120292,2.3711815497207134e-11,1.703528766938689e-07,0.25932246446609497,0.08862187713384628,0.007189692463725805,0.0789548009634018,218.93763732910156,612.1333618164062,3.0761069667826884,0.47738516330718994,0.010478599928319454,0.002187134698033333,0.8488940000534058
PINN20260517-KimLayered,4,423,physics,0.3099382221698761,0.04364072531461716,0.06685175001621246,0.10887353122234344,0.02049352042376995,0.01997549459338188,0.17484983801841736,0.15797676146030426,0.188286691904068,0.4908035695552826,0.00022285754675976932,2.3945026517147028e-11,1.702518233059891e-07,0.2582361102104187,0.08865517377853394,0.007192386779934168,0.07880168408155441,217.900634765625,611.3890380859375,3.078481327102128,0.4773550033569336,0.010484897531569004,0.0021889107301831245,0.8489405512809753
PINN20260517-KimLayered,4,426,physics,0.308525949716568,0.04328572005033493,0.06644178926944733,0.10888423025608063,0.020361395552754402,0.019842123612761497,0.17432881891727448,0.15795545279979706,0.18818309903144836,0.49113380908966064,0.00022362740128301084,2.4293150824306053e-11,1.700716012464909e-07,0.25661352276802063,0.0887054055929184,0.007196650840342045,0.07857154309749603,216.406005859375,610.4568481445312,3.0812032546665695,0.4773125946521759,0.01049449760466814,0.0021916034165769815,0.8490104079246521
PINN20260517-KimLayered,4,428,physics,0.30759549140930176,0.04305336996912956,0.06617081165313721,0.10889352113008499,0.020271115005016327,0.019751621410250664,0.1739441603422165,0.15795478224754333,0.1881146878004074,0.49135127663612366,0.00022413012629840523,2.4524779776435857e-11,1.6995414853226976e-07,0.2555212378501892,0.08873865753412247,0.007199600338935852,0.07841712981462479,215.40774536132812,609.9590454101562,3.083992553796986,0.47728580236434937,0.01050096657127142,0.002193415304645896,0.8490569591522217
PINN20260517-KimLayered,4,431,physics,0.30621010065078735,0.042710766196250916,0.06575489044189453,0.1089167669415474,0.020138228312134743,0.019617630168795586,0.17330755293369293,0.15792535245418549,0.1880105584859848,0.49167439341545105,0.00022485770750790834,2.4870650677799588e-11,1.698212628298279e-07,0.2539454400539398,0.08878832310438156,0.007204175926744938,0.0781937837600708,213.8981475830078,609.408935546875,3.088092456493993,0.4772476553916931,0.010510621592402458,0.0021961301099509,0.8491266965866089
PINN20260517-KimLayered,4,433,physics,0.3052977919578552,0.04248442500829697,0.06548130512237549,0.10892271250486374,0.02004537545144558,0.019526323303580284,0.17296746373176575,0.15791641175746918,0.1879427134990692,0.49188733100891113,0.00022534042363986373,2.5100744399653152e-11,1.696507467841002e-07,0.25285574793815613,0.08882100880146027,0.007207315415143967,0.07803793996572495,212.93670654296875,609.1611328125,3.0905696302185737,0.47722384333610535,0.010517208836972713,0.0021979673765599728,0.8491730093955994
PINN20260517-KimLayered,4,435,physics,0.3043944239616394,0.0422612763941288,0.0652058869600296,0.10893260687589645,0.019953150302171707,0.019435686990618706,0.1726018786430359,0.15791036188602448,0.18787454068660736,0.4920980930328369,0.00022581180382985622,2.532974524571685e-11,1.695010070079661e-07,0.2517867386341095,0.0888533741235733,0.007210523821413517,0.07788527011871338,211.9625701904297,609.0196533203125,3.093753384703523,0.4772011935710907,0.010523799806833267,0.0021998060401529074,0.8492191433906555
PINN20260517-KimLayered,4,438,physics,0.3030545711517334,0.041933171451091766,0.06478961557149887,0.10895749181509018,0.019817519932985306,0.01930219866335392,0.17197850346565247,0.1578853279352188,0.18777084350585938,0.49241048097610474,0.00022649369202554226,2.5670125747279116e-11,1.6934612290242512e-07,0.25024229288101196,0.08890137821435928,0.007215464953333139,0.07766492664813995,210.48995971679688,609.0078735351562,3.09865189242382,0.4771694540977478,0.010533640161156654,0.002202559495344758,0.8492880463600159
PINN20260517-KimLayered,4,440,physics,0.3021734058856964,0.04171740263700485,0.06451724469661713,0.10896651446819305,0.01972394995391369,0.01921209506690502,0.1716172993183136,0.15787099301815033,0.18770276010036469,0.4926161766052246,0.0002269454998895526,2.5895121116836783e-11,1.692084055093801e-07,0.24918915331363678,0.08893290907144547,0.00721883587539196,0.07751357555389404,209.55322265625,609.1184692382812,3.1014142709195816,0.47714996337890625,0.010540326125919819,0.0022044165525585413,0.8493337035179138
PINN20260517-KimLayered,4,443,physics,0.30087193846702576,0.04140026494860649,0.06410679221153259,0.10898325592279434,0.01958555541932583,0.01907949522137642,0.1710560917854309,0.15785138309001923,0.18759991228580475,0.4929210841655731,0.00022760148567613214,2.6228534968919526e-11,1.690528534936675e-07,0.2476607859134674,0.08897951245307922,0.007223991677165031,0.07729403674602509,208.115234375,609.4872436523438,3.106441258645854,0.4771232306957245,0.010550327599048615,0.002207198878750205,0.8494015336036682
PINN20260517-KimLayered,4,445,physics,0.3000175654888153,0.04119376465678215,0.06383723020553589,0.10899829119443893,0.019492007791996002,0.018991149961948395,0.17064407467842102,0.1578351855278015,0.18753159046173096,0.4931207597255707,0.0002280288317706436,2.6448397291711778e-11,1.6897007526495145e-07,0.2466435432434082,0.0890098512172699,0.007227479014545679,0.0771479681134224,207.19456481933594,609.8513793945312,3.1096806181704393,0.47710680961608887,0.010557030327618122,0.002209061523899436,0.8494465351104736
PINN20260517-KimLayered,4,448,physics,0.29875820875167847,0.04088848829269409,0.06343880295753479,0.10900513827800751,0.0193489957600832,0.018858816474676132,0.17016233503818512,0.1578088253736496,0.18743012845516205,0.4934175908565521,0.0002286645321873948,2.6773380387701273e-11,1.68770355912784e-07,0.2451043277978897,0.0890544056892395,0.007232803385704756,0.07692566514015198,205.85667419433594,610.5748901367188,3.114154026203086,0.4770847260951996,0.010567216202616692,0.0022118750493973494,0.8495131134986877
PINN20260517-KimLayered,4,450,physics,0.2979333996772766,0.04069037735462189,0.06317488849163055,0.10901869833469391,0.019255442544817924,0.018772950395941734,0.16977088153362274,0.1577882468700409,0.18736183643341064,0.4936123490333557,0.00022907319362275302,2.698635932774085e-11,1.686992305849344e-07,0.24411554634571075,0.08908329904079437,0.0072363982908427715,0.07678284496068954,204.9550323486328,611.1863403320312,3.118160344220367,0.4770714342594147,0.010573959909379482,0.00221374467946589,0.8495570421218872
PINN20260517-KimLayered,4,452,physics,0.29712164402008057,0.040496282279491425,0.06291528791189194,0.1090354174375534,0.019161928445100784,0.018688123673200607,0.16935637593269348,0.1577666848897934,0.18729373812675476,0.49380436539649963,0.00022947312390897423,2.7196432605958165e-11,1.6864616725342785e-07,0.24313661456108093,0.08911148458719254,0.007240018807351589,0.0766412690281868,204.06463623046875,611.8936157226562,3.121755683985707,0.47705936431884766,0.010580708272755146,0.0022156136110424995,0.8496004343032837
PINN20260517-KimLayered,4,455,physics,0.295928955078125,0.040209751576185226,0.06253308802843094,0.10904230177402496,0.019020674750208855,0.018562600016593933,0.16888269782066345,0.1577357053756714,0.18719205260276794,0.4940894544124603,0.00023006752599030733,2.750546665430953e-11,1.6848321138240863e-07,0.24167558550834656,0.0891525149345398,0.007245498709380627,0.07642889022827148,202.78439331054688,613.1153564453125,3.1266429700068525,0.47704368829727173,0.010590936057269573,0.002218431094661355,0.849664568901062
PINN20260517-KimLayered,4,457,physics,0.29515084624290466,0.04002450406551361,0.06228427588939667,0.10905377566814423,0.018927043303847313,0.01848052255809307,0.16850751638412476,0.15771198272705078,0.18712402880191803,0.49427515268325806,0.00023045111447572708,2.7707641736540722e-11,1.6840860439515382e-07,0.2407223880290985,0.08917879313230515,0.007249153684824705,0.07629048824310303,201.935791015625,614.0465698242188,3.1309359038217806,0.4770345687866211,0.010597731918096542,0.0022203056141734123,0.8497067093849182
PINN20260517-KimLayered,4,460,physics,0.2940095365047455,0.039753831923007965,0.06191544979810715,0.1090768352150917,0.018790353089571,0.018362443894147873,0.16791504621505737,0.1576724499464035,0.18702059984207153,0.49454933404922485,0.00023100728867575526,2.8003956792366225e-11,1.6833435267926689e-07,0.2393573820590973,0.08921681344509125,0.007254639640450478,0.07609128952026367,200.64151000976562,615.6226196289062,3.13691616316113,0.47702303528785706,0.010607870295643806,0.0022231044713407755,0.8497688174247742
PINN20260517-KimLayered,4,462,physics,0.2932667136192322,0.039577022194862366,0.061676569283008575,0.10908105969429016,0.01869875006377697,0.01828528568148613,0.16760295629501343,0.15764696896076202,0.18695209920406342,0.4947304129600525,0.00023137431708164513,2.8196622120502113e-11,1.682269612501841e-07,0.23845022916793823,0.08924123644828796,0.007258308120071888,0.07595790922641754,199.81390380859375,616.7704467773438,3.140633322153013,0.4770171046257019,0.010614695958793163,0.00222497689537704,0.8498094081878662
PINN20260517-KimLayered,4,465,physics,0.2921803891658783,0.039321765303611755,0.06134149804711342,0.10909655690193176,0.018554547801613808,0.018166419118642807,0.1670185625553131,0.15761587023735046,0.18685199320316315,0.49499404430389404,0.00023191650689113885,2.8479737665398908e-11,1.6807264557883173e-07,0.23702168464660645,0.0892755389213562,0.00726374750956893,0.0757484883069992,198.74551391601562,618.5867919921875,3.147737679958856,0.4770105183124542,0.010625015944242477,0.002227800665423274,0.8498690128326416
PINN20260517-KimLayered,4,467,physics,0.2914773225784302,0.03915661945939064,0.06112179905176163,0.10910994559526443,0.018460938706994057,0.01809050142765045,0.16661672294139862,0.1576128900051117,0.18678471446037292,0.49516716599464417,0.00023226569464895874,2.8663321716138057e-11,1.6798831836695172e-07,0.23610836267471313,0.08929726481437683,0.007267354056239128,0.07561417669057846,198.02880859375,619.89892578125,3.1520678969730667,0.477007657289505,0.0106318648904562,0.002229674020782113,0.8499079346656799
PINN20260517-KimLayered,4,469,physics,0.2907969057559967,0.03899482637643814,0.06091078370809555,0.10911240428686142,0.018365664407610893,0.018014831468462944,0.16629032790660858,0.15766488015651703,0.18671926856040955,0.4953385293483734,0.00023261406749952585,2.884283437087909e-11,1.6784689194082603e-07,0.23517805337905884,0.0893179178237915,0.0072709438391029835,0.07547684758901596,197.38406372070312,621.2608032226562,3.1561274560499446,0.47700610756874084,0.010638773441314697,0.0022315531969070435,0.8499462008476257
PINN20260517-KimLayered,4,472,physics,0.2898499369621277,0.03875717520713806,0.06053073704242706,0.10915498435497284,0.018278274685144424,0.017944755032658577,0.16574488580226898,0.15801888704299927,0.18660594522953033,0.4956034719944,0.00023306463845074177,2.909759759528452e-11,1.680232628586964e-07,0.23444218933582306,0.08934901654720306,0.007276410702615976,0.07536794990301132,195.42665100097656,623.87060546875,3.1641893101810927,0.47700536251068115,0.010648422874510288,0.0022342323791235685,0.8500027656555176
PINN20260517-KimLayered,4,474,physics,0.2892906069755554,0.03860912472009659,0.06030399352312088,0.10918015986680984,0.018216585740447044,0.017899097874760628,0.1653791069984436,0.1585269719362259,0.18653717637062073,0.4957750737667084,0.00023336955928243697,2.92633001164333e-11,1.6810864167382533e-07,0.23389264941215515,0.08936792612075806,0.007279993034899235,0.0752861276268959,194.34165954589844,625.6339721679688,3.1690657229080155,0.4770066440105438,0.010655011050403118,0.0022360417060554028,0.8500394225120544
PINN20260517-KimLayered,4,477,physics,0.2883954346179962,0.038425225764513016,0.06026591360569,0.10909610241651535,0.01794261671602726,0.01770150288939476,0.16488897800445557,0.15828461945056915,0.18649441003799438,0.49598392844200134,0.0002339277561986819,2.952113206666773e-11,1.6694343685230706e-07,0.2308942973613739,0.08938644081354141,0.007284816354513168,0.07484480738639832,195.90342712402344,627.0234375,3.1730495816628994,0.4770115613937378,0.01066621020436287,0.0022390142548829317,0.8500915765762329
PINN20260517-KimLayered,4,479,physics,0.28768736124038696,0.03828144818544388,0.0600699819624424,0.10910304635763168,0.017859986051917076,0.01763986051082611,0.16455350816249847,0.15751266479492188,0.18641942739486694,0.4961421489715576,0.0002342016960028559,2.967667778186467e-11,1.6688166226686008e-07,0.23014025390148163,0.08940128982067108,0.007288210093975067,0.07473298162221909,194.7636260986328,628.8793334960938,3.1778545956623567,0.47701525688171387,0.010672586038708687,0.0022407774813473225,0.8501262068748474
PINN20260517-KimLayered,4,482,physics,0.2866228520870209,0.03802405297756195,0.0595887266099453,0.10907729715108871,0.017833497375249863,0.017615778371691704,0.16445955634117126,0.15726616978645325,0.18627582490444183,0.4964035153388977,0.00023462400713469833,2.989716113566132e-11,1.670560152433609e-07,0.23024438321590424,0.08942508697509766,0.007293486502021551,0.07474249601364136,192.95660400390625,631.8259887695312,3.1724016405805155,0.4770241379737854,0.010682420805096626,0.00224342942237854,0.8501774668693542
PINN20260517-KimLayered,4,484,physics,0.28607746958732605,0.037889741361141205,0.05949373170733452,0.1088554784655571,0.01769608072936535,0.017518363893032074,0.16545768082141876,0.15725156664848328,0.18623387813568115,0.49655309319496155,0.0002349382557440549,3.005041701586997e-11,1.6548708003938373e-07,0.2288222461938858,0.08943406492471695,0.007296611089259386,0.0745338723063469,193.0657501220703,633.3880615234375,3.173800676872264,0.4770295023918152,0.010689317248761654,0.0022452743723988533,0.8502097725868225
PINN20260517-KimLayered,5,1,pretrain,31.242294311523438,3.4197909832000732,7.213249206542969,2.699573040008545,2.2696421146392822,2.0360946655273438,123.96464538574219,0.7627883553504944,0.7163317799568176,0.0,0.0,0.0,0.0,0.0,0.0,0.0,0.0,4165.74267578125,3698.01171875,46.17267552319771,0.3892632722854614,0.005076693370938301,0.001025742501951754,0.7982869744300842
PINN20260517-KimLayered,5,5,pretrain,30.1881160736084,3.3771822452545166,6.943039894104004,2.8101353645324707,2.2397282123565674,1.9603558778762817,117.23786926269531,0.5359057784080505,0.6382939219474792,0.0,0.0,0.0,0.0,0.0,0.0,0.0,0.0,4115.080078125,3649.388916015625,43.7592630071909,0.39286983013153076,0.0052329171448946,0.0010564470430836082,0.7995296120643616
PINN20260517-KimLayered,5,8,pretrain,29.161537170410156,3.334961175918579,6.670666694641113,2.862806558609009,2.2116830348968506,1.8942385911941528,110.80196380615234,0.4759501814842224,0.5815117359161377,0.0,0.0,0.0,0.0,0.0,0.0,0.0,0.0,4067.50244140625,3603.45654296875,41.41405711868036,0.39579978585243225,0.005424418952316046,0.001096530701033771,0.8004192113876343
PINN20260517-KimLayered,5,12,pretrain,27.50060272216797,3.2613134384155273,6.245847702026367,2.912844657897949,2.163302421569824,1.789509892463684,100.5246353149414,0.4686749279499054,0.5102090239524841,0.0,0.0,0.0,0.0,0.0,0.0,0.0,0.0,3985.390625,3523.776611328125,37.698963979254806,0.4001320004463196,0.005725198891013861,0.0011573705123737454,0.801588237285614
PINN20260517-KimLayered,5,16,pretrain,25.44788360595703,3.1599955558776855,5.74857234954834,2.9160563945770264,2.098389148712158,1.6638904809951782,88.25323486328125,0.4392307698726654,0.45174169540405273,0.0,0.0,0.0,0.0,0.0,0.0,0.0,0.0,3874.871337890625,3415.85986328125,33.33666335022899,0.4049081802368164,0.006066103000193834,0.0012260627700015903,0.8027331233024597
PINN20260517-KimLayered,5,20,pretrain,22.957523345947266,3.0211591720581055,5.187689781188965,2.8171911239624023,2.0131735801696777,1.518920660018921,74.02203369140625,0.44106221199035645,0.41452860832214355,0.0,0.0,0.0,0.0,0.0,0.0,0.0,0.0,3728.17041015625,3271.82470703125,28.349191567933612,0.40999406576156616,0.006458326708525419,0.0013047967804595828,0.803871214389801
PINN20260517-KimLayered,5,23,pretrain,20.795202255249023,2.8888912200927734,4.7445902824401855,2.618593215942383,1.9357424974441528,1.4039360284805298,62.29987335205078,0.434361070394516,0.40240612626075745,0.0,0.0,0.0,0.0,0.0,0.0,0.0,0.0,3594.41748046875,3140.205810546875,24.312390695142373,0.4138869643211365,0.0067826928570866585,0.0013695681700482965,0.8047346472740173
PINN20260517-KimLayered,5,27,pretrain,17.582582473754883,2.678147554397583,4.157295227050781,2.1113216876983643,1.818524718284607,1.2519142627716064,45.920989990234375,0.41892555356025696,0.40142515301704407,0.0,0.0,0.0,0.0,0.0,0.0,0.0,0.0,3393.431884765625,2943.10107421875,18.864342399298955,0.419028639793396,0.007242340594530106,0.0014608846977353096,0.8059301972389221
PINN20260517-KimLayered,5,31,pretrain,14.217677116394043,2.4394514560699463,3.621171712875366,1.3309478759765625,1.6938703060150146,1.114774227142334,30.017223358154297,0.41916733980178833,0.40642625093460083,0.0,0.0,0.0,0.0,0.0,0.0,0.0,0.0,3184.559326171875,2741.329833984375,13.870673891067971,0.4239426255226135,0.007713118102401495,0.0015538447769358754,0.8072196841239929
PINN20260517-KimLayered,5,34,pretrain,11.937297821044922,2.251340389251709,3.2645137310028076,0.761550784111023,1.6006050109863281,1.02680504322052,20.093761444091797,0.40859463810920715,0.40848472714424133,0.0,0.0,0.0,0.0,0.0,0.0,0.0,0.0,3032.1015625,2597.96728515625,10.84397433278029,0.42737847566604614,0.008060144260525703,0.0016219894168898463,0.8082759976387024
PINN20260517-KimLayered,5,38,pretrain,9.821582794189453,2.005735397338867,2.8621420860290527,0.41660797595977783,1.4788227081298828,0.9253228902816772,12.229181289672852,0.4071882367134094,0.4058608114719391,0.0,0.0,0.0,0.0,0.0,0.0,0.0,0.0,2838.831787109375,2423.243408203125,8.55247470933197,0.43160152435302734,0.008502491749823093,0.0017086374573409557,0.8098545670509338
PINN20260517-KimLayered,5,42,pretrain,9.290897369384766,1.8274507522583008,2.5780885219573975,0.8492971062660217,1.3623296022415161,0.8378705382347107,11.85720443725586,0.3998689651489258,0.39829814434051514,0.0,0.0,0.0,0.0,0.0,0.0,0.0,0.0,2664.523681640625,2272.522216796875,8.303969735654961,0.4354727864265442,0.008901565335690975,0.0017875663470476866,0.8116419911384583
PINN20260517-KimLayered,5,46,pretrain,8.775534629821777,1.6712818145751953,2.3437108993530273,1.0956439971923828,1.2569568157196045,0.764380156993866,11.671780586242676,0.3934302031993866,0.3914993405342102,0.0,0.0,0.0,0.0,0.0,0.0,0.0,0.0,2516.248779296875,2146.600341796875,7.804152066849949,0.4389793574810028,0.009231268428266048,0.0018519662553444505,0.8135343194007874
PINN20260517-KimLayered,5,49,pretrain,8.106125831604004,1.5643713474273682,2.1928460597991943,0.9684686064720154,1.1849929094314575,0.7162740230560303,10.220586776733398,0.3899643123149872,0.38868841528892517,0.0,0.0,0.0,0.0,0.0,0.0,0.0,0.0,2418.14599609375,2063.056396484375,6.8973810758844785,0.44137993454933167,0.009439917281270027,0.0018914833199232817,0.814961850643158
PINN20260517-KimLayered,5,53,pretrain,6.9475321769714355,1.4308329820632935,2.0157389640808105,0.4971844255924225,1.0950454473495483,0.6582848429679871,7.108380317687988,0.38346365094184875,0.38716670870780945,0.0,0.0,0.0,0.0,0.0,0.0,0.0,0.0,2297.603271484375,1959.8863525390625,5.395726459346739,0.44429975748062134,0.009686815552413464,0.0019373486284166574,0.8168532252311707
PINN20260517-KimLayered,5,57,pretrain,5.960561752319336,1.3069417476654053,1.853748083114624,0.17239490151405334,1.0069708824157715,0.6039947271347046,4.444657325744629,0.3782941699028015,0.38590696454048157,0.0,0.0,0.0,0.0,0.0,0.0,0.0,0.0,2181.453369140625,1860.8568115234375,4.801250589539422,0.4469282031059265,0.009922842495143414,0.001982510555535555,0.8187508583068848
PINN20260517-KimLayered,5,60,pretrain,5.662445068359375,1.2253490686416626,1.74051833152771,0.2618994116783142,0.9398472905158997,0.5645930767059326,4.293587684631348,0.37360045313835144,0.3842875063419342,0.0,0.0,0.0,0.0,0.0,0.0,0.0,0.0,2096.027587890625,1788.9251708984375,4.810869378697207,0.44870612025260925,0.010107734240591526,0.002020506886765361,0.8201746344566345
PINN20260517-KimLayered,5,64,pretrain,5.097606658935547,1.104526400566101,1.582024335861206,0.28141355514526367,0.8510782718658447,0.5147093534469604,3.47804856300354,0.3681488037109375,0.3815763592720032,0.0,0.0,0.0,0.0,0.0,0.0,0.0,0.0,1986.9205322265625,1698.044189453125,4.319386635475998,0.4507926404476166,0.010360628366470337,0.002074952470138669,0.822006344795227
PINN20260517-KimLayered,5,68,pretrain,4.470580577850342,0.9828938245773315,1.4232033491134644,0.23610153794288635,0.7631441950798035,0.4669922888278961,2.457418918609619,0.36259764432907104,0.3789308965206146,0.0,0.0,0.0,0.0,0.0,0.0,0.0,0.0,1880.6260986328125,1610.2781982421875,3.6911647969265378,0.4526573419570923,0.010615714825689793,0.0021314008627086878,0.8237913846969604
PINN20260517-KimLayered,5,72,pretrain,3.974668025970459,0.8737469911575317,1.2722663879394531,0.19173000752925873,0.6746945977210999,0.4196454882621765,2.184636116027832,0.35673967003822327,0.3766593933105469,0.0,0.0,0.0,0.0,0.0,0.0,0.0,0.0,1775.08056640625,1523.1527099609375,3.51059559086723,0.45443764328956604,0.010869336314499378,0.0021885728929191828,0.8255874514579773
PINN20260517-KimLayered,5,75,pretrain,3.6495821475982666,0.7912697792053223,1.1602447032928467,0.1899741291999817,0.6094083189964294,0.3846777081489563,2.2327966690063477,0.35224035382270813,0.37508004903793335,0.0,0.0,0.0,0.0,0.0,0.0,0.0,0.0,1697.2152099609375,1458.3087158203125,3.381654658912894,0.4557422995567322,0.011051762849092484,0.0022303625009953976,0.8269302248954773
PINN20260517-KimLayered,5,79,pretrain,3.144202709197998,0.6892266869544983,1.0238664150238037,0.1592416763305664,0.5267478823661804,0.3394567668437958,1.5647635459899902,0.34606850147247314,0.37282466888427734,0.0,0.0,0.0,0.0,0.0,0.0,0.0,0.0,1595.5966796875,1373.2010498046875,3.1595037136908286,0.4574052691459656,0.01127557922154665,0.0022825205232948065,0.8286882042884827
PINN20260517-KimLayered,5,83,pretrain,2.7181100845336914,0.5914638638496399,0.8928020000457764,0.14187301695346832,0.44984403252601624,0.2961597442626953,1.3482158184051514,0.33962482213974,0.3702509105205536,0.0,0.0,0.0,0.0,0.0,0.0,0.0,0.0,1498.7000732421875,1294.5428466796875,3.017479314729551,0.45886263251304626,0.01148613914847374,0.002333257347345352,0.8304165005683899
PINN20260517-KimLayered,5,86,pretrain,2.4403700828552246,0.5232372283935547,0.8007941246032715,0.14910468459129333,0.39746251702308655,0.2665921449661255,1.2695896625518799,0.3345559239387512,0.36822426319122314,0.0,0.0,0.0,0.0,0.0,0.0,0.0,0.0,1433.8597412109375,1245.5718994140625,2.9073265816434306,0.45972001552581787,0.011635230854153633,0.00237031327560544,0.8316888213157654
PINN20260517-KimLayered,5,90,pretrain,2.1265151500701904,0.44982898235321045,0.6954634189605713,0.14421431720256805,0.33695855736732483,0.23198112845420837,1.1610987186431885,0.327470064163208,0.36542919278144836,0.0,0.0,0.0,0.0,0.0,0.0,0.0,0.0,1365.700927734375,1201.3553466796875,2.8907233212684824,0.4604443609714508,0.011817176826298237,0.0024164263159036636,0.8333572745323181
PINN20260517-KimLayered,5,94,pretrain,1.8886969089508057,0.3958924412727356,0.6057237386703491,0.1594046801328659,0.28865960240364075,0.20272083580493927,1.0022034645080566,0.3198346793651581,0.36254748702049255,0.0,0.0,0.0,0.0,0.0,0.0,0.0,0.0,1321.39794921875,1183.1080322265625,2.7666858640476146,0.46068552136421204,0.011999481357634068,0.0024622399359941483,0.8349680304527283
PINN20260517-KimLayered,5,98,pretrain,1.7294297218322754,0.3627932071685791,0.5429141521453857,0.1487988829612732,0.255540668964386,0.18104110658168793,0.9348636865615845,0.3115704357624054,0.359547883272171,0.0,0.0,0.0,0.0,0.0,0.0,0.0,0.0,1298.3260498046875,1185.27734375,2.6871967900207414,0.46062520146369934,0.012167450040578842,0.002502192510291934,0.8364703059196472
PINN20260517-KimLayered,5,101,pretrain,1.659935474395752,0.3489704132080078,0.5108853578567505,0.15077409148216248,0.24190479516983032,0.17014248669147491,0.8796049356460571,0.305331289768219,0.3572426438331604,0.0,0.0,0.0,0.0,0.0,0.0,0.0,0.0,1289.2791748046875,1192.6539306640625,2.6359612281494513,0.4604153037071228,0.012264725752174854,0.002523413859307766,0.83742755651474
PINN20260517-KimLayered,5,105,pretrain,1.604405403137207,0.3388088643550873,0.48446160554885864,0.14065994322299957,0.23671147227287292,0.16079166531562805,0.8558694124221802,0.2975481450557709,0.35394635796546936,0.0,0.0,0.0,0.0,0.0,0.0,0.0,0.0,1274.9786376953125,1196.087158203125,2.582350637703034,0.4599088728427887,0.012320567853748798,0.0025322912260890007,0.8383705019950867
PINN20260517-KimLayered,5,109,pretrain,1.5621062517166138,0.32989561557769775,0.46967241168022156,0.13615946471691132,0.23883911967277527,0.15567700564861298,0.811229944229126,0.2909103333950043,0.35035020112991333,0.0,0.0,0.0,0.0,0.0,0.0,0.0,0.0,1247.3988037109375,1181.7799072265625,2.5425244018968614,0.45918548107147217,0.012287183664739132,0.002519401488825679,0.8388983607292175
PINN20260517-KimLayered,5,112,pretrain,1.5310546159744263,0.32192763686180115,0.4626557230949402,0.13701722025871277,0.2411900907754898,0.15338028967380524,0.7755506038665771,0.2868879437446594,0.34741389751434326,0.0,0.0,0.0,0.0,0.0,0.0,0.0,0.0,1217.911376953125,1159.5660400390625,2.4928001135572533,0.45855534076690674,0.012213164940476418,0.002498399233445525,0.8390557765960693
PINN20260517-KimLayered,5,116,pretrain,1.490871787071228,0.31039172410964966,0.45730605721473694,0.13313689827919006,0.24312356114387512,0.15167894959449768,0.7703291773796082,0.28269651532173157,0.34319329261779785,0.0,0.0,0.0,0.0,0.0,0.0,0.0,0.0,1172.706298828125,1120.5452880859375,2.4349136284065347,0.45767346024513245,0.012070679105818272,0.0024608394596725702,0.83905029296875
PINN20260517-KimLayered,5,120,pretrain,1.4547662734985352,0.29971832036972046,0.45448195934295654,0.13369886577129364,0.24363158643245697,0.1509317308664322,0.7502752542495728,0.2796967625617981,0.33871060609817505,0.0,0.0,0.0,0.0,0.0,0.0,0.0,0.0,1128.49609375,1078.9932861328125,2.3711303347017707,0.45679548382759094,0.011906701140105724,0.0024189285468310118,0.8389356136322021
PINN20260517-KimLayered,5,124,pretrain,1.423125147819519,0.2901015877723694,0.4519128203392029,0.1356705278158188,0.24300746619701385,0.1503109633922577,0.7363893985748291,0.277634859085083,0.33408239483833313,0.0,0.0,0.0,0.0,0.0,0.0,0.0,0.0,1089.128662109375,1039.964599609375,2.3167035074073756,0.45594871044158936,0.011743810959160328,0.002377919852733612,0.8388349413871765
PINN20260517-KimLayered,5,127,pretrain,1.3991649150848389,0.28303614258766174,0.4487614333629608,0.13614892959594727,0.24183683097362518,0.14939086139202118,0.7321196794509888,0.2764554023742676,0.3305950164794922,0.0,0.0,0.0,0.0,0.0,0.0,0.0,0.0,1062.6243896484375,1013.1661376953125,2.289996658635232,0.4553292691707611,0.011631629429757595,0.002349993446841836,0.8388134241104126
PINN20260517-KimLayered,5,131,pretrain,1.3630802631378174,0.2729331851005554,0.4417113959789276,0.13801869750022888,0.23943175375461578,0.14711083471775055,0.7178786993026733,0.27511805295944214,0.32601410150527954,0.0,0.0,0.0,0.0,0.0,0.0,0.0,0.0,1030.1785888671875,980.874755859375,2.2525764216953914,0.45449721813201904,0.011502537876367569,0.0023182013537734747,0.838872492313385
PINN20260517-KimLayered,5,135,pretrain,1.3222570419311523,0.26200979948043823,0.4322251081466675,0.13730068504810333,0.23634204268455505,0.14384320378303528,0.7089172601699829,0.27391019463539124,0.32158520817756653,0.0,0.0,0.0,0.0,0.0,0.0,0.0,0.0,999.6436157226562,951.5667724609375,2.215777808098656,0.4536420702934265,0.011394579894840717,0.002292093588039279,0.8390069603919983
PINN20260517-KimLayered,5,138,pretrain,1.2905306816101074,0.25351661443710327,0.42428717017173767,0.1371707171201706,0.23376110196113586,0.14105738699436188,0.7028264403343201,0.27304065227508545,0.3184073865413666,0.0,0.0,0.0,0.0,0.0,0.0,0.0,0.0,977.2322998046875,930.3074951171875,2.192923733121283,0.4529847502708435,0.011322337202727795,0.002274760277941823,0.8391265869140625
PINN20260517-KimLayered,5,142,pretrain,1.2486331462860107,0.24212560057640076,0.41381245851516724,0.13891185820102692,0.22993937134742737,0.13738539814949036,0.6915457248687744,0.2718998193740845,0.3144228756427765,0.0,0.0,0.0,0.0,0.0,0.0,0.0,0.0,947.3137817382812,901.2015991210938,2.1624043894322376,0.452098548412323,0.011228037066757679,0.002251892816275358,0.8392670750617981
PINN20260517-KimLayered,5,146,pretrain,1.2074211835861206,0.2307615578174591,0.40463000535964966,0.140155628323555,0.22536662220954895,0.13425695896148682,0.6842655539512634,0.27076268196105957,0.31078872084617615,0.0,0.0,0.0,0.0,0.0,0.0,0.0,0.0,916.9127807617188,869.8469848632812,2.1335958794808154,0.4512152671813965,0.011127414181828499,0.0022267778404057026,0.8393495082855225
PINN20260517-KimLayered,5,150,pretrain,1.1670265197753906,0.21953076124191284,0.3971654772758484,0.1419970840215683,0.21986019611358643,0.13178785145282745,0.6733416318893433,0.2696017026901245,0.3074599504470825,0.0,0.0,0.0,0.0,0.0,0.0,0.0,0.0,887.2796630859375,838.0047607421875,2.1027353481291855,0.4503541886806488,0.011019706726074219,0.0021986053325235844,0.8393594026565552
PINN20260517-KimLayered,5,153,pretrain,1.1373600959777832,0.21139144897460938,0.3924339711666107,0.14318843185901642,0.2152395248413086,0.1302422732114792,0.6621045470237732,0.26867014169692993,0.305117130279541,0.0,0.0,0.0,0.0,0.0,0.0,0.0,0.0,866.7101440429688,816.2708740234375,2.0761956468570637,0.4497457444667816,0.0109386146068573,0.0021761120297014713,0.8393235802650452
PINN20260517-KimLayered,5,157,pretrain,1.098191499710083,0.2009751796722412,0.3868882358074188,0.1419084370136261,0.20872153341770172,0.12840859591960907,0.6506389379501343,0.26730579137802124,0.30213412642478943,0.0,0.0,0.0,0.0,0.0,0.0,0.0,0.0,841.6094970703125,791.807373046875,2.0422416702700006,0.44902804493904114,0.010836522094905376,0.002145450795069337,0.8392304182052612
PINN20260517-KimLayered,5,161,pretrain,1.0589001178741455,0.19095104932785034,0.38195931911468506,0.13905824720859528,0.2019713968038559,0.1267642378807068,0.6337935924530029,0.26582205295562744,0.2992623746395111,0.0,0.0,0.0,0.0,0.0,0.0,0.0,0.0,817.9815673828125,771.2787475585938,2.0111584858593847,0.448451429605484,0.010743002407252789,0.002114376751706004,0.8390973210334778
PINN20260517-KimLayered,5,164,pretrain,1.0293320417404175,0.18348428606987,0.3786461651325226,0.13739368319511414,0.196833997964859,0.12567701935768127,0.6154656410217285,0.2646902799606323,0.29717960953712463,0.0,0.0,0.0,0.0,0.0,0.0,0.0,0.0,800.4773559570312,757.066650390625,1.9845199838614471,0.4481104016304016,0.010675652883946896,0.0020905688870698214,0.8389778733253479
PINN20260517-KimLayered,5,168,pretrain,0.9885408878326416,0.17337441444396973,0.37458372116088867,0.13346564769744873,0.1900452822446823,0.12438440322875977,0.5894867181777954,0.26321110129356384,0.29449355602264404,0.0,0.0,0.0,0.0,0.0,0.0,0.0,0.0,777.1282348632812,739.0838623046875,1.9429949522711636,0.44777336716651917,0.010587477125227451,0.0020587837789207697,0.8388034701347351
PINN20260517-KimLayered,5,172,pretrain,0.9484087228775024,0.16330787539482117,0.37051627039909363,0.12998968362808228,0.18357011675834656,0.12313810735940933,0.564624547958374,0.26178789138793945,0.2919021248817444,0.0,0.0,0.0,0.0,0.0,0.0,0.0,0.0,753.9375610351562,722.9486083984375,1.9122095932018306,0.44757524132728577,0.010502819903194904,0.0020286557264626026,0.8386306166648865
PINN20260517-KimLayered,5,176,pretrain,0.9138492941856384,0.15370388329029083,0.3663524389266968,0.1290678083896637,0.17761051654815674,0.12178368866443634,0.561622142791748,0.2603902220726013,0.28938472270965576,0.0,0.0,0.0,0.0,0.0,0.0,0.0,0.0,731.143310546875,709.6814575195312,1.8977407088215075,0.44755128026008606,0.010427203960716724,0.0020022776443511248,0.8384807705879211
PINN20260517-KimLayered,5,179,pretrain,0.8890108466148376,0.14685054123401642,0.36293497681617737,0.12943734228610992,0.17350873351097107,0.12065009772777557,0.5547724962234497,0.2593390941619873,0.287535160779953,0.0,0.0,0.0,0.0,0.0,0.0,0.0,0.0,714.3364868164062,701.431884765625,1.883181911441968,0.44766688346862793,0.010378402657806873,0.00198539812117815,0.8383882641792297
PINN20260517-KimLayered,5,183,pretrain,0.8558853268623352,0.1382192075252533,0.35804587602615356,0.1295379102230072,0.16846784949302673,0.11904338002204895,0.5345766544342041,0.2579587697982788,0.2851329743862152,0.0,0.0,0.0,0.0,0.0,0.0,0.0,0.0,692.4686889648438,691.841552734375,1.8618555121662834,0.4479711055755615,0.010319906286895275,0.001965845236554742,0.8382840752601624
PINN20260517-KimLayered,5,187,pretrain,0.8251180052757263,0.13020822405815125,0.35314348340034485,0.12861748039722443,0.16378366947174072,0.1174016147851944,0.5219780206680298,0.2566293478012085,0.28282541036605835,0.0,0.0,0.0,0.0,0.0,0.0,0.0,0.0,671.395263671875,683.2628173828125,1.8450871318556823,0.44838589429855347,0.010262289084494114,0.0019481944618746638,0.8381893038749695
PINN20260517-KimLayered,5,190,pretrain,0.8033291101455688,0.12460498511791229,0.3493768572807312,0.12715528905391693,0.1604534089565277,0.11615428328514099,0.5163289308547974,0.25566232204437256,0.2811574935913086,0.0,0.0,0.0,0.0,0.0,0.0,0.0,0.0,656.3568115234375,677.5266723632812,1.8346509802011834,0.44875314831733704,0.010218111798167229,0.001935704261995852,0.8381194472312927
PINN20260517-KimLayered,5,194,pretrain,0.7765397429466248,0.11775918304920197,0.344124436378479,0.1258290410041809,0.15624524652957916,0.11447042971849442,0.5092051029205322,0.2543850541114807,0.27900776267051697,0.0,0.0,0.0,0.0,0.0,0.0,0.0,0.0,637.7330322265625,670.808837890625,1.822355426362846,0.449334979057312,0.010159683413803577,0.0019199992530047894,0.8380268812179565
PINN20260517-KimLayered,5,198,pretrain,0.752672553062439,0.11174747347831726,0.3388108015060425,0.1251227855682373,0.15227705240249634,0.1127869263291359,0.5020861625671387,0.253117173910141,0.2769448459148407,0.0,0.0,0.0,0.0,0.0,0.0,0.0,0.0,620.9739379882812,664.845947265625,1.8103411360815729,0.45002707839012146,0.010102142579853535,0.001905168523080647,0.8379330635070801
PINN20260517-KimLayered,5,202,pretrain,0.731158435344696,0.10654520988464355,0.3335812985897064,0.12425467371940613,0.1485406756401062,0.11113620549440384,0.49384868144989014,0.25187304615974426,0.27497851848602295,0.0,0.0,0.0,0.0,0.0,0.0,0.0,0.0,606.1256103515625,659.4360961914062,1.79639944624233,0.4507989287376404,0.0100436732172966,0.0018907018238678575,0.8378344178199768
PINN20260517-KimLayered,5,205,pretrain,0.7166533470153809,0.10311710089445114,0.3297559320926666,0.12351201474666595,0.1459035575389862,0.1099318340420723,0.48880288004875183,0.25096315145492554,0.2735714018344879,0.0,0.0,0.0,0.0,0.0,0.0,0.0,0.0,596.1757202148438,655.7500610351562,1.7857245618307,0.4514038562774658,0.009998300112783909,0.0018798664677888155,0.8377572298049927
PINN20260517-KimLayered,5,209,pretrain,0.6995025277137756,0.09910919517278671,0.3249471187591553,0.12240958213806152,0.14263388514518738,0.10838839411735535,0.48467332124710083,0.24977140128612518,0.2717835605144501,0.0,0.0,0.0,0.0,0.0,0.0,0.0,0.0,584.3824462890625,651.3104858398438,1.7723098889550752,0.4522272050380707,0.009936594404280186,0.0018655267776921391,0.8376536965370178
PINN20260517-KimLayered,5,213,pretrain,0.6844008564949036,0.09564962983131409,0.3204996883869171,0.12153782695531845,0.13965611159801483,0.10694796591997147,0.4802989363670349,0.24859650433063507,0.2700926959514618,0.0,0.0,0.0,0.0,0.0,0.0,0.0,0.0,574.087158203125,647.2952880859375,1.761227787880946,0.45306292176246643,0.009875231422483921,0.0018515319097787142,0.8375537991523743
PINN20260517-KimLayered,5,216,pretrain,0.67418372631073,0.09334983676671982,0.31738051772117615,0.12113356590270996,0.13760197162628174,0.10595153272151947,0.476163387298584,0.24772891402244568,0.2688896954059601,0.0,0.0,0.0,0.0,0.0,0.0,0.0,0.0,567.1875610351562,644.5687255859375,1.7538152997412009,0.453685462474823,0.009829365648329258,0.0018412177450954914,0.8374820351600647
PINN20260517-KimLayered,5,220,pretrain,0.6618531346321106,0.09060985594987869,0.3134913444519043,0.12054624408483505,0.13507281243801117,0.10471759736537933,0.47155219316482544,0.24659611284732819,0.2673743665218353,0.0,0.0,0.0,0.0,0.0,0.0,0.0,0.0,558.8697509765625,641.3845825195312,1.744213641753544,0.45449045300483704,0.009767654351890087,0.0018275667680427432,0.837389349937439
PINN20260517-KimLayered,5,224,physics,0.6791782975196838,0.08817888796329498,0.3098803758621216,0.11980846524238586,0.13274501264095306,0.10356979817152023,0.4683351516723633,0.24549052119255066,0.26595789194107056,0.7792232036590576,0.00011146869655931368,0.00046530397958122194,7.892722209135172e-08,0.5153183937072754,0.09038612246513367,0.008865191601216793,0.08711938560009003,551.3916625976562,638.6842651367188,1.734259128821984,0.4552591145038605,0.009701535105705261,0.0018180153565481305,0.837299108505249
PINN20260517-KimLayered,5,228,physics,0.6686936020851135,0.08600519597530365,0.3064490258693695,0.11899919807910919,0.1305847465991974,0.10248467326164246,0.4655207395553589,0.24440810084342957,0.2646338939666748,0.7625913619995117,0.0001048116318997927,0.0004668734909500927,8.043474508667714e-08,0.5149478912353516,0.0903647243976593,0.008887103758752346,0.08685271441936493,544.6480712890625,636.1824951171875,1.725004074551681,0.4559980034828186,0.009627862833440304,0.001815049909055233,0.837212085723877
PINN20260517-KimLayered,5,231,physics,0.6613197922706604,0.08451284468173981,0.3039264976978302,0.11843843758106232,0.12906332314014435,0.10169602185487747,0.46341773867607117,0.24361489713191986,0.263698548078537,0.7487842440605164,9.998159657698125e-05,0.0004759088915307075,8.165414300265184e-08,0.514685332775116,0.09037992358207703,0.008902744390070438,0.0866716057062149,539.9887084960938,634.3901977539062,1.7187318695583491,0.4565325081348419,0.009568152949213982,0.0018169465474784374,0.8371496796607971
PINN20260517-KimLayered,5,235,physics,0.6522375345230103,0.08265991508960724,0.3006129860877991,0.11774398386478424,0.1271490752696991,0.10066451132297516,0.4609755277633667,0.24259443581104279,0.2625259459018707,0.7394634485244751,9.360853437101468e-05,0.00048762783990241587,8.331097234304252e-08,0.5143431425094604,0.09042948484420776,0.008921081200242043,0.08644502609968185,534.1701049804688,632.2993774414062,1.7114254493667862,0.45720550417900085,0.009478638879954815,0.0018208795227110386,0.8370690941810608
PINN20260517-KimLayered,5,239,physics,0.643854022026062,0.08094282448291779,0.29736655950546265,0.11704902350902557,0.1253475695848465,0.09965317696332932,0.4590592682361603,0.24162957072257996,0.26143375039100647,0.7368602156639099,8.705735672265291e-05,0.0004946050466969609,8.495245396034079e-08,0.5140071511268616,0.09050486981868744,0.008936441503465176,0.08623041957616806,528.75439453125,630.47705078125,1.7042497768723273,0.45783206820487976,0.009370017796754837,0.0018154768040403724,0.8369907140731812
PINN20260517-KimLayered,5,242,physics,0.6377964615821838,0.07974812388420105,0.29498952627182007,0.11647922545671463,0.12405991554260254,0.09891099482774734,0.45772117376327515,0.24094492197036743,0.26066312193870544,0.7299597859382629,8.18026383058168e-05,0.0005015383940190077,8.618510349833741e-08,0.5137677788734436,0.09057985246181488,0.008947028778493404,0.08607994019985199,524.95751953125,629.1201782226562,1.6986584067378603,0.45828020572662354,0.00926822517067194,0.0018023625016212463,0.8369336128234863
PINN20260517-KimLayered,5,246,physics,0.6299481391906738,0.07826558500528336,0.2919163405895233,0.11575836688280106,0.12241234630346298,0.09794721752405167,0.45556318759918213,0.24009539186954498,0.25969481468200684,0.712306797504425,7.383115735137835e-05,0.0005117745022289455,8.788349958877006e-08,0.5134626626968384,0.09069935232400894,0.008960087783634663,0.08588983118534088,520.1983032226562,627.353759765625,1.6905578268060568,0.45885172486305237,0.009090297855436802,0.0017747193342074752,0.836859405040741
PINN20260517-KimLayered,5,250,physics,0.6224415898323059,0.07688477635383606,0.2889634668827057,0.11507139354944229,0.1208304688334465,0.09701503813266754,0.45310771465301514,0.2393210381269455,0.2587873339653015,0.6923132538795471,6.46292173769325e-05,0.0005163430469110608,8.964749298456809e-08,0.5131639242172241,0.0908321663737297,0.00897139497101307,0.08570440858602524,515.72998046875,625.7119140625,1.6821036035815515,0.45939040184020996,0.008853321895003319,0.0017385244136676192,0.8367867469787598
PINN20260517-KimLayered,5,254,physics,0.6155341267585754,0.07559145241975784,0.2861136496067047,0.11436247825622559,0.11931018531322479,0.09611672908067703,0.4507373869419098,0.23860594630241394,0.25793373584747314,0.6847755908966064,5.5858949053799734e-05,0.0005160253494977951,9.143841595005142e-08,0.5128759741783142,0.09097713977098465,0.008981335908174515,0.08552557975053787,511.5325012207031,624.1058959960938,1.6742421375372554,0.45989882946014404,0.008592573925852776,0.0017011554446071386,0.8367156386375427
PINN20260517-KimLayered,5,257,physics,0.6107503771781921,0.07467661798000336,0.2840413451194763,0.11378908157348633,0.11821452528238297,0.0954650416970253,0.4490183889865875,0.23809601366519928,0.25732553005218506,0.6886125802993774,5.132299702381715e-05,0.0005128554766997695,9.277809454033559e-08,0.5126683712005615,0.09109290689229965,0.008988060057163239,0.08539880067110062,508.54608154296875,622.929443359375,1.6686334544808077,0.4602615237236023,0.00844330433756113,0.0016798173310235143,0.8366634845733643
PINN20260517-KimLayered,5,261,physics,0.6045960783958435,0.07352150976657867,0.2813645303249359,0.11305370926856995,0.11681041866540909,0.09462367743253708,0.44651469588279724,0.23744697868824005,0.2565561830997467,0.692006528377533,4.803763295058161e-05,0.0005021209944970906,9.456613980773909e-08,0.5123950839042664,0.09125237166881561,0.008995827287435532,0.08523750305175781,504.7463684082031,621.4634399414062,1.6609296652835708,0.4607187807559967,0.008343088440597057,0.0016641007969155908,0.8365946412086487
PINN20260517-KimLayered,5,265,physics,0.5985830426216125,0.07243479788303375,0.2787925899028778,0.11230617016553879,0.11545715481042862,0.0938127338886261,0.44386255741119385,0.2368423491716385,0.2558296024799347,0.6893310546875,4.647932291845791e-05,0.00048541463911533356,9.636260500656135e-08,0.512118399143219,0.09141655266284943,0.009002475067973137,0.08508079499006271,501.14178466796875,620.0316162109375,1.653109572640978,0.461148202419281,0.008321397937834263,0.0016584109980612993,0.8365261554718018
PINN20260517-KimLayered,5,268,physics,0.5942025184631348,0.07166086882352829,0.2769278287887573,0.11173468828201294,0.1144675686955452,0.09322404116392136,0.4417582154273987,0.23641490936279297,0.25530803203582764,0.6862345933914185,4.58971262560226e-05,0.00047121793613769114,9.773008002866845e-08,0.5119068026542664,0.09154371172189713,0.009007026441395283,0.0849647969007492,498.5557861328125,618.9382934570312,1.647234679863333,0.46145424246788025,0.008333872072398663,0.00165738130453974,0.8364744782447815
PINN20260517-KimLayered,5,272,physics,0.5885783433914185,0.07067357003688812,0.27451440691947937,0.11097070574760437,0.11317417025566101,0.09246203303337097,0.438884973526001,0.23587796092033386,0.25463855266571045,0.6840417385101318,4.5371707528829575e-05,0.0004493761225603521,9.958699820344918e-08,0.5116158723831177,0.09171754866838455,0.009012434631586075,0.08480893820524216,495.2366638183594,617.49365234375,1.6396754351884621,0.4618402421474457,0.008359618484973907,0.0016561738448217511,0.8364051580429077
PINN20260517-KimLayered,5,276,physics,0.583171010017395,0.06972916424274445,0.2721734046936035,0.11019620299339294,0.1119043156504631,0.0917227491736412,0.4360222816467285,0.23537184298038483,0.2539942264556885,0.6839053630828857,4.45364203187637e-05,0.0004244951705913991,1.0145799222982532e-07,0.511315107345581,0.09189596027135849,0.009017151780426502,0.0846501812338829,492.04815673828125,616.0479125976562,1.6324103656925506,0.46220171451568604,0.008363747037947178,0.001651417464017868,0.8363351821899414
PINN20260517-KimLayered,5,280,physics,0.5779160261154175,0.06882568448781967,0.26989907026290894,0.10937972366809845,0.11065717041492462,0.09100247919559479,0.4332137405872345,0.23489165306091309,0.2533707320690155,0.6837286949157715,4.312010787543841e-05,0.00039747596019878983,1.033119190196885e-07,0.5110097527503967,0.09207885712385178,0.009021315723657608,0.08448991924524307,488.97430419921875,614.59423828125,1.6251363904070508,0.4625411331653595,0.00833086296916008,0.0016419235616922379,0.8362653851509094
PINN20260517-KimLayered,5,283,physics,0.5740518569946289,0.06817302852869034,0.268232524394989,0.10875851660966873,0.10973790287971497,0.0904722586274147,0.43098995089530945,0.23454412817955017,0.252914696931839,0.6832374334335327,4.17971532442607e-05,0.00037539348704740405,1.0470279931951154e-07,0.5107800960540771,0.09221811592578888,0.009024025872349739,0.08436977118253708,486.7320556640625,613.5231323242188,1.6195111649016392,0.4627816379070282,0.008286109194159508,0.0016325927572324872,0.8362134099006653
PINN20260517-KimLayered,5,287,physics,0.5690006613731384,0.06733474135398865,0.26605990529060364,0.10795801877975464,0.10853557288646698,0.08977651596069336,0.42762506008148193,0.23409324884414673,0.25232017040252686,0.6826730370521545,3.9997710700845346e-05,0.00034367735497653484,1.065605843564299e-07,0.5104731321334839,0.09240586310625076,0.00902712531387806,0.08421138674020767,483.8157043457031,612.1298217773438,1.611458999629574,0.4630849063396454,0.008214076980948448,0.0016192500479519367,0.8361449241638184
PINN20260517-KimLayered,5,291,physics,0.5640071034431458,0.06650598347187042,0.26385319232940674,0.10697099566459656,0.10736008733510971,0.08909229934215546,0.4252943992614746,0.23364897072315216,0.251740425825119,0.6825069785118103,3.8440139178419486e-05,0.0003115625586360693,1.0834042996066273e-07,0.5101625919342041,0.092595674097538,0.009029913693666458,0.08405801653862,480.9816589355469,610.721923828125,1.60342476451709,0.46337273716926575,0.008144856430590153,0.0016069392440840602,0.8360775113105774
PINN20260517-KimLayered,5,294,physics,0.5603208541870117,0.06589137017726898,0.2622034549713135,0.10633370280265808,0.10649441182613373,0.08858435600996017,0.42329639196395874,0.23331739008426666,0.25131505727767944,0.6824160218238831,3.749371171579696e-05,0.00028571137227118015,1.0973481323617307e-07,0.5099157691001892,0.09273652732372284,0.009031573310494423,0.08394507318735123,478.8747253417969,609.86474609375,1.5965110920140702,0.463577538728714,0.008101862855255604,0.001599055714905262,0.8360272645950317
PINN20260517-KimLayered,5,298,physics,0.5554473400115967,0.0650896206498146,0.26007384061813354,0.10582176595926285,0.10535768419504166,0.08790954947471619,0.41870129108428955,0.2328738123178482,0.25075939297676086,0.6820564270019531,3.6490535421762615e-05,0.0002484872529748827,1.1197354865544185e-07,0.5095468163490295,0.0929223969578743,0.009033064357936382,0.08379767835140228,476.0690612792969,608.9752197265625,1.5896438985887829,0.4638338088989258,0.00805846881121397,0.0015902759041637182,0.8359606862068176
PINN20260517-KimLayered,5,302,physics,0.5505332946777344,0.06428933888673782,0.2579382658004761,0.10519646108150482,0.10423852503299713,0.08722705394029617,0.41424423456192017,0.2324262410402298,0.2502143681049347,0.6815515756607056,3.570596527424641e-05,0.00021429329353850335,1.1442147496154575e-07,0.5090849995613098,0.09311333298683167,0.009034677408635616,0.0836663767695427,473.19354248046875,608.6226806640625,1.583826273965291,0.46407777070999146,0.008027155883610249,0.001582800061441958,0.8358951210975647
PINN20260517-KimLayered,5,306,physics,0.5452525615692139,0.06340683996677399,0.2556411921977997,0.10432369261980057,0.10313183069229126,0.08648895472288132,0.41057270765304565,0.23197056353092194,0.24967679381370544,0.6810662150382996,3.501544051687233e-05,0.00017921508697327226,1.1666327282000566e-07,0.508292019367218,0.09330601990222931,0.009035797789692879,0.08357715606689453,469.79437255859375,611.4402465820312,1.5802450504841123,0.464302122592926,0.007999769411981106,0.0015755429631099105,0.835830569267273
PINN20260517-KimLayered,5,309,physics,0.5402545928955078,0.062488384544849396,0.2534624934196472,0.10337665677070618,0.10230100899934769,0.08578350394964218,0.408884733915329,0.23162291944026947,0.2492763251066208,0.6807165741920471,3.450491567491554e-05,0.0001493724703323096,1.1791905052405127e-07,0.506770670413971,0.09345076233148575,0.009035706520080566,0.08363311737775803,465.7522277832031,624.9686889648438,1.5856987174922588,0.4644463360309601,0.007977243512868881,0.0015697551425546408,0.8357833623886108
PINN20260517-KimLayered,5,313,physics,0.5331963896751404,0.06106782704591751,0.251247763633728,0.10216972976922989,0.10116831213235855,0.08504505455493927,0.4055030345916748,0.2311491072177887,0.24873784184455872,0.6802678108215332,3.389183621038683e-05,0.00010925259266514331,1.1769057550736761e-07,0.4976311922073364,0.09367745369672775,0.009034834802150726,0.08504603803157806,461.8816223144531,700.8801879882812,1.6386194120657605,0.46456092596054077,0.007942034862935543,0.0015614788280799985,0.8357285857200623
PINN20260517-KimLayered,5,317,physics,0.5264304876327515,0.05988967791199684,0.24772599339485168,0.10127858817577362,0.0999884381890297,0.083865225315094,0.40217310190200806,0.23067031800746918,0.24820277094841003,0.6796750426292419,3.3603555493755266e-05,7.197038212325424e-05,1.2177132191482087e-07,0.5007311701774597,0.09402171522378922,0.0090312659740448,0.0842340812087059,456.73638916015625,641.30908203125,1.5846543128864108,0.46441391110420227,0.007901594042778015,0.001552813802845776,0.835693359375
PINN20260517-KimLayered,5,320,physics,0.522799551486969,0.059337131679058075,0.245867520570755,0.10092335194349289,0.09904485940933228,0.08322400599718094,0.399014949798584,0.2303016632795334,0.247806578874588,0.679004967212677,3.341754199936986e-05,3.852622103295289e-05,1.245676060079859e-07,0.5025389194488525,0.0942913070321083,0.00902483705431223,0.08371022343635559,453.77276611328125,634.9736938476562,1.5733842604777235,0.46418869495391846,0.007867125794291496,0.0015458381967619061,0.8356609344482422
PINN20260517-KimLayered,5,324,physics,0.515535295009613,0.05796448886394501,0.24300584197044373,0.09998703002929688,0.09766096621751785,0.08224169909954071,0.3949697017669678,0.22979938983917236,0.24728231132030487,0.6782187819480896,3.318463859613985e-05,1.0160686542803887e-05,1.2554248485230346e-07,0.49702784419059753,0.09464316070079803,0.009017233736813068,0.08439101278781891,449.02685546875,669.5509033203125,1.591449285273338,0.46388182044029236,0.007820024155080318,0.001536429626867175,0.8355938196182251
PINN20260517-KimLayered,5,328,physics,0.5087071061134338,0.05677395313978195,0.24009452760219574,0.0987054631114006,0.09618334472179413,0.08127028495073318,0.39175331592559814,0.22937427461147308,0.2467735856771469,0.6776866912841797,3.3263222576351836e-05,1.2855019804192125e-06,1.287826307816431e-07,0.49690842628479004,0.0950661152601242,0.00901311356574297,0.08395613729953766,443.857666015625,636.5048217773438,1.557146795947083,0.46348533034324646,0.0077764797024428844,0.001527479151263833,0.8355117440223694
PINN20260517-KimLayered,5,332,physics,0.5017338395118713,0.05553305149078369,0.23728615045547485,0.0976746678352356,0.09462897479534149,0.08031366765499115,0.3876233696937561,0.22874361276626587,0.24624760448932648,0.6767847537994385,3.3378582884324715e-05,8.989790682700782e-12,1.3177732682834176e-07,0.49660566449165344,0.09546933323144913,0.009004034101963043,0.08343639969825745,438.66217041015625,637.9773559570312,1.550970696307213,0.4629814922809601,0.007733196020126343,0.001518305391073227,0.8354083895683289
PINN20260517-KimLayered,5,335,physics,0.4964269995689392,0.05472830682992935,0.23433828353881836,0.09703152626752853,0.09345636516809464,0.07930874079465866,0.3836084306240082,0.22840571403503418,0.24587586522102356,0.6760948300361633,3.351447594468482e-05,8.960265689139657e-12,1.3263714038203034e-07,0.4928593337535858,0.09577010571956635,0.008997160941362381,0.08386312425136566,435.1009521484375,636.1769409179688,1.541647750886187,0.46258577704429626,0.00770194549113512,0.0015115048736333847,0.8353228569030762
PINN20260517-KimLayered,5,339,physics,0.48854878544807434,0.05326954275369644,0.2316894233226776,0.09583281725645065,0.09195113927125931,0.07840342819690704,0.37721341848373413,0.22779764235019684,0.245367169380188,0.6753752827644348,3.394207305973396e-05,8.88746801847029e-12,1.365277597642489e-07,0.494489461183548,0.09622044116258621,0.008990732952952385,0.08286526799201965,429.3155822753906,613.1726684570312,1.5093964285017254,0.46201762557029724,0.007663581520318985,0.0015029143542051315,0.8352119326591492
PINN20260517-KimLayered,5,343,physics,0.4769596457481384,0.051994439214468,0.22710378468036652,0.09301681071519852,0.09051243215799332,0.07671573758125305,0.35083428025245667,0.22720851004123688,0.24486646056175232,0.6743310689926147,3.426636249059811e-05,8.88574804014386e-12,1.4164963602070202e-07,0.4913063049316406,0.09662649035453796,0.008978480473160744,0.08314038813114166,423.72882080078125,604.1002197265625,1.460736983870121,0.4613761007785797,0.007622461300343275,0.0014939598040655255,0.8351075649261475
PINN20260517-KimLayered,5,346,physics,0.4680522382259369,0.05074094608426094,0.2249622344970703,0.08922243118286133,0.08949430286884308,0.07595116645097733,0.33855700492858887,0.226785346865654,0.24449265003204346,0.6738567352294922,3.465641930233687e-05,8.859551113571396e-12,1.4778305512663792e-07,0.492502897977829,0.096962109208107,0.008972452953457832,0.08245034515857697,419.5596923828125,590.9754638671875,1.4187777987249774,0.4608883559703827,0.007593431975692511,0.0014877779176458716,0.835037887096405
PINN20260517-KimLayered,5,350,physics,0.45487159490585327,0.04934679716825485,0.2206229269504547,0.08254898339509964,0.08818205446004868,0.07459260523319244,0.31764334440231323,0.2261592298746109,0.24398688971996307,0.6735419631004333,3.526652653818019e-05,8.796659581311594e-12,1.5398552477563499e-07,0.49212646484375,0.09741508215665817,0.008966511115431786,0.08211079984903336,414.2022705078125,574.1429443359375,1.3685276169377871,0.46024519205093384,0.007555276155471802,0.0014797687763348222,0.8349416255950928
PINN20260517-KimLayered,5,354,physics,0.44405320286750793,0.04793473333120346,0.21605446934700012,0.07722444087266922,0.08688193559646606,0.0733867809176445,0.31145143508911133,0.2255195677280426,0.24348674714565277,0.6727612018585205,3.578222094802186e-05,8.795792219573606e-12,1.5771067296554975e-07,0.4915730059146881,0.09780360758304596,0.008952938951551914,0.08171268552541733,409.0084533691406,562.2716674804688,1.3383083677090033,0.45953169465065,0.0075140963308513165,0.0014714329736307263,0.8348286747932434
PINN20260517-KimLayered,5,358,physics,0.43628549575805664,0.046687640249729156,0.21229055523872375,0.07285986095666885,0.08563312143087387,0.07233322411775589,0.31878167390823364,0.22485589981079102,0.24298252165317535,0.6720576882362366,3.643381205620244e-05,8.741363535791358e-12,1.5915428264179354e-07,0.4908108413219452,0.0982140526175499,0.008942751213908195,0.08139383047819138,404.26080322265625,550.3897705078125,1.320803895009291,0.45886436104774475,0.007475568912923336,0.0014636851847171783,0.8347122073173523
PINN20260517-KimLayered,5,361,physics,0.4317130446434021,0.04580385237932205,0.2099801003932953,0.07056926190853119,0.08474230766296387,0.07167873531579971,0.3267045021057129,0.22434446215629578,0.2426004707813263,0.6714791059494019,3.695437771966681e-05,8.683631071149112e-12,1.5961114741003257e-07,0.4904603362083435,0.09852274507284164,0.008936126716434956,0.08110973984003067,400.6221008300781,542.4065551757812,1.3110040993506622,0.4583967328071594,0.007447969634085894,0.0014581532450392842,0.8346303105354309
PINN20260517-KimLayered,5,365,physics,0.4256516695022583,0.0446724072098732,0.20708394050598145,0.06978901475667953,0.08359533548355103,0.07073897868394852,0.32530850172042847,0.2236318588256836,0.24209073185920715,0.67043137550354,3.75132767658215e-05,8.638433718344274e-12,1.5937845887492585e-07,0.48959681391716003,0.09888224303722382,0.008923636749386787,0.08086465299129486,395.2449645996094,533.8402709960938,1.302914576343577,0.4577935039997101,0.007410160731524229,0.0014504985883831978,0.8345340490341187
PINN20260517-KimLayered,5,369,physics,0.4189396798610687,0.043407686054706573,0.2040625810623169,0.0710313469171524,0.0824396163225174,0.06967703253030777,0.31321096420288086,0.22290076315402985,0.24157316982746124,0.6695576906204224,3.802309583988972e-05,8.58032481870774e-12,1.590160678688335e-07,0.48838603496551514,0.09922098368406296,0.008912360295653343,0.08070721477270126,388.4542236328125,525.3644409179688,1.29460763439529,0.4572650194168091,0.0073738256469368935,0.0014430333394557238,0.8344576358795166
PINN20260517-KimLayered,5,372,physics,0.41434794664382935,0.04239465296268463,0.2015281617641449,0.0729343369603157,0.08152764290571213,0.068766750395298,0.3063316345214844,0.22232964634895325,0.2411780059337616,0.6691272258758545,3.8430018321378157e-05,8.508695484299444e-12,1.577588761847437e-07,0.48745104670524597,0.09947817772626877,0.008906262926757336,0.08042020350694656,383.6508483886719,519.5106201171875,1.2901858749090533,0.4569333493709564,0.007348585408180952,0.0014377916231751442,0.834411084651947
PINN20260517-KimLayered,5,376,physics,0.40999531745910645,0.04158743470907211,0.1989297866821289,0.07392222434282303,0.08046822994947433,0.06783412396907806,0.301614910364151,0.22152617573738098,0.24064359068870544,0.6684985160827637,3.8909289287403226e-05,8.40895235387773e-12,1.568263883200416e-07,0.48637625575065613,0.09978124499320984,0.008896355517208576,0.08020451664924622,379.59344482421875,511.13543701171875,1.284515440336194,0.4565526247024536,0.007315506227314472,0.0014308115933090448,0.8343541026115417
PINN20260517-KimLayered,5,380,physics,0.4041733741760254,0.04071082919836044,0.19638273119926453,0.07187984138727188,0.07960952073335648,0.06697680056095123,0.29940471053123474,0.22067852318286896,0.24011863768100739,0.6669962406158447,3.903546530636959e-05,8.40690884962303e-12,1.5886057269653975e-07,0.4860577881336212,0.09995163977146149,0.008873104117810726,0.08017336577177048,376.1700134277344,505.44512939453125,1.280042029318048,0.45612913370132446,0.007277161814272404,0.0014227268984541297,0.8342851996421814
PINN20260517-KimLayered,5,383,physics,0.4004920423030853,0.04009877145290375,0.19441497325897217,0.07150847464799881,0.07886792719364166,0.06629209220409393,0.2977047562599182,0.2200297713279724,0.2397283911705017,0.6658487915992737,3.906563142663799e-05,8.403330982453827e-12,1.5936404906824464e-07,0.4853626787662506,0.100062794983387,0.008855225518345833,0.08001400530338287,372.8825988769531,500.4886474609375,1.273734254724745,0.4558268189430237,0.0072477529756724834,0.0014165195170789957,0.8342262506484985
PINN20260517-KimLayered,5,387,physics,0.394660621881485,0.039021704345941544,0.19078561663627625,0.07168202847242355,0.07764118909835815,0.0650845319032669,0.2960975170135498,0.21910595893859863,0.23917782306671143,0.6653335094451904,3.93721456930507e-05,8.266206295848288e-12,1.5973876088537509e-07,0.48389795422554016,0.10030470788478851,0.00884599331766367,0.07974552363157272,367.4463195800781,491.8887023925781,1.2659460186525933,0.4555703401565552,0.007214279845356941,0.0014092413475736976,0.8341490030288696
PINN20260517-KimLayered,5,391,physics,0.3895234167575836,0.038074009120464325,0.18754465878009796,0.07204408198595047,0.07626105099916458,0.06400495022535324,0.2952139973640442,0.21815304458141327,0.2386336624622345,0.6645187139511108,3.955607098760083e-05,8.156635089573427e-12,1.5952412013575668e-07,0.4824965000152588,0.10050041973590851,0.008833120577037334,0.07929159700870514,362.6975402832031,485.840087890625,1.2604897631110112,0.4553098678588867,0.007179456762969494,0.0014016663189977407,0.8340640664100647
PINN20260517-KimLayered,5,395,physics,0.3840818405151367,0.037172943353652954,0.18471720814704895,0.07112719863653183,0.0750456377863884,0.06308559328317642,0.29424571990966797,0.2171434462070465,0.2380906343460083,0.6631424427032471,3.955371357733384e-05,8.098599048322885e-12,1.6036550221087964e-07,0.48142388463020325,0.10062558203935623,0.008813466876745224,0.0790809616446495,358.67657470703125,480.4879150390625,1.2553059823152257,0.45502403378486633,0.007142640184611082,0.001393686980009079,0.8339748978614807
PINN20260517-KimLayered,5,398,physics,0.3801332116127014,0.036487143486738205,0.18273864686489105,0.0708886906504631,0.07391518354415894,0.062437500804662704,0.29301130771636963,0.2163585126399994,0.2376793920993805,0.662213146686554,3.959017703891732e-05,8.037109172631673e-12,1.6041784078879573e-07,0.48052120208740234,0.10073035955429077,0.00880121998488903,0.0788331851363182,354.8940734863281,476.64581298828125,1.2513753586936496,0.4548434615135193,0.0071165114641189575,0.0013879885664209723,0.8339108824729919
PINN20260517-KimLayered,5,402,physics,0.3741200566291809,0.0353928804397583,0.17960314452648163,0.07147358357906342,0.07150468975305557,0.06138850748538971,0.2906687259674072,0.21529817581176758,0.2371370941400528,0.6612718105316162,3.9719172491459176e-05,7.922961765827186e-12,1.5963695432219538e-07,0.47868239879608154,0.1008945107460022,0.008789913728833199,0.07832155376672745,348.85589599609375,471.4333801269531,1.2446531836158083,0.45466479659080505,0.007084198761731386,0.0013808953808620572,0.8338313698768616
PINN20260517-KimLayered,5,406,physics,0.3662947118282318,0.034063369035720825,0.17585602402687073,0.07160240411758423,0.0679229348897934,0.060158293694257736,0.28767409920692444,0.214222714304924,0.23661604523658752,0.6602774262428284,3.978216409450397e-05,7.820928800417182e-12,1.5968487332429504e-07,0.47630152106285095,0.10102903097867966,0.008777966722846031,0.0778542160987854,341.20440673828125,466.1551208496094,1.237677521420042,0.4545220732688904,0.007052512839436531,0.001373868901282549,0.8337563276290894
PINN20260517-KimLayered,5,409,physics,0.35725799202919006,0.03260357677936554,0.17130620777606964,0.07163611799478531,0.06288418918848038,0.058646008372306824,0.28611069917678833,0.21348649263381958,0.23628447949886322,0.6593400835990906,3.974361243308522e-05,7.769290419346042e-12,1.5919866314106912e-07,0.47328877449035645,0.10109584033489227,0.008766479790210724,0.07726652175188065,332.4468994140625,461.7149658203125,1.2301117489562892,0.45442575216293335,0.007028993684798479,0.0013686149613931775,0.8337035775184631
PINN20260517-KimLayered,5,413,physics,0.33956414461135864,0.030390916392207146,0.1574675738811493,0.07156679779291153,0.05378349497914314,0.05403454974293709,0.28465622663497925,0.21274374425411224,0.23597633838653564,0.658494234085083,3.988143362221308e-05,7.668453545772724e-12,1.5893398597199848e-07,0.46572932600975037,0.10121949762105942,0.0087572718039155,0.07577908784151077,320.63677978515625,446.9133605957031,1.2060427350483252,0.4544096291065216,0.007003671023994684,0.0013626066502183676,0.8336576819419861
PINN20260517-KimLayered,5,417,physics,0.3268028199672699,0.028433680534362793,0.15103264153003693,0.06832494586706161,0.05031147971749306,0.0518060177564621,0.28328627347946167,0.21152254939079285,0.23541641235351562,0.6572831273078918,3.993030622950755e-05,7.618678257714784e-12,1.6364346322461643e-07,0.45956841111183167,0.10129177570343018,0.008743317797780037,0.07517451792955399,312.5289611816406,436.9849853515625,1.1884673298907964,0.45441755652427673,0.006980972830206156,0.0013571262825280428,0.8336558938026428
PINN20260517-KimLayered,5,421,physics,0.31585225462913513,0.026735417544841766,0.14490710198879242,0.06724163889884949,0.0461394377052784,0.04970229044556618,0.2828574478626251,0.21006684005260468,0.2347206473350525,0.6552121043205261,3.9712544094072655e-05,7.670262862358168e-12,1.6371679123494687e-07,0.45011159777641296,0.10130210965871811,0.008719044737517834,0.07348605990409851,301.0064392089844,423.81378173828125,1.1688934123480348,0.4543100893497467,0.006957853212952614,0.0013520667562261224,0.833705484867096
PINN20260517-KimLayered,5,424,physics,0.30418601632118225,0.02476106584072113,0.13840684294700623,0.0665777325630188,0.0422053262591362,0.047600165009498596,0.2817763090133667,0.20880760252475739,0.2340618520975113,0.6550982594490051,4.022831126349047e-05,7.591803054263213e-12,1.6314908179992926e-07,0.43832364678382874,0.10149434953927994,0.008721943944692612,0.07150052487850189,290.02203369140625,406.02752685546875,1.1517388505121056,0.4543922245502472,0.006953294854611158,0.0013508425327017903,0.8338202834129333
PINN20260517-KimLayered,5,428,physics,0.2871365547180176,0.022533603012561798,0.12417766451835632,0.06634156405925751,0.037059634923934937,0.04299869388341904,0.2774728536605835,0.20682424306869507,0.23309463262557983,0.654832661151886,4.111899033887312e-05,7.560598848377342e-12,1.6318023199346499e-07,0.4245398938655853,0.1017916202545166,0.008724614046514034,0.06968048214912415,276.43707275390625,389.1506652832031,1.128012306297234,0.4544561207294464,0.006957268808037043,0.0013513937592506409,0.8341162204742432
PINN20260517-KimLayered,5,432,physics,0.2694353759288788,0.020096709951758385,0.10835075378417969,0.06709340214729309,0.031890127807855606,0.037677016109228134,0.2749347686767578,0.20487871766090393,0.23218987882137299,0.653403639793396,4.186850492260419e-05,7.706371998872363e-12,1.6202346841964754e-07,0.41478097438812256,0.10203023254871368,0.008711530826985836,0.06847713887691498,258.40814208984375,371.6646728515625,1.0992992526054628,0.45436593890190125,0.006968802306801081,0.0013537288177758455,0.8345737457275391
PINN20260517-KimLayered,5,435,physics,0.25556331872940063,0.01816960982978344,0.09508050233125687,0.06808027625083923,0.027748316526412964,0.03305170312523842,0.2748294472694397,0.20342129468917847,0.23147687315940857,0.6523846387863159,4.256441752659157e-05,7.82914792024636e-12,1.615651967767917e-07,0.4110744297504425,0.10220115631818771,0.008703031577169895,0.06866588443517685,244.16062927246094,358.7729797363281,1.0790507223584929,0.4543391466140747,0.006982872262597084,0.001356668071821332,0.8349851965904236
PINN20260517-KimLayered,5,439,physics,0.24107204377651215,0.01611712947487831,0.0814008042216301,0.06984526664018631,0.02329358644783497,0.02817256934940815,0.27350330352783203,0.20136985182762146,0.2305450737476349,0.6498519778251648,4.292801168048754e-05,8.08900776222421e-12,1.627562227213275e-07,0.4055425524711609,0.10219783335924149,0.008676058612763882,0.06821651756763458,227.56118774414062,350.6496276855469,1.0577537397833396,0.45421358942985535,0.006994382943958044,0.0013594329357147217,0.8354975581169128
PINN20260517-KimLayered,5,443,physics,0.2277943193912506,0.014095548540353775,0.0712469294667244,0.06944827735424042,0.01990371197462082,0.024731693789362907,0.2734452784061432,0.19916576147079468,0.2296360582113266,0.6478695273399353,4.334405457484536e-05,8.24138240290706e-12,1.6560187532377313e-07,0.3963158428668976,0.10208152234554291,0.008658231236040592,0.06731025874614716,213.29241943359375,335.74371337890625,1.0405079294245498,0.45424583554267883,0.007004448678344488,0.0013619408709928393,0.8359196782112122
PINN20260517-KimLayered,5,447,physics,0.2186807245016098,0.012619417160749435,0.06538644433021545,0.06870543211698532,0.017944427207112312,0.022856222465634346,0.273307740688324,0.19693230092525482,0.22875531017780304,0.6462867856025696,4.3890191591344774e-05,6.300003860815195e-07,1.676268084338517e-07,0.3867022395133972,0.10193082690238953,0.008646789006888866,0.06606825441122055,203.13897705078125,324.35162353515625,1.0266096721544202,0.4543455243110657,0.0070152669213712215,0.0013645539293065667,0.8362794518470764
PINN20260517-KimLayered,5,450,physics,0.2133091688156128,0.011747888289391994,0.061585716903209686,0.06917501986026764,0.016638444736599922,0.02146282233297825,0.27149781584739685,0.19523875415325165,0.22810325026512146,0.6446951031684875,4.411614281707443e-05,2.34043036471121e-05,1.6739183195113583e-07,0.38318008184432983,0.10178357362747192,0.008633079007267952,0.06584865599870682,195.20530700683594,323.4233093261719,1.020066884843387,0.45433807373046875,0.007021878380328417,0.0013662792043760419,0.8365296721458435
PINN20260517-KimLayered,5,454,physics,0.20700715482234955,0.010860709473490715,0.056423984467983246,0.06957364827394485,0.01491780485957861,0.019566480070352554,0.27051955461502075,0.19293440878391266,0.2271716147661209,0.6432989835739136,4.4798292947234586e-05,4.064196764375083e-05,1.6663908297687158e-07,0.38009920716285706,0.10169675946235657,0.008626081049442291,0.06561311334371567,186.57400512695312,321.7906188964844,1.014714659265819,0.4543881118297577,0.007035169750452042,0.0013693067012354732,0.8368357419967651
PINN20260517-KimLayered,5,458,physics,0.20176564157009125,0.01029697060585022,0.05202014744281769,0.06942040473222733,0.013379442505538464,0.017969409003853798,0.2692105770111084,0.1906517595052719,0.22622881829738617,0.6423681378364563,4.5729662815574557e-05,1.3980620678921696e-05,1.6596135310464888e-07,0.37453746795654297,0.10167188942432404,0.008626955561339855,0.06516510248184204,181.76426696777344,319.127685546875,1.0076396617675012,0.4544936418533325,0.007050501182675362,0.0013725273311138153,0.8370956778526306
PINN20260517-KimLayered,5,461,physics,0.1984550803899765,0.009979023598134518,0.04937206208705902,0.06912602484226227,0.012399652041494846,0.016988959163427353,0.26811403036117554,0.1888827383518219,0.22554266452789307,0.6413638591766357,4.630777766578831e-05,7.630710570083465e-06,1.67111096516237e-07,0.3723061680793762,0.10162580013275146,0.008625254034996033,0.06508048623800278,178.53594970703125,319.7066345214844,1.0076196463522806,0.45454832911491394,0.007060257252305746,0.0013746485346928239,0.8372607827186584
PINN20260517-KimLayered,5,465,physics,0.19451622664928436,0.009448608383536339,0.046804673969745636,0.06897072494029999,0.011519541032612324,0.01607200875878334,0.26708459854125977,0.18630342185497284,0.22460626065731049,0.639836847782135,4.69876395072788e-05,6.721574663970387e-06,1.6899971910788736e-07,0.3687252700328827,0.10155951231718063,0.008622817695140839,0.06470673531293869,172.78468322753906,316.25146484375,1.0000464210957447,0.45461928844451904,0.007070503663271666,0.0013769944198429585,0.8374486565589905
PINN20260517-KimLayered,5,469,physics,0.19104371964931488,0.008880358189344406,0.04477075859904289,0.06901181489229202,0.010837757959961891,0.015307152643799782,0.26688164472579956,0.183892622590065,0.22364187240600586,0.6378908753395081,4.746341801364906e-05,1.0916838618868496e-05,1.697812450629499e-07,0.3664036691188812,0.10147881507873535,0.008616839535534382,0.06450378894805908,166.84735107421875,316.78094482421875,0.9985610716616244,0.45465004444122314,0.007077295798808336,0.0013788696378469467,0.8376063108444214
PINN20260517-KimLayered,5,473,physics,0.18828803300857544,0.008571807295084,0.04289223998785019,0.06898530572652817,0.010169493965804577,0.014604934491217136,0.26557815074920654,0.18134933710098267,0.22270174324512482,0.6360717415809631,4.7999925300246105e-05,1.0675166777218692e-05,1.712286916699668e-07,0.3660351634025574,0.10143957287073135,0.00861328188329935,0.06451178342103958,163.82998657226562,317.5314636230469,0.9976248592777978,0.454693078994751,0.007083537057042122,0.0013807391515001655,0.8377377986907959
PINN20260517-KimLayered,5,476,physics,0.1857486516237259,0.0082988440990448,0.04128766804933548,0.06865779310464859,0.009759752079844475,0.01403779536485672,0.2641427516937256,0.17954881489276886,0.22196602821350098,0.6349477767944336,4.853694190387614e-05,9.02909778194294e-12,1.7021231712988083e-07,0.36084720492362976,0.10144805908203125,0.008614426478743553,0.06393666565418243,161.86080932617188,311.96490478515625,0.9905137693551955,0.45476213097572327,0.007089054677635431,0.0013823122717440128,0.8378186821937561
PINN20260517-KimLayered,5,480,physics,0.183336079120636,0.008072609081864357,0.039624832570552826,0.0684112012386322,0.009206880815327168,0.013408202677965164,0.26330769062042236,0.17705939710140228,0.22102485597133636,0.6332080364227295,4.9166716053150594e-05,9.08839843660747e-12,1.70990318792974e-07,0.36018064618110657,0.10145781189203262,0.008614943362772465,0.0639646127820015,158.73681640625,307.19873046875,0.9849300623598468,0.45483341813087463,0.00709545286372304,0.0013842388289049268,0.8379131555557251
PINN20260517-KimLayered,5,484,physics,0.18092378973960876,0.007784761488437653,0.03846525400876999,0.06811406463384628,0.008904347196221352,0.012955921702086926,0.2617797255516052,0.17459353804588318,0.22004608809947968,0.6311438083648682,4.9670376029098406e-05,9.161235138555046e-12,1.7100627758281917e-07,0.35686907172203064,0.10144379734992981,0.008613900281488895,0.06356478482484818,155.72520446777344,307.3747863769531,0.9851031383567557,0.45488497614860535,0.007100846152752638,0.0013859198661521077,0.8379876613616943
PINN20260517-KimLayered,5,487,physics,0.17942699790000916,0.007583630736917257,0.037868253886699677,0.06781318783760071,0.008744187653064728,0.012730131857097149,0.2616744041442871,0.17278458178043365,0.2193453460931778,0.6294931173324585,5.0052767619490623e-05,9.205116703603355e-12,1.715473842978099e-07,0.3551015853881836,0.10143250972032547,0.008614267222583294,0.06338862329721451,153.66571044921875,302.84637451171875,0.9801947703425986,0.45493367314338684,0.007104618474841118,0.0013871175469830632,0.8380334973335266
PINN20260517-KimLayered,5,491,physics,0.17725755274295807,0.007322723511606455,0.03701448440551758,0.06749293208122253,0.008477384224534035,0.012428013607859612,0.2595158517360687,0.17035070061683655,0.21846964955329895,0.6271582245826721,5.053024142398499e-05,9.264097301786567e-12,1.737721930794578e-07,0.35578978061676025,0.10141672194004059,0.008614669553935528,0.06346864998340607,150.74302673339844,301.970947265625,0.9785763604142651,0.45498523116111755,0.007108977530151606,0.001388503354974091,0.8380854725837708
PINN20260517-KimLayered,5,495,physics,0.1752610057592392,0.007049569394439459,0.036416687071323395,0.06704886257648468,0.008346451446413994,0.012195841409265995,0.25868961215019226,0.16799823939800262,0.21753829717636108,0.6245641112327576,5.1022201660089195e-05,9.315890073247068e-12,1.7362069115733902e-07,0.35280537605285645,0.10140712559223175,0.008615688420832157,0.06311600655317307,147.67710876464844,299.14111328125,0.9763959444148541,0.45503348112106323,0.007113334257155657,0.0013900046469643712,0.8381258249282837
PINN20260517-KimLayered,5,499,physics,0.17332050204277039,0.0068050893023610115,0.035716038197278976,0.06665239483118057,0.008135505951941013,0.011943205259740353,0.25761404633522034,0.16566599905490875,0.2166731208562851,0.6217034459114075,5.1556497055571526e-05,9.357385526154172e-12,1.745978153167016e-07,0.35279929637908936,0.10140808671712875,0.008617606945335865,0.06314433366060257,144.93936157226562,296.4446716308594,0.9727118992720327,0.4550803005695343,0.007117272354662418,0.0013914238661527634,0.8381590247154236
PINN20260517-KimLayered,5,502,physics,0.17195339500904083,0.0066377101466059685,0.03528652340173721,0.06644212454557419,0.008027047850191593,0.0117955906316638,0.2562819719314575,0.16395092010498047,0.2160412222146988,0.6192688345909119,5.196288475417532e-05,9.38641352143943e-12,1.7527885631807294e-07,0.35203197598457336,0.10140563547611237,0.008619004860520363,0.06304996460676193,142.9820556640625,295.2479248046875,0.9710825217870179,0.45511284470558167,0.007119800895452499,0.001392403501085937,0.8381772041320801
PINN20260517-KimLayered,5,506,physics,0.1701315939426422,0.006400511134415865,0.03477340564131737,0.06591019779443741,0.007912598550319672,0.011624922044575214,0.25571542978286743,0.1617225557565689,0.2151949405670166,0.6153067350387573,5.251909533399157e-05,9.422797611624567e-12,1.7577843891558587e-07,0.35110414028167725,0.10139347612857819,0.00862071942538023,0.06293310225009918,140.2076416015625,293.8016662597656,0.9717290574011513,0.4551575779914856,0.00712277228012681,0.0013936463510617614,0.8381948471069336
PINN20260517-KimLayered,5,510,physics,0.1684451550245285,0.006174007430672646,0.03426453843712807,0.06562651693820953,0.007793298456817865,0.01145121268928051,0.2548941969871521,0.1595582216978073,0.2143702358007431,0.6102334260940552,5.30376928509213e-05,9.462203590104856e-12,1.7671965224508313e-07,0.35081997513771057,0.10136231034994125,0.008621487766504288,0.0628923699259758,137.54087829589844,291.72369384765625,0.9704958653150985,0.4551979601383209,0.007124513387680054,0.0013946625404059887,0.8382072448730469
PINN20260517-KimLayered,5,513,physics,0.16707077622413635,0.0060240887105464935,0.033882081508636475,0.0653100460767746,0.007710954640060663,0.01132807508111,0.2534460425376892,0.15798047184944153,0.21376633644104004,0.6054786443710327,5.3466163080884144e-05,9.480679262485747e-12,1.7772907767721335e-07,0.3504059612751007,0.10133349895477295,0.008622711524367332,0.06282456964254379,135.9084014892578,290.21484375,0.9684318053539835,0.4552440047264099,0.007125196512788534,0.001395262312144041,0.8382139801979065
PINN20260517-KimLayered,5,517,physics,0.1652761548757553,0.0058352332562208176,0.03335592895746231,0.06475064158439636,0.007601234130561352,0.011147275567054749,0.2525986433029175,0.15594172477722168,0.2129615694284439,0.5970483422279358,5.405032788985409e-05,9.490067585937734e-12,1.785432459655567e-07,0.349429190158844,0.10127104073762894,0.008624466136097908,0.06273206323385239,133.68154907226562,289.533203125,0.9689894734253124,0.4553283751010895,0.007124657277017832,0.0013958010822534561,0.8382209539413452
PINN20260517-KimLayered,5,521,physics,0.1634863317012787,0.005653637461364269,0.032812219113111496,0.06425970792770386,0.007483517285436392,0.010961350984871387,0.25176262855529785,0.15399400889873505,0.21217571198940277,0.5854547023773193,5.459019303089008e-05,9.46974356569319e-12,1.796234130324592e-07,0.3489619791507721,0.1011589765548706,0.00862581841647625,0.06268325448036194,131.52252197265625,287.1100158691406,0.9669878297749593,0.455445259809494,0.007120616268366575,0.0013956342590972781,0.8382267951965332
PINN20260517-KimLayered,5,525,physics,0.16166168451309204,0.005490431562066078,0.0323168970644474,0.06379779428243637,0.007387787103652954,0.010796403512358665,0.25010764598846436,0.15220792591571808,0.2114032655954361,0.5710628032684326,5.509620314114727e-05,9.38948745143886e-12,1.814840260294659e-07,0.34821903705596924,0.10098195821046829,0.008627479895949364,0.06261006742715836,129.57130432128906,285.1640930175781,0.9640813638131311,0.45562005043029785,0.007112017832696438,0.0013945928076282144,0.8382320404052734
PINN20260517-KimLayered,5,528,physics,0.1603725552558899,0.005370504222810268,0.03196146711707115,0.0633428618311882,0.007322289049625397,0.010678334161639214,0.2496928870677948,0.15095211565494537,0.21083152294158936,0.5608809590339661,5.544075611396693e-05,9.289223903974353e-12,1.8253862776873575e-07,0.3476404845714569,0.10080357640981674,0.00862843543291092,0.06256664544343948,128.07948303222656,283.4681091308594,0.9653652513693247,0.4557839035987854,0.0071031320840120316,0.00139332446269691,0.8382358551025391
PINN20260517-KimLayered,5,532,physics,0.15881450474262238,0.005216363817453384,0.031420931220054626,0.06281380355358124,0.0071987975388765335,0.010519018396735191,0.24931010603904724,0.14900726079940796,0.21009080111980438,0.5537716746330261,5.587036139331758e-05,9.13713896211199e-12,1.8421529546230886e-07,0.34848663210868835,0.10056322067975998,0.00862979982048273,0.06267741322517395,126.11324310302734,283.0596618652344,0.966389371842143,0.45600223541259766,0.007090707775205374,0.0013915392337366939,0.8382430672645569
PINN20260517-KimLayered,5,536,physics,0.15739348530769348,0.005071147345006466,0.03098715841770172,0.06233092024922371,0.007121492642909288,0.010364304296672344,0.2478897124528885,0.1474093794822693,0.20936010777950287,0.5534340739250183,5.639897790388204e-05,9.035551820635312e-12,1.8402663215510984e-07,0.3470055162906647,0.1004033237695694,0.00863115955144167,0.0625280886888504,124.3559341430664,282.5205993652344,0.9661772299354578,0.45615196228027344,0.0070847212336957455,0.001390982884913683,0.8382502198219299
PINN20260517-KimLayered,5,539,physics,0.1563967764377594,0.004968447610735893,0.030648408457636833,0.0619964599609375,0.007051854394376278,0.010249416343867779,0.24699845910072327,0.1463032364845276,0.2088487297296524,0.5532607436180115,5.689945464837365e-05,9.012382853890166e-12,1.8379564892256894e-07,0.3463122546672821,0.10035593807697296,0.00863196887075901,0.062450360506772995,122.987548828125,281.3634033203125,0.9675799675738366,0.4561978280544281,0.007086216937750578,0.0013917314354330301,0.8382565975189209
PINN20260517-KimLayered,5,543,physics,0.15498700737953186,0.004829844459891319,0.030163850635290146,0.061529550701379776,0.00694552157074213,0.010095487348735332,0.24580836296081543,0.14474821090698242,0.20819655060768127,0.5506895184516907,5.765372407040559e-05,9.034479761527159e-12,1.839347163468119e-07,0.34587839245796204,0.1003706231713295,0.008632992394268513,0.06238143518567085,121.28125762939453,278.68243408203125,0.9661568872176043,0.4561876058578491,0.0070936125703155994,0.0013938002521172166,0.8382662534713745
PINN20260517-KimLayered,5,547,physics,0.1536249816417694,0.004701797850430012,0.029705384746193886,0.06118779256939888,0.0068411617539823055,0.009943383745849133,0.24406439065933228,0.14342433214187622,0.2075747847557068,0.5466862320899963,5.84846202400513e-05,9.097189147821982e-12,1.8514316479922854e-07,0.34526434540748596,0.10044199228286743,0.008634009398519993,0.062294092029333115,119.51849365234375,279.5670471191406,0.967192525676851,0.45612603425979614,0.007105311844497919,0.0013966620899736881,0.8382769823074341
PINN20260517-KimLayered,5,551,physics,0.1522781401872635,0.004583255387842655,0.0292493999004364,0.06051426753401756,0.0067567164078354836,0.00978516973555088,0.24360254406929016,0.14225830137729645,0.2069588601589203,0.5430152416229248,5.935193985351361e-05,9.173759842051599e-12,1.8582854011128802e-07,0.34348487854003906,0.10052990913391113,0.008634951896965504,0.06206754967570305,118.02323913574219,275.22509765625,0.9644544042815406,0.45604777336120605,0.0071188597939908504,0.0013999062357470393,0.8382880687713623
PINN20260517-KimLayered,5,554,physics,0.15132062137126923,0.004495569504797459,0.028862614184617996,0.06015290319919586,0.006664842367172241,0.009660417214035988,0.24270275235176086,0.14163285493850708,0.2065364122390747,0.5411354899406433,6.002709051244892e-05,9.224785865735718e-12,1.869399142151451e-07,0.34318941831588745,0.10058890283107758,0.008635827340185642,0.062026843428611755,116.80217742919922,274.8837890625,0.9665458348493966,0.4559985101222992,0.007129008881747723,0.0014023019466549158,0.8382981419563293
PINN20260517-KimLayered,5,558,physics,0.1500859260559082,0.004392888862639666,0.028377428650856018,0.059793319553136826,0.00655701570212841,0.009503692388534546,0.2408936321735382,0.14062289893627167,0.2059822976589203,0.5392200350761414,6.0887232393724844e-05,9.268918098326306e-12,1.877884301393351e-07,0.3424227237701416,0.10063788294792175,0.00863692257553339,0.06192076951265335,115.20149993896484,275.482177734375,0.9677731457993195,0.4559565782546997,0.007140005473047495,0.0014050654135644436,0.8383123278617859
PINN20260517-KimLayered,5,562,physics,0.14875958859920502,0.004287390969693661,0.027905035763978958,0.059251394122838974,0.006454475689679384,0.009352910332381725,0.23946672677993774,0.13929826021194458,0.2054463028907776,0.5373072624206543,6.170366395963356e-05,9.284251319130465e-12,1.8782641575398884e-07,0.3416249454021454,0.10064957290887833,0.008637737482786179,0.06181185320019722,113.78093719482422,273.7923889160156,0.9663119528282557,0.4559421241283417,0.007147807162255049,0.0014071877812966704,0.8383269906044006
PINN20260517-KimLayered,5,565,physics,0.14785324037075043,0.004212898667901754,0.02756238356232643,0.058849580585956573,0.006377052050083876,0.00924872700124979,0.23837754130363464,0.13884083926677704,0.2050672173500061,0.5357348918914795,6.233006570255384e-05,9.282827978518426e-12,1.8801189582973166e-07,0.3412988483905792,0.10063952952623367,0.008638310246169567,0.0617632158100605,112.78199768066406,274.1243896484375,0.9686985104054968,0.45594772696495056,0.007152862381190062,0.001408597338013351,0.8383386135101318
PINN20260517-KimLayered,5,569,physics,0.14656636118888855,0.004112603608518839,0.027144037187099457,0.05826553702354431,0.006302584428340197,0.009091610088944435,0.23698437213897705,0.13781557977199554,0.20454396307468414,0.5336048007011414,6.311776814982295e-05,9.269413361878698e-12,1.8774407806176896e-07,0.33906739950180054,0.1006108745932579,0.00863885972648859,0.06150228902697563,111.47650909423828,270.82366943359375,0.9664761738848259,0.4559635818004608,0.007157844491302967,0.0014101306442171335,0.8383539915084839
PINN20260517-KimLayered,5,573,physics,0.14532822370529175,0.004015046171844006,0.026643922552466393,0.05775564908981323,0.006186957471072674,0.008943038992583752,0.23522654175758362,0.13722993433475494,0.20407652854919434,0.5316951870918274,6.392013892764226e-05,9.254471321218372e-12,1.8897382858540368e-07,0.3388288617134094,0.10058541595935822,0.008639645762741566,0.06145961955189705,110.07725524902344,271.3263244628906,0.9662801455810208,0.45597949624061584,0.0071627595461905,0.0014116265811026096,0.8383727669715881
PINN20260517-KimLayered,5,577,physics,0.14407823979854584,0.003925741650164127,0.026185058057308197,0.05725540965795517,0.00609069038182497,0.008793860673904419,0.23319202661514282,0.1364327222108841,0.2036091536283493,0.5301121473312378,6.47470515104942e-05,9.248115294402393e-12,1.8982683513968368e-07,0.33760789036750793,0.10056769102811813,0.008640379644930363,0.06130390986800194,108.81788635253906,269.3615417480469,0.9649087745928169,0.455987811088562,0.007168846670538187,0.0014133370714262128,0.8383925557136536
PINN20260517-KimLayered,5,580,physics,0.14314106106758118,0.003858079668134451,0.025839049369096756,0.05682239681482315,0.006016310770064592,0.008680309168994427,0.23172998428344727,0.13602416217327118,0.2032722532749176,0.5290973782539368,6.53645911370404e-05,9.249995734650351e-12,1.9023735831069644e-07,0.33671262860298157,0.10056120902299881,0.008640839718282223,0.06119899824261665,107.83418273925781,268.3347473144531,0.9641894164355284,0.4559853971004486,0.007173878140747547,0.0014147238107398152,0.8384085297584534
PINN20260517-KimLayered,5,584,physics,0.14190779626369476,0.0037679187953472137,0.025369087234139442,0.056278351694345474,0.005912495777010918,0.008534207008779049,0.22973453998565674,0.13545338809490204,0.20284759998321533,0.5280038714408875,6.620093336096033e-05,9.261108373237459e-12,1.9074771273608349e-07,0.33578377962112427,0.1005609855055809,0.008641362190246582,0.06106767803430557,106.54969787597656,267.7810974121094,0.9653893776993421,0.4559726119041443,0.0071814535185694695,0.0014167061308398843,0.8384316563606262
PINN20260517-KimLayered,5,588,physics,0.14067384600639343,0.0036828313022851944,0.024919982999563217,0.05568479746580124,0.005816165823489428,0.008378060534596443,0.22779688239097595,0.1348569095134735,0.2024339735507965,0.5272293090820312,6.705347914248705e-05,9.277413906549903e-12,1.9007359242095845e-07,0.33418312668800354,0.10056710243225098,0.008641740307211876,0.060861483216285706,105.39537048339844,265.9432373046875,0.963307294790575,0.45595332980155945,0.007189740892499685,0.00141881313174963,0.838455855846405
PINN20260517-KimLayered,5,591,physics,0.13973505795001984,0.003617614973336458,0.024549156427383423,0.05516895279288292,0.005732695106416941,0.008259729482233524,0.22656117379665375,0.1344909816980362,0.202143132686615,0.5268592834472656,6.768737512174994e-05,9.290271676953843e-12,1.897759034363844e-07,0.33342379331588745,0.10057333111763,0.008642049506306648,0.06076572835445404,104.46736145019531,265.40460205078125,0.9635824523071965,0.4559372067451477,0.0071958210319280624,0.0014203740283846855,0.8384754061698914
PINN20260517-KimLayered,5,595,physics,0.1385173797607422,0.0035353205166757107,0.024044949561357498,0.05460217967629433,0.005622884724289179,0.008101275190711021,0.22447389364242554,0.13404621183872223,0.20177197456359863,0.526675283908844,6.850638601463288e-05,9.309346696295684e-12,1.9087013924945495e-07,0.33228543400764465,0.1005784422159195,0.008642420172691345,0.060606542974710464,103.28093719482422,264.41424560546875,0.9614001512163588,0.45591527223587036,0.0072035095654428005,0.0014223495963960886,0.8385025262832642
PINN20260517-KimLayered,5,599,physics,0.13732539117336273,0.0034568090923130512,0.02353580668568611,0.05400800704956055,0.005507804453372955,0.007931019179522991,0.2226075381040573,0.13362792134284973,0.20140919089317322,0.52683424949646,6.93158435751684e-05,9.327277665505118e-12,1.9238211734773358e-07,0.33101341128349304,0.10058069974184036,0.008642860688269138,0.0604424886405468,102.0085678100586,263.1519775390625,0.9596968528062565,0.4558968245983124,0.00721086235716939,0.0014242427423596382,0.8385310769081116
PINN20260517-KimLayered,5,603,physics,0.13618889451026917,0.003380750771611929,0.02301941066980362,0.05353850498795509,0.005392210558056831,0.007757095620036125,0.22053313255310059,0.13324174284934998,0.20107391476631165,0.5272347331047058,7.011526759015396e-05,9.342770480869067e-12,1.9233976900068228e-07,0.3295837342739105,0.10057646781206131,0.008643168024718761,0.060258641839027405,100.87675476074219,261.5357971191406,0.9591405031208927,0.45588281750679016,0.00721799535676837,0.001426125643774867,0.8385613560676575
PINN20260517-KimLayered,5,606,physics,0.13527293503284454,0.0033141635358333588,0.022607624530792236,0.053149979561567307,0.005292609799653292,0.00764055922627449,0.21879759430885315,0.1329653561115265,0.20085011422634125,0.5275952816009521,7.072173320921138e-05,9.354241339853964e-12,1.9190325417639542e-07,0.3294414281845093,0.10056953132152557,0.00864327047020197,0.060224294662475586,99.86250305175781,263.5585632324219,0.9612025398797432,0.4558742642402649,0.007223513443022966,0.0014275036519393325,0.838585376739502
PINN20260517-KimLayered,5,610,physics,0.13414764404296875,0.003242320381104946,0.02208821289241314,0.05281347781419754,0.005169042851775885,0.007483221124857664,0.2159494012594223,0.13256104290485382,0.2005583643913269,0.5283136963844299,7.148495933506638e-05,9.369547672444245e-12,1.9147803698160715e-07,0.3287634551525116,0.10055816918611526,0.008643385954201221,0.060115259140729904,98.70195007324219,264.36529541015625,0.9628321789986777,0.45586177706718445,0.007230148650705814,0.0014292438281700015,0.838618814945221
PINN20260517-KimLayered,5,614,physics,0.13295072317123413,0.0031661340035498142,0.021530726924538612,0.05229290947318077,0.00504479743540287,0.007303718943148851,0.21371881663799286,0.13206838071346283,0.20027665793895721,0.5294497609138489,7.223849388537928e-05,9.38626260049702e-12,1.9160866315814928e-07,0.3275007903575897,0.10054769366979599,0.008643703535199165,0.059943120926618576,97.30585479736328,262.6717834472656,0.9614817144832501,0.45585009455680847,0.0072367023676633835,0.0014309440739452839,0.8386534452438354
PINN20260517-KimLayered,5,617,physics,0.13193167746067047,0.00309800636023283,0.021092304959893227,0.0518067367374897,0.004962403792887926,0.007118276320397854,0.21209809184074402,0.13168399035930634,0.2000592052936554,0.530454158782959,7.2756054578349e-05,9.402752881859655e-12,1.9101361203865963e-07,0.32473888993263245,0.10053569823503494,0.008643544279038906,0.059607140719890594,96.24800872802734,259.8047180175781,0.9571763687646957,0.45583710074424744,0.007241294253617525,0.001432150020264089,0.8386791348457336
PINN20260517-KimLayered,5,621,physics,0.1307496726512909,0.003014829009771347,0.020529871806502342,0.051368698477745056,0.00482458621263504,0.006956599187105894,0.20956383645534515,0.13122031092643738,0.19979742169380188,0.5320166349411011,7.349648512899876e-05,9.426542879609201e-12,1.9123642402973928e-07,0.3245573043823242,0.100526824593544,0.008643615059554577,0.05955765023827553,94.80118560791016,260.9102478027344,0.9593076698931441,0.4558198153972626,0.00724818417802453,0.001433871453627944,0.8387177586555481
PINN20260517-KimLayered,5,625,physics,0.12950250506401062,0.0029303382616490126,0.019981304183602333,0.05086386948823929,0.004703853279352188,0.006763061508536339,0.20679494738578796,0.13093209266662598,0.19953879714012146,0.5337340831756592,7.422709313686937e-05,9.452721591585167e-12,1.8958425584969518e-07,0.32265326380729675,0.10051456093788147,0.008643295615911484,0.05930085852742195,93.46912384033203,258.4893798828125,0.9585408905260215,0.45580074191093445,0.0072553642094135284,0.0014356652973219752,0.8387565612792969
PINN20260517-KimLayered,5,629,physics,0.12830302119255066,0.002856840379536152,0.019474061205983162,0.0503067746758461,0.00459315674379468,0.006571595557034016,0.20404843986034393,0.13078363239765167,0.19928382337093353,0.5358065962791443,7.494246528949589e-05,9.480699211805721e-12,1.8845452132154605e-07,0.32035812735557556,0.10050185024738312,0.008642931468784809,0.0590018592774868,92.21344757080078,256.3438415527344,0.9573579133038883,0.45578083395957947,0.0072624459862709045,0.0014374160673469305,0.8387963771820068
PINN20260517-KimLayered,5,632,physics,0.12737393379211426,0.002790663857012987,0.019063886255025864,0.04984498769044876,0.00448819762095809,0.006451419088989496,0.2023506462574005,0.13041791319847107,0.19910044968128204,0.5376921892166138,7.545437256339937e-05,9.499573003224349e-12,1.88887838703522e-07,0.32017770409584045,0.10049557685852051,0.008642824366688728,0.05896686762571335,90.91262817382812,257.95770263671875,0.9570783995966384,0.455764502286911,0.007266922853887081,0.0014385394752025604,0.8388279676437378
PINN20260517-KimLayered,5,636,physics,0.126114159822464,0.002711174078285694,0.018558595329523087,0.04922168329358101,0.004372794181108475,0.006273327860981226,0.19986402988433838,0.12978005409240723,0.19883595407009125,0.5404072999954224,7.614942296640947e-05,9.530787617451075e-12,1.887522955712484e-07,0.3184052109718323,0.10048076510429382,0.008642228320240974,0.05873193219304085,89.58724212646484,256.5457763671875,0.9565687923468371,0.45574235916137695,0.007273843977600336,0.0014402114320546389,0.8388691544532776
PINN20260517-KimLayered,5,640,physics,0.1249304860830307,0.0026363239157944918,0.018069572746753693,0.048601310700178146,0.004257864318788052,0.006101277656853199,0.19738131761550903,0.1295241266489029,0.1985822468996048,0.5432780385017395,7.684108277317137e-05,9.563198323514488e-12,1.8867119422338874e-07,0.31672248244285583,0.10046596080064774,0.008641562424600124,0.05851081386208534,88.21287536621094,255.74169921875,0.95604063255139,0.4557197391986847,0.0072807203978300095,0.001441856031306088,0.8389109373092651
PINN20260517-KimLayered,5,643,physics,0.12404660880565643,0.002577950246632099,0.017698172479867935,0.048159413039684296,0.004162991419434547,0.005985529161989689,0.19543181359767914,0.12931756675243378,0.1984013319015503,0.5455076098442078,7.735162216704339e-05,9.584725374489622e-12,1.8895171649546683e-07,0.31611379981040955,0.10045796632766724,0.008641277439892292,0.05842352285981178,87.09663391113281,256.6023864746094,0.9548488683571172,0.455703467130661,0.0072853355668485165,0.0014429771108552814,0.8389430642127991
PINN20260517-KimLayered,5,647,physics,0.1228499710559845,0.0025061697233468294,0.017226796597242355,0.04758044704794884,0.004047180060297251,0.005826624110341072,0.19263428449630737,0.12885326147079468,0.19815203547477722,0.5485042929649353,7.804207416484132e-05,9.616959138758485e-12,1.8904528076291172e-07,0.31474265456199646,0.10044460743665695,0.008640643209218979,0.05824117735028267,85.79456329345703,256.53167724609375,0.9540849273799658,0.4556807279586792,0.007292051333934069,0.0014445724664255977,0.8389852643013
PINN20260517-KimLayered,5,651,physics,0.12166788429021835,0.002436285838484764,0.016768641769886017,0.04697725549340248,0.003932379651814699,0.005673353094607592,0.18992817401885986,0.1283940225839615,0.1979028582572937,0.5515560507774353,7.874365837778896e-05,9.648927490335524e-12,1.8910030519236898e-07,0.31350305676460266,0.1004323959350586,0.008639959618449211,0.05807611718773842,84.52465057373047,256.769775390625,0.9540913931352293,0.45565640926361084,0.007298897486180067,0.0014461918035522103,0.8390270471572876
PINN20260517-KimLayered,5,655,physics,0.12054038047790527,0.0023726928047835827,0.016341714188456535,0.04637060686945915,0.003818697761744261,0.005539147183299065,0.18715307116508484,0.1281011402606964,0.19766344130039215,0.5545933246612549,7.946536061353981e-05,9.678712692418046e-12,1.8922429489975912e-07,0.31272393465042114,0.10042350739240646,0.008639379404485226,0.05796687677502632,83.47232818603516,258.7923278808594,0.9562351693682418,0.4556310474872589,0.007305846083909273,0.001447824528440833,0.8390687108039856
PINN20260517-KimLayered,5,658,physics,0.11986294388771057,0.002384690335020423,0.01617264375090599,0.04580217972397804,0.003806002903729677,0.0054176319390535355,0.18500834703445435,0.12809310853481293,0.19746732711791992,0.5568116903305054,7.995984196895733e-05,9.701202514922347e-12,1.8729458872712712e-07,0.30876296758651733,0.10041151195764542,0.008638499304652214,0.05746897682547569,84.29502868652344,250.0018310546875,0.9474267029950774,0.45560863614082336,0.0073106554336845875,0.0014490298926830292,0.8390970826148987
PINN20260517-KimLayered,5,662,physics,0.11882463842630386,0.0023192567750811577,0.01575009524822235,0.04517821595072746,0.003700446104630828,0.0052754562348127365,0.18226635456085205,0.1286742240190506,0.19724969565868378,0.5596636533737183,8.066635200520977e-05,9.727294490724514e-12,1.8633318177307956e-07,0.30755311250686646,0.10040426254272461,0.008637764491140842,0.05731042101979256,81.87037658691406,253.92507934570312,0.9510442164122299,0.4555792212486267,0.0073173074051737785,0.0014506219886243343,0.8391370177268982
PINN20260517-KimLayered,5,666,physics,0.11754577606916428,0.0022226714063435793,0.015284935012459755,0.04465032368898392,0.0035444635432213545,0.005192032549530268,0.1798153519630432,0.1270732432603836,0.19704020023345947,0.5624322295188904,8.145654282998294e-05,9.751266634439038e-12,1.8735248374923685e-07,0.30981624126434326,0.10040761530399323,0.00863775983452797,0.05756058916449547,80.81547546386719,260.3897399902344,0.9584350610130394,0.4555540084838867,0.007324903272092342,0.0014523122226819396,0.8391795754432678
PINN20260517-KimLayered,5,669,physics,0.11670078337192535,0.002171006053686142,0.01493055373430252,0.04411674663424492,0.0034832977689802647,0.005033324938267469,0.1779095083475113,0.12762437760829926,0.19687052071094513,0.5643754005432129,8.195453119697049e-05,9.771656574175669e-12,1.859763045786167e-07,0.307000994682312,0.10040060430765152,0.008637124672532082,0.05720837786793709,79.8255386352539,258.19403076171875,0.9553019412678151,0.4555310010910034,0.007329822052270174,0.0014535081572830677,0.8392075300216675
PINN20260517-KimLayered,5,673,physics,0.11560862511396408,0.002117739524692297,0.014569193124771118,0.04355475679039955,0.003384809009730816,0.004930489230901003,0.1753707379102707,0.12661582231521606,0.19665271043777466,0.5667917132377625,8.270896069006994e-05,9.800417422045626e-12,1.8562222692253272e-07,0.30665361881256104,0.10039883852005005,0.008636764250695705,0.057146765291690826,78.9781723022461,257.43975830078125,0.956618847424586,0.45550331473350525,0.007337833289057016,0.001455314690247178,0.8392472267150879
PINN20260517-KimLayered,5,677,physics,0.11460062861442566,0.002085641026496887,0.014234574511647224,0.042952295392751694,0.0033243694342672825,0.004783612210303545,0.1727592796087265,0.12626609206199646,0.19643040001392365,0.5689268112182617,8.340137719642371e-05,9.829027348973174e-12,1.835481668877037e-07,0.30381277203559875,0.1003928855061531,0.008636115118861198,0.05678670108318329,78.31149291992188,255.91197204589844,0.9541348042498484,0.4554736912250519,0.007345309481024742,0.0014570709317922592,0.8392845392227173
PINN20260517-KimLayered,5,681,physics,0.11363919824361801,0.0020269453525543213,0.013864025473594666,0.04244125634431839,0.003219439648091793,0.004681297577917576,0.1703391969203949,0.1261812448501587,0.19624203443527222,0.5709046721458435,8.409590373048559e-05,9.853691647354612e-12,1.832700604609272e-07,0.3038260042667389,0.10039631277322769,0.008636162616312504,0.056771233677864075,77.30603790283203,259.3902282714844,0.956927053922258,0.45544537901878357,0.007352225016802549,0.0014586860779672861,0.8393240571022034
PINN20260517-KimLayered,5,684,physics,0.11288945376873016,0.0019993686582893133,0.013610956259071827,0.041971005499362946,0.0031688713934272528,0.004580872133374214,0.16883444786071777,0.12566618621349335,0.1960773766040802,0.5722550749778748,8.461258403258398e-05,9.877448685358114e-12,1.8240710630834656e-07,0.3022206723690033,0.10039399564266205,0.00863597635179758,0.05657031387090683,76.69121551513672,258.4770202636719,0.9557743271901584,0.4554239511489868,0.007358051370829344,0.0014600349823012948,0.8393518924713135
PINN20260517-KimLayered,5,688,physics,0.11197119206190109,0.0019548421259969473,0.013282916508615017,0.04144708812236786,0.003084396943449974,0.004476471804082394,0.1666547656059265,0.12534302473068237,0.19587334990501404,0.5739023089408875,8.527949103154242e-05,9.90955234536628e-12,1.818863779590174e-07,0.30156219005584717,0.10039322823286057,0.008635889738798141,0.05647646263241768,75.89413452148438,259.2972106933594,0.957109594970716,0.4553934931755066,0.007365461904555559,0.001461771666072309,0.8393899202346802
PINN20260517-KimLayered,5,692,physics,0.11108779907226562,0.001921695307828486,0.012974584475159645,0.04090183973312378,0.0030196805018931627,0.004358940292149782,0.16454143822193146,0.12512798607349396,0.19566495716571808,0.5753591656684875,8.594720566179603e-05,9.944023035557414e-12,1.804245215453193e-07,0.29978397488594055,0.10038946568965912,0.00863576028496027,0.0562453418970108,75.24504852294922,258.7495422363281,0.9569821689362686,0.4553646147251129,0.007373369764536619,0.0014636220876127481,0.8394265174865723
PINN20260517-KimLayered,5,695,physics,0.11040757596492767,0.0018914719112217426,0.012742548249661922,0.04049263149499893,0.0029618851840496063,0.004283794667571783,0.16306781768798828,0.1247669979929924,0.19551701843738556,0.5763474702835083,8.642247848911211e-05,9.969444540736117e-12,1.7951236941371462e-07,0.29918840527534485,0.10038787871599197,0.008635775186121464,0.05616249889135361,74.69010162353516,259.8301086425781,0.9588986950590659,0.4553420841693878,0.007378828711807728,0.0014649061486124992,0.8394544124603271
PINN20260517-KimLayered,5,699,physics,0.10955875366926193,0.001859014737419784,0.012452831491827965,0.03998290374875069,0.002898230217397213,0.004180543590337038,0.161016583442688,0.1244935467839241,0.19531196355819702,0.5775523781776428,8.704445644980296e-05,1.0007415035540035e-11,1.778285820819292e-07,0.2977922558784485,0.10038339346647263,0.008635788224637508,0.05597414821386337,74.07624816894531,260.3856506347656,0.9603911832969898,0.45531216263771057,0.007386367302387953,0.0014666926581412554,0.8394908905029297
PINN20260517-KimLayered,5,703,physics,0.10873737186193466,0.00182477873750031,0.012167796492576599,0.03950433060526848,0.00283005740493536,0.004086038563400507,0.1590781956911087,0.12417346239089966,0.1951092779636383,0.5786464214324951,8.762532524997368e-05,1.0048279049101883e-11,1.7672938668056304e-07,0.2968643605709076,0.10037929564714432,0.008635886944830418,0.05584697052836418,73.42997741699219,261.6589660644531,0.9610662642288328,0.4552793502807617,0.007393411826342344,0.0014683952322229743,0.8395276665687561
PINN20260517-KimLayered,5,707,physics,0.10794702917337418,0.0017951775807887316,0.011898355558514595,0.039021048694849014,0.00276778731495142,0.0039887684397399426,0.15729592740535736,0.1238548755645752,0.1948932260274887,0.579628586769104,8.821626397548243e-05,1.0092250819770943e-11,1.760454466648298e-07,0.29565954208374023,0.10037484765052795,0.00863611325621605,0.055687762796878815,72.78855895996094,261.7995300292969,0.9610618646593427,0.4552474319934845,0.007400851231068373,0.0014701748732477427,0.8395639061927795
PINN20260517-KimLayered,5,710,physics,0.10737438499927521,0.001772055635228753,0.011700345203280449,0.03865387663245201,0.002719563664868474,0.003921261057257652,0.15615415573120117,0.12359429895877838,0.1947331577539444,0.5802891254425049,8.866719872457907e-05,1.0126197623472333e-11,1.7559790421728394e-07,0.2949857711791992,0.10037150233983994,0.00863630324602127,0.05559837818145752,72.32279968261719,262.83599853515625,0.9615983284150876,0.45522382855415344,0.007406638003885746,0.0014715427532792091,0.8395912051200867
PINN20260517-KimLayered,5,714,physics,0.10664459317922592,0.001744737382978201,0.011448504403233528,0.03820817545056343,0.0026622305158525705,0.0038325339555740356,0.15454259514808655,0.12331457436084747,0.19452282786369324,0.5810691714286804,8.925862493924797e-05,1.0171496457600515e-11,1.7445921685066423e-07,0.2938012480735779,0.1003655418753624,0.008636480197310448,0.05543918535113335,71.81745147705078,263.217529296875,0.9613403161463074,0.4551932215690613,0.007414340972900391,0.001473382581025362,0.8396270871162415
PINN20260517-KimLayered,5,718,physics,0.10594556480646133,0.0017203956376761198,0.011210886761546135,0.03779222443699837,0.0026086594443768263,0.003746855305507779,0.15296298265457153,0.12301190942525864,0.19430981576442719,0.5817499756813049,8.985659951576963e-05,1.0217263667067211e-11,1.731924328396417e-07,0.2925201952457428,0.10035876929759979,0.008636651560664177,0.055266477167606354,71.34426879882812,263.58648681640625,0.961627958537394,0.45516422390937805,0.007422277238219976,0.001475268043577671,0.8396626710891724
PINN20260517-KimLayered,5,721,physics,0.10543794184923172,0.0016989648574963212,0.011033577844500542,0.037486713379621506,0.002562446752563119,0.00369084719568491,0.15190336108207703,0.12278801947832108,0.19415228068828583,0.5822185277938843,9.032234083861113e-05,1.0251322360432802e-11,1.7254309625513997e-07,0.29206031560897827,0.10035502165555954,0.008636935614049435,0.055201347917318344,70.94112396240234,265.2041015625,0.9636244544362851,0.4551446735858917,0.00742843933403492,0.0014767177635803819,0.8396893739700317
PINN20260517-KimLayered,5,725,physics,0.10478509217500687,0.0016757838893681765,0.010810015723109245,0.03709104657173157,0.0025102118961513042,0.003613404231145978,0.15048885345458984,0.12251231074333191,0.19393865764141083,0.5827849507331848,9.092818800127134e-05,1.029749809727809e-11,1.7149594100374088e-07,0.29093754291534424,0.100348562002182,0.008637352846562862,0.055049117654561996,70.48291778564453,265.8512268066406,0.9638256851903901,0.45511963963508606,0.007436548825353384,0.0014786593383178115,0.839724063873291
PINN20260517-KimLayered,5,729,physics,0.1041632741689682,0.001653566607274115,0.010595829226076603,0.036704111844301224,0.002458861330524087,0.0035384660586714745,0.14916792511940002,0.12229999154806137,0.1937210112810135,0.5832954049110413,9.152974234893918e-05,1.034550570211401e-11,1.7051873157925002e-07,0.28987687826156616,0.10034096986055374,0.008637828752398491,0.05490640550851822,69.99964141845703,266.689453125,0.964283536210375,0.4550958573818207,0.007444764953106642,0.0014806365361437201,0.8397583365440369
PINN20260517-KimLayered,5,733,physics,0.10360455513000488,0.0016309227794408798,0.010390790179371834,0.03631667420268059,0.0024073992390185595,0.0034700834657996893,0.14797343313694,0.12243150174617767,0.1935049444437027,0.5837562084197998,9.213825251208618e-05,1.0394597509122416e-11,1.69490434132058e-07,0.2890501916408539,0.10033225268125534,0.008638326078653336,0.05479384958744049,69.60314178466797,268.3075256347656,0.9667172095298489,0.45507365465164185,0.007453230209648609,0.001482670777477324,0.8397919535636902
PINN20260517-KimLayered,5,736,physics,0.10328550636768341,0.0016299269627779722,0.010272408835589886,0.03600934520363808,0.002394067356362939,0.0034135684836655855,0.14703905582427979,0.12306591868400574,0.19334779679775238,0.5840520858764648,9.251150913769379e-05,1.042825808345027e-11,1.678318142239732e-07,0.2870945632457733,0.10032208263874054,0.00863847229629755,0.05453385412693024,69.7645263671875,264.6293640136719,0.9606810996769933,0.4550551474094391,0.007458311039954424,0.0014839930227026343,0.8398159742355347
PINN20260517-KimLayered,5,740,physics,0.10276859998703003,0.001656705397181213,0.010209448635578156,0.03561544418334961,0.002392360707744956,0.0033741688821464777,0.14582392573356628,0.12185356020927429,0.19311286509037018,0.5844298005104065,9.311280155088753e-05,1.0477607496894858e-11,1.6591955898093147e-07,0.284885972738266,0.1003086119890213,0.00863888394087553,0.054244574159383774,70.49872589111328,262.4271545410156,0.9598816570679407,0.4550376832485199,0.007467074319720268,0.0014861158560961485,0.8398474454879761
PINN20260517-KimLayered,6,1,pretrain,31.857158660888672,3.233715534210205,7.173229694366455,3.1760151386260986,1.921025276184082,2.0239078998565674,132.89907836914062,0.7462632656097412,0.7181328535079956,0.0,0.0,0.0,0.0,0.0,0.0,0.0,0.0,3902.88916015625,3440.92333984375,48.75938480685762,0.40277576446533203,0.004953982308506966,0.0010022616479545832,0.7992260456085205
PINN20260517-KimLayered,6,4,pretrain,31.04962921142578,3.207799196243286,7.001503944396973,3.2207374572753906,1.9042645692825317,1.9742608070373535,127.68877410888672,0.48176416754722595,0.6583998799324036,0.0,0.0,0.0,0.0,0.0,0.0,0.0,0.0,3871.09716796875,3408.2890625,46.72782747808335,0.4047607183456421,0.005007751751691103,0.0010125755798071623,0.8002120852470398
PINN20260517-KimLayered,6,8,pretrain,29.647218704223633,3.1593399047851562,6.671734809875488,3.2207722663879395,1.8758893013000488,1.8955270051956177,118.70166015625,0.4913546144962311,0.5764816999435425,0.0,0.0,0.0,0.0,0.0,0.0,0.0,0.0,3816.884765625,3352.673828125,43.320196972131534,0.4077911972999573,0.005198684986680746,0.0010513107990846038,0.8014793395996094
PINN20260517-KimLayered,6,11,pretrain,28.36334800720215,3.110884189605713,6.378350257873535,3.203108549118042,1.848373532295227,1.8244938850402832,110.6645278930664,0.4528171122074127,0.5162184238433838,0.0,0.0,0.0,0.0,0.0,0.0,0.0,0.0,3763.54150390625,3297.93408203125,40.32476069960945,0.4104052186012268,0.005380859132856131,0.0010874321451410651,0.8024057745933533
PINN20260517-KimLayered,6,15,pretrain,26.315956115722656,3.0216779708862305,5.920464515686035,3.146911859512329,1.8002538681030273,1.7104206085205078,98.15518188476562,0.46778517961502075,0.4449329078197479,0.0,0.0,0.0,0.0,0.0,0.0,0.0,0.0,3667.62841796875,3199.421875,35.779837356770344,0.414406418800354,0.00566714396700263,0.001144117908552289,0.8036206960678101
PINN20260517-KimLayered,6,18,pretrain,24.493183135986328,2.9295029640197754,5.527429580688477,3.0603041648864746,1.7535361051559448,1.6096820831298828,87.49063110351562,0.4334828853607178,0.4040560722351074,0.0,0.0,0.0,0.0,0.0,0.0,0.0,0.0,3571.86962890625,3101.533935546875,32.00494447686993,0.4177588224411011,0.005916660651564598,0.0011935211950913072,0.8045161366462708
PINN20260517-KimLayered,6,21,pretrain,22.41385269165039,2.8106768131256104,5.097808361053467,2.896883249282837,1.6963917016983032,1.4974218606948853,75.83296966552734,0.4477394223213196,0.3766825199127197,0.0,0.0,0.0,0.0,0.0,0.0,0.0,0.0,3453.88720703125,2982.674072265625,28.000688939745057,0.4213654696941376,0.006196973845362663,0.0012489756336435676,0.8054125905036926
PINN20260517-KimLayered,6,25,pretrain,19.27103042602539,2.6103367805480957,4.494607448577881,2.4892160892486572,1.6048356294631958,1.3379027843475342,59.318992614746094,0.4284575283527374,0.36065009236335754,0.0,0.0,0.0,0.0,0.0,0.0,0.0,0.0,3267.504638671875,2801.41845703125,22.521570953987837,0.4264398217201233,0.0066140624694526196,0.0013313975650817156,0.8066250681877136
PINN20260517-KimLayered,6,28,pretrain,16.743471145629883,2.4357521533966064,4.056008338928223,2.0020363330841064,1.527712345123291,1.2237071990966797,46.90424346923828,0.42357876896858215,0.3591196835041046,0.0,0.0,0.0,0.0,0.0,0.0,0.0,0.0,3115.23828125,2661.8056640625,18.513917876113865,0.4303564727306366,0.006952483672648668,0.0013982021482661366,0.8075686097145081
PINN20260517-KimLayered,6,32,pretrain,13.660856246948242,2.1929187774658203,3.5359487533569336,1.4119231700897217,1.4196484088897705,1.0889254808425903,32.47090148925781,0.4198838770389557,0.362721711397171,0.0,0.0,0.0,0.0,0.0,0.0,0.0,0.0,2910.615478515625,2490.951416015625,13.732532522669889,0.4355945885181427,0.007421921472996473,0.001490740804001689,0.8089131712913513
PINN20260517-KimLayered,6,35,pretrain,11.604228019714355,2.010591983795166,3.1906509399414062,1.041813611984253,1.338329553604126,1.0010764598846436,23.269065856933594,0.41141369938850403,0.3651019036769867,0.0,0.0,0.0,0.0,0.0,0.0,0.0,0.0,2764.44189453125,2384.1943359375,11.056696654456793,0.43941807746887207,0.007774455938488245,0.0015601267805323005,0.8100119233131409
PINN20260517-KimLayered,6,39,pretrain,9.78464412689209,1.7962822914123535,2.8096532821655273,0.9697474837303162,1.2322486639022827,0.9034847617149353,15.704545974731445,0.4061504304409027,0.3638693392276764,0.0,0.0,0.0,0.0,0.0,0.0,0.0,0.0,2586.817138671875,2269.1083984375,9.597430405796734,0.4442856013774872,0.008226237259805202,0.0016490246634930372,0.8116263747215271
PINN20260517-KimLayered,6,42,pretrain,9.369145393371582,1.680694818496704,2.587916851043701,1.349517822265625,1.1558493375778198,0.8378774523735046,14.56835651397705,0.40083789825439453,0.35938310623168945,0.0,0.0,0.0,0.0,0.0,0.0,0.0,0.0,2469.4814453125,2194.27294921875,9.552154293834414,0.4478292763233185,0.008532262407243252,0.0017090988112613559,0.8129597306251526
PINN20260517-KimLayered,6,45,pretrain,9.007572174072266,1.5766938924789429,2.401064872741699,1.598101019859314,1.0861382484436035,0.7799016833305359,14.031991958618164,0.394490510225296,0.3543730676174164,0.0,0.0,0.0,0.0,0.0,0.0,0.0,0.0,2367.666259765625,2128.05615234375,9.301892752726996,0.45115479826927185,0.008786048740148544,0.0017571027856320143,0.814344048500061
PINN20260517-KimLayered,6,49,pretrain,8.138663291931152,1.4496748447418213,2.1944265365600586,1.4375481605529785,1.0043518543243408,0.7144542932510376,11.843266487121582,0.38704437017440796,0.34949004650115967,0.0,0.0,0.0,0.0,0.0,0.0,0.0,0.0,2251.663818359375,2049.642333984375,8.161974042762479,0.4551545977592468,0.00904830452054739,0.0018026159377768636,0.8161830306053162
PINN20260517-KimLayered,6,52,pretrain,7.238195419311523,1.3615834712982178,2.064302444458008,1.0097311735153198,0.9491041302680969,0.6719691157341003,9.236455917358398,0.37994062900543213,0.34752771258354187,0.0,0.0,0.0,0.0,0.0,0.0,0.0,0.0,2174.333984375,1995.5821533203125,6.890392371617184,0.4578652083873749,0.009205185808241367,0.001826983643695712,0.8175420761108398
PINN20260517-KimLayered,6,56,pretrain,6.170583248138428,1.246793270111084,1.905470848083496,0.5257025957107544,0.8778917789459229,0.6193413734436035,6.335931777954102,0.3719085156917572,0.34606412053108215,0.0,0.0,0.0,0.0,0.0,0.0,0.0,0.0,2075.194091796875,1927.4359130859375,5.447885641252815,0.4611639976501465,0.009396658279001713,0.0018558674491941929,0.8193761706352234
PINN20260517-KimLayered,6,59,pretrain,5.693774700164795,1.1775131225585938,1.7961459159851074,0.35374915599823,0.8230658173561096,0.5810855031013489,5.53133487701416,0.3648837208747864,0.34472140669822693,0.0,0.0,0.0,0.0,0.0,0.0,0.0,0.0,2001.716796875,1880.6810302734375,4.914185619271645,0.46339505910873413,0.009553520940244198,0.0018830921035259962,0.820794403553009
PINN20260517-KimLayered,6,62,pretrain,5.2482476234436035,1.1049319505691528,1.6856036186218262,0.26878979802131653,0.7684981822967529,0.5448858737945557,4.672425270080566,0.35817474126815796,0.3429155647754669,0.0,0.0,0.0,0.0,0.0,0.0,0.0,0.0,1931.9710693359375,1840.0899658203125,4.460868869578963,0.4653644859790802,0.009723320603370667,0.0019155914196744561,0.8221970200538635
PINN20260517-KimLayered,6,66,pretrain,4.538865089416504,1.0020893812179565,1.5355345010757446,0.16733627021312714,0.6988646984100342,0.5012283325195312,2.6578543186187744,0.34902113676071167,0.34016165137290955,0.0,0.0,0.0,0.0,0.0,0.0,0.0,0.0,1846.106689453125,1795.2081298828125,3.6703395167182418,0.4675752818584442,0.009957232512533665,0.00196259468793869,0.8239765167236328
PINN20260517-KimLayered,6,69,pretrain,4.124706745147705,0.9292048215866089,1.4287309646606445,0.1835681051015854,0.6469951868057251,0.4699257016181946,1.5757737159729004,0.34185510873794556,0.3379881680011749,0.0,0.0,0.0,0.0,0.0,0.0,0.0,0.0,1784.3082275390625,1764.8668212890625,3.5718863419890483,0.46907371282577515,0.01013627927750349,0.0019994527101516724,0.8253117203712463
PINN20260517-KimLayered,6,73,pretrain,3.751307964324951,0.8445403575897217,1.2936468124389648,0.1837831288576126,0.5782612562179565,0.428707480430603,1.3791697025299072,0.3319765031337738,0.33517003059387207,0.0,0.0,0.0,0.0,0.0,0.0,0.0,0.0,1705.8701171875,1723.9130859375,3.7354143856164885,0.4710266888141632,0.010370905511081219,0.0020484989508986473,0.8271267414093018
PINN20260517-KimLayered,6,76,pretrain,3.5158326625823975,0.7822792530059814,1.19935142993927,0.20265035331249237,0.5294655561447144,0.39876070618629456,1.4499657154083252,0.32440119981765747,0.3330470621585846,0.0,0.0,0.0,0.0,0.0,0.0,0.0,0.0,1651.2596435546875,1689.5572509765625,3.4458551909713333,0.4724866449832916,0.010532579384744167,0.0020822815131396055,0.8284766674041748
PINN20260517-KimLayered,6,79,pretrain,3.255049228668213,0.721869945526123,1.110733151435852,0.23620477318763733,0.48352664709091187,0.36943376064300537,1.164973258972168,0.31668028235435486,0.3307279944419861,0.0,0.0,0.0,0.0,0.0,0.0,0.0,0.0,1599.0120849609375,1647.5645751953125,3.0353994047388713,0.4739518165588379,0.01068324688822031,0.002113729016855359,0.8298106789588928
PINN20260517-KimLayered,6,83,pretrain,2.9446866512298584,0.6448299884796143,0.9939277172088623,0.26676130294799805,0.4273104667663574,0.3307678699493408,1.0515813827514648,0.30637532472610474,0.3271630108356476,0.0,0.0,0.0,0.0,0.0,0.0,0.0,0.0,1533.05859375,1577.3922119140625,2.893542814848557,0.47586920857429504,0.010877670720219612,0.0021553931292146444,0.8315621018409729
PINN20260517-KimLayered,6,86,pretrain,2.7044496536254883,0.5948480367660522,0.912603497505188,0.1982821524143219,0.389838844537735,0.3033469021320343,1.0872619152069092,0.2988032400608063,0.32413142919540405,0.0,0.0,0.0,0.0,0.0,0.0,0.0,0.0,1487.70556640625,1519.555908203125,2.9185794657464057,0.47720563411712646,0.011015466414391994,0.002185685094445944,0.8328424096107483
PINN20260517-KimLayered,6,90,pretrain,2.4234416484832764,0.531309187412262,0.8193901777267456,0.18840022385120392,0.34655076265335083,0.27181753516197205,0.9264987707138062,0.28874537348747253,0.31946197152137756,0.0,0.0,0.0,0.0,0.0,0.0,0.0,0.0,1437.4366455078125,1457.1204833984375,2.588105835489486,0.47865280508995056,0.011164463125169277,0.0022179745137691498,0.8345239758491516
PINN20260517-KimLayered,6,93,pretrain,2.255537748336792,0.49268901348114014,0.7605686783790588,0.17937752604484558,0.3186531662940979,0.25236672163009644,0.8831647634506226,0.28102296590805054,0.31538650393486023,0.0,0.0,0.0,0.0,0.0,0.0,0.0,0.0,1409.2791748046875,1432.833984375,2.522231780948549,0.4792533218860626,0.01125800795853138,0.002237932523712516,0.8357641696929932
PINN20260517-KimLayered,6,97,pretrain,2.080631971359253,0.45783424377441406,0.6951252818107605,0.14092139899730682,0.28915080428123474,0.23069269955158234,0.8593692779541016,0.2707192599773407,0.30941155552864075,0.0,0.0,0.0,0.0,0.0,0.0,0.0,0.0,1380.4990234375,1417.3834228515625,2.4941188651477626,0.479299396276474,0.01135679055005312,0.0022578982170671225,0.8373174071311951
PINN20260517-KimLayered,6,100,pretrain,1.9831668138504028,0.436036080121994,0.6565783619880676,0.13697578012943268,0.2737422585487366,0.21797555685043335,0.8331633806228638,0.2634485065937042,0.30474886298179626,0.0,0.0,0.0,0.0,0.0,0.0,0.0,0.0,1357.0269775390625,1398.291259765625,2.4158306037015786,0.4788391888141632,0.011387970298528671,0.0022618130315095186,0.8383337259292603
PINN20260517-KimLayered,6,103,pretrain,1.9035488367080688,0.418556809425354,0.6268385648727417,0.1280992031097412,0.26323026418685913,0.20817410945892334,0.8165769577026367,0.25697430968284607,0.30002087354660034,0.0,0.0,0.0,0.0,0.0,0.0,0.0,0.0,1323.8416748046875,1357.58154296875,2.4073409056235957,0.4780595898628235,0.011381064541637897,0.0022569047287106514,0.8391741514205933
PINN20260517-KimLayered,6,107,pretrain,1.8003222942352295,0.39438533782958984,0.5972318053245544,0.1183512732386589,0.25409990549087524,0.19855070114135742,0.7710323333740234,0.2499854415655136,0.2937399744987488,0.0,0.0,0.0,0.0,0.0,0.0,0.0,0.0,1255.6396484375,1252.057861328125,2.322839526103021,0.4766422510147095,0.011301763355731964,0.0022350214421749115,0.8400105237960815
PINN20260517-KimLayered,6,110,pretrain,1.716680884361267,0.37187108397483826,0.5813294649124146,0.11418339610099792,0.24881614744663239,0.1933969110250473,0.7472599744796753,0.2462102472782135,0.2891612946987152,0.0,0.0,0.0,0.0,0.0,0.0,0.0,0.0,1189.989990234375,1135.656494140625,2.181729865916282,0.4753554165363312,0.011188613250851631,0.0022072752472013235,0.8404560685157776
PINN20260517-KimLayered,6,114,pretrain,1.6096136569976807,0.3434060513973236,0.5671954154968262,0.10541540384292603,0.2428426891565323,0.18882928788661957,0.6933656334877014,0.24312618374824524,0.28338563442230225,0.0,0.0,0.0,0.0,0.0,0.0,0.0,0.0,1106.005126953125,964.6558837890625,2.025480174066816,0.4733061194419861,0.010994048789143562,0.0021619622129946947,0.8408972024917603
PINN20260517-KimLayered,6,117,pretrain,1.5475730895996094,0.32716384530067444,0.560222327709198,0.09887195378541946,0.23940691351890564,0.18656842410564423,0.657278299331665,0.24199116230010986,0.2794174253940582,0.0,0.0,0.0,0.0,0.0,0.0,0.0,0.0,1060.9765625,861.1755981445312,1.9149919810301137,0.4714200496673584,0.010836698114871979,0.0021265936084091663,0.8411897420883179
PINN20260517-KimLayered,6,120,pretrain,1.5004479885101318,0.31562337279319763,0.5518670082092285,0.09296483546495438,0.23681989312171936,0.18389464914798737,0.6270400881767273,0.24139852821826935,0.27582263946533203,0.0,0.0,0.0,0.0,0.0,0.0,0.0,0.0,1031.1524658203125,801.1775512695312,1.8468540207531547,0.4692123234272003,0.010699484497308731,0.002096288837492466,0.841502845287323
PINN20260517-KimLayered,6,124,pretrain,1.4378700256347656,0.3004339635372162,0.534701406955719,0.08652283251285553,0.2344999462366104,0.17836955189704895,0.5980449914932251,0.24068975448608398,0.2716153860092163,0.0,0.0,0.0,0.0,0.0,0.0,0.0,0.0,1000.0682373046875,777.9110107421875,1.8355278497375958,0.4660787880420685,0.010583119466900826,0.0020704325288534164,0.8419591784477234
PINN20260517-KimLayered,6,127,pretrain,1.3902318477630615,0.2882302701473236,0.5206195116043091,0.08309956640005112,0.23403671383857727,0.1738240271806717,0.5849086046218872,0.2399248331785202,0.2688930034637451,0.0,0.0,0.0,0.0,0.0,0.0,0.0,0.0,980.287353515625,785.8573608398438,1.8512302713074233,0.4638681709766388,0.01053543295711279,0.002059204038232565,0.8422874808311462
PINN20260517-KimLayered,6,131,pretrain,1.3381905555725098,0.27451324462890625,0.5059695243835449,0.07989604771137238,0.23471954464912415,0.16913625597953796,0.5712074041366577,0.23854295909404755,0.2659349739551544,0.0,0.0,0.0,0.0,0.0,0.0,0.0,0.0,958.7706909179688,804.1669311523438,1.8749650208679778,0.4611911475658417,0.010475730523467064,0.0020444337278604507,0.842610239982605
PINN20260517-KimLayered,6,134,pretrain,1.305155634880066,0.26597779989242554,0.49840760231018066,0.07681060582399368,0.23428648710250854,0.16673192381858826,0.5588216781616211,0.2373904585838318,0.26423272490501404,0.0,0.0,0.0,0.0,0.0,0.0,0.0,0.0,942.4675903320312,807.0684814453125,1.8838058740253303,0.45929160714149475,0.010406619869172573,0.0020276170689612627,0.8427140712738037
PINN20260517-KimLayered,6,137,pretrain,1.2715073823928833,0.2572755813598633,0.492477148771286,0.07384659349918365,0.23180028796195984,0.16482828557491302,0.5446304082870483,0.23634961247444153,0.26288312673568726,0.0,0.0,0.0,0.0,0.0,0.0,0.0,0.0,924.4044799804688,797.0809936523438,1.8664456113862529,0.4574170708656311,0.010308236815035343,0.00200409977696836,0.8426921963691711
PINN20260517-KimLayered,6,141,pretrain,1.2262245416641235,0.24577485024929047,0.4857304096221924,0.06985346227884293,0.22598615288734436,0.16265514492988586,0.5228079557418823,0.23521828651428223,0.2614591717720032,0.0,0.0,0.0,0.0,0.0,0.0,0.0,0.0,901.028076171875,777.7069702148438,1.8302816774036985,0.455029159784317,0.010150231420993805,0.001966117648407817,0.8425135612487793
PINN20260517-KimLayered,6,144,pretrain,1.1944444179534912,0.23776082694530487,0.48128509521484375,0.06697942316532135,0.22105705738067627,0.16121479868888855,0.507987380027771,0.23436954617500305,0.2605714201927185,0.0,0.0,0.0,0.0,0.0,0.0,0.0,0.0,885.2456665039062,769.1387329101562,1.8125415258441564,0.45346692204475403,0.010033824481070042,0.0019372403621673584,0.842318058013916
PINN20260517-KimLayered,6,148,pretrain,1.1533243656158447,0.22725749015808105,0.47600674629211426,0.06314999610185623,0.2148808389902115,0.15949836373329163,0.49025774002075195,0.2329440861940384,0.2595507800579071,0.0,0.0,0.0,0.0,0.0,0.0,0.0,0.0,864.8876342773438,770.9393310546875,1.813449346675375,0.4518711268901825,0.009904220700263977,0.0019028789829462767,0.8420364260673523
PINN20260517-KimLayered,6,151,pretrain,1.1232855319976807,0.219227135181427,0.47232329845428467,0.06104227900505066,0.21069693565368652,0.15831662714481354,0.481392502784729,0.23169411718845367,0.2588871419429779,0.0,0.0,0.0,0.0,0.0,0.0,0.0,0.0,850.0247192382812,780.2509765625,1.8126086937410895,0.4510268568992615,0.009825369343161583,0.0018802041886374354,0.8418297171592712
PINN20260517-KimLayered,6,155,pretrain,1.085828185081482,0.2093256115913391,0.4677729904651642,0.058435287326574326,0.20555438101291656,0.1568199098110199,0.4671073257923126,0.23003481328487396,0.2581224739551544,0.0,0.0,0.0,0.0,0.0,0.0,0.0,0.0,831.4866333007812,794.8275146484375,1.825280904508905,0.45018628239631653,0.009730284102261066,0.0018515002448111773,0.841560959815979
PINN20260517-KimLayered,6,158,pretrain,1.059741735458374,0.20256304740905762,0.4646008610725403,0.05643193796277046,0.20182503759860992,0.1557210087776184,0.4552016258239746,0.22893060743808746,0.2576066851615906,0.0,0.0,0.0,0.0,0.0,0.0,0.0,0.0,818.0906982421875,800.3717651367188,1.8210489079240553,0.4496248960494995,0.009655148722231388,0.0018293001921847463,0.8413609266281128
PINN20260517-KimLayered,6,161,pretrain,1.0347094535827637,0.19611836969852448,0.46137386560440063,0.05430663004517555,0.19818145036697388,0.15461158752441406,0.4444738030433655,0.2279607653617859,0.25710931420326233,0.0,0.0,0.0,0.0,0.0,0.0,0.0,0.0,804.8788452148438,800.3379516601562,1.8103153698107188,0.44907286763191223,0.009573989547789097,0.0018064227188006043,0.8411650657653809
PINN20260517-KimLayered,6,165,pretrain,1.0034732818603516,0.1881786435842514,0.4570648670196533,0.05041205510497093,0.19371679425239563,0.15310174226760864,0.4351649284362793,0.22678951919078827,0.25644996762275696,0.0,0.0,0.0,0.0,0.0,0.0,0.0,0.0,787.998779296875,798.3218994140625,1.8048091207835908,0.4484199583530426,0.009465469047427177,0.0017769612604752183,0.8409254550933838
PINN20260517-KimLayered,6,168,pretrain,0.981623113155365,0.18258097767829895,0.45365840196609497,0.04752920940518379,0.1907920241355896,0.15192025899887085,0.4314984083175659,0.22594064474105835,0.2559525668621063,0.0,0.0,0.0,0.0,0.0,0.0,0.0,0.0,775.9635620117188,800.0087890625,1.8087757730768346,0.44805872440338135,0.009390498511493206,0.0017570280469954014,0.8407731652259827
PINN20260517-KimLayered,6,172,pretrain,0.954155683517456,0.1754014790058136,0.4487445056438446,0.04545232281088829,0.18741615116596222,0.15025411546230316,0.4250715970993042,0.22479459643363953,0.2552892863750458,0.0,0.0,0.0,0.0,0.0,0.0,0.0,0.0,760.6521606445312,807.6309204101562,1.8021839137751714,0.44776982069015503,0.009301370941102505,0.0017337438184767962,0.8406097292900085
PINN20260517-KimLayered,6,175,pretrain,0.9345802068710327,0.17028485238552094,0.444807231426239,0.04470067098736763,0.1851540505886078,0.14895585179328918,0.41850796341896057,0.2239292562007904,0.2547956109046936,0.0,0.0,0.0,0.0,0.0,0.0,0.0,0.0,749.7472534179688,814.8395385742188,1.8029389276075083,0.447657972574234,0.00923940259963274,0.0017180495196953416,0.8405078649520874
PINN20260517-KimLayered,6,178,pretrain,0.9160283207893372,0.16547541320323944,0.44084328413009644,0.0444318987429142,0.1829913854598999,0.1476452499628067,0.4103397727012634,0.22308743000030518,0.25430577993392944,0.0,0.0,0.0,0.0,0.0,0.0,0.0,0.0,739.2652587890625,820.3158569335938,1.8018716302276432,0.4475860595703125,0.009176777675747871,0.0017029703594744205,0.8404130935668945
PINN20260517-KimLayered,6,182,pretrain,0.89271479845047,0.15953215956687927,0.43561986088752747,0.04384613782167435,0.18014144897460938,0.14591000974178314,0.4001964032649994,0.2220127433538437,0.25365760922431946,0.0,0.0,0.0,0.0,0.0,0.0,0.0,0.0,725.8662719726562,823.6326904296875,1.800171531036463,0.4475162923336029,0.009089305065572262,0.0016831513494253159,0.8402855396270752
PINN20260517-KimLayered,6,185,pretrain,0.8763480186462402,0.15541717410087585,0.43182408809661865,0.04340676590800285,0.17802558839321136,0.14463207125663757,0.3927724361419678,0.22122503817081451,0.25317129492759705,0.0,0.0,0.0,0.0,0.0,0.0,0.0,0.0,716.3345336914062,824.8352661132812,1.7979530324904267,0.4474932849407196,0.00902152806520462,0.0016685359878465533,0.840186595916748
PINN20260517-KimLayered,6,189,pretrain,0.8558968901634216,0.15030020475387573,0.42684638500213623,0.04293269291520119,0.17528456449508667,0.14297139644622803,0.3839496374130249,0.220143124461174,0.2525172829627991,0.0,0.0,0.0,0.0,0.0,0.0,0.0,0.0,704.4154663085938,828.0404052734375,1.7944050502936684,0.4475356638431549,0.008931721560657024,0.0016497798496857285,0.8400523066520691
PINN20260517-KimLayered,6,192,pretrain,0.8415337204933167,0.14670632779598236,0.4232509136199951,0.04289254546165466,0.17330148816108704,0.14177283644676208,0.3771475851535797,0.21928706765174866,0.2520226240158081,0.0,0.0,0.0,0.0,0.0,0.0,0.0,0.0,696.0675659179688,832.4329833984375,1.7945216850171897,0.44763100147247314,0.008865425363183022,0.0016362984897568822,0.8399507403373718
PINN20260517-KimLayered,6,195,pretrain,0.8280562162399292,0.14333711564540863,0.4198639392852783,0.04298381879925728,0.171365886926651,0.14064045250415802,0.3705284893512726,0.21838848292827606,0.2515254020690918,0.0,0.0,0.0,0.0,0.0,0.0,0.0,0.0,688.1954345703125,837.5703125,1.7929975568592467,0.44777047634124756,0.008799162693321705,0.0016231308691203594,0.8398473858833313
PINN20260517-KimLayered,6,199,pretrain,0.8112576007843018,0.13920986652374268,0.4156791567802429,0.04256005585193634,0.16882550716400146,0.13923008739948273,0.3633917570114136,0.21713900566101074,0.2508592903614044,0.0,0.0,0.0,0.0,0.0,0.0,0.0,0.0,678.3311767578125,843.189208984375,1.7960235544312186,0.44799405336380005,0.008708840236067772,0.0016056618187576532,0.8397045731544495
PINN20260517-KimLayered,6,202,pretrain,0.7995062470436096,0.13635152578353882,0.4127616286277771,0.042329348623752594,0.16694195568561554,0.13823361694812775,0.357835590839386,0.21616818010807037,0.25035566091537476,0.0,0.0,0.0,0.0,0.0,0.0,0.0,0.0,671.3412475585938,845.7490234375,1.7953728883285278,0.4481743574142456,0.00863838940858841,0.0015924405306577682,0.839594304561615
PINN20260517-KimLayered,6,206,pretrain,0.7846453189849854,0.13283084332942963,0.4091150760650635,0.041718073189258575,0.1644955426454544,0.1369694471359253,0.3501408100128174,0.21481862664222717,0.24967339634895325,0.0,0.0,0.0,0.0,0.0,0.0,0.0,0.0,662.580322265625,848.4826049804688,1.8062933588989267,0.4484368562698364,0.008541963994503021,0.0015747982542961836,0.8394476175308228
PINN20260517-KimLayered,6,209,pretrain,0.7740431427955627,0.1303488165140152,0.4064100384712219,0.04143441095948219,0.16273434460163116,0.1360526829957962,0.34379881620407104,0.21375617384910583,0.2491500824689865,0.0,0.0,0.0,0.0,0.0,0.0,0.0,0.0,656.4309692382812,850.9583740234375,1.8040576635489058,0.44865718483924866,0.008468149229884148,0.0015616619493812323,0.8393415212631226
PINN20260517-KimLayered,6,213,pretrain,0.7606857419013977,0.12725487351417542,0.40282225608825684,0.0413857139647007,0.1604943573474884,0.13484825193881989,0.3345627188682556,0.2122749388217926,0.24843454360961914,0.0,0.0,0.0,0.0,0.0,0.0,0.0,0.0,648.75927734375,855.2973022460938,1.8138488689909462,0.4489861726760864,0.008368191309273243,0.0015443192096427083,0.83920818567276
PINN20260517-KimLayered,6,216,pretrain,0.7512276768684387,0.12509331107139587,0.4001576602458954,0.04148099571466446,0.15888184309005737,0.13395246863365173,0.32744723558425903,0.2111208438873291,0.2478848397731781,0.0,0.0,0.0,0.0,0.0,0.0,0.0,0.0,643.3260498046875,858.2893676757812,1.8143502640327052,0.44925180077552795,0.008291271515190601,0.0015313092153519392,0.8391134738922119
PINN20260517-KimLayered,6,219,pretrain,0.7413866519927979,0.12305650115013123,0.3975062668323517,0.0406629741191864,0.1573057323694229,0.13306358456611633,0.3180610239505768,0.2099418044090271,0.24732565879821777,0.0,0.0,0.0,0.0,0.0,0.0,0.0,0.0,638.0841064453125,859.443115234375,1.7835409768100965,0.4495227634906769,0.008210993371903896,0.0015180878108367324,0.8390222191810608
PINN20260517-KimLayered,6,223,physics,0.7552826404571533,0.1205010935664177,0.3940286636352539,0.03951839357614517,0.15524250268936157,0.1318836510181427,0.3019099235534668,0.20833517611026764,0.2465648353099823,0.7109872698783875,0.00016497430624440312,6.1297529552195584e-12,1.4030469230874587e-07,0.5186596512794495,0.08960641920566559,0.008646446280181408,0.0849614366889,631.4295043945312,859.4256591796875,1.8025503035350567,0.4498822093009949,0.008082305081188679,0.0014999719569459558,0.8389052748680115
PINN20260517-KimLayered,6,226,physics,0.7455794215202332,0.11871594190597534,0.3914508819580078,0.03778167441487312,0.1537296622991562,0.13101275265216827,0.2933802008628845,0.20709118247032166,0.24597837030887604,0.698072075843811,0.00015422911383211613,5.929455277470241e-12,1.4293344463567337e-07,0.5184078812599182,0.08974386006593704,0.008665417321026325,0.08474097400903702,626.7208862304688,860.3178100585938,1.7855083172511117,0.4501741826534271,0.00794602558016777,0.0014853891916573048,0.8388192057609558
PINN20260517-KimLayered,6,230,physics,0.7334458231925964,0.11646109819412231,0.38802504539489746,0.03452329337596893,0.1517813354730606,0.12986865639686584,0.28951841592788696,0.20537246763706207,0.2451772838830948,0.6817466020584106,0.00014052186452317983,5.7260823686788864e-12,1.4422766980715096e-07,0.5180768370628357,0.089940145611763,0.008688714355230331,0.08446696400642395,620.8295288085938,864.3672485351562,1.819319164386331,0.450606107711792,0.0077567496336996555,0.0014680690364912152,0.8387057781219482
PINN20260517-KimLayered,6,233,physics,0.7249475717544556,0.11485029757022858,0.3854653239250183,0.03280280530452728,0.15035724639892578,0.12902478873729706,0.2857357859611511,0.20406140387058258,0.24456731975078583,0.6720851063728333,0.0001322886091656983,5.703074731217006e-12,1.4661310387964477e-07,0.5178272724151611,0.09008278697729111,0.008704803884029388,0.08426910638809204,616.586669921875,866.603515625,1.8095556252542686,0.4509422481060028,0.007643215358257294,0.001460008672438562,0.838621973991394
PINN20260517-KimLayered,6,236,physics,0.717160165309906,0.11327135562896729,0.3829604983329773,0.03178929537534714,0.14895892143249512,0.12818893790245056,0.28318315744400024,0.20273877680301666,0.24395160377025604,0.664664089679718,0.00012638863699976355,5.81780153566247e-12,1.472446911066072e-07,0.5175654888153076,0.09021912515163422,0.008719699457287788,0.08407268673181534,612.4521484375,867.7662963867188,1.8299729981880508,0.4512796700000763,0.007570415269583464,0.0014573558000847697,0.8385376930236816
PINN20260517-KimLayered,6,240,physics,0.7074498534202576,0.11137281358242035,0.3797636032104492,0.03057505562901497,0.14711934328079224,0.12708884477615356,0.27778109908103943,0.20096085965633392,0.24311962723731995,0.6619844436645508,0.0001208528337883763,6.081331185153749e-12,1.4770726863844175e-07,0.517203688621521,0.09038610756397247,0.008737701922655106,0.08381067216396332,607.0936279296875,868.1845092773438,1.8393236192781013,0.4517313539981842,0.007520920597016811,0.0014577482361346483,0.8384255170822144
PINN20260517-KimLayered,6,243,physics,0.7006289958953857,0.1099880039691925,0.3773564100265503,0.02945205569267273,0.14577585458755493,0.1262691617012024,0.2769390940666199,0.1996096670627594,0.24248361587524414,0.6633792519569397,0.00011773176811402664,6.2264637890052654e-12,1.4518920465889096e-07,0.5169439315795898,0.0905110090970993,0.008750044740736485,0.08362285792827606,603.22412109375,868.8892822265625,1.823444992136599,0.45208585262298584,0.0075055258348584175,0.0014565074816346169,0.8383418321609497
PINN20260517-KimLayered,6,247,physics,0.691813051700592,0.10815441608428955,0.37409496307373047,0.028571832925081253,0.1440337598323822,0.12517552077770233,0.2752751111984253,0.19779056310653687,0.24161387979984283,0.6638726592063904,0.0001139110536314547,6.253884562990031e-12,1.4209358312200493e-07,0.5166361927986145,0.09067678451538086,0.008765073493123055,0.0833873450756073,598.2686767578125,870.8084716796875,1.8338527136709424,0.4525773227214813,0.007492444943636656,0.0014498126693069935,0.8382333517074585
PINN20260517-KimLayered,6,250,physics,0.6852978467941284,0.10692476481199265,0.3717634081840515,0.02836325764656067,0.14275099337100983,0.12435779720544815,0.26883959770202637,0.19642794132232666,0.2409416139125824,0.6629651188850403,0.00011066682782256976,6.1583936734888045e-12,1.4210264964731323e-07,0.5164235234260559,0.09079618006944656,0.008775322698056698,0.08321595191955566,594.6483764648438,871.8169555664062,1.8169506681578733,0.4529527425765991,0.0074743242003023624,0.0014409918803721666,0.8381533026695251
PINN20260517-KimLayered,6,253,physics,0.6789398193359375,0.10559622943401337,0.36930733919143677,0.028140589594841003,0.14148195087909698,0.12354820221662521,0.2667085528373718,0.1950637847185135,0.24025145173072815,0.6618829369544983,0.00010691530769690871,5.989767709602134e-12,1.4108233870047115e-07,0.516204833984375,0.090914785861969,0.008784688077867031,0.08304452151060104,591.1143188476562,872.9637451171875,1.8246079521238505,0.4533343017101288,0.007443203590810299,0.001429612166248262,0.8380720615386963
PINN20260517-KimLayered,6,257,physics,0.6707332134246826,0.10401538014411926,0.3662142753601074,0.027585642412304878,0.13979916274547577,0.12248656153678894,0.2616673707962036,0.1932460218667984,0.23930568993091583,0.6614319086074829,0.00010114363976754248,5.7182982307613095e-12,1.401088667307704e-07,0.5158929824829102,0.09106738865375519,0.008795914240181446,0.08281083405017853,586.4888916015625,873.7124633789062,1.8114709107377136,0.45384663343429565,0.007381345145404339,0.0014122757129371166,0.8379611968994141
PINN20260517-KimLayered,6,260,physics,0.6647434830665588,0.10276177525520325,0.3637990355491638,0.02737022191286087,0.13855203986167908,0.12170009315013885,0.2602043151855469,0.19188226759433746,0.2385779172182083,0.6620160937309265,9.662257070885971e-05,5.5301900211968125e-12,1.389009298691235e-07,0.5156518816947937,0.09118098020553589,0.008803479373455048,0.08263511955738068,583.1075439453125,874.305419921875,1.8135940305228777,0.45423537492752075,0.007326409686356783,0.0013994027394801378,0.8378764390945435
PINN20260517-KimLayered,6,264,physics,0.6569556593894958,0.10124693810939789,0.36071857810020447,0.027466513216495514,0.13691270351409912,0.12066088616847992,0.25357601046562195,0.19006218016147614,0.23758457601070404,0.6631565690040588,9.075061097973958e-05,5.341165443956131e-12,1.3894229766719945e-07,0.5153353214263916,0.09132978320121765,0.008812551386654377,0.0824037566781044,578.7112426757812,875.1478881835938,1.8029461083775637,0.454759806394577,0.007251754403114319,0.0013841264881193638,0.8377628922462463
PINN20260517-KimLayered,6,267,physics,0.651253879070282,0.10006371885538101,0.3583233654499054,0.02755523845553398,0.1357050985097885,0.11988870799541473,0.2511601448059082,0.18869100511074066,0.23682469129562378,0.6637629866600037,8.671411342220381e-05,5.25038909918174e-12,1.3806808851768437e-07,0.5151005983352661,0.09144294261932373,0.008818571455776691,0.08223433047533035,575.5054321289062,876.1754150390625,1.8016587173810796,0.4551616907119751,0.007200657390058041,0.0013745445758104324,0.8376768231391907
PINN20260517-KimLayered,6,271,physics,0.6438319087028503,0.09862156212329865,0.35525408387184143,0.02735418640077114,0.1341179460287094,0.11886899173259735,0.247053325176239,0.18685978651046753,0.23579096794128418,0.6641661524772644,8.182653255062178e-05,5.183863754920637e-12,1.370456317317803e-07,0.5147880911827087,0.09159070253372192,0.00882563553750515,0.08201130479574203,571.31884765625,877.3209228515625,1.7969836792365355,0.4557045102119446,0.007141322363168001,0.0013638139935210347,0.8375611305236816
PINN20260517-KimLayered,6,274,physics,0.6384003758430481,0.0975354015827179,0.35293665528297424,0.027229884639382362,0.132945716381073,0.11810851842164993,0.24510487914085388,0.18548983335494995,0.2349991798400879,0.6643960475921631,7.849501707823947e-05,5.1583841365054894e-12,1.3616345029277e-07,0.5145562887191772,0.09169832617044449,0.008830287493765354,0.0818464457988739,568.2352905273438,877.7686157226562,1.7934566086415729,0.4561149477958679,0.007102782838046551,0.0013566763373091817,0.83747398853302
PINN20260517-KimLayered,6,277,physics,0.633065938949585,0.09652288258075714,0.35069113969802856,0.027098005637526512,0.13178904354572296,0.11734983325004578,0.24182623624801636,0.18412363529205322,0.23419371247291565,0.6647104620933533,7.534387259511277e-05,4.888923967882874e-07,1.3592961067843135e-07,0.514332115650177,0.09180211275815964,0.00883446168154478,0.08168433606624603,565.2052001953125,878.0764770507812,1.7901351990130117,0.45652735233306885,0.007066928315907717,0.001349676982499659,0.8373870253562927
PINN20260517-KimLayered,6,281,physics,0.626093327999115,0.09516923129558563,0.34766268730163574,0.026797890663146973,0.1302759051322937,0.11634097248315811,0.2393016219139099,0.1823076754808426,0.233099564909935,0.665245532989502,7.133233884815127e-05,5.320821856003022e-06,1.3500246609510214e-07,0.5140499472618103,0.09193889796733856,0.008839287795126438,0.08147531002759933,561.259765625,878.7324829101562,1.7876875984305616,0.45708513259887695,0.0070199198089540005,0.001339864102192223,0.8372714519500732
PINN20260517-KimLayered,6,284,physics,0.6209635138511658,0.0942038893699646,0.3454238474369049,0.02644667774438858,0.12916125357151031,0.11558608710765839,0.237382709980011,0.18094825744628906,0.232264444231987,0.6656495332717896,6.839617708465084e-05,1.231084479513811e-05,1.3419806066394813e-07,0.5138513445854187,0.09203960001468658,0.008842415176331997,0.0813233032822609,558.3663940429688,879.3434448242188,1.7869177738851476,0.4575083553791046,0.006982947699725628,0.0013318549608811736,0.8371853828430176
PINN20260517-KimLayered,6,288,physics,0.6142475008964539,0.09293244779109955,0.3424380421638489,0.026063794270157814,0.12769874930381775,0.11458279937505722,0.23500454425811768,0.1791391223669052,0.23113708198070526,0.6661468148231506,6.45628388156183e-05,2.6120264010387473e-05,1.3303016999088868e-07,0.5135992169380188,0.09217019379138947,0.008846000768244267,0.08112482726573944,554.5744018554688,879.9343872070312,1.7835426395882734,0.45807671546936035,0.0069304099306464195,0.001320378272794187,0.837070643901825
PINN20260517-KimLayered,6,291,physics,0.6093006134033203,0.09200116246938705,0.34021881222724915,0.025827573612332344,0.1266162395477295,0.1138351783156395,0.2330591380596161,0.17778471112251282,0.2302830070257187,0.6665175557136536,6.177242175908759e-05,3.9963961171451956e-05,1.3216308047958591e-07,0.513414740562439,0.09226467460393906,0.008848285302519798,0.08097738027572632,551.775634765625,880.2538452148438,1.7823445621702927,0.4585047960281372,0.006889056414365768,0.0013114268658682704,0.8369843363761902
PINN20260517-KimLayered,6,294,physics,0.6044285297393799,0.09108855575323105,0.33801817893981934,0.025563543662428856,0.12554511427879333,0.11309294402599335,0.2312844842672348,0.17642824351787567,0.22942404448986053,0.6669043898582458,5.9090725699206814e-05,5.685658834408969e-05,1.3117103492277238e-07,0.5132309794425964,0.09235656261444092,0.00885020848363638,0.08083045482635498,549.0145263671875,880.5415649414062,1.7793474489577683,0.45893537998199463,0.006847098004072905,0.0013024655636399984,0.8368972539901733
PINN20260517-KimLayered,6,298,physics,0.5980477333068848,0.08989451080560684,0.335114061832428,0.025197241455316544,0.12413371354341507,0.11211510747671127,0.2292027473449707,0.17461484670639038,0.2282748520374298,0.6674185991287231,5.572691225097515e-05,8.429258014075458e-05,1.2975607432963443e-07,0.512984573841095,0.09247530996799469,0.008852197788655758,0.08063483238220215,545.3924560546875,881.0133666992188,1.7775286813332392,0.45951399207115173,0.006791939027607441,0.001290860353037715,0.8367800116539001
PINN20260517-KimLayered,6,301,physics,0.5933423638343811,0.08902224898338318,0.33296963572502136,0.02496359497308731,0.12308648973703384,0.11139043420553207,0.22737786173820496,0.17325149476528168,0.2274107187986374,0.6677698493003845,5.336607136996463e-05,0.00010887697135331109,1.2886870592865307e-07,0.5127976536750793,0.09256091713905334,0.008853270672261715,0.08048774302005768,542.71337890625,881.3348999023438,1.7741354581077695,0.4599510729312897,0.006751938257366419,0.0012825420126318932,0.8366909623146057
PINN20260517-KimLayered,6,305,physics,0.5871659517288208,0.08787635713815689,0.3301410377025604,0.02465042658150196,0.1217045933008194,0.11043698340654373,0.22517642378807068,0.17142613232135773,0.22625784575939178,0.668175220489502,5.043032069806941e-05,0.00014743604697287083,1.2770385637850268e-07,0.5125446319580078,0.09267067909240723,0.008854124695062637,0.08029096573591232,539.193115234375,881.8544311523438,1.7726967312162067,0.4605385363101959,0.006700691767036915,0.0012719512451440096,0.836570680141449
PINN20260517-KimLayered,6,308,physics,0.582608163356781,0.08703399449586868,0.32804399728775024,0.024410072714090347,0.12067899852991104,0.10973021388053894,0.22361811995506287,0.17005307972431183,0.22539305686950684,0.6684436202049255,4.837520100409165e-05,0.00018101884052157402,1.2681121575042198e-07,0.5123527646064758,0.0927492305636406,0.008854363113641739,0.08014293015003204,536.585205078125,882.1617431640625,1.770386660335294,0.4609818756580353,0.006663449574261904,0.0012642699293792248,0.8364794254302979
PINN20260517-KimLayered,6,311,physics,0.5781131386756897,0.08620119094848633,0.32596099376678467,0.02420717477798462,0.11966311931610107,0.10902959108352661,0.22208324074745178,0.1686781793832779,0.22452926635742188,0.6686956882476807,4.642440035240725e-05,0.0002186696365242824,1.258927113667596e-07,0.5121609568595886,0.09282433241605759,0.008854283019900322,0.07999476790428162,534.0064697265625,882.4370727539062,1.7693563292593972,0.4614270031452179,0.006626782938838005,0.0012566972291097045,0.8363875150680542
PINN20260517-KimLayered,6,315,physics,0.5722123384475708,0.08511313050985336,0.3232097625732422,0.023975126445293427,0.11832449585199356,0.10810410976409912,0.21991628408432007,0.16684795916080475,0.2233741581439972,0.669017493724823,4.3940512114204466e-05,0.00027484592283144593,1.2468673560306343e-07,0.5119081735610962,0.09291916340589523,0.008853713981807232,0.07979792356491089,530.6148681640625,882.7991943359375,1.7665133972493696,0.46202364563941956,0.006578139029443264,0.0012466255575418472,0.8362641930580139
PINN20260517-KimLayered,6,318,physics,0.5678556561470032,0.0843072235584259,0.3211591839790344,0.023812200874090195,0.11733292788267136,0.1074165478348732,0.2184627801179886,0.16547799110412598,0.22250765562057495,0.6692476272583008,4.2164057958871126e-05,0.00032110430765897036,1.2370146862394904e-07,0.5117213129997253,0.09298661351203918,0.008852949365973473,0.07965108752250671,528.1075439453125,883.12939453125,1.7651882568048387,0.46247366070747375,0.006541622802615166,0.001239040051586926,0.8361712098121643
PINN20260517-KimLayered,6,322,physics,0.5621377825737,0.08325576782226562,0.3184554874897003,0.023594047874212265,0.11602621525526047,0.10650879144668579,0.21653561294078827,0.1636519730091095,0.22135499119758606,0.6695338487625122,3.9910562918521464e-05,0.00038826241507194936,1.2245850200542918e-07,0.5114744305610657,0.09307101368904114,0.008851500228047371,0.07945600152015686,524.805908203125,883.532958984375,1.76230682361506,0.4630769193172455,0.006492859683930874,0.0012288843281567097,0.8360462784767151
PINN20260517-KimLayered,6,325,physics,0.5579115152359009,0.08247922360897064,0.31644874811172485,0.02343178167939186,0.11505650728940964,0.10583482682704926,0.2151777595281601,0.1622837334871292,0.220494344830513,0.669730007648468,3.830698915407993e-05,0.0004431323322933167,1.215063321069465e-07,0.5112895965576172,0.09312979876995087,0.00885008741170168,0.07930967211723328,522.3558959960938,883.7322998046875,1.7603961908614056,0.46353113651275635,0.006456430070102215,0.001221281010657549,0.8359519243240356
PINN20260517-KimLayered,6,329,physics,0.5523595213890076,0.08146446943283081,0.31380343437194824,0.0232247207313776,0.1137775257229805,0.10494466871023178,0.21332749724388123,0.16046246886253357,0.21935272216796875,0.669963002204895,3.627218757173978e-05,0.0005223562475293875,1.2030422169573285e-07,0.5110439658164978,0.09320222586393356,0.008847761899232864,0.07911475002765656,519.1278686523438,883.9588012695312,1.7577711546629244,0.46413931250572205,0.006408400367945433,0.00121124682482332,0.8358252644538879
PINN20260517-KimLayered,6,332,physics,0.5482550263404846,0.08071468025445938,0.3118360638618469,0.023068701848387718,0.1128293126821518,0.104283407330513,0.2120504379272461,0.15909773111343384,0.21850059926509857,0.6701141595840454,3.4814540413208306e-05,0.0005860808305442333,1.1940895205952984e-07,0.510861337184906,0.0932525172829628,0.008845668286085129,0.07896927744150162,516.7373657226562,884.1537475585938,1.7555653398069972,0.46459800004959106,0.006372997071594,0.001203848165459931,0.8357296586036682
PINN20260517-KimLayered,6,335,physics,0.5441989302635193,0.07997804135084152,0.30988696217536926,0.022907443344593048,0.11189039796590805,0.10362759232521057,0.2107696831226349,0.15772952139377594,0.21765248477458954,0.6702442765235901,3.3400734537281096e-05,0.0006534168496727943,1.1855439652208588e-07,0.5106801986694336,0.09329933673143387,0.00884327944368124,0.07882434129714966,514.3719482421875,884.370849609375,1.7536654912973317,0.46505865454673767,0.006338151637464762,0.0011965729063376784,0.8356335163116455
PINN20260517-KimLayered,6,339,physics,0.5388624668121338,0.07901039719581604,0.3073097765445709,0.02269560657441616,0.11065242439508438,0.10276099294424057,0.20915214717388153,0.15590296685695648,0.2165222465991974,0.6703858375549316,3.158093386446126e-05,0.0007489415002055466,1.1743730965463328e-07,0.5104400515556335,0.09335614740848541,0.00883963517844677,0.07863179594278336,511.2535095214844,884.6091918945312,1.7506441028008604,0.46567538380622864,0.006292468868196011,0.0011870499001815915,0.8355045318603516
PINN20260517-KimLayered,6,342,physics,0.5349118709564209,0.07829577475786209,0.30539458990097046,0.02254607528448105,0.10973361879587173,0.10211681574583054,0.20795002579689026,0.15453080832958221,0.21567580103874207,0.6704696416854858,3.0263290682341903e-05,0.000825027993414551,1.1662894650044109e-07,0.510260820388794,0.09339433908462524,0.008836562745273113,0.07848775386810303,508.9385986328125,884.730712890625,1.7486101954962683,0.46613940596580505,0.006258669774979353,0.0011800179490819573,0.8354071378707886
PINN20260517-KimLayered,6,346,physics,0.5296453833580017,0.07737980782985687,0.3028867542743683,0.022579500451683998,0.10852182656526566,0.10126636177301407,0.2041463851928711,0.15269993245601654,0.21454571187496185,0.6705635190010071,2.856602441170253e-05,0.0009301533573307097,1.159061682187712e-07,0.5100228190422058,0.09343896806240082,0.008832108229398727,0.0782962515950203,505.8881530761719,884.8818359375,1.7361369996599931,0.46675905585289,0.006214025430381298,0.0011707576923072338,0.8352765440940857
PINN20260517-KimLayered,6,349,physics,0.5256871581077576,0.07662387937307358,0.3009527623653412,0.02278701215982437,0.10762611776590347,0.10063639283180237,0.2022607922554016,0.15132394433021545,0.2136988490819931,0.6706292033195496,2.7353402401786298e-05,0.001008528284728527,1.1417464662599741e-07,0.5098419189453125,0.09347081929445267,0.008828478865325451,0.07815389335155487,503.6387939453125,885.29833984375,1.7349695773855067,0.46722596883773804,0.006181298289448023,0.00116393540520221,0.8351772427558899
PINN20260517-KimLayered,6,352,physics,0.5218639969825745,0.07594418525695801,0.29909420013427734,0.022926153615117073,0.10673528909683228,0.10001097619533539,0.19961029291152954,0.1499486267566681,0.2128511518239975,0.670661985874176,2.6168756448896602e-05,0.0010952692246064544,1.1269062838437094e-07,0.5096592903137207,0.0934976190328598,0.008824428543448448,0.0780109092593193,501.39324951171875,885.4092407226562,1.729709175072822,0.4676939845085144,0.0061485194601118565,0.0011571417562663555,0.8350774645805359
PINN20260517-KimLayered,6,356,physics,0.5167621374130249,0.0750485211610794,0.29659655690193176,0.02244485728442669,0.10555969923734665,0.0991789773106575,0.1988850235939026,0.14810942113399506,0.21172064542770386,0.670596182346344,2.4649185434100218e-05,0.0012403129367157817,1.1108565445283602e-07,0.5094228386878967,0.09352964907884598,0.008817621506750584,0.07782283425331116,498.4149169921875,885.2249145507812,1.7233984369775128,0.4683281481266022,0.006105372216552496,0.0011481766123324633,0.8349442481994629
PINN20260517-KimLayered,6,359,physics,0.5130006670951843,0.07437288761138916,0.29472076892852783,0.022118056192994118,0.10468944907188416,0.09855769574642181,0.19879573583602905,0.14673444628715515,0.2108706682920456,0.6704943776130676,2.3557306121801957e-05,0.0013605939457193017,1.1078098083316945e-07,0.5092538595199585,0.09355000406503677,0.00881185196340084,0.07768440246582031,496.2196350097656,885.3355712890625,1.7275744730018272,0.46880844235420227,0.006073531229048967,0.001141538959927857,0.8348444700241089
PINN20260517-KimLayered,6,363,physics,0.5080283284187317,0.07352331280708313,0.2923000454902649,0.021981146186590195,0.10354042053222656,0.09774058312177658,0.1960098147392273,0.1449182629585266,0.20973920822143555,0.6703837513923645,2.215696258645039e-05,0.0015048360219225287,1.1083701423331149e-07,0.5090271830558777,0.09356813877820969,0.008804435841739178,0.07749943435192108,493.3290710449219,885.5087890625,1.7249307981703879,0.4694448709487915,0.006031311582773924,0.0011327775428071618,0.8347105979919434
PINN20260517-KimLayered,6,366,physics,0.5043838024139404,0.07285745441913605,0.29047611355781555,0.021755127236247063,0.10268713533878326,0.09713683277368546,0.19588211178779602,0.14357160031795502,0.2088932991027832,0.6703191995620728,2.1155676222406328e-05,0.0016030832193791866,1.0951696083338902e-07,0.5088523030281067,0.0935773104429245,0.00879890937358141,0.07735998928546906,491.1794738769531,885.55908203125,1.7215649349432414,0.4699203372001648,0.0060001336969435215,0.001126301009207964,0.8346089124679565
PINN20260517-KimLayered,6,370,physics,0.4995729327201843,0.07201635837554932,0.2880667448043823,0.021387837827205658,0.10155841708183289,0.09633366763591766,0.19512324035167694,0.1417933702468872,0.20776847004890442,0.6701749563217163,1.9871889890055172e-05,0.001757172867655754,1.0820573237424469e-07,0.5086272358894348,0.09358420968055725,0.00879046693444252,0.07717511802911758,488.33245849609375,885.4403076171875,1.71841594506341,0.4705585241317749,0.005959117319434881,0.0011177824344485998,0.8344733715057373
PINN20260517-KimLayered,6,373,physics,0.49600809812545776,0.07139269262552261,0.2862662971019745,0.02133515104651451,0.10072065144777298,0.09573278576135635,0.1936463713645935,0.14047649502754211,0.20692625641822815,0.6700318455696106,1.8951397578348406e-05,0.0018855605740100145,1.0791455906655756e-07,0.5084666609764099,0.09358540922403336,0.008783461526036263,0.07703815400600433,486.2209167480469,885.3867797851562,1.7159102487822695,0.4710390567779541,0.005928863771259785,0.0011114890221506357,0.8343719244003296
PINN20260517-KimLayered,6,376,physics,0.4924892485141754,0.07077553868293762,0.28449273109436035,0.021225780248641968,0.09989026188850403,0.09513715654611588,0.19250136613845825,0.13917693495750427,0.20608600974082947,0.6698775887489319,1.8069864381686784e-05,0.0020159101113677025,1.0744947331886578e-07,0.5083056092262268,0.09358398616313934,0.008776061236858368,0.07690169662237167,484.13177490234375,885.4573974609375,1.7131123828287491,0.4715212881565094,0.005898970644921064,0.0011052704649046063,0.8342698216438293
PINN20260517-KimLayered,6,380,physics,0.4878299832344055,0.06995682418346405,0.28215283155441284,0.021037323400378227,0.09878984838724136,0.09435175359249115,0.19117514789104462,0.13747791945934296,0.20496949553489685,0.6696844696998596,1.694916318228934e-05,0.0021809295285493135,1.0599121225141062e-07,0.5080839991569519,0.0935746431350708,0.008766118437051773,0.07671771198511124,481.3621826171875,885.3428955078125,1.7100089869719857,0.47215890884399414,0.005859389901161194,0.0010970585281029344,0.8341322541236877
PINN20260517-KimLayered,6,383,physics,0.48437970876693726,0.06936018168926239,0.2804076075553894,0.020917221903800964,0.09797099232673645,0.09376505017280579,0.1899322271347046,0.1362280696630478,0.2041357308626175,0.669519305229187,1.614727261767257e-05,0.002309673000127077,1.0497959834765425e-07,0.5079211592674255,0.0935627743601799,0.008758194744586945,0.07658033818006516,479.29559326171875,884.9971923828125,1.7046084718684007,0.4726358950138092,0.005829946603626013,0.0010909627890214324,0.8340288400650024
PINN20260517-KimLayered,6,387,physics,0.4798330068588257,0.0685739666223526,0.2780960202217102,0.020774979144334793,0.09689335525035858,0.09298224747180939,0.18826812505722046,0.13459786772727966,0.20302794873714447,0.6692578792572021,1.5128185623325408e-05,0.0024898641277104616,1.039801631463888e-07,0.5077195763587952,0.09354230761528015,0.008746840059757233,0.07640165835618973,476.5774230957031,884.6419677734375,1.698792924261567,0.47327306866645813,0.005791299976408482,0.0010829492239281535,0.8338918685913086
PINN20260517-KimLayered,6,390,physics,0.47646981477737427,0.06799788028001785,0.2763519585132599,0.020635785534977913,0.0960962325334549,0.09239676594734192,0.18719300627708435,0.13340401649475098,0.20219996571540833,0.6690306067466736,1.4392888260772452e-05,0.002629652386531234,1.0345878109774276e-07,0.5075783133506775,0.09352432191371918,0.008737670257687569,0.07627128809690475,474.5762023925781,884.7032470703125,1.6974933729515338,0.473753958940506,0.005762691143900156,0.0010770214721560478,0.8337894082069397
PINN20260517-KimLayered,6,393,physics,0.47313931584358215,0.0674273893237114,0.2746022343635559,0.020489303395152092,0.09530673176050186,0.09181422740221024,0.18625278770923615,0.13223488628864288,0.20137520134449005,0.6687809228897095,1.368135963275563e-05,0.0027712229639291763,1.0313193143929311e-07,0.5074387788772583,0.09350327402353287,0.008728005923330784,0.07614223659038544,472.5846252441406,884.623046875,1.6923191688475996,0.4742361307144165,0.005734339356422424,0.0010711512295529246,0.8336867094039917
PINN20260517-KimLayered,6,397,physics,0.46874964237213135,0.0666620135307312,0.2722945213317871,0.020441245287656784,0.09426063299179077,0.09104209393262863,0.1846994310617447,0.13072049617767334,0.20028208196163177,0.6684329509735107,1.2766536201525014e-05,0.0029563510324805975,1.0255246252199868e-07,0.5072481036186218,0.09346675872802734,0.008714670315384865,0.07596898823976517,469.92218017578125,883.8034057617188,1.6856900307299414,0.47487375140190125,0.0056968145072460175,0.0010633900528773665,0.8335487842559814
PINN20260517-KimLayered,6,400,physics,0.46549731492996216,0.06609001755714417,0.2705800235271454,0.020387759432196617,0.09348402917385101,0.09046594053506851,0.18377238512039185,0.12961943447589874,0.19946688413619995,0.6681455969810486,1.2107715519960038e-05,0.003097877372056246,1.0185532772766237e-07,0.5071067214012146,0.09343548119068146,0.008704020641744137,0.07584023475646973,467.947265625,883.2293090820312,1.680317559934114,0.47535237669944763,0.005669042933732271,0.001057643792591989,0.8334449529647827
PINN20260517-KimLayered,6,404,physics,0.4612032473087311,0.0653516873717308,0.26829028129577637,0.02023267187178135,0.09246177971363068,0.08970094472169876,0.18258674442768097,0.12819580733776093,0.1983882635831833,0.6677022576332092,1.1265477951383218e-05,0.0032977901864796877,1.0135769201724543e-07,0.5069273710250854,0.09339165687561035,0.008688513189554214,0.07567290961742401,465.3606872558594,882.9032592773438,1.677690463024358,0.4759979248046875,0.005632617976516485,0.0010501047363504767,0.8333065509796143
PINN20260517-KimLayered,6,407,physics,0.45802804827690125,0.06480683386325836,0.2665885388851166,0.020082980394363403,0.09170232713222504,0.08913075923919678,0.18187907338142395,0.1271667778491974,0.19758763909339905,0.6673409938812256,1.0659995496098418e-05,0.0034489843528717756,1.008216088393965e-07,0.5067949891090393,0.09335511177778244,0.008676162920892239,0.07554879039525986,463.4248046875,882.3208618164062,1.6729003643823348,0.47648295760154724,0.005605644546449184,0.0010445244843140244,0.8332024216651917
PINN20260517-KimLayered,6,410,physics,0.45488324761390686,0.06426854431629181,0.2648997902870178,0.02003060281276703,0.09094744175672531,0.08856300264596939,0.18071195483207703,0.1261725276708603,0.19679266214370728,0.6669678092002869,1.0074811143567786e-05,0.0035947849974036217,1.0028028185615767e-07,0.5066627860069275,0.09331345558166504,0.00866343080997467,0.07542473077774048,461.4968566894531,881.5496215820312,1.669839817862998,0.4769653379917145,0.005578822456300259,0.0010389882372692227,0.8330981731414795
PINN20260517-KimLayered,6,414,physics,0.4507363438606262,0.06355667859315872,0.26266026496887207,0.020021824166178703,0.08995123952627182,0.08781057596206665,0.17896993458271027,0.12490257620811462,0.19574150443077087,0.6664447784423828,9.329441127192695e-06,0.0037795663811266422,9.982591109292116e-08,0.5064918994903564,0.09325265884399414,0.008645698428153992,0.07526180893182755,458.9554138183594,880.5926513671875,1.6638744250462738,0.4776085913181305,0.005543488077819347,0.0010316958650946617,0.832958996295929
PINN20260517-KimLayered,6,417,physics,0.44765856862068176,0.06302927434444427,0.2609816789627075,0.019903162494301796,0.08921251446008682,0.08724941313266754,0.17820771038532257,0.12398816645145416,0.1949620544910431,0.6660274863243103,8.796499059826601e-06,0.003913651220500469,9.936783129660398e-08,0.5063687562942505,0.09320402890443802,0.008631667122244835,0.07514210045337677,457.0710144042969,879.9542846679688,1.6605675008593488,0.47809290885925293,0.005517320241779089,0.0010262964060530066,0.8328547477722168
PINN20260517-KimLayered,6,421,physics,0.4435969293117523,0.06233876198530197,0.2587502896785736,0.01975524239242077,0.08823563903570175,0.08650298416614532,0.17706602811813354,0.12282199412584305,0.19393478333950043,0.6654360294342041,8.117443940136582e-06,0.004088704939931631,9.889273400176535e-08,0.506211519241333,0.09313329309225082,0.008611941710114479,0.07498453557491302,454.5703125,878.8213500976562,1.6553566214885458,0.478737473487854,0.005482747219502926,0.0010191714391112328,0.8327159285545349
PINN20260517-KimLayered,6,424,physics,0.4405807852745056,0.061825208365917206,0.2570861577987671,0.019692718982696533,0.08750887215137482,0.08594396710395813,0.17603376507759094,0.12198791652917862,0.19317157566547394,0.664965033531189,7.632124834344722e-06,0.004217483103275299,9.857400584678544e-08,0.5060991048812866,0.09307608753442764,0.008596315048635006,0.0748681053519249,452.7053527832031,877.8213500976562,1.6505572682428862,0.47921958565711975,0.005457097664475441,0.001013886765576899,0.8326119184494019
PINN20260517-KimLayered,6,428,physics,0.43659740686416626,0.061147674918174744,0.254867285490036,0.019585613161325455,0.08654860407114029,0.08520036935806274,0.17482098937034607,0.12092332541942596,0.19216515123844147,0.6642950773239136,7.0173000494833104e-06,0.00438679801300168,9.79203136353135e-08,0.5059571266174316,0.09299560636281967,0.008574189618229866,0.07471562922000885,450.24591064453125,876.5935668945312,1.6456664672307302,0.4798623323440552,0.005423296708613634,0.0010069268755614758,0.832473635673523
PINN20260517-KimLayered,6,431,physics,0.43363597989082336,0.060645852237939835,0.25320249795913696,0.019520478323101997,0.08583369851112366,0.08464337140321732,0.17384779453277588,0.12016090750694275,0.19142033159732819,0.6637552976608276,6.5795907175925095e-06,0.0045127784833312035,9.739933659602684e-08,0.5058563351631165,0.0929318517446518,0.008556528948247433,0.07460309565067291,448.4131774902344,875.5841064453125,1.6412212112400995,0.4803439676761627,0.005398228764533997,0.0010017690947279334,0.8323701024055481
PINN20260517-KimLayered,6,434,physics,0.4306953251361847,0.06014757603406906,0.251542329788208,0.019470559433102608,0.08512235432863235,0.08408638089895248,0.17283105850219727,0.11942615360021591,0.19068481028079987,0.6631777286529541,6.161816145322518e-06,0.004638249985873699,9.690337776646629e-08,0.5057595372200012,0.09286494553089142,0.008537867106497288,0.07449178397655487,446.58782958984375,874.46875,1.637203492313412,0.48082491755485535,0.005373408552259207,0.0009966623038053513,0.8322666883468628
PINN20260517-KimLayered,6,438,physics,0.42680656909942627,0.059492312371730804,0.24932606518268585,0.019373739138245583,0.08417811244726181,0.0833439752459526,0.17159652709960938,0.11849388480186462,0.18972548842430115,0.6623436212539673,5.634912668028846e-06,0.004803647752851248,9.628152497498377e-08,0.505635678768158,0.09277075529098511,0.008511306717991829,0.07434502243995667,444.1680908203125,872.8927001953125,1.632202860189449,0.48146554827690125,0.0053406511433422565,0.0009899282595142722,0.8321290016174316
PINN20260517-KimLayered,6,441,physics,0.42391109466552734,0.05900602042675018,0.24766117334365845,0.019289039075374603,0.08347276598215103,0.0827871784567833,0.1707349419593811,0.1178308054804802,0.18901947140693665,0.6616687774658203,5.261937985778786e-06,0.004924290347844362,9.581927429280768e-08,0.5055469274520874,0.09269632399082184,0.008490096777677536,0.07423622906208038,442.3618469238281,871.6320190429688,1.6278571682267917,0.48194563388824463,0.00531634408980608,0.0009849336929619312,0.832025945186615
PINN20260517-KimLayered,6,445,physics,0.42007532715797424,0.05836256593465805,0.24543684720993042,0.01919267699122429,0.08253571391105652,0.08204405754804611,0.1695532500743866,0.1169973686337471,0.18808898329734802,0.6607002019882202,4.793874268216314e-06,0.005078573245555162,9.532227096542556e-08,0.505435049533844,0.092591792345047,0.008460004813969135,0.07409314066171646,439.9664001464844,869.8862915039062,1.6226399348956586,0.482584685087204,0.005284280050545931,0.0009783456334844232,0.8318889737129211
PINN20260517-KimLayered,6,448,physics,0.4172152578830719,0.05788421630859375,0.24376080930233002,0.019110873341560364,0.08183462917804718,0.0814853087067604,0.16873431205749512,0.11640653014183044,0.1874045431613922,0.6599187254905701,4.464094672584906e-06,0.0051893615163862705,9.49612370959585e-08,0.5053563117980957,0.09250921756029129,0.008435978554189205,0.07398742437362671,438.17645263671875,868.4930419921875,1.6186762382654605,0.4830631613731384,0.005260462407022715,0.00097345479298383,0.8317866325378418
PINN20260517-KimLayered,6,451,physics,0.41436779499053955,0.057408928871154785,0.24207943677902222,0.019018540158867836,0.08113464713096619,0.08092477917671204,0.16798681020736694,0.11583887785673141,0.18673165142536163,0.6590862274169922,4.152228029852267e-06,0.005296261515468359,9.45652658401741e-08,0.5052829384803772,0.09242282062768936,0.008410589769482613,0.07388317584991455,436.3896789550781,866.9786376953125,1.6144782072411463,0.4835405647754669,0.005236837547272444,0.00096860621124506,0.8316848874092102
PINN20260517-KimLayered,6,455,physics,0.4105876088142395,0.056779101490974426,0.23982545733451843,0.01893673837184906,0.08020234853029251,0.08017276227474213,0.16684961318969727,0.11512754112482071,0.18584460020065308,0.6578895449638367,3.7636302749888273e-06,0.005433179903775454,9.401968270594807e-08,0.5051956176757812,0.0923016294836998,0.00837445817887783,0.07374701648950577,434.0152587890625,864.8564453125,1.608951499157811,0.4841751754283905,0.005205642897635698,0.0009622076177038252,0.8315503001213074
PINN20260517-KimLayered,6,458,physics,0.4077598452568054,0.056309912353754044,0.23812100291252136,0.018880421295762062,0.07950359582901001,0.07960464805364609,0.16598926484584808,0.11462138593196869,0.18518885970115662,0.6569186449050903,3.4924146348203067e-06,0.005532326642423868,9.354245378290216e-08,0.5051391124725342,0.09220647066831589,0.008345471695065498,0.07364751398563385,432.24139404296875,863.2471313476562,1.6048962231736639,0.4846504330635071,0.005182491149753332,0.0009574620635248721,0.831450343132019
PINN20260517-KimLayered,6,462,physics,0.4039938449859619,0.05568801984190941,0.2358238399028778,0.018807539716362953,0.07857074588537216,0.07883989810943604,0.16485458612442017,0.11397942900657654,0.18432889878749847,0.6555119752883911,3.1538743314740714e-06,0.005659994203597307,9.283163393547511e-08,0.5050755739212036,0.092073455452919,0.008304041810333729,0.07351839542388916,429.8776550292969,860.9816284179688,1.5991192830522083,0.4852824807167053,0.005151929333806038,0.0009512033429928124,0.8313184976577759
PINN20260517-KimLayered,6,465,physics,0.40116775035858154,0.0552230030298233,0.23408101499080658,0.018761251121759415,0.07786844670772552,0.07825969159603119,0.16399620473384857,0.11352093517780304,0.18369151651859283,0.6543610692024231,2.9121924853825476e-06,0.0057521965354681015,9.228473629718792e-08,0.5050367712974548,0.0919685810804367,0.00827071163803339,0.07342410832643509,428.10345458984375,859.1570434570312,1.5948335711602986,0.4857548177242279,0.005129221826791763,0.000946556858252734,0.8312207460403442
PINN20260517-KimLayered,6,468,physics,0.39833739399909973,0.05475925654172897,0.2323150336742401,0.018713058903813362,0.07716280221939087,0.07767229527235031,0.1631789207458496,0.11308117210865021,0.18306055665016174,0.653117299079895,2.6806517325894674e-06,0.005841427482664585,9.17715112791484e-08,0.5050061345100403,0.09185905009508133,0.008235261775553226,0.07333225756883621,426.32647705078125,857.22998046875,1.5905949004504345,0.48622533679008484,0.005106678698211908,0.0009419479174539447,0.8311243057250977
PINN20260517-KimLayered,6,472,physics,0.39455142617225647,0.05414259433746338,0.22991399466991425,0.018638387322425842,0.07621579617261887,0.07687588036060333,0.162199467420578,0.11251703649759293,0.18223078548908234,0.6512975692749023,2.3876609702710994e-06,0.005955918692052364,9.116712362811086e-08,0.5049803853034973,0.09170544892549515,0.00818442553281784,0.07321428507566452,423.9529724121094,854.5611572265625,1.5851740631661082,0.48685020208358765,0.0050768801011145115,0.0009358616080135107,0.8309977650642395
PINN20260517-KimLayered,6,475,physics,0.3916960656642914,0.05368107557296753,0.22807282209396362,0.018584629520773888,0.07549910992383957,0.07626639306545258,0.16148841381072998,0.11210980266332626,0.18161402642726898,0.6497988104820251,2.179529474233277e-06,0.0060382080264389515,9.078268448092786e-08,0.5049737691879272,0.0915839821100235,0.008143404498696327,0.07312942296266556,422.16546630859375,852.4434814453125,1.5810425768120324,0.4873161017894745,0.005054707173258066,0.0009313372429460287,0.8309047818183899
PINN20260517-KimLayered,6,479,physics,0.3878595232963562,0.05306509882211685,0.22555994987487793,0.018508708104491234,0.0745326578617096,0.07543475180864334,0.16061753034591675,0.11158475279808044,0.18079859018325806,0.6475999355316162,1.917432427944732e-06,0.0061434111557900906,9.023896296866951e-08,0.5049835443496704,0.09141316264867783,0.008084509521722794,0.07302161306142807,419.7671813964844,849.4465942382812,1.5750891368730915,0.4879330098628998,0.005025381222367287,0.0009253582102246583,0.8307839035987854
PINN20260517-KimLayered,6,482,physics,0.38495251536369324,0.05260154604911804,0.22362437844276428,0.018458539620041847,0.07379841059446335,0.07479438930749893,0.15998390316963196,0.11120063811540604,0.18019156157970428,0.6457834839820862,1.732452346914215e-06,0.006218867842108011,8.977387722097774e-08,0.5050068497657776,0.0912780836224556,0.008036963641643524,0.07294533401727676,417.95782470703125,847.145751953125,1.5708599055513006,0.48839205503463745,0.005003572907298803,0.0009209148702211678,0.8306957483291626
PINN20260517-KimLayered,6,486,physics,0.38102856278419495,0.051981121301651,0.22096580266952515,0.018406299874186516,0.07280444353818893,0.07391372323036194,0.15913543105125427,0.11069897562265396,0.17938543856143951,0.6431081891059875,1.50120922626229e-06,0.00631468603387475,8.911710835945996e-08,0.5050621032714844,0.09108785539865494,0.007968734949827194,0.07285065203905106,415.52740478515625,844.0087280273438,1.5641620281865884,0.48899802565574646,0.004974707495421171,0.0009150406694971025,0.8305821418762207
PINN20260517-KimLayered,6,489,physics,0.3780447542667389,0.0515126958489418,0.21890363097190857,0.018379010260105133,0.07204711437225342,0.07323040068149567,0.15853378176689148,0.1103292927145958,0.17878147959709167,0.6408887505531311,1.3393306517173187e-06,0.006383693311363459,8.875963430909906e-08,0.5051239132881165,0.09093711525201797,0.00791375432163477,0.072785884141922,413.69097900390625,841.6807861328125,1.5604084839140355,0.4894481897354126,0.004953212104737759,0.0009106706129387021,0.8305004239082336
PINN20260517-KimLayered,6,492,physics,0.37502434849739075,0.051041051745414734,0.2167849838733673,0.018337799236178398,0.07127723097801208,0.07252393662929535,0.15808355808258057,0.10996407270431519,0.1781776398420334,0.6384636163711548,1.1872726872752537e-06,0.006451028864830732,8.841249865554346e-08,0.5052036046981812,0.09077844768762589,0.00785532034933567,0.07272643595933914,411.83160400390625,839.1685180664062,1.555753538665845,0.4898931682109833,0.004931816831231117,0.0009063249453902245,0.8304218053817749
PINN20260517-KimLayered,6,496,physics,0.37094181776046753,0.050410546362400055,0.2138885110616684,0.01827625371515751,0.07023110240697861,0.07155001163482666,0.15752407908439636,0.10948121547698975,0.17736783623695374,0.6348852515220642,9.99512280941417e-07,0.006537188310176134,8.78877344234752e-08,0.5053426027297974,0.09055335074663162,0.00777205778285861,0.07265694439411163,409.3273010253906,835.7623901367188,1.5492786644675394,0.49047625064849854,0.004903413821011782,0.0009005655883811414,0.830322802066803
PINN20260517-KimLayered,6,499,physics,0.36784812808036804,0.04993186891078949,0.2116699516773224,0.01825280301272869,0.06943731755018234,0.07080594450235367,0.1571412831544876,0.10912279039621353,0.17675796151161194,0.6319401264190674,8.702245963831956e-07,0.006598676089197397,8.75665904231937e-08,0.5054771900177002,0.09037534147500992,0.007706075441092253,0.07261504977941513,407.4425354003906,833.5164794921875,1.5456722736075221,0.4909091591835022,0.004882317502051592,0.0008962895954027772,0.8302536010742188
PINN20260517-KimLayered,6,503,physics,0.3636879324913025,0.04929109662771225,0.20866790413856506,0.018209343776106834,0.06836573034524918,0.06979811936616898,0.15673759579658508,0.10865744948387146,0.17593729496002197,0.6276426315307617,7.126376999622153e-07,0.006675148382782936,8.705658416374717e-08,0.5056931972503662,0.09012288600206375,0.007613780442625284,0.07257170975208282,404.8968200683594,830.371826171875,1.539727548961611,0.49147602915763855,0.004854307044297457,0.0008906223811209202,0.8301681280136108
PINN20260517-KimLayered,6,506,physics,0.36054766178131104,0.048806920647621155,0.2064000815153122,0.018192170187830925,0.06755323708057404,0.06903385370969772,0.15642887353897095,0.10831771045923233,0.17531804740428925,0.6241267323493958,6.055023504814017e-07,0.006728673819452524,8.659602457328219e-08,0.5058786273002625,0.08992129564285278,0.007541731931269169,0.07254809886217117,402.9653015136719,827.984375,1.534897788358319,0.4918922483921051,0.004833364859223366,0.0008863912662491202,0.8301092386245728
PINN20260517-KimLayered,6,509,physics,0.3574068248271942,0.048313040286302567,0.20412719249725342,0.018233802169561386,0.06673961877822876,0.06826833635568619,0.15613818168640137,0.1079958975315094,0.17469488084316254,0.6203654408454895,5.079186280454451e-07,0.006780038122087717,8.609614354782025e-08,0.5060825347900391,0.08971020579338074,0.007468030788004398,0.07253305613994598,401.02105712890625,825.7476806640625,1.5285202471483137,0.49230387806892395,0.004812571685761213,0.0008821904193609953,0.830054521560669
PINN20260517-KimLayered,6,513,physics,0.35320204496383667,0.04766150191426277,0.20109905302524567,0.018222061917185783,0.06565456092357635,0.06724967807531357,0.1557668149471283,0.10760080069303513,0.17386242747306824,0.6149366497993469,3.91851358472195e-07,0.006848898250609636,8.547578289608282e-08,0.5063742995262146,0.08941232413053513,0.00736786425113678,0.07252494990825653,398.41021728515625,823.101806640625,1.523279742598312,0.49284374713897705,0.004784869961440563,0.0008766149985603988,0.8299881219863892
PINN20260517-KimLayered,6,516,physics,0.35008174180984497,0.04716216027736664,0.19885942339897156,0.018231594935059547,0.06484872847795486,0.06649363040924072,0.15580615401268005,0.10734034329652786,0.1732417643070221,0.6105542778968811,3.1575774528391776e-07,0.006903425324708223,8.489879377293619e-08,0.5065975785255432,0.08917860686779022,0.007292450405657291,0.072528176009655,396.4339599609375,821.302734375,1.521603159616328,0.49324533343315125,0.004764340817928314,0.0008724742801859975,0.8299425840377808
PINN20260517-KimLayered,6,520,physics,0.3458945155143738,0.046506017446517944,0.1959076225757599,0.018223974853754044,0.0637887641787529,0.06549744307994843,0.15529155731201172,0.10706201195716858,0.1724230796098709,0.604289710521698,2.278458737237088e-07,0.006975058000534773,8.463486977916546e-08,0.50687575340271,0.08884989470243454,0.007192560471594334,0.07254279404878616,393.9524230957031,819.2694702148438,1.5173274761868443,0.49376925826072693,0.00473691476508975,0.0008669668459333479,0.829887330532074
PINN20260517-KimLayered,6,523,physics,0.3437211811542511,0.046144526451826096,0.19450470805168152,0.018234752118587494,0.06324837356805801,0.06501128524541855,0.15532054007053375,0.10695391893386841,0.1718541979789734,0.5992994904518127,1.72399438724824e-07,0.007015243638306856,8.409109852891561e-08,0.5070393681526184,0.0885951966047287,0.007119722198694944,0.07256483286619186,392.4820556640625,818.010498046875,1.513011795975567,0.4941593408584595,0.0047166249714791775,0.0008628871873952448,0.8298493027687073
PINN20260517-KimLayered,6,526,physics,0.34145209193229675,0.0457616001367569,0.1930704414844513,0.018271436914801598,0.06272906064987183,0.06451251357793808,0.15501946210861206,0.10686883330345154,0.1713298261165619,0.5940460562705994,1.2540979810182762e-07,0.007056203670799732,8.373552162765918e-08,0.5071184635162354,0.0883331373333931,0.007048796862363815,0.07260381430387497,390.8454895019531,815.9703369140625,1.5125641231378855,0.49453794956207275,0.004696335177868605,0.0008588238270021975,0.8298165202140808
PINN20260517-KimLayered,6,530,physics,0.3378980755805969,0.04512406885623932,0.19091667234897614,0.01822902448475361,0.06207028776407242,0.0637558102607727,0.1547095775604248,0.10685074329376221,0.170640766620636,0.586625337600708,7.573028426577366e-08,0.007121282164007425,8.318897926073987e-08,0.506726861000061,0.08798019587993622,0.006958118174225092,0.07271035015583038,387.7455139160156,805.9610595703125,1.5006178633135647,0.4950201213359833,0.004669358022511005,0.0008534493390470743,0.8297825455665588
PINN20260517-KimLayered,6,533,physics,0.3337787687778473,0.04433520510792732,0.188531756401062,0.01802862621843815,0.06158503144979477,0.0629364624619484,0.15413884818553925,0.10705168545246124,0.17002153396606445,0.5807276964187622,4.81013771036487e-08,0.0071856919676065445,8.275736718132976e-08,0.5045230984687805,0.08772014826536179,0.0068929665721952915,0.07293952256441116,383.3290710449219,772.4777221679688,1.471022892406394,0.49534371495246887,0.004649033769965172,0.0008494517533108592,0.8297653198242188
PINN20260517-KimLayered,6,537,physics,0.3267545998096466,0.04374263435602188,0.1798868179321289,0.01766631379723549,0.060951005667448044,0.06009812653064728,0.15288613736629486,0.10710591822862625,0.16918744146823883,0.5722635388374329,2.559181844219438e-08,0.007379994262009859,8.1984659061618e-08,0.4950871467590332,0.08744239807128906,0.006811950821429491,0.07402907311916351,377.9355163574219,754.0270385742188,1.4515092114776689,0.4956029951572418,0.0046220943331718445,0.0008441116660833359,0.8297640085220337
PINN20260517-KimLayered,6,540,physics,0.3178427517414093,0.04157282039523125,0.17562216520309448,0.017861075699329376,0.060522958636283875,0.05872902646660805,0.1524326205253601,0.1073993667960167,0.16853192448616028,0.5650414824485779,1.8613492969166145e-08,0.007668750360608101,8.210898272409395e-08,0.49750977754592896,0.08730021864175797,0.00674715219065547,0.07383748143911362,370.30096435546875,752.8113403320312,1.4493266435978815,0.495482861995697,0.004600073676556349,0.0008395396289415658,0.8297791481018066
PINN20260517-KimLayered,6,544,physics,0.30412137508392334,0.03929443657398224,0.16323180496692657,0.017650552093982697,0.059737954288721085,0.05450617894530296,0.1527465283870697,0.1076839417219162,0.16778318583965302,0.5543758869171143,1.4615550547603107e-08,0.008128768764436245,8.172945342721505e-08,0.4939896762371063,0.08708314597606659,0.006635305471718311,0.07436418533325195,360.2373046875,747.0433959960938,1.4465546970531529,0.4948931634426117,0.0045640901662409306,0.0008323048241436481,0.8297917246818542
PINN20260517-KimLayered,6,547,physics,0.29704535007476807,0.03795367106795311,0.15787257254123688,0.017832070589065552,0.0591914989054203,0.05247123911976814,0.15238851308822632,0.10822146385908127,0.1670123189687729,0.5469042658805847,1.4775075385387026e-08,0.008702290244400501,8.187562627881562e-08,0.4911697804927826,0.08696994930505753,0.006554402876645327,0.0749976709485054,354.13153076171875,750.1078491210938,1.4459313195639127,0.49430394172668457,0.0045378622598946095,0.0008269872050732374,0.8297945261001587
PINN20260517-KimLayered,6,550,physics,0.29045969247817993,0.03656657040119171,0.15348109602928162,0.017961757257580757,0.05869084969162941,0.05117142200469971,0.1524595320224762,0.10847028344869614,0.16659343242645264,0.5404775738716125,1.67430531661239e-08,0.009430368430912495,8.199358347837915e-08,0.4931139349937439,0.08688682317733765,0.006477090064436197,0.074675552546978,349.922119140625,755.3828125,1.4516458496935791,0.4936361610889435,0.004512871615588665,0.0008218217408284545,0.8297825455665588
PINN20260517-KimLayered,6,554,physics,0.28590822219848633,0.035533685237169266,0.15134629607200623,0.018156295642256737,0.05793195962905884,0.05042833089828491,0.1522611677646637,0.10877376794815063,0.16602842509746552,0.5340949296951294,1.935656968043986e-08,0.010165931656956673,8.154091801770846e-08,0.49259257316589355,0.08672232925891876,0.006364745553582907,0.07468847185373306,345.81048583984375,755.18994140625,1.447595414289783,0.4926552474498749,0.004479185678064823,0.0008149827481247485,0.8297306895256042
PINN20260517-KimLayered,6,557,physics,0.2829362452030182,0.034948717802762985,0.1496153026819229,0.018190179020166397,0.05739593133330345,0.049986861646175385,0.15162090957164764,0.1087937131524086,0.1656615138053894,0.5314881205558777,2.0383506438292898e-08,0.010391910560429096,8.157256559115922e-08,0.4932316839694977,0.0866074413061142,0.0062917787581682205,0.0743258073925972,343.0154113769531,762.2278442382812,1.4488520693035893,0.4920174479484558,0.004457547329366207,0.0008105456945486367,0.8296704888343811
PINN20260517-KimLayered,6,561,physics,0.2785663306713104,0.03396693617105484,0.14828383922576904,0.01789768971502781,0.056584637612104416,0.049495797604322433,0.15067550539970398,0.1083439439535141,0.1651851385831833,0.530529260635376,1.961508644399146e-08,0.01008632779121399,8.082262326070122e-08,0.49157530069351196,0.08649585396051407,0.0062207928858697414,0.07422852516174316,337.46356201171875,776.7010498046875,1.4611757704530683,0.4914298951625824,0.004435915499925613,0.0008060745312832296,0.8295687437057495
PINN20260517-KimLayered,6,564,physics,0.27272987365722656,0.032729022204875946,0.14595523476600647,0.017465759068727493,0.05551069974899292,0.04870083928108215,0.14923924207687378,0.10791097581386566,0.16488873958587646,0.5307682156562805,1.777439706529549e-08,0.009456648491322994,8.037236653990476e-08,0.49018192291259766,0.08643639087677002,0.006178705487400293,0.07383991032838821,327.87225341796875,786.7542724609375,1.4653007868356611,0.49112415313720703,0.004423374310135841,0.0008034671773202717,0.8294852375984192
PINN20260517-KimLayered,6,567,physics,0.2652672529220581,0.031167078763246536,0.14321649074554443,0.017642570659518242,0.052648384124040604,0.04748597368597984,0.14780274033546448,0.10755882412195206,0.16454529762268066,0.5315223932266235,1.520228032347859e-08,0.00848199799656868,7.897033071913029e-08,0.48609769344329834,0.0864415094256401,0.006155619863420725,0.07319929450750351,320.83856201171875,810.119140625,1.4804299589757195,0.4910220801830292,0.00441612908616662,0.0008019205997698009,0.8294142484664917
PINN20260517-KimLayered,6,571,physics,0.26156026124954224,0.030692975968122482,0.14147868752479553,0.01825040578842163,0.0492081381380558,0.04694062098860741,0.14566025137901306,0.10708170384168625,0.16410042345523834,0.5332542061805725,1.0284447071740033e-08,0.008346525020897388,7.866223938890471e-08,0.48285552859306335,0.08650398254394531,0.006151201669126749,0.07277540862560272,316.51885986328125,844.239501953125,1.5097895487508792,0.4912901222705841,0.004415434319525957,0.0008012866019271314,0.829370379447937
PINN20260517-KimLayered,6,574,physics,0.25542891025543213,0.02952250838279724,0.13824136555194855,0.016939042136073112,0.04867469146847725,0.04598531126976013,0.145517498254776,0.10694722086191177,0.1636562943458557,0.5329088568687439,5.760917964892087e-09,0.00850266870111227,7.842457705464767e-08,0.48272597789764404,0.0863136500120163,0.006070202216506004,0.0730232372879982,311.87005615234375,824.2212524414062,1.493717492178666,0.4911324083805084,0.004403207916766405,0.0007985911215655506,0.8293401598930359
PINN20260517-KimLayered,6,578,physics,0.24542935192584991,0.02797892317175865,0.1322811245918274,0.016908913850784302,0.043723899871110916,0.04379545524716377,0.14398431777954102,0.10743804275989532,0.16295139491558075,0.5311523675918579,1.9416717123021954e-09,0.008331087417900562,7.711904004281678e-08,0.47663986682891846,0.08603843301534653,0.005935249850153923,0.07197964191436768,302.2243957519531,812.8839721679688,1.4700928367437605,0.4907750189304352,0.004384802188724279,0.0007946722907945514,0.829296350479126
PINN20260517-KimLayered,6,581,physics,0.24167174100875854,0.02748546004295349,0.1293790638446808,0.016957132145762444,0.04249562323093414,0.04305567592382431,0.1413821578025818,0.10757390409708023,0.16248296201229095,0.5320562720298767,4.71149730341125e-10,0.008535764180123806,7.88798502071586e-08,0.47285741567611694,0.0861508771777153,0.005950536113232374,0.07121430337429047,302.9299011230469,854.7733764648438,1.503189812014992,0.4912824332714081,0.004392680246382952,0.0007955435430631042,0.8293052315711975
PINN20260517-KimLayered,6,584,physics,0.23757660388946533,0.027071066200733185,0.12508276104927063,0.016403542831540108,0.042059559375047684,0.04160721227526665,0.14009585976600647,0.10723278671503067,0.1619817614555359,0.5325581431388855,0.0,0.008861093781888485,7.973992666165941e-08,0.47114071249961853,0.08613299578428268,0.0059294444508850574,0.07205213606357574,302.8099670410156,841.02490234375,1.49198424719302,0.4915969967842102,0.004394689574837685,0.0007954470347613096,0.8293188214302063
PINN20260517-KimLayered,6,588,physics,0.23388458788394928,0.026609480381011963,0.12198194116353989,0.01618107035756111,0.04103519767522812,0.040399204939603806,0.13951267302036285,0.10722646117210388,0.16151686012744904,0.5304793119430542,0.0,0.00881813932210207,7.845201821510273e-08,0.4698299169540405,0.08578904718160629,0.005762644112110138,0.07192295789718628,297.1646728515625,790.7666625976562,1.4419825493145275,0.4910930097103119,0.004375353455543518,0.0007914505549706519,0.8292927145957947
PINN20260517-KimLayered,6,591,physics,0.23046182096004486,0.02601185441017151,0.11988122016191483,0.01617070659995079,0.040290795266628265,0.039646442979574203,0.13810378313064575,0.1070871353149414,0.1613202840089798,0.5311648845672607,0.0,0.008610455319285393,7.785319411368619e-08,0.46549007296562195,0.08581193536520004,0.005742126144468784,0.07134737819433212,293.2576599121094,815.0545043945312,1.4523736100226277,0.4913206994533539,0.004378302954137325,0.0007916365866549313,0.8292852640151978
PINN20260517-KimLayered,6,595,physics,0.22470444440841675,0.02520880103111267,0.11508218944072723,0.015870390459895134,0.039099663496017456,0.03804421052336693,0.13640308380126953,0.10675361752510071,0.160849928855896,0.5337214469909668,0.0,0.008487428538501263,7.829049053498238e-08,0.45943474769592285,0.08602350205183029,0.005789928138256073,0.07129311561584473,288.8826904296875,842.5040283203125,1.4704303638837475,0.49203813076019287,0.004393931943923235,0.0007940475479699671,0.8293086290359497
PINN20260517-KimLayered,6,598,physics,0.21982938051223755,0.02443346008658409,0.11166926473379135,0.015707502141594887,0.03778892010450363,0.036740317940711975,0.13581550121307373,0.10669923573732376,0.160582035779953,0.5338432192802429,0.0,0.008010120131075382,7.805996915521973e-08,0.453662633895874,0.08601542562246323,0.005743881221860647,0.07058984786272049,282.3318786621094,834.6817016601562,1.457759215361315,0.4920080900192261,0.004393603187054396,0.0007937540649436414,0.829328179359436
PINN20260517-KimLayered,6,602,physics,0.21379591524600983,0.023407334461808205,0.10825289785861969,0.015477354638278484,0.03599536046385765,0.03535820171236992,0.13463082909584045,0.10641125589609146,0.16042359173297882,0.5350354313850403,2.27598917490468e-09,0.00722415279597044,7.661708423256641e-08,0.4420280456542969,0.08617157489061356,0.0057387324050068855,0.06912598758935928,275.7541809082031,866.4982299804688,1.4792457124948704,0.4921855330467224,0.004402695689350367,0.0007951650768518448,0.8294234275817871
PINN20260517-KimLayered,6,605,physics,0.20919585227966309,0.02272290363907814,0.1047312319278717,0.015431911684572697,0.034782782196998596,0.03404265269637108,0.13382956385612488,0.10632193088531494,0.15999139845371246,0.5372083783149719,3.1155933388760104e-09,0.006723394151777029,7.620652553441687e-08,0.43171265721321106,0.08645278960466385,0.005803956184536219,0.06828978657722473,272.86431884765625,901.387939453125,1.5153360848364592,0.492643803358078,0.004419707227498293,0.0007981088128872216,0.8295787572860718
PINN20260517-KimLayered,6,608,physics,0.2049292027950287,0.022173291072249413,0.10114177316427231,0.015212723053991795,0.03368237614631653,0.03279668837785721,0.13283005356788635,0.10637015104293823,0.15955020487308502,0.5385734438896179,6.536174712579168e-09,0.006228562444448471,7.699221526991096e-08,0.4233032763004303,0.08667128533124924,0.0058370730839669704,0.06756992638111115,268.8684997558594,909.71875,1.5293702400947788,0.4928256571292877,0.004431499633938074,0.0008002057438716292,0.8297842144966125
PINN20260517-KimLayered,6,612,physics,0.1993696391582489,0.02143760956823826,0.09617094695568085,0.01515498198568821,0.032381847500801086,0.031164349988102913,0.13161233067512512,0.10621796548366547,0.1591782122850418,0.5390360951423645,2.9628315800778182e-08,0.005562647711485624,7.681659042191313e-08,0.4152624309062958,0.08682294934988022,0.005815186537802219,0.06681609898805618,264.527587890625,899.8013916015625,1.517255212615806,0.4925857484340668,0.004436846356838942,0.0008013059268705547,0.8300994038581848
PINN20260517-KimLayered,6,615,physics,0.19552141427993774,0.02105596661567688,0.09196681529283524,0.014976629987359047,0.031639937311410904,0.029852382838726044,0.13054242730140686,0.10622477531433105,0.15874284505844116,0.5393032431602478,5.3812225786487033e-08,0.005228279158473015,7.654772815612887e-08,0.41115981340408325,0.08692234009504318,0.00579731073230505,0.06668553501367569,262.4159851074219,895.10400390625,1.516591787867618,0.49237683415412903,0.0044397166930139065,0.0008020043023861945,0.830345630645752
PINN20260517-KimLayered,6,619,physics,0.19123484194278717,0.020545415580272675,0.08788205683231354,0.014826958067715168,0.030759038403630257,0.02853963151574135,0.12949788570404053,0.10632234811782837,0.15809080004692078,0.5393941402435303,8.864821410270451e-08,0.0048086089082062244,7.620302966415693e-08,0.4039943516254425,0.08707524836063385,0.0057897367514669895,0.06607883423566818,259.5757751464844,892.9132690429688,1.5167459080877455,0.49219247698783875,0.004445310216397047,0.0008031729375943542,0.8306317329406738
PINN20260517-KimLayered,6,622,physics,0.18842196464538574,0.020186807960271835,0.08557844161987305,0.014564026147127151,0.030166082084178925,0.027814587578177452,0.12880001962184906,0.10628191381692886,0.1577742099761963,0.5393965840339661,1.1340166850004607e-07,0.0045374659821391106,7.643589583494759e-08,0.39842692017555237,0.08717867732048035,0.005791303236037493,0.06546173989772797,257.64117431640625,890.830322265625,1.516614649903325,0.49212783575057983,0.004450264386832714,0.0008041523396968842,0.8308073282241821
PINN20260517-KimLayered,6,625,physics,0.18595372140407562,0.01992170512676239,0.08316092193126678,0.014351919293403625,0.029660504311323166,0.027040384709835052,0.1283910870552063,0.10627548396587372,0.15744845569133759,0.5396177768707275,1.315031852300308e-07,0.0043181199580430984,7.625035891578591e-08,0.39350026845932007,0.0872606560587883,0.005798236932605505,0.06509612500667572,256.3774719238281,887.7376098632812,1.508863242556445,0.4921354651451111,0.004455516114830971,0.0008051959448494017,0.8309608101844788
PINN20260517-KimLayered,6,629,physics,0.18305380642414093,0.019623752683401108,0.08044052869081497,0.01409628614783287,0.029034797102212906,0.026208143681287766,0.12726125121116638,0.1062975525856018,0.15700560808181763,0.5398829579353333,1.497710826470211e-07,0.00402525719255209,7.57112061933185e-08,0.3875545859336853,0.08734870702028275,0.0058090221136808395,0.06448085606098175,254.68905639648438,881.9156494140625,1.5049476226054308,0.49216577410697937,0.004462246783077717,0.0008065045694820583,0.8311404585838318
PINN20260517-KimLayered,6,632,physics,0.1812123954296112,0.019450770691037178,0.0785197913646698,0.014000996947288513,0.028619782999157906,0.02560730278491974,0.1267535388469696,0.10627810657024384,0.15669427812099457,0.5401371121406555,1.5720384283213207e-07,0.0038123473059386015,7.604447915809942e-08,0.38369062542915344,0.08740419149398804,0.005820226855576038,0.06410450488328934,253.61134338378906,879.7483520507812,1.5011767252860444,0.4922136664390564,0.0044674351811409,0.0008075467776507139,0.8312698602676392
PINN20260517-KimLayered,6,636,physics,0.1789632886648178,0.019246717914938927,0.07623758912086487,0.013827397488057613,0.028126250952482224,0.024868957698345184,0.12595030665397644,0.10630180686712265,0.1562192738056183,0.5405920147895813,1.5910588047063356e-07,0.0034993526060134172,7.545957458887642e-08,0.37889039516448975,0.08745834976434708,0.00583730498328805,0.06366214901208878,252.28916931152344,875.6102905273438,1.499658386798074,0.49231454730033875,0.004474312998354435,0.0008089534239843488,0.8314335942268372
PINN20260517-KimLayered,6,639,physics,0.17754115164279938,0.019130855798721313,0.0747329518198967,0.01374266017228365,0.027783941477537155,0.02439313568174839,0.12542077898979187,0.10630965232849121,0.15590079128742218,0.5409768223762512,1.565481113630085e-07,0.0032665408216416836,7.515042454997456e-08,0.3754842281341553,0.08747708052396774,0.005848588887602091,0.06328985095024109,251.52273559570312,872.5890502929688,1.4926916089915845,0.4924115836620331,0.00447912747040391,0.0008099713013507426,0.8315467238426208
PINN20260517-KimLayered,6,642,physics,0.1763031780719757,0.01903887279331684,0.07335057854652405,0.013599477708339691,0.02750457637012005,0.02397364377975464,0.12528303265571594,0.10628022253513336,0.15563076734542847,0.5414279699325562,1.490445526997064e-07,0.0030838896054774523,7.483574648858848e-08,0.37233656644821167,0.0874994546175003,0.005866954568773508,0.06300506740808487,250.61773681640625,872.6162719726562,1.4909911230224286,0.4925748407840729,0.00448503065854311,0.0008111998322419822,0.8316531777381897
PINN20260517-KimLayered,6,646,physics,0.17478777468204498,0.018879525363445282,0.07215051352977753,0.013475198298692703,0.02712123654782772,0.02358349971473217,0.12443822622299194,0.10627217590808868,0.155241921544075,0.5418983697891235,1.3762429773578333e-07,0.0028387331403791904,7.465209250767657e-08,0.36716848611831665,0.08753743767738342,0.0058954935520887375,0.06238880008459091,249.74774169921875,877.5557861328125,1.4992881324126621,0.49283528327941895,0.0044938656501472,0.0008129902416840196,0.8317862749099731
PINN20260517-KimLayered,6,649,physics,0.1738208532333374,0.018786031752824783,0.07129033654928207,0.013407954946160316,0.026893381029367447,0.02331879734992981,0.12398207187652588,0.10626818984746933,0.15493810176849365,0.5420968532562256,1.309670807358998e-07,0.002681516809388995,7.476727859057064e-08,0.3640197217464447,0.08755498379468918,0.005911264102905989,0.06207332760095596,249.00482177734375,879.2182006835938,1.497442422363631,0.4930121898651123,0.004499912261962891,0.0008142615552060306,0.831885576248169
PINN20260517-KimLayered,6,653,physics,0.17267544567584991,0.01869429647922516,0.07008776068687439,0.013338844291865826,0.02665487304329872,0.023035991936922073,0.12343040853738785,0.10621953755617142,0.1545858234167099,0.5420008301734924,1.2878813038241788e-07,0.002525157993659377,7.442364591270234e-08,0.3613124191761017,0.0875602439045906,0.005920033436268568,0.061789702624082565,247.1394805908203,873.0272216796875,1.4867016319190773,0.4931865930557251,0.004506825935095549,0.0008157585398294032,0.832015872001648
PINN20260517-KimLayered,6,656,physics,0.17347075045108795,0.018782371655106544,0.07211868464946747,0.013325477950274944,0.02627404034137726,0.0231320858001709,0.12311944365501404,0.10637292265892029,0.15415222942829132,0.5416144728660583,1.342506550372491e-07,0.0020636580884456635,7.345470720565572e-08,0.3511694669723511,0.08753473311662674,0.0059125120751559734,0.060729239135980606,254.7942657470703,897.0025024414062,1.5067525648315057,0.4932600259780884,0.004510781727731228,0.0008167053456418216,0.8321068286895752
PINN20260517-KimLayered,6,660,physics,0.17241846024990082,0.018859222531318665,0.06891369074583054,0.013231988996267319,0.026646284386515617,0.023076016455888748,0.1227874606847763,0.10620569437742233,0.15397176146507263,0.541163980960846,1.3681280108812643e-07,0.002461065771058202,7.505898480530959e-08,0.360573410987854,0.08754574507474899,0.005916731897741556,0.061777129769325256,245.8441162109375,870.804931640625,1.487148344061384,0.4934234619140625,0.004517868626862764,0.0008181534940376878,0.8322308659553528
PINN20260517-KimLayered,6,663,physics,0.17134100198745728,0.018685078248381615,0.06831219047307968,0.013167302124202251,0.02639910578727722,0.02280912734568119,0.12236069142818451,0.10652731359004974,0.15365296602249146,0.5406626462936401,1.4393535252565925e-07,0.0023328999523073435,7.464985429805893e-08,0.35722342133522034,0.08753016591072083,0.005910957232117653,0.06143379211425781,245.9371337890625,875.7557983398438,1.4878116598900575,0.4935256242752075,0.004522726405411959,0.0008191966917365789,0.8323109745979309
PINN20260517-KimLayered,6,666,physics,0.17036113142967224,0.018535345792770386,0.0678381472826004,0.01308340672403574,0.02617800235748291,0.022592658177018166,0.12212789058685303,0.10629221796989441,0.15335525572299957,0.5400553345680237,1.527118627109303e-07,0.0022217112127691507,7.453007100366449e-08,0.35409268736839294,0.087508425116539,0.005902210250496864,0.06110791116952896,246.2487030029297,879.9589233398438,1.4932513162812533,0.4936191141605377,0.004527256824076176,0.0008201806922443211,0.8323869109153748
PINN20260517-KimLayered,6,670,physics,0.16883304715156555,0.018256215378642082,0.06739632785320282,0.012971275486052036,0.025781208649277687,0.02221078611910343,0.12180350720882416,0.1061430349946022,0.15294641256332397,0.539078950881958,1.6895795340587938e-07,0.0019954389426857233,7.393438750114001e-08,0.34832194447517395,0.08745824545621872,0.005881587043404579,0.0605069100856781,244.02752685546875,868.4696655273438,1.4847372840518838,0.4937067925930023,0.004532197955995798,0.0008213199325837195,0.8324817419052124
PINN20260517-KimLayered,6,673,physics,0.16838668286800385,0.01821976527571678,0.06695128977298737,0.01297303568571806,0.025716617703437805,0.022136393934488297,0.12142440676689148,0.10615860670804977,0.15267735719680786,0.538356363773346,1.8083662212120544e-07,0.0019583399407565594,7.387607325881618e-08,0.34738123416900635,0.08742545545101166,0.00586760975420475,0.060442473739385605,243.7225341796875,868.87255859375,1.4819374636994955,0.4937798082828522,0.004536076914519072,0.0008221928728744388,0.8325525522232056
PINN20260517-KimLayered,6,677,physics,0.16772256791591644,0.018065325915813446,0.06741233170032501,0.012910009361803532,0.025355974212288857,0.021947182714939117,0.12116985768079758,0.10621670633554459,0.15225796401500702,0.5372824668884277,2.0043886195253435e-07,0.0016806096537038684,7.301212434640547e-08,0.34061741828918457,0.08736500144004822,0.005842790938913822,0.05973336100578308,244.38426208496094,876.2578735351562,1.4822112022853304,0.4938591718673706,0.004540621768683195,0.0008232839172706008,0.8326377272605896
PINN20260517-KimLayered,6,680,physics,0.1670500785112381,0.017978109419345856,0.06684105098247528,0.012888561934232712,0.025272754952311516,0.021830296143889427,0.12089428305625916,0.10618049651384354,0.152007058262825,0.5365550518035889,2.1258850324556988e-07,0.0016483269864693284,7.306915250637758e-08,0.3397832214832306,0.0873330608010292,0.005829611327499151,0.059675585478544235,243.56430053710938,874.7930297851562,1.4824643489179705,0.49394696950912476,0.0045447321608662605,0.0008241939940489829,0.8327017426490784
PINN20260517-KimLayered,7,1,pretrain,30.41799545288086,3.917274236679077,6.942485809326172,2.454796314239502,1.743251919746399,1.9453959465026855,108.68032836914062,0.7215492129325867,0.745809018611908,0.0,0.0,0.0,0.0,0.0,0.0,0.0,0.0,3736.612060546875,4671.12890625,42.95620818027138,0.3944675028324127,0.00492137623950839,0.0009728724253363907,0.800399124622345
PINN20260517-KimLayered,7,5,pretrain,29.42548370361328,3.8693296909332275,6.687976837158203,2.523275852203369,1.7205389738082886,1.8755394220352173,102.61862182617188,0.5784046053886414,0.6691383123397827,0.0,0.0,0.0,0.0,0.0,0.0,0.0,0.0,3691.421875,4620.10888671875,40.76779688893489,0.3973572552204132,0.0051144990138709545,0.0010155015625059605,0.8016678690910339
PINN20260517-KimLayered,7,8,pretrain,28.43678855895996,3.819784164428711,6.4249348640441895,2.546109914779663,1.6990300416946411,1.813230037689209,96.77130126953125,0.5072415471076965,0.6083667874336243,0.0,0.0,0.0,0.0,0.0,0.0,0.0,0.0,3647.73486328125,4570.2939453125,38.70235893452811,0.3998064398765564,0.005298746284097433,0.0010551342274993658,0.8025760054588318
PINN20260517-KimLayered,7,12,pretrain,26.83017349243164,3.7313199043273926,6.012600898742676,2.554234027862549,1.661998987197876,1.7135573625564575,87.40556335449219,0.5216134786605835,0.5261812210083008,0.0,0.0,0.0,0.0,0.0,0.0,0.0,0.0,3570.991455078125,4481.5380859375,35.46300915548444,0.4035364091396332,0.0055833179503679276,0.0011143155861645937,0.8037583231925964
PINN20260517-KimLayered,7,16,pretrain,24.82533073425293,3.606611728668213,5.527976989746094,2.5150554180145264,1.6124591827392578,1.5931811332702637,76.23112487792969,0.47954505681991577,0.45385900139808655,0.0,0.0,0.0,0.0,0.0,0.0,0.0,0.0,3465.651123046875,4357.12060546875,31.661823193899714,0.4077457785606384,0.005913162603974342,0.0011806912953034043,0.8048954606056213
PINN20260517-KimLayered,7,20,pretrain,22.38350486755371,3.434001922607422,4.979043960571289,2.371436834335327,1.5469297170639038,1.4550631046295166,63.340885162353516,0.48755455017089844,0.40195775032043457,0.0,0.0,0.0,0.0,0.0,0.0,0.0,0.0,3326.73779296875,4189.38720703125,27.376679203561764,0.41233304142951965,0.006291922647505999,0.0012559851165860891,0.8060054779052734
PINN20260517-KimLayered,7,23,pretrain,20.273038864135742,3.271940231323242,4.542586326599121,2.14505934715271,1.4868525266647339,1.3431997299194336,52.85858917236328,0.46671661734580994,0.38015463948249817,0.0,0.0,0.0,0.0,0.0,0.0,0.0,0.0,3202.98193359375,4036.850341796875,23.96017043808035,0.4159175157546997,0.006604405120015144,0.00131784297991544,0.8068298101425171
PINN20260517-KimLayered,7,27,pretrain,17.21708869934082,3.024303436279297,3.9815549850463867,1.6337347030639648,1.3952008485794067,1.199621558189392,38.524803161621094,0.4651961624622345,0.37099310755729675,0.0,0.0,0.0,0.0,0.0,0.0,0.0,0.0,3024.074462890625,3811.338134765625,19.373557723942522,0.4207788407802582,0.007048215717077255,0.0014054791536182165,0.8079489469528198
PINN20260517-KimLayered,7,31,pretrain,14.280860900878906,2.757934808731079,3.477093458175659,1.0503910779953003,1.2972885370254517,1.0707790851593018,25.780054092407227,0.45076844096183777,0.37417975068092346,0.0,0.0,0.0,0.0,0.0,0.0,0.0,0.0,2847.0556640625,3582.238037109375,15.124584118264037,0.42560768127441406,0.00750439940020442,0.0014953289646655321,0.8091322779655457
PINN20260517-KimLayered,7,34,pretrain,12.403668403625488,2.556978940963745,3.1356558799743652,0.7363208532333374,1.2231512069702148,0.9848583340644836,18.23551368713379,0.44749879837036133,0.37759286165237427,0.0,0.0,0.0,0.0,0.0,0.0,0.0,0.0,2722.57373046875,3417.994140625,12.426711627142776,0.42913928627967834,0.007843541912734509,0.0015619364567101002,0.8101038336753845
PINN20260517-KimLayered,7,38,pretrain,10.654892921447754,2.3150763511657715,2.7470293045043945,0.6787740588188171,1.1255404949188232,0.8849819302558899,11.892131805419922,0.4365168511867523,0.37773266434669495,0.0,0.0,0.0,0.0,0.0,0.0,0.0,0.0,2569.259521484375,3211.564208984375,10.058298873392939,0.43366625905036926,0.008276752196252346,0.0016468774992972612,0.8115582466125488
PINN20260517-KimLayered,7,42,pretrain,10.052621841430664,2.135730743408203,2.4596598148345947,1.0230919122695923,1.0326436758041382,0.7987073659896851,11.286266326904297,0.4288597106933594,0.3720400631427765,0.0,0.0,0.0,0.0,0.0,0.0,0.0,0.0,2432.85498046875,3021.75634765625,9.297513711807603,0.4381251931190491,0.008663578890264034,0.0017231374513357878,0.813203752040863
PINN20260517-KimLayered,7,46,pretrain,9.524474143981934,1.986989974975586,2.237802505493164,1.1968823671340942,0.9501628875732422,0.7279583215713501,11.017717361450195,0.41910094022750854,0.3653053939342499,0.0,0.0,0.0,0.0,0.0,0.0,0.0,0.0,2317.614013671875,2856.048095703125,8.652375034370884,0.4423907697200775,0.00896967388689518,0.0017825581599026918,0.8149265646934509
PINN20260517-KimLayered,7,49,pretrain,8.873066902160645,1.8850982189178467,2.0989785194396973,1.0502030849456787,0.895207405090332,0.6833610534667969,9.57839584350586,0.4119391143321991,0.3619304895401001,0.0,0.0,0.0,0.0,0.0,0.0,0.0,0.0,2242.49853515625,2745.271240234375,7.904669047356143,0.44540709257125854,0.009151560254395008,0.0018162423511967063,0.8162128329277039
PINN20260517-KimLayered,7,53,pretrain,7.807733535766602,1.7585636377334595,1.9390426874160767,0.638423502445221,0.8280930519104004,0.6312791109085083,6.650485038757324,0.4030954837799072,0.3598204255104065,0.0,0.0,0.0,0.0,0.0,0.0,0.0,0.0,2151.633544921875,2607.787353515625,6.860714018478533,0.4491966664791107,0.009352637454867363,0.0018513824325054884,0.8179118037223816
PINN20260517-KimLayered,7,57,pretrain,6.99180269241333,1.644576072692871,1.7963241338729858,0.3821408152580261,0.7630453705787659,0.5831653475761414,4.697740077972412,0.39386114478111267,0.35866406559944153,0.0,0.0,0.0,0.0,0.0,0.0,0.0,0.0,2065.078857421875,2471.289306640625,6.41085847545697,0.4526907205581665,0.009541608393192291,0.0018842448480427265,0.8196361064910889
PINN20260517-KimLayered,7,60,pretrain,6.568261623382568,1.5683832168579102,1.6968750953674316,0.2853862941265106,0.7139872312545776,0.5489060878753662,4.103512763977051,0.38724371790885925,0.35734355449676514,0.0,0.0,0.0,0.0,0.0,0.0,0.0,0.0,2002.306396484375,2367.4443359375,6.23019299178848,0.45503169298171997,0.009694116190075874,0.0019125468097627163,0.8209481835365295
PINN20260517-KimLayered,7,64,pretrain,5.98424768447876,1.4606213569641113,1.5632972717285156,0.19322915375232697,0.6497617363929749,0.5063968896865845,3.131911277770996,0.37876784801483154,0.3547820746898651,0.0,0.0,0.0,0.0,0.0,0.0,0.0,0.0,1923.68115234375,2230.189208984375,5.551410392599152,0.45768094062805176,0.00990745984017849,0.001953702885657549,0.8226622939109802
PINN20260517-KimLayered,7,68,pretrain,5.39503812789917,1.3460979461669922,1.4277424812316895,0.18022629618644714,0.5874912142753601,0.4668217897415161,1.9202125072479248,0.3708297908306122,0.3519138693809509,0.0,0.0,0.0,0.0,0.0,0.0,0.0,0.0,1850.052734375,2093.046142578125,4.628390960188122,0.45990416407585144,0.01012386754155159,0.0019962729420512915,0.8243242502212524
PINN20260517-KimLayered,7,72,pretrain,4.964343547821045,1.243434190750122,1.302808403968811,0.19795255362987518,0.5263409614562988,0.4279669523239136,1.547095537185669,0.3633269965648651,0.3492128551006317,0.0,0.0,0.0,0.0,0.0,0.0,0.0,0.0,1778.953857421875,1952.289794921875,4.061210498359253,0.4620193541049957,0.010337053798139095,0.0020385466050356627,0.8259949088096619
PINN20260517-KimLayered,7,75,pretrain,4.683228492736816,1.167346715927124,1.2110176086425781,0.18921880424022675,0.48196345567703247,0.39938679337501526,1.6814332008361816,0.3580213785171509,0.34732523560523987,0.0,0.0,0.0,0.0,0.0,0.0,0.0,0.0,1726.78076171875,1844.6480712890625,3.8658586146272595,0.46363285183906555,0.010490115731954575,0.002069012261927128,0.8272472620010376
PINN20260517-KimLayered,7,79,pretrain,4.302162170410156,1.067308783531189,1.096840500831604,0.1854935884475708,0.42669010162353516,0.3627801239490509,1.6910030841827393,0.3513071835041046,0.34466221928596497,0.0,0.0,0.0,0.0,0.0,0.0,0.0,0.0,1657.5782470703125,1700.7711181640625,3.6220978529511685,0.4659010171890259,0.010674778372049332,0.0021055496763437986,0.8288940787315369
PINN20260517-KimLayered,7,83,pretrain,3.8658945560455322,0.9688133001327515,0.9949463605880737,0.17574775218963623,0.37720787525177,0.32827869057655334,1.1617586612701416,0.3448241651058197,0.3415265679359436,0.0,0.0,0.0,0.0,0.0,0.0,0.0,0.0,1587.221923828125,1560.343505859375,3.4171531143749183,0.4682910442352295,0.010829301550984383,0.002135627903044224,0.8305059671401978
PINN20260517-KimLayered,7,86,pretrain,3.5651369094848633,0.8922123908996582,0.9222919940948486,0.17871341109275818,0.3437402844429016,0.3037842810153961,0.9786052703857422,0.3400188088417053,0.3387748897075653,0.0,0.0,0.0,0.0,0.0,0.0,0.0,0.0,1534.7513427734375,1461.366455078125,3.3471113689041356,0.47001174092292786,0.010926028713583946,0.002154561458155513,0.8317021131515503
PINN20260517-KimLayered,7,90,pretrain,3.167346477508545,0.7962373495101929,0.8312065005302429,0.13094492256641388,0.3039635717868805,0.27365055680274963,0.8037804365158081,0.3335754871368408,0.33455994725227356,0.0,0.0,0.0,0.0,0.0,0.0,0.0,0.0,1471.0233154296875,1343.4637451171875,3.1503880248309524,0.4718037247657776,0.0110300462692976,0.0021759311202913523,0.8332726955413818
PINN20260517-KimLayered,7,94,pretrain,2.854219675064087,0.7161325216293335,0.7465556859970093,0.11140403896570206,0.27029186487197876,0.24577783048152924,0.7616000771522522,0.3271762430667877,0.32963210344314575,0.0,0.0,0.0,0.0,0.0,0.0,0.0,0.0,1417.4052734375,1240.435791015625,3.05455973952415,0.47269606590270996,0.011093832552433014,0.0021896057296544313,0.8348188996315002
PINN20260517-KimLayered,7,98,pretrain,2.6079256534576416,0.6523871421813965,0.6757091879844666,0.09761554002761841,0.2441408336162567,0.2218760997056961,0.7593282461166382,0.32121941447257996,0.3240346312522888,0.0,0.0,0.0,0.0,0.0,0.0,0.0,0.0,1368.853759765625,1148.289794921875,3.0087839990949385,0.4727189540863037,0.011100059375166893,0.002189289778470993,0.8363126516342163
PINN20260517-KimLayered,7,101,pretrain,2.447972536087036,0.6125011444091797,0.6314740180969238,0.0923088863492012,0.2295861691236496,0.20729878544807434,0.6881781816482544,0.31732940673828125,0.31945979595184326,0.0,0.0,0.0,0.0,0.0,0.0,0.0,0.0,1329.0655517578125,1087.6875,2.881640914836172,0.4722807705402374,0.011083326302468777,0.0021840997505933046,0.8373684287071228
PINN20260517-KimLayered,7,105,pretrain,2.2614552974700928,0.5623912811279297,0.5901446342468262,0.08455958962440491,0.21780981123447418,0.1938634067773819,0.6424744129180908,0.31341463327407837,0.31298643350601196,0.0,0.0,0.0,0.0,0.0,0.0,0.0,0.0,1255.2659912109375,1038.804931640625,2.805289747285616,0.471431165933609,0.010990310460329056,0.0021616758313030005,0.838581919670105
PINN20260517-KimLayered,7,109,pretrain,2.084275007247925,0.5095422863960266,0.565387487411499,0.08780493587255478,0.21167902648448944,0.18599890172481537,0.6033353805541992,0.31101906299591064,0.3063698410987854,0.0,0.0,0.0,0.0,0.0,0.0,0.0,0.0,1155.9290771484375,1037.8721923828125,2.768140120887337,0.47036388516426086,0.010810521431267262,0.0021214664448052645,0.8395094871520996
PINN20260517-KimLayered,7,112,pretrain,1.952984094619751,0.4673135280609131,0.5541173815727234,0.095841184258461,0.20884884893894196,0.18258614838123322,0.5891032814979553,0.31002578139305115,0.30155012011528015,0.0,0.0,0.0,0.0,0.0,0.0,0.0,0.0,1076.754150390625,1075.7286376953125,2.7963489078122796,0.46934816241264343,0.010630731470882893,0.0020826070103794336,0.8400293588638306
PINN20260517-KimLayered,7,116,pretrain,1.7997722625732422,0.41755491495132446,0.5453637838363647,0.10443830490112305,0.20737691223621368,0.17978671193122864,0.5638447999954224,0.30940553545951843,0.2954389750957489,0.0,0.0,0.0,0.0,0.0,0.0,0.0,0.0,995.8853149414062,1166.92578125,2.9129131794615803,0.4675455689430237,0.01034830417484045,0.0020230342634022236,0.8405689001083374
PINN20260517-KimLayered,7,120,pretrain,1.6992584466934204,0.38511085510253906,0.5349317789077759,0.11098481714725494,0.2092173546552658,0.17657920718193054,0.5498824119567871,0.30874335765838623,0.2895601987838745,0.0,0.0,0.0,0.0,0.0,0.0,0.0,0.0,954.4364624023438,1242.244384765625,2.998133707842322,0.46504828333854675,0.010085140354931355,0.001968113938346505,0.8410409092903137
PINN20260517-KimLayered,7,124,pretrain,1.626505732536316,0.36261504888534546,0.518558919429779,0.11394617706537247,0.21330350637435913,0.17153264582157135,0.5532601475715637,0.3068534731864929,0.2837386727333069,0.0,0.0,0.0,0.0,0.0,0.0,0.0,0.0,927.1700439453125,1242.2392578125,3.0061846805992003,0.4622722566127777,0.009901599027216434,0.0019290336640551686,0.841495156288147
PINN20260517-KimLayered,7,127,pretrain,1.5750689506530762,0.34772393107414246,0.5052754282951355,0.11274022608995438,0.21722446382045746,0.16736473143100739,0.550452470779419,0.30438295006752014,0.27941352128982544,0.0,0.0,0.0,0.0,0.0,0.0,0.0,0.0,909.108154296875,1201.7427978515625,2.9640541951022104,0.4604218006134033,0.009808207862079144,0.001907847123220563,0.8417883515357971
PINN20260517-KimLayered,7,131,pretrain,1.520984172821045,0.3320782780647278,0.49248000979423523,0.11162606626749039,0.22197890281677246,0.16347137093544006,0.541907787322998,0.3001024127006531,0.2738551199436188,0.0,0.0,0.0,0.0,0.0,0.0,0.0,0.0,890.65380859375,1139.03662109375,2.8631332750849117,0.45847219228744507,0.009700640104711056,0.0018810982583090663,0.8420144319534302
PINN20260517-KimLayered,7,135,pretrain,1.477087140083313,0.31948280334472656,0.48527151346206665,0.11199190467596054,0.2221512645483017,0.16133150458335876,0.5272705554962158,0.29553088545799255,0.26874592900276184,0.0,0.0,0.0,0.0,0.0,0.0,0.0,0.0,873.9120483398438,1108.466064453125,2.7968043372050286,0.45704516768455505,0.00955793634057045,0.001845292979851365,0.8419646620750427
PINN20260517-KimLayered,7,138,pretrain,1.4412562847137451,0.30971091985702515,0.4802628457546234,0.11153905093669891,0.21810686588287354,0.1597067266702652,0.5155633687973022,0.29226067662239075,0.2652111351490021,0.0,0.0,0.0,0.0,0.0,0.0,0.0,0.0,860.0799560546875,1108.611328125,2.7776525174632325,0.4562323987483978,0.009418491274118423,0.0018112931866198778,0.8417498469352722
PINN20260517-KimLayered,7,142,pretrain,1.393320918083191,0.29701581597328186,0.4735669493675232,0.11150924116373062,0.20950599014759064,0.15745334327220917,0.4980408251285553,0.2881528437137604,0.2607475519180298,0.0,0.0,0.0,0.0,0.0,0.0,0.0,0.0,842.4124145507812,1116.3011474609375,2.7593248986711254,0.45547670125961304,0.00921632070094347,0.001762761501595378,0.8413122892379761
PINN20260517-KimLayered,7,146,pretrain,1.3500248193740845,0.28600263595581055,0.4679776132106781,0.10934092104434967,0.20040160417556763,0.15550382435321808,0.48380234837532043,0.2842380404472351,0.2563853859901428,0.0,0.0,0.0,0.0,0.0,0.0,0.0,0.0,826.4903564453125,1108.297607421875,2.7363660395972698,0.45516806840896606,0.00902407243847847,0.0017174461390823126,0.840822160243988
PINN20260517-KimLayered,7,150,pretrain,1.3104076385498047,0.2761038541793823,0.4635372459888458,0.10503429919481277,0.19249562919139862,0.1539384424686432,0.4731481671333313,0.28047865629196167,0.2521122694015503,0.0,0.0,0.0,0.0,0.0,0.0,0.0,0.0,811.9801635742188,1079.4696044921875,2.688318651858501,0.45527663826942444,0.008854959160089493,0.001678620814345777,0.8403660655021667
PINN20260517-KimLayered,7,153,pretrain,1.2835160493850708,0.26939111948013306,0.46048736572265625,0.10188125818967819,0.18746797740459442,0.15291309356689453,0.4660292863845825,0.27781832218170166,0.2490297108888626,0.0,0.0,0.0,0.0,0.0,0.0,0.0,0.0,802.4306640625,1054.0426025390625,2.6470578364322996,0.4555248022079468,0.008738263510167599,0.0016529759159311652,0.8400636911392212
PINN20260517-KimLayered,7,157,pretrain,1.2510734796524048,0.2615493834018707,0.45660001039505005,0.09690048545598984,0.18165624141693115,0.1515347957611084,0.4566749632358551,0.274578332901001,0.24516960978507996,0.0,0.0,0.0,0.0,0.0,0.0,0.0,0.0,790.7877807617188,1030.3726806640625,2.6000501773746088,0.45591047406196594,0.008582384325563908,0.0016209966270253062,0.8397110104560852
PINN20260517-KimLayered,7,161,pretrain,1.2197824716567993,0.25365811586380005,0.45151984691619873,0.09448018670082092,0.17663654685020447,0.14983007311820984,0.448025643825531,0.2717086970806122,0.2416287213563919,0.0,0.0,0.0,0.0,0.0,0.0,0.0,0.0,778.5438842773438,1032.880859375,2.5803216000888325,0.45622894167900085,0.008422943763434887,0.0015904526226222515,0.8394123315811157
PINN20260517-KimLayered,7,164,pretrain,1.1952039003372192,0.24754270911216736,0.44603782892227173,0.09269479662179947,0.17337073385715485,0.147932767868042,0.44208812713623047,0.2697679102420807,0.23915815353393555,0.0,0.0,0.0,0.0,0.0,0.0,0.0,0.0,768.982177734375,1069.6649169921875,2.5990456071522,0.45640578866004944,0.008303229697048664,0.0015685777179896832,0.8392298221588135
PINN20260517-KimLayered,7,168,pretrain,1.1655133962631226,0.2407439649105072,0.4342852234840393,0.09158329665660858,0.16986970603466034,0.14405064284801483,0.4352811574935913,0.26739463210105896,0.2360580563545227,0.0,0.0,0.0,0.0,0.0,0.0,0.0,0.0,757.8336181640625,1090.2242431640625,2.6040566816788786,0.4565173089504242,0.00815463438630104,0.0015420616837218404,0.8390583992004395
PINN20260517-KimLayered,7,172,pretrain,1.1321415901184082,0.23145413398742676,0.43061739206314087,0.08928414434194565,0.16724026203155518,0.14282679557800293,0.4285130500793457,0.2652587294578552,0.23322400450706482,0.0,0.0,0.0,0.0,0.0,0.0,0.0,0.0,743.6082763671875,1027.7896728515625,2.531136472790629,0.4564496576786041,0.008020387962460518,0.0015186381060630083,0.8389647006988525
PINN20260517-KimLayered,7,176,pretrain,1.1004478931427002,0.2232738733291626,0.4228307604789734,0.08725468814373016,0.16490986943244934,0.1402660757303238,0.4225105047225952,0.26329073309898376,0.2306235134601593,0.0,0.0,0.0,0.0,0.0,0.0,0.0,0.0,730.7322387695312,1017.8928833007812,2.509916638369033,0.4563281238079071,0.007893036119639874,0.0014966477174311876,0.8388974070549011
PINN20260517-KimLayered,7,179,pretrain,1.0768300294876099,0.21786676347255707,0.41234642267227173,0.08623328804969788,0.16310106217861176,0.13684362173080444,0.41803377866744995,0.2619244456291199,0.22883570194244385,0.0,0.0,0.0,0.0,0.0,0.0,0.0,0.0,722.0399780273438,1020.3855590820312,2.5001157502101923,0.4562096893787384,0.007799328770488501,0.0014804977690801024,0.8388435244560242
PINN20260517-KimLayered,7,183,pretrain,1.0454797744750977,0.20946145057678223,0.4065743684768677,0.08431878685951233,0.16059093177318573,0.1349737048149109,0.41146209836006165,0.2602885365486145,0.2266911268234253,0.0,0.0,0.0,0.0,0.0,0.0,0.0,0.0,707.6701049804688,976.868896484375,2.4408891387363925,0.4559607207775116,0.007678357884287834,0.0014595978427678347,0.8387627601623535
PINN20260517-KimLayered,7,187,pretrain,1.015102744102478,0.20173102617263794,0.39915281534194946,0.08210481703281403,0.1577962189912796,0.13253290951251984,0.4049776792526245,0.25883060693740845,0.22477790713310242,0.0,0.0,0.0,0.0,0.0,0.0,0.0,0.0,694.9481811523438,963.6585083007812,2.416051538115924,0.45570605993270874,0.007561933249235153,0.0014392631128430367,0.8386581540107727
PINN20260517-KimLayered,7,190,pretrain,0.9927107095718384,0.196533203125,0.39099907875061035,0.080297090113163,0.15552574396133423,0.12984631955623627,0.4001788794994354,0.2578437030315399,0.22348186373710632,0.0,0.0,0.0,0.0,0.0,0.0,0.0,0.0,685.3980102539062,948.3847045898438,2.3908426758990413,0.4555412530899048,0.007478676270693541,0.0014245089842006564,0.8385640382766724
PINN20260517-KimLayered,7,194,pretrain,0.9629290103912354,0.1887781023979187,0.38620907068252563,0.07707929611206055,0.15242427587509155,0.12825120985507965,0.393385112285614,0.25666502118110657,0.22193549573421478,0.0,0.0,0.0,0.0,0.0,0.0,0.0,0.0,671.97021484375,914.2625732421875,2.3499445873821556,0.4553278684616089,0.007374761160463095,0.0014057738007977605,0.838425874710083
PINN20260517-KimLayered,7,198,pretrain,0.9335532784461975,0.1818995475769043,0.3761272132396698,0.07456087321043015,0.14914336800575256,0.12495669722557068,0.38714855909347534,0.2556098401546478,0.22057035565376282,0.0,0.0,0.0,0.0,0.0,0.0,0.0,0.0,659.3510131835938,891.33349609375,2.3144954689056485,0.45515677332878113,0.007277126424014568,0.0013877905439585447,0.8382696509361267
PINN20260517-KimLayered,7,202,pretrain,0.9044395089149475,0.1747768223285675,0.36965715885162354,0.07075708359479904,0.14580471813678741,0.12275943905115128,0.38010793924331665,0.2546694278717041,0.21937869489192963,0.0,0.0,0.0,0.0,0.0,0.0,0.0,0.0,646.4407958984375,863.9385375976562,2.2763198046202633,0.45497387647628784,0.007184724789112806,0.0013704851735383272,0.8381039500236511
PINN20260517-KimLayered,7,205,pretrain,0.8829393982887268,0.1695481240749359,0.36316925287246704,0.06924156099557877,0.14328715205192566,0.12065631151199341,0.37526434659957886,0.2540242075920105,0.21858076751232147,0.0,0.0,0.0,0.0,0.0,0.0,0.0,0.0,636.4185791015625,838.1450805664062,2.2403098251581293,0.45483094453811646,0.007118945010006428,0.0013579478254541755,0.8379765152931213
PINN20260517-KimLayered,7,209,pretrain,0.8546547889709473,0.16292032599449158,0.35503238439559937,0.0656755343079567,0.13998475670814514,0.11788048595190048,0.3681786060333252,0.2532292902469635,0.2176281362771988,0.0,0.0,0.0,0.0,0.0,0.0,0.0,0.0,623.4588623046875,809.9198608398438,2.2012804990767045,0.4546319842338562,0.0070354831404984,0.0013419134775176644,0.837811291217804
PINN20260517-KimLayered,7,213,pretrain,0.8264428377151489,0.15608012676239014,0.3468351364135742,0.06335260719060898,0.1367805302143097,0.11518537998199463,0.3609546422958374,0.25249919295310974,0.21678228676319122,0.0,0.0,0.0,0.0,0.0,0.0,0.0,0.0,610.2461547851562,779.7972412109375,2.16083584361625,0.4544175863265991,0.0069577936083078384,0.0013267797185108066,0.8376566767692566
PINN20260517-KimLayered,7,216,pretrain,0.8049691319465637,0.15085506439208984,0.3407808542251587,0.06147361174225807,0.13436485826969147,0.11317013204097748,0.3555082082748413,0.25199177861213684,0.21620608866214752,0.0,0.0,0.0,0.0,0.0,0.0,0.0,0.0,599.7625732421875,757.9439697265625,2.130825432677068,0.4542432129383087,0.006902781315147877,0.001315996516495943,0.8375493884086609
PINN20260517-KimLayered,7,220,pretrain,0.7732784152030945,0.14306195080280304,0.3315542936325073,0.05916919559240341,0.13073064386844635,0.11008787155151367,0.3485937714576721,0.2513574957847595,0.21550454199314117,0.0,0.0,0.0,0.0,0.0,0.0,0.0,0.0,582.48291015625,729.680908203125,2.0910381775644313,0.4539971351623535,0.006833740975707769,0.001302422140724957,0.837418258190155
PINN20260517-KimLayered,7,224,physics,0.7519316077232361,0.13057628273963928,0.31785160303115845,0.059037402272224426,0.12452464550733566,0.10548647493124008,0.34196919202804565,0.2508213520050049,0.21489353477954865,0.7014752626419067,8.669339149491861e-05,0.0030453514773398638,2.9275190627231495e-07,0.48323294520378113,0.09070507436990738,0.00834156945347786,0.08646142482757568,551.2542724609375,705.1619873046875,2.0557756514780854,0.453780859708786,0.006782932206988335,0.001292818458750844,0.8373115062713623
PINN20260517-KimLayered,7,228,physics,0.7047601342201233,0.11800272017717361,0.3056175410747528,0.06726907938718796,0.1083880141377449,0.10148265212774277,0.3349974453449249,0.2505934536457062,0.21450674533843994,0.6879507899284363,8.657936996314675e-05,0.0025444847997277975,2.775967402612878e-07,0.47133830189704895,0.0913752019405365,0.008374733850359917,0.0834348201751709,525.1737670898438,647.9203491210938,1.9872208431877028,0.45383745431900024,0.006777177564799786,0.0012921253219246864,0.8372879028320312
PINN20260517-KimLayered,7,231,physics,0.6452748775482178,0.10547801852226257,0.28244274854660034,0.05903041362762451,0.09658368676900864,0.09378693997859955,0.32998210191726685,0.25044897198677063,0.2142680287361145,0.6717089414596558,8.857517968863249e-05,0.0029092023614794016,2.878944371786929e-07,0.46157458424568176,0.09207125008106232,0.008402048610150814,0.08307896554470062,495.8275146484375,580.3385009765625,1.9118550848437998,0.4542069137096405,0.00680847791954875,0.0012988313101232052,0.837338924407959
PINN20260517-KimLayered,7,235,physics,0.5570841431617737,0.08780856430530548,0.2433241605758667,0.050403837114572525,0.07416921854019165,0.08067978173494339,0.32274651527404785,0.2502703368663788,0.21408037841320038,0.641107439994812,9.25412678043358e-05,0.002963162027299404,2.9548385782618425e-07,0.4373388886451721,0.0928645059466362,0.008414363488554955,0.08018064498901367,445.09130859375,539.9650268554688,1.850565977969293,0.45449918508529663,0.006879926193505526,0.0013141604140400887,0.8373995423316956
PINN20260517-KimLayered,7,239,physics,0.4723550081253052,0.07092848420143127,0.2027232050895691,0.04471563547849655,0.053750745952129364,0.06609254330396652,0.3159334063529968,0.24985793232917786,0.21389372646808624,0.6156452894210815,9.855110693024471e-05,0.001956932945176959,2.956667515263689e-07,0.3935394287109375,0.09357036650180817,0.008400170132517815,0.06944424659013748,405.99798583984375,530.0723876953125,1.822644897260973,0.45427989959716797,0.006990514229983091,0.0013370594242587686,0.8375548720359802
PINN20260517-KimLayered,7,242,physics,0.44621777534484863,0.06533794105052948,0.1964426040649414,0.03736239671707153,0.05086592212319374,0.06372488290071487,0.31186580657958984,0.2492959201335907,0.21341191232204437,0.6106826663017273,0.00010519346687942743,0.0022469577379524708,3.139593900414184e-07,0.37702539563179016,0.09421791881322861,0.008383010514080524,0.06681933999061584,388.6009521484375,477.9347839355469,1.7576947505191416,0.4540080428123474,0.007100011222064495,0.0013578630750998855,0.8379126191139221
PINN20260517-KimLayered,7,246,physics,0.40312960743904114,0.0563277006149292,0.17315557599067688,0.034980837255716324,0.04406043142080307,0.05634114518761635,0.3089280128479004,0.24812889099121094,0.212625652551651,0.61085045337677,0.00011259946768404916,0.002984696300700307,3.305736413494742e-07,0.3745579421520233,0.09495294094085693,0.008346043527126312,0.07018842548131943,356.24755859375,438.4847412109375,1.6934819677319584,0.4530998170375824,0.007205236703157425,0.0013763372553512454,0.8385981321334839
PINN20260517-KimLayered,7,250,physics,0.35396870970726013,0.04550589621067047,0.14366686344146729,0.03680407255887985,0.03766036033630371,0.04654790833592415,0.3095138669013977,0.24667003750801086,0.21183563768863678,0.6053937077522278,0.00011686062498483807,0.00279307272285223,3.2204914646172256e-07,0.36887267231941223,0.0955662652850151,0.008300086483359337,0.06885264068841934,323.98565673828125,466.4148864746094,1.6996151163628013,0.45155081152915955,0.007236258592456579,0.001380730769596994,0.8392978310585022
PINN20260517-KimLayered,7,254,physics,0.33328545093536377,0.041534025222063065,0.12964655458927155,0.03723163530230522,0.03385220840573311,0.04209480062127113,0.308458149433136,0.2452784925699234,0.21106581389904022,0.5974311232566833,0.00012067615170963109,0.0034930361434817314,3.1957526402948133e-07,0.36578986048698425,0.09630130231380463,0.00826405081897974,0.06986832618713379,310.50494384765625,440.64727783203125,1.661657507465238,0.45048388838768005,0.0072469101287424564,0.0013819040032103658,0.8399864435195923
PINN20260517-KimLayered,7,257,physics,0.3221050798892975,0.039372675120830536,0.12463372945785522,0.03503743186593056,0.03234851732850075,0.0405568964779377,0.3070681095123291,0.2443249225616455,0.2104964256286621,0.5925639867782593,0.0001239018893102184,0.004562901332974434,3.2371727343161183e-07,0.36177411675453186,0.09690633416175842,0.008244389668107033,0.07135549932718277,302.9705810546875,408.04559326171875,1.623017560212636,0.45017096400260925,0.00725535536184907,0.0013833146076649427,0.8404384255409241
PINN20260517-KimLayered,7,261,physics,0.306887686252594,0.036800116300582886,0.11775247007608414,0.03106468915939331,0.029565852135419846,0.038051996380090714,0.3056299388408661,0.24311064183712006,0.2097228318452835,0.5878850817680359,0.0001282925222767517,0.005231115501374006,3.250297879731079e-07,0.34788620471954346,0.09761021286249161,0.008216120302677155,0.06894263625144958,293.2398376464844,392.2468566894531,1.593928368804754,0.4499640464782715,0.007260332815349102,0.0013847078662365675,0.8408810496330261
PINN20260517-KimLayered,7,265,physics,0.29754143953323364,0.035312823951244354,0.11396147310733795,0.027939900755882263,0.028153453022241592,0.036700230091810226,0.30365222692489624,0.24190162122249603,0.2089821994304657,0.5841066241264343,0.0001317938294960186,0.006061772350221872,3.284317529050895e-07,0.33765867352485657,0.09801062941551208,0.008181652054190636,0.06764708459377289,286.5290222167969,375.3461608886719,1.560419232087813,0.44980818033218384,0.0072573041543364525,0.0013861045008525252,0.8412044644355774
PINN20260517-KimLayered,7,268,physics,0.29169368743896484,0.034141577780246735,0.11175775527954102,0.027067940682172775,0.02765624038875103,0.03602050989866257,0.3009134531021118,0.24095505475997925,0.2084416151046753,0.580947756767273,0.00013378498260863125,0.007259781938046217,3.3302660540357465e-07,0.33436673879623413,0.09811179339885712,0.00815214216709137,0.06838397681713104,281.8213806152344,371.09014892578125,1.5447570832282465,0.4496074914932251,0.007253084797412157,0.0013875027652829885,0.8414052724838257
PINN20260517-KimLayered,7,272,physics,0.2831633687019348,0.03247655928134918,0.10717025399208069,0.02705925703048706,0.02692648023366928,0.03451165556907654,0.29632747173309326,0.2396133691072464,0.20771747827529907,0.5759298205375671,0.00013650856271851808,0.008871102705597878,3.366016869676969e-07,0.33074450492858887,0.09814591705799103,0.008108904585242271,0.06770213693380356,274.2562255859375,389.1199951171875,1.5514626539915397,0.44914165139198303,0.00725279375910759,0.0013901133788749576,0.8416305780410767
PINN20260517-KimLayered,7,276,physics,0.2755597233772278,0.030918408185243607,0.10318911075592041,0.02710110880434513,0.02635027840733528,0.033179882913827896,0.29300636053085327,0.23820354044437408,0.2069602906703949,0.5710681080818176,0.00013969266728963703,0.011442678980529308,3.3934699672499846e-07,0.3297710418701172,0.09815496951341629,0.00806791428476572,0.06797028332948685,267.7919006347656,383.0569152832031,1.5334970465995232,0.44875115156173706,0.00726692657917738,0.0013946150429546833,0.8418433666229248
PINN20260517-KimLayered,7,280,physics,0.26942697167396545,0.029679998755455017,0.10036203265190125,0.026375308632850647,0.02604045905172825,0.03225521370768547,0.2915189862251282,0.23677879571914673,0.2061883509159088,0.5670660138130188,0.00014354538870975375,0.014072798192501068,3.3889313044710434e-07,0.3288569152355194,0.09819062799215317,0.008032283745706081,0.06851077079772949,262.41656494140625,379.09368896484375,1.5190177735169306,0.4485616087913513,0.007294815964996815,0.0014004592085257173,0.8420403599739075
PINN20260517-KimLayered,7,283,physics,0.26498910784721375,0.028889626264572144,0.09832252562046051,0.025488849729299545,0.025652514770627022,0.03152637928724289,0.2906733751296997,0.23573943972587585,0.20564119517803192,0.5644870400428772,0.00014667924551758915,0.014848747290670872,3.371163188603532e-07,0.32540446519851685,0.09822841733694077,0.008008341304957867,0.06783950328826904,258.6552429199219,379.81756591796875,1.514040979508501,0.4485129117965698,0.007319389842450619,0.0014047736767679453,0.8421697020530701
PINN20260517-KimLayered,7,287,physics,0.2590498626232147,0.027841001749038696,0.09540398418903351,0.02454264834523201,0.025179894641041756,0.030536461621522903,0.28831028938293457,0.23439627885818481,0.20494525134563446,0.5614399313926697,0.0001505500404164195,0.015295309014618397,3.380907571681746e-07,0.32122987508773804,0.0982467457652092,0.007980628870427608,0.06788497418165207,254.23390197753906,371.68084716796875,1.5009244936567392,0.44857659935951233,0.007350521627813578,0.0014097716193646193,0.8423364162445068
PINN20260517-KimLayered,7,291,physics,0.253828763961792,0.027025610208511353,0.09235937893390656,0.023992100730538368,0.024655813351273537,0.029545048251748085,0.2850640118122101,0.2330445945262909,0.2042652666568756,0.5584726929664612,0.00015395112859550864,0.015063386410474777,3.4099943491128215e-07,0.3169075846672058,0.09827225655317307,0.007955252192914486,0.0676063597202301,250.28726196289062,373.4634704589844,1.4985178647515043,0.44867223501205444,0.007375302258878946,0.0014134937664493918,0.842501163482666
PINN20260517-KimLayered,7,294,physics,0.25012972950935364,0.026450514793395996,0.09015747904777527,0.023710593581199646,0.024253690615296364,0.028810545802116394,0.2826898992061615,0.23198945820331573,0.2037377506494522,0.5562395453453064,0.00015609986439812928,0.014881908893585205,3.4324634157201217e-07,0.31387457251548767,0.09829910099506378,0.007937206886708736,0.06733668595552444,247.5787811279297,371.3612976074219,1.4918551730799419,0.4487408995628357,0.00738883763551712,0.00141558435279876,0.8426283001899719
PINN20260517-KimLayered,7,298,physics,0.24532833695411682,0.025696612894535065,0.08696812391281128,0.023495884612202644,0.02378310263156891,0.027768021449446678,0.2800781726837158,0.2305150330066681,0.20299938321113586,0.5532463192939758,0.0001584123237989843,0.015131526626646519,3.4570018669910496e-07,0.31144052743911743,0.09831796586513519,0.0079142265021801,0.06760607659816742,244.3552703857422,367.4477844238281,1.481438538826351,0.4488345980644226,0.0074011534452438354,0.001417793333530426,0.8428021669387817
PINN20260517-KimLayered,7,302,physics,0.24063000082969666,0.025071658194065094,0.08410906791687012,0.022945694625377655,0.023286335170269012,0.026777977123856544,0.2757316529750824,0.22900821268558502,0.20228207111358643,0.5500537157058716,0.00016033412248361856,0.014885807409882545,3.4814320315490477e-07,0.3083847761154175,0.09830916672945023,0.007891051471233368,0.06736088544130325,241.33721923828125,370.6231994628906,1.482423816578691,0.44891369342803955,0.007409204728901386,0.0014197092968970537,0.8429675102233887
PINN20260517-KimLayered,7,306,physics,0.2355121523141861,0.02445569634437561,0.0812564417719841,0.021901071071624756,0.02286124974489212,0.0257928017526865,0.2695167064666748,0.2274998128414154,0.20158056914806366,0.5467684864997864,0.00016209158638957888,0.014458814635872841,3.5030041090067243e-07,0.30575498938560486,0.09826471656560898,0.007869033142924309,0.06748156249523163,238.61688232421875,370.82470703125,1.4841259090844856,0.4490349590778351,0.007417239714413881,0.0014218484284356236,0.8431252837181091
PINN20260517-KimLayered,7,309,physics,0.2321203649044037,0.024035869166254997,0.0791386216878891,0.02090950682759285,0.022540580481290817,0.025131478905677795,0.26849910616874695,0.22635594010353088,0.20105966925621033,0.5442935824394226,0.00016353286628145725,0.013793811202049255,3.4789957226166734e-07,0.30297237634658813,0.09822935611009598,0.007853406481444836,0.06730693578720093,236.6353759765625,372.72857666015625,1.4879888643498125,0.44914352893829346,0.007425165269523859,0.0014236276037991047,0.8432391881942749
PINN20260517-KimLayered,7,313,physics,0.22778548300266266,0.02349892631173134,0.07670670747756958,0.020473675802350044,0.022170420736074448,0.024271784350275993,0.2624248266220093,0.2247789353132248,0.200340136885643,0.5407205820083618,0.0001653015788178891,0.013064858503639698,3.5060855907431687e-07,0.2998516261577606,0.09816133230924606,0.00783391110599041,0.06712368875741959,234.21731567382812,372.0880126953125,1.4858657712254248,0.44929608702659607,0.007436254993081093,0.0014261261094361544,0.8433933854103088
PINN20260517-KimLayered,7,317,physics,0.223369762301445,0.02300168201327324,0.07382768392562866,0.01963064819574356,0.021829750388860703,0.02342073991894722,0.2581765651702881,0.22314655780792236,0.19959698617458344,0.5369939804077148,0.00016710182535462081,0.01230762992054224,3.4937161785819626e-07,0.29691606760025024,0.09808395802974701,0.007816259749233723,0.06702142208814621,231.94549560546875,373.0678405761719,1.4851600324224614,0.44944509863853455,0.007448564749211073,0.0014284257777035236,0.8435499668121338
PINN20260517-KimLayered,7,320,physics,0.22015099227428436,0.022669248282909393,0.07211683690547943,0.019381346181035042,0.02156052365899086,0.022799724712967873,0.25145864486694336,0.22190405428409576,0.19905206561088562,0.5339098572731018,0.00016827050421852618,0.011476882733404636,3.517596098845388e-07,0.2945861518383026,0.09800699353218079,0.007803820539265871,0.06684111058712006,230.60142517089844,373.9288330078125,1.4880709122831088,0.4495534300804138,0.00745669798925519,0.0014300047187134624,0.8436678051948547
PINN20260517-KimLayered,7,324,physics,0.21639880537986755,0.022281628102064133,0.06931967288255692,0.01886589266359806,0.021229755133390427,0.021946603432297707,0.24827465415000916,0.22023987770080566,0.1983320116996765,0.529542863368988,0.0001697773113846779,0.01029113307595253,3.4877277244049765e-07,0.29169079661369324,0.09789810329675674,0.007788272108882666,0.06681568175554276,229.06915283203125,375.0588684082031,1.4875265085119702,0.4497048854827881,0.007467206101864576,0.0014318213798105717,0.8438244462013245
PINN20260517-KimLayered,7,328,physics,0.21321918070316315,0.021915338933467865,0.06744182109832764,0.018495453521609306,0.020892705768346786,0.021243201568722725,0.2452244907617569,0.21871128678321838,0.19762004911899567,0.5245589017868042,0.00017106242012232542,0.008911683224141598,3.472888465694268e-07,0.28771039843559265,0.09778382629156113,0.007773225195705891,0.06650258600711823,228.704345703125,370.0657043457031,1.4806660961690872,0.44986945390701294,0.007475958205759525,0.001433488680049777,0.8439789414405823
PINN20260517-KimLayered,7,332,physics,0.21048147976398468,0.021624673157930374,0.06589655578136444,0.018176978453993797,0.020628033205866814,0.02071203477680683,0.24224363267421722,0.21708129346370697,0.1968904286623001,0.5189210772514343,0.00017223488248419017,0.00772175332531333,3.453345129855734e-07,0.28352612257003784,0.09766603261232376,0.007758902385830879,0.06624773144721985,226.83926391601562,371.9350280761719,1.4797230768581005,0.4500533938407898,0.007483447901904583,0.0014349000994116068,0.8441302180290222
PINN20260517-KimLayered,7,335,physics,0.20781591534614563,0.02136683650314808,0.0638577938079834,0.01803562231361866,0.02044661156833172,0.020114298909902573,0.23899447917938232,0.215590700507164,0.19635890424251556,0.5141434669494629,0.00017296017904300243,0.0073167732916772366,3.4873181675720843e-07,0.2826269268989563,0.09756655246019363,0.00774828065186739,0.06622657924890518,226.518798828125,369.5867614746094,1.4745862132188088,0.4501907229423523,0.007487134542316198,0.0014357169857248664,0.8442419171333313
PINN20260517-KimLayered,7,339,physics,0.20484191179275513,0.021187927573919296,0.06094931438565254,0.01783108524978161,0.020324895158410072,0.0193803533911705,0.23523950576782227,0.21384425461292267,0.19566506147384644,0.5071994066238403,0.00017376245523337275,0.0071617616340518,3.535781445407338e-07,0.28317320346832275,0.0974099412560463,0.00773445051163435,0.06649809330701828,222.8241729736328,388.3436279296875,1.4898505089916574,0.4503733217716217,0.0074898600578308105,0.0014364671660587192,0.844387948513031
PINN20260517-KimLayered,7,343,physics,0.20217078924179077,0.020880643278360367,0.059677161276340485,0.017665889114141464,0.020045984536409378,0.018911706283688545,0.23180383443832397,0.21216709911823273,0.19497771561145782,0.4997600018978119,0.0001743718166835606,0.006150086876004934,3.5292396205477417e-07,0.2791379988193512,0.097222238779068,0.007720679976046085,0.06616629660129547,223.19912719726562,376.18505859375,1.4707958394162661,0.45056092739105225,0.007490435149520636,0.0014369288692250848,0.8445256948471069
PINN20260517-KimLayered,7,346,physics,0.20036596059799194,0.020759955048561096,0.05819236859679222,0.01750488206744194,0.01996268704533577,0.018522022292017937,0.22918075323104858,0.21120722591876984,0.19447028636932373,0.4942653477191925,0.0001747638452798128,0.006012514233589172,3.5453581403999124e-07,0.278948038816452,0.0970771387219429,0.0077106230892241,0.06626968830823898,221.6679229736328,381.1616516113281,1.4736996642344449,0.45070695877075195,0.007489908020943403,0.0014370959252119064,0.8446266055107117
PINN20260517-KimLayered,7,350,physics,0.1980847269296646,0.020507806912064552,0.05720154941082001,0.01718210242688656,0.01972861774265766,0.018164336681365967,0.22689592838287354,0.20940688252449036,0.19376938045024872,0.4876396059989929,0.00017524113354738802,0.005235037766396999,3.51496737494017e-07,0.27560871839523315,0.09686574339866638,0.007697322405874729,0.0660119503736496,220.59268188476562,382.79022216796875,1.4717664165612894,0.45090678334236145,0.007488889619708061,0.0014372437726706266,0.8447527289390564
PINN20260517-KimLayered,7,354,physics,0.19601160287857056,0.020379688590765,0.055593341588974,0.016867727041244507,0.019640395417809486,0.017756856977939606,0.2243807315826416,0.20756278932094574,0.1930992603302002,0.4825860261917114,0.0001756096608005464,0.00507822772487998,3.511605086714553e-07,0.27545663714408875,0.09665510803461075,0.007684506010264158,0.06613703072071075,219.34918212890625,386.6333312988281,1.4723244718281723,0.4510958790779114,0.00748707540333271,0.001437242841348052,0.84487384557724
PINN20260517-KimLayered,7,358,physics,0.19409608840942383,0.020145906135439873,0.054937247186899185,0.016589023172855377,0.019414803013205528,0.017495956271886826,0.2225506752729416,0.20571421086788177,0.19241240620613098,0.4793262481689453,0.0001759808073984459,0.004365773405879736,3.4780254054567195e-07,0.2721829414367676,0.09644316881895065,0.007672319188714027,0.06585738807916641,219.15293884277344,381.94439697265625,1.4635591916028639,0.4512665271759033,0.007486289832741022,0.0014373951125890017,0.8449864983558655
PINN20260517-KimLayered,7,361,physics,0.19273066520690918,0.02003699727356434,0.054039355367422104,0.016515225172042847,0.01934421807527542,0.01726480945944786,0.22021663188934326,0.20436279475688934,0.19190074503421783,0.47785723209381104,0.0001762405881891027,0.004240245092660189,3.4917073321594216e-07,0.27183693647384644,0.0962984561920166,0.007663668133318424,0.06588771939277649,218.24874877929688,383.97149658203125,1.4649537783766213,0.4513753354549408,0.0074862646870315075,0.0014376182807609439,0.845068097114563
PINN20260517-KimLayered,7,365,physics,0.1911085844039917,0.019860699772834778,0.05340689793229103,0.016449619084596634,0.01918136514723301,0.01704852469265461,0.2174806445837021,0.2025775909423828,0.1912270486354828,0.47664356231689453,0.00017657026182860136,0.0037778636906296015,3.4894975442512077e-07,0.2697315812110901,0.09611790627241135,0.00765245221555233,0.06570853292942047,217.32220458984375,385.481689453125,1.4655681037914154,0.451494961977005,0.00748742651194334,0.001438172534108162,0.8451697826385498
PINN20260517-KimLayered,7,369,physics,0.18956074118614197,0.019735652953386307,0.05238272249698639,0.016252275556325912,0.01910478062927723,0.01680678129196167,0.21553638577461243,0.20083490014076233,0.1905483603477478,0.47580745816230774,0.0001769109658198431,0.003623996628448367,3.4864930853473197e-07,0.2693701386451721,0.09595870971679688,0.007641769479960203,0.06573546677827835,216.1800537109375,389.0762634277344,1.4674302355361188,0.4515860974788666,0.007489976938813925,0.0014390189899131656,0.8452659249305725
PINN20260517-KimLayered,7,372,physics,0.18844841420650482,0.019595032557845116,0.05210157856345177,0.016169073060154915,0.018974196165800095,0.016685836017131805,0.21388477087020874,0.19955649971961975,0.1900380551815033,0.47520846128463745,0.0001771420065779239,0.003274092683568597,3.4704657991824206e-07,0.26764461398124695,0.09584331512451172,0.00763403344899416,0.06556174159049988,215.85873413085938,386.916015625,1.4639266685737433,0.4516408145427704,0.007492510601878166,0.0014398223720490932,0.8453332185745239
PINN20260517-KimLayered,7,376,physics,0.18701767921447754,0.019462181255221367,0.051425501704216,0.01608448661863804,0.01888425089418888,0.01650947704911232,0.21131226420402527,0.19780473411083221,0.18935610353946686,0.4744049608707428,0.00017742403724696487,0.003092318307608366,3.469864395810873e-07,0.26696762442588806,0.09569880366325378,0.007624231744557619,0.06551284343004227,214.8413543701172,389.2230529785156,1.4666734575843139,0.45169657468795776,0.007496258709579706,0.0014409769792109728,0.8454186916351318
PINN20260517-KimLayered,7,380,physics,0.1856284886598587,0.01931655965745449,0.05091019719839096,0.015960536897182465,0.018773609772324562,0.016362778842449188,0.20910495519638062,0.19602663815021515,0.18867173790931702,0.4736001193523407,0.00017768189718481153,0.0028439529705792665,3.456764545717306e-07,0.2658986747264862,0.09555280953645706,0.0076147946529090405,0.06540590524673462,214.11578369140625,389.3026123046875,1.4659328470947157,0.45173823833465576,0.007500349543988705,0.0014422162203118205,0.8454984426498413
PINN20260517-KimLayered,7,383,physics,0.18460924923419952,0.019189897924661636,0.050705261528491974,0.015891771763563156,0.018661636859178543,0.016275471076369286,0.20738700032234192,0.19473014771938324,0.18816399574279785,0.4729984402656555,0.0001778262376319617,0.002583456225693226,3.441555804784002e-07,0.2645939588546753,0.09543655067682266,0.0076079219579696655,0.06525522470474243,213.7368621826172,388.0565490722656,1.4643053902648113,0.4517616331577301,0.007503180764615536,0.0014431269373744726,0.8455549478530884
PINN20260517-KimLayered,7,387,physics,0.18309755623340607,0.019052889198064804,0.0502336323261261,0.015924256294965744,0.018565461039543152,0.016151506453752518,0.20289009809494019,0.1929977387189865,0.18748541176319122,0.47221365571022034,0.00017794508312363178,0.00240144319832325,3.447481162766053e-07,0.2638944387435913,0.09526930004358292,0.007599342614412308,0.06517024338245392,212.9103546142578,388.8643493652344,1.460805575832998,0.45178088545799255,0.007506208959966898,0.0014442425454035401,0.8456275463104248
PINN20260517-KimLayered,7,391,physics,0.18146806955337524,0.018909964710474014,0.04975399374961853,0.015982361510396004,0.018462596461176872,0.016055190935730934,0.19745200872421265,0.19129224121570587,0.1868119090795517,0.47145262360572815,0.00017802303773351014,0.0022145623806864023,3.467040130544774e-07,0.26315197348594666,0.0950862392783165,0.007591547444462776,0.06502708792686462,211.9920654296875,390.2562255859375,1.4587340807498481,0.45178842544555664,0.007508477661758661,0.0014451988972723484,0.8456964492797852
PINN20260517-KimLayered,7,395,physics,0.18005473911762238,0.018804848194122314,0.04936997964978218,0.016183750703930855,0.01838548481464386,0.015968943014740944,0.1916590929031372,0.18962199985980988,0.1861426681280136,0.47068557143211365,0.00017803684750106186,0.0020908985752612352,3.4959830941261316e-07,0.26286938786506653,0.09488924592733383,0.007584101520478725,0.06492683291435242,210.88217163085938,393.77032470703125,1.4597802426180806,0.4517955482006073,0.007509904447942972,0.001446044072508812,0.8457618355751038
PINN20260517-KimLayered,7,398,physics,0.1795227974653244,0.018676884472370148,0.05007755756378174,0.016018671914935112,0.018182018771767616,0.016033463180065155,0.19116467237472534,0.18864154815673828,0.1856609731912613,0.47011256217956543,0.00017804164963308722,0.0015920230653136969,3.4488951428102155e-07,0.2594124674797058,0.094734326004982,0.007578118704259396,0.0644666776061058,213.28488159179688,377.0723571777344,1.439649142123054,0.45181596279144287,0.007511211559176445,0.0014467102009803057,0.8458061218261719
PINN20260517-KimLayered,7,402,physics,0.179195836186409,0.018670665100216866,0.050802163779735565,0.015866409987211227,0.018071249127388,0.01614084653556347,0.1879468560218811,0.18855375051498413,0.1850406527519226,0.46932530403137207,0.00017798508633859456,0.0012790646869689226,3.406267694572307e-07,0.25704073905944824,0.09452971071004868,0.0075692483223974705,0.06418159604072571,211.66307067871094,381.2044372558594,1.4453901098786182,0.45186904072761536,0.007512964773923159,0.0014476494397968054,0.845862090587616
PINN20260517-KimLayered,7,406,physics,0.17760136723518372,0.018640441820025444,0.04840822517871857,0.01552759949117899,0.01832745596766472,0.01582690142095089,0.18701118230819702,0.18683306872844696,0.1843782365322113,0.4686265289783478,0.0001778761943569407,0.0020593530498445034,3.441599289999431e-07,0.2633421719074249,0.09434961527585983,0.007560430560261011,0.06492475420236588,208.6012725830078,400.23309326171875,1.4673918702006088,0.4519158899784088,0.007513758260756731,0.0014483414124697447,0.8459213972091675
PINN20260517-KimLayered,7,409,physics,0.17598214745521545,0.018355611711740494,0.04831412434577942,0.015507618896663189,0.018121948465704918,0.01568898744881153,0.18525415658950806,0.1843889057636261,0.1838749647140503,0.4679812490940094,0.00017773167928680778,0.0018157938029617071,3.417610514588887e-07,0.2613471448421478,0.09417985379695892,0.0075537413358688354,0.06466120481491089,208.0082244873047,400.9652404785156,1.4665126080089974,0.45195287466049194,0.0075143915601074696,0.0014489518944174051,0.8459610939025879
PINN20260517-KimLayered,7,413,physics,0.1747499406337738,0.01813354343175888,0.04868259280920029,0.015566656365990639,0.017896302044391632,0.01565893553197384,0.182228684425354,0.1829950362443924,0.18325570225715637,0.46709969639778137,0.00017752563871908933,0.0014892593026161194,3.4042034258163767e-07,0.2584596276283264,0.09394089877605438,0.007545323111116886,0.06426752358675003,209.48385620117188,382.8019714355469,1.444659642148759,0.4519989490509033,0.007515111938118935,0.0014497460797429085,0.8460129499435425
PINN20260517-KimLayered,7,417,physics,0.17366132140159607,0.01804872788488865,0.04797350987792015,0.015506451949477196,0.01789848320186138,0.015560798346996307,0.18029311299324036,0.18157003819942474,0.18265333771705627,0.466300904750824,0.00017733742424752563,0.0016575489426031709,3.430140509408375e-07,0.2596680521965027,0.09371732175350189,0.00753736961632967,0.06434637308120728,206.61961364746094,397.75274658203125,1.460131776613063,0.45204469561576843,0.007515676319599152,0.0014504786813631654,0.8460655212402344
PINN20260517-KimLayered,7,421,physics,0.17257046699523926,0.0178685262799263,0.04817924648523331,0.015418014489114285,0.01772191934287548,0.01552419364452362,0.17848072946071625,0.18005609512329102,0.18205788731575012,0.4654952883720398,0.00017717218725010753,0.0014248831430450082,3.404733774914348e-07,0.2576633393764496,0.0934857502579689,0.007529249880462885,0.06407885253429413,207.53944396972656,384.9441833496094,1.4445339517012692,0.45210105180740356,0.007516990415751934,0.001451409189030528,0.8461143970489502
PINN20260517-KimLayered,7,424,physics,0.17174884676933289,0.017784535884857178,0.04771530628204346,0.015214399434626102,0.01770625449717045,0.015453263185918331,0.17804552614688873,0.17897315323352814,0.18160365521907806,0.4649399220943451,0.00017705810023471713,0.001503413892351091,3.3964218459914264e-07,0.25841179490089417,0.09332229197025299,0.007523433770984411,0.06414192914962769,206.3562469482422,388.2651062011719,1.4472138956046898,0.45213520526885986,0.007517775986343622,0.0014520537806674838,0.8461518883705139
PINN20260517-KimLayered,7,428,physics,0.17073963582515717,0.017627151682972908,0.04768509417772293,0.015081406570971012,0.017579445615410805,0.015406840480864048,0.1768711805343628,0.17771434783935547,0.18101289868354797,0.46415650844573975,0.00017689533706288785,0.001366219948977232,3.374512402842811e-07,0.2574312686920166,0.09308957308530807,0.007515958976000547,0.06399043649435043,204.91062927246094,392.9669189453125,1.4510340592628967,0.45217567682266235,0.007518808823078871,0.001452950295060873,0.8462001085281372
PINN20260517-KimLayered,7,432,physics,0.16974207758903503,0.01750662922859192,0.04735686630010605,0.01496212836354971,0.01752103678882122,0.01534609030932188,0.17549706995487213,0.17650364339351654,0.1804269701242447,0.463380366563797,0.00017673653201200068,0.0013679980766028166,3.373174024545733e-07,0.2576586604118347,0.09285514056682587,0.007509008515626192,0.06395796686410904,204.46923828125,389.9319152832031,1.4457656306399085,0.45220860838890076,0.007519613020122051,0.0014538047835230827,0.8462483286857605
PINN20260517-KimLayered,7,435,physics,0.16903996467590332,0.017414376139640808,0.04717198759317398,0.014850330539047718,0.017469678074121475,0.015310640446841717,0.17473062872886658,0.17566978931427002,0.17998936772346497,0.46279969811439514,0.00017663555627223104,0.0013514583697542548,3.367487693139992e-07,0.25766661763191223,0.09267770498991013,0.007503918372094631,0.06391259282827377,203.4781036376953,392.4393005371094,1.4471323358280572,0.4522336423397064,0.0075204153545200825,0.001454486045986414,0.8462836742401123
PINN20260517-KimLayered,7,439,physics,0.16804154217243195,0.01723293960094452,0.04731886833906174,0.014751267619431019,0.017308495938777924,0.015281664207577705,0.17359861731529236,0.17441442608833313,0.17941075563430786,0.4620027244091034,0.00017651521193329245,0.0011547637404873967,3.3412152333767153e-07,0.25613167881965637,0.09243550151586533,0.007496985606849194,0.06367214024066925,203.19842529296875,388.2392883300781,1.4413391456924902,0.45226961374282837,0.0075218225829303265,0.0014554847730323672,0.8463292121887207
PINN20260517-KimLayered,7,443,physics,0.16705408692359924,0.01710481196641922,0.04694516956806183,0.014624451287090778,0.01725640706717968,0.01521617453545332,0.17266596853733063,0.17318327724933624,0.1788283735513687,0.46123120188713074,0.0001763934560585767,0.0011638756841421127,3.332885967211041e-07,0.25661152601242065,0.09220096468925476,0.00749016972258687,0.06368238478899002,201.77569580078125,392.1444091796875,1.445239069753433,0.452299565076828,0.007522967178374529,0.0014564318116754293,0.8463754057884216
PINN20260517-KimLayered,7,447,physics,0.16608886420726776,0.016946997493505478,0.04686225205659866,0.014515053480863571,0.01714113913476467,0.015172827988862991,0.17176392674446106,0.17201390862464905,0.1782589554786682,0.46044546365737915,0.00017629364447202533,0.0010562273673713207,3.314207788207568e-07,0.2559970021247864,0.09195978939533234,0.007483471650630236,0.06355833262205124,201.3061065673828,388.9984436035156,1.4407666650676836,0.4523307979106903,0.007524383254349232,0.001457439735531807,0.846420407295227
PINN20260517-KimLayered,7,450,physics,0.16539552807807922,0.016846617683768272,0.046667687594890594,0.014408307150006294,0.017086297273635864,0.015137218870222569,0.1712290197610855,0.17122352123260498,0.17783477902412415,0.4598694443702698,0.00017622835002839565,0.0010345561895519495,3.305953271137696e-07,0.25610658526420593,0.09178028255701065,0.007478649728000164,0.06352671980857849,200.35569763183594,390.7093505859375,1.4419154588421128,0.45235326886177063,0.007525422144681215,0.0014581851428374648,0.846454381942749
PINN20260517-KimLayered,7,454,physics,0.16445061564445496,0.01667799986898899,0.04668588191270828,0.01432538777589798,0.016949769109487534,0.015104435384273529,0.17027448117733002,0.17013612389564514,0.17728158831596375,0.4590826630592346,0.00017614688840694726,0.0009006657055579126,3.2855422205102514e-07,0.2551911175251007,0.09153547137975693,0.007472197059541941,0.06335887312889099,199.76504516601562,388.2860107421875,1.4381039775327251,0.4523848593235016,0.007526934612542391,0.0014592211227864027,0.8464984893798828
PINN20260517-KimLayered,7,458,physics,0.16351859271526337,0.01652945578098297,0.046502359211444855,0.014237901195883751,0.016856398433446884,0.015057897195219994,0.16940489411354065,0.16910095512866974,0.1767285168170929,0.4582979679107666,0.00017607341578695923,0.0008402596577070653,3.2720009812692297e-07,0.25508472323417664,0.09129282832145691,0.007465748116374016,0.06329380720853806,198.67910766601562,389.2525939941406,1.4383869201441162,0.45241349935531616,0.007528375368565321,0.0014602429000660777,0.8465428948402405
PINN20260517-KimLayered,7,461,physics,0.16283242404460907,0.01641194522380829,0.046429071575403214,0.01418810524046421,0.016773154959082603,0.015028193593025208,0.16872508823871613,0.1683640331029892,0.17632032930850983,0.4576999843120575,0.00017602286243345588,0.0007745891925878823,3.2607036359877384e-07,0.25478240847587585,0.09110875427722931,0.007460881024599075,0.06321824342012405,198.1337890625,388.1630554199219,1.4366702778390106,0.45243436098098755,0.007529466412961483,0.0014610136859118938,0.8465757966041565
PINN20260517-KimLayered,7,465,physics,0.16191573441028595,0.01625843532383442,0.04628390818834305,0.014115029945969582,0.016672655940055847,0.014986350201070309,0.16786956787109375,0.16738010942935944,0.175779789686203,0.4568997323513031,0.0001759592560119927,0.0007087407284416258,3.2476296496497525e-07,0.2545936703681946,0.09086240082979202,0.007454427424818277,0.06314192712306976,197.10684204101562,388.4908142089844,1.4359064364621845,0.4524606466293335,0.007530848030000925,0.0014620296424254775,0.8466194868087769
PINN20260517-KimLayered,7,469,physics,0.1610110104084015,0.016109049320220947,0.046103134751319885,0.01404715795069933,0.0165813397616148,0.014944096095860004,0.16699612140655518,0.166460320353508,0.17524375021457672,0.4560938775539398,0.00017590240167919546,0.0006597574683837593,3.236993961763801e-07,0.25460031628608704,0.09061501920223236,0.007448000367730856,0.06308691203594208,196.0559539794922,388.9346008300781,1.4351906716925023,0.4524852931499481,0.007532178889960051,0.001463038963265717,0.846663236618042
PINN20260517-KimLayered,7,473,physics,0.16011755168437958,0.015953276306390762,0.045971062034368515,0.01397726684808731,0.01647755689918995,0.014905110001564026,0.16619941592216492,0.16560079157352448,0.1747177541255951,0.45527902245521545,0.00017585164459887892,0.0005939256516285241,3.2245830539068265e-07,0.25442075729370117,0.09036636352539062,0.007441525813192129,0.06301197409629822,195.094482421875,388.7784118652344,1.4338201191867146,0.45250827074050903,0.007533471565693617,0.0014640407171100378,0.8467065095901489
PINN20260517-KimLayered,7,476,physics,0.15945114195346832,0.015826139599084854,0.04596874117851257,0.013939561322331429,0.016377490013837814,0.014882288873195648,0.165566086769104,0.16496434807777405,0.1743316501379013,0.4546603262424469,0.00017582322470843792,0.0005174928228370845,3.2120070159180614e-07,0.2539146840572357,0.09017837047576904,0.007436614017933607,0.06291013956069946,194.60044860839844,387.1656494140625,1.4310961452219544,0.4525257647037506,0.007534519303590059,0.0014648077776655555,0.8467386960983276
PINN20260517-KimLayered,7,480,physics,0.15857422351837158,0.01566634140908718,0.04586968570947647,0.013870137743651867,0.016265498474240303,0.014846726320683956,0.164829820394516,0.1641784906387329,0.17382264137268066,0.4538421630859375,0.00017578875122126192,0.00044879390043206513,3.1977643288882973e-07,0.25364524126052856,0.08992981165647507,0.007430088706314564,0.06282609701156616,193.7004852294922,386.5454406738281,1.4291229778592003,0.45254769921302795,0.007535833399742842,0.0014658098807558417,0.8467816710472107
PINN20260517-KimLayered,7,484,physics,0.15774011611938477,0.015504209324717522,0.04583781957626343,0.01380979549139738,0.016141537576913834,0.01481857430189848,0.1640823632478714,0.16357523202896118,0.17332881689071655,0.45302027463912964,0.00017576345999259502,0.00037001390592195094,3.181779959504638e-07,0.2531602382659912,0.08968072384595871,0.00742353918030858,0.06271534413099289,193.03033447265625,384.71014404296875,1.4256798717130914,0.45256921648979187,0.007537187542766333,0.0014668165240436792,0.8468244075775146
PINN20260517-KimLayered,7,487,physics,0.1572660207748413,0.015453115105628967,0.04536186903715134,0.01374353189021349,0.01617230474948883,0.014781639911234379,0.1635461151599884,0.16369378566741943,0.17295140027999878,0.45243147015571594,0.00017572588694747537,0.0004425173974595964,3.1906816388982406e-07,0.25488099455833435,0.08950236439704895,0.007418792229145765,0.06289659440517426,191.1044921875,393.6175231933594,1.4351657364932098,0.4525797963142395,0.0075377426110208035,0.0014674760168418288,0.8468576669692993
PINN20260517-KimLayered,7,491,physics,0.1571750044822693,0.015465263277292252,0.04514958709478378,0.013683181256055832,0.016213448718190193,0.014827387407422066,0.16283997893333435,0.16459155082702637,0.17247937619686127,0.45163843035697937,0.0001756995770847425,0.0004958243807777762,3.1962827051756904e-07,0.25647419691085815,0.08926272392272949,0.007412401027977467,0.06304942071437836,190.01303100585938,399.09716796875,1.4403662137463626,0.45259466767311096,0.007538731675595045,0.0014683918561786413,0.8469014763832092
PINN20260517-KimLayered,7,495,physics,0.15536782145500183,0.015094945207238197,0.04527205973863602,0.013646628707647324,0.01589772291481495,0.014699801802635193,0.16203059256076813,0.16153332591056824,0.17201988399028778,0.45078447461128235,0.00017566968745086342,0.0002752317232079804,3.15967753294899e-07,0.25367316603660583,0.08900708705186844,0.007405582815408707,0.06265134364366531,190.5084991455078,383.8258361816406,1.4205916724018628,0.45261600613594055,0.007540084887295961,0.0014693931443616748,0.8469420075416565
PINN20260517-KimLayered,7,499,physics,0.15494389832019806,0.014942480251193047,0.04588257521390915,0.013617804273962975,0.015685569494962692,0.014755108393728733,0.16140544414520264,0.16183024644851685,0.17161069810390472,0.4499516487121582,0.0001756486453814432,0.00013061407662462443,3.124593206393911e-07,0.25122326612472534,0.08875717967748642,0.007398855872452259,0.06230301409959793,189.82565307617188,382.412109375,1.41756028683984,0.45263588428497314,0.0075413864105939865,0.0014703759225085378,0.8469825387001038
PINN20260517-KimLayered,7,502,physics,0.15395276248455048,0.014801306650042534,0.04531778395175934,0.013556870631873608,0.015660829842090607,0.014660772867500782,0.16085553169250488,0.16051365435123444,0.17124661803245544,0.44937583804130554,0.00017563252185937017,0.00015879167767707258,3.130641630377795e-07,0.2525619566440582,0.08858431875705719,0.007394083775579929,0.06243409216403961,189.01783752441406,382.76007080078125,1.4167692185723495,0.452642560005188,0.007541901431977749,0.0014710124814882874,0.8470149636268616
PINN20260517-KimLayered,7,506,physics,0.15322381258010864,0.014650775119662285,0.04536166414618492,0.013505111448466778,0.015530501492321491,0.014644620940089226,0.16021019220352173,0.16002941131591797,0.17082402110099792,0.4485795497894287,0.00017563301662448794,0.00010325130278943107,3.114801359060948e-07,0.2519074082374573,0.08834580332040787,0.007387475576251745,0.06231535226106644,187.4569549560547,385.4880065917969,1.418153241236422,0.45265448093414307,0.007542959880083799,0.001471933675929904,0.8470563292503357
PINN20260517-KimLayered,7,510,physics,0.1524725705385208,0.014561913907527924,0.044746577739715576,0.013417506590485573,0.015555154532194138,0.014590824954211712,0.1595793068408966,0.15958529710769653,0.17036165297031403,0.4478471875190735,0.00017566591850481927,0.0001510211732238531,3.12564310434027e-07,0.2540818154811859,0.08812347054481506,0.007381287869066,0.06254217028617859,185.6769561767578,390.95184326171875,1.4229855000889244,0.4526623785495758,0.007543937768787146,0.0014728197129443288,0.8470993638038635
PINN20260517-KimLayered,7,513,physics,0.15174104273319244,0.014385515823960304,0.044954925775527954,0.013404564931988716,0.015380040742456913,0.01456509344279766,0.1590200960636139,0.15898334980010986,0.17006710171699524,0.44726061820983887,0.00017569834017194808,7.418353925459087e-05,3.103745598309615e-07,0.2524651885032654,0.08794618397951126,0.007376384921371937,0.06231195479631424,185.33163452148438,387.6373596191406,1.4179681094446257,0.45267364382743835,0.007545035798102617,0.0014735674485564232,0.8471294045448303
PINN20260517-KimLayered,7,517,physics,0.15095628798007965,0.01426171325147152,0.04458262026309967,0.013047819957137108,0.015331165865063667,0.014529512263834476,0.15955469012260437,0.15866149961948395,0.1696397215127945,0.4465652108192444,0.0001757825812092051,7.176110375439748e-05,3.095612726156105e-07,0.253316193819046,0.08773210644721985,0.007370341569185257,0.06238517165184021,184.1854248046875,388.7588195800781,1.4172111506924963,0.4526781439781189,0.007546327076852322,0.0014744672225788236,0.8471711874008179
PINN20260517-KimLayered,7,521,physics,0.14996187388896942,0.014076942577958107,0.044727373868227005,0.013347313739359379,0.015163184143602848,0.014505168423056602,0.15595877170562744,0.15794405341148376,0.1692448854446411,0.4458339512348175,0.00017585426394362003,2.5368961360072717e-05,3.0930397088013706e-07,0.2521953880786896,0.08751638978719711,0.007364054676145315,0.0622110590338707,183.89967346191406,384.6514587402344,1.4121137997620765,0.4526769518852234,0.007547784596681595,0.0014755475567653775,0.8472116589546204
PINN20260517-KimLayered,7,525,physics,0.1491081565618515,0.013917212374508381,0.044697508215904236,0.01328171044588089,0.015038718469440937,0.014486128464341164,0.1547703891992569,0.15742409229278564,0.168851837515831,0.4451949894428253,0.00017597558326087892,8.024790076888166e-06,3.0695443342665385e-07,0.2517503798007965,0.08731422573328018,0.007358374539762735,0.06212395429611206,182.83258056640625,384.6824951171875,1.411030081747765,0.4526714086532593,0.007549313362687826,0.001476592617109418,0.8472517132759094
PINN20260517-KimLayered,7,528,physics,0.14845427870750427,0.013804910704493523,0.0445440411567688,0.013252410106360912,0.01497424952685833,0.014461969025433064,0.15382333099842072,0.15702658891677856,0.16855311393737793,0.4447452127933502,0.00017608850612305105,4.36642858403502e-06,3.0549099960808235e-07,0.251996785402298,0.08716626465320587,0.007354320026934147,0.062112532556056976,182.0960693359375,384.4926452636719,1.4098769064414427,0.4526654779911041,0.007550407201051712,0.0014773509465157986,0.8472818732261658
PINN20260517-KimLayered,7,532,physics,0.14763815701007843,0.013648968189954758,0.04452790319919586,0.013260837644338608,0.014851479791104794,0.014437279663980007,0.1523686945438385,0.15658219158649445,0.16817186772823334,0.4441435933113098,0.00017625544569455087,1.505084425146297e-11,3.030776838386373e-07,0.2515685260295868,0.08696527779102325,0.00734876561909914,0.06202838569879532,181.20669555664062,384.2628173828125,1.411080361628098,0.4526573419570923,0.007551911287009716,0.001478340127505362,0.8473212718963623
PINN20260517-KimLayered,7,536,physics,0.14681322872638702,0.01350325159728527,0.04433515667915344,0.01314011961221695,0.014764616265892982,0.01440004538744688,0.1517392098903656,0.1560392826795578,0.16778311133384705,0.4435677230358124,0.00017642791499383748,1.5207904380254433e-11,3.005995097282721e-07,0.251811146736145,0.08676845580339432,0.0073431674391031265,0.062029335647821426,179.94146728515625,385.73992919921875,1.4122020027086692,0.4526483118534088,0.007553304545581341,0.0014792804140597582,0.8473606705665588
PINN20260517-KimLayered,7,539,physics,0.14623774588108063,0.01338967215269804,0.044331490993499756,0.013207191601395607,0.014676367864012718,0.01438427809625864,0.15056422352790833,0.15567265450954437,0.16750429570674896,0.44312331080436707,0.00017655127157922834,1.532673987725275e-11,2.991286010001204e-07,0.25154927372932434,0.08661854267120361,0.007338821422308683,0.06196197122335434,179.4656219482422,384.4270324707031,1.4110365663642375,0.4526452124118805,0.00755444448441267,0.001480027916841209,0.847389817237854
PINN20260517-KimLayered,7,543,physics,0.14547879993915558,0.013243051245808601,0.04425549507141113,0.013128647580742836,0.014565966092050076,0.014358303509652615,0.14991557598114014,0.15520727634429932,0.1671353578567505,0.44254767894744873,0.00017674015543889254,1.5484927576303598e-11,2.978008240006602e-07,0.25129953026771545,0.08642390370368958,0.007333089597523212,0.06190190464258194,178.56103515625,384.09619140625,1.4107471316154194,0.452642560005188,0.007556210272014141,0.0014810336288064718,0.8474282622337341
PINN20260517-KimLayered,7,547,physics,0.14472158253192902,0.013102990575134754,0.04415590316057205,0.0131734823808074,0.014461844228208065,0.014328738674521446,0.14864224195480347,0.15469752252101898,0.16677071154117584,0.4419768154621124,0.00017692874826025218,1.5642575776353418e-11,2.975559993956267e-07,0.25119420886039734,0.0862337276339531,0.007327444385737181,0.06185949593782425,177.59945678710938,384.19610595703125,1.4104353698825398,0.4526403844356537,0.007558016572147608,0.0014820722863078117,0.8474669456481934
PINN20260517-KimLayered,7,551,physics,0.143979012966156,0.012964943423867226,0.04404233396053314,0.013133815489709377,0.01435917615890503,0.014300007373094559,0.14784130454063416,0.15420874953269958,0.16640996932983398,0.44143226742744446,0.00017714989371597767,1.5796784019750376e-11,2.969845240841096e-07,0.2511039078235626,0.08604837208986282,0.007322174962610006,0.06182148680090904,176.66429138183594,384.0474548339844,1.4094310047857177,0.45264244079589844,0.007560092024505138,0.0014831508742645383,0.8475053906440735
PINN20260517-KimLayered,7,554,physics,0.14343392848968506,0.012876469641923904,0.0438450463116169,0.01307420153170824,0.014314158819615841,0.014274423010647297,0.14733172953128815,0.15385228395462036,0.1661306768655777,0.4410397410392761,0.00017733083222992718,1.5909638190203523e-11,2.9705975634897186e-07,0.2515929639339447,0.0859128013253212,0.007318491581827402,0.06186779960989952,175.5720977783203,385.938720703125,1.4108202052803476,0.45264503359794617,0.0075616538524627686,0.0014839490177109838,0.8475342392921448
PINN20260517-KimLayered,7,558,physics,0.14273875951766968,0.012753689661622047,0.04369278997182846,0.01301492564380169,0.014228754676878452,0.014245646074414253,0.14662906527519226,0.15341702103614807,0.16577379405498505,0.4405019283294678,0.0001775851269485429,1.6061246083109992e-11,2.9670144385818276e-07,0.25173354148864746,0.08572998642921448,0.007313549984246492,0.06186271831393242,174.47434997558594,387.134521484375,1.411281995722397,0.45264875888824463,0.0075637525878846645,0.0014850108418613672,0.8475720882415771
PINN20260517-KimLayered,7,562,physics,0.14223475754261017,0.01267913542687893,0.04347296431660652,0.012905387207865715,0.014196385629475117,0.014238580130040646,0.14617401361465454,0.15330199897289276,0.16540640592575073,0.43996983766555786,0.00017785560339689255,1.6211162620627384e-11,2.9665181955351727e-07,0.2526096999645233,0.08555075526237488,0.007308722473680973,0.0619555339217186,173.1798095703125,391.2459716796875,1.414614801939303,0.45265114307403564,0.007565783336758614,0.001486047520302236,0.8476096987724304
PINN20260517-KimLayered,7,565,physics,0.1424061805009842,0.012607293203473091,0.04465845227241516,0.013003495521843433,0.01391076110303402,0.014341394416987896,0.14556801319122314,0.15399925410747528,0.1652737259864807,0.43947601318359375,0.00017806029063649476,1.6333608077179207e-11,2.918341692748072e-07,0.24768471717834473,0.08539329469203949,0.007304349914193153,0.061320409178733826,177.24232482910156,373.5540466308594,1.393356524928625,0.4526626467704773,0.0075678471475839615,0.0014869520673528314,0.8476337790489197
PINN20260517-KimLayered,7,569,physics,0.14136607944965363,0.012436527758836746,0.044238463044166565,0.012934268452227116,0.013827227987349033,0.01424749381840229,0.14485123753547668,0.1529545933008194,0.16492195427417755,0.43891745805740356,0.00017832120647653937,1.6482669396022942e-11,2.918339703228412e-07,0.24830053746700287,0.0852130874991417,0.0072994232177734375,0.061388447880744934,173.31475830078125,381.2651672363281,1.4001643921133646,0.45266544818878174,0.007569706533104181,0.0014879629015922546,0.8476693630218506
PINN20260517-KimLayered,7,573,physics,0.14073805510997772,0.012421790510416031,0.04315805435180664,0.012765098363161087,0.014003593474626541,0.01420470792800188,0.14431282877922058,0.1527002900838852,0.1644793152809143,0.4384583830833435,0.0001786013599485159,1.6617946602126565e-11,2.955563331852318e-07,0.2533224821090698,0.08506076782941818,0.007295461371541023,0.06199751794338226,170.8277130126953,392.31170654296875,1.4111193450903416,0.45266035199165344,0.007571154739707708,0.0014888729201629758,0.8477073907852173
PINN20260517-KimLayered,7,577,physics,0.13949650526046753,0.012137381359934807,0.04342609643936157,0.012817651964724064,0.013696917332708836,0.014099622145295143,0.1433844417333603,0.15113084018230438,0.1642206460237503,0.4378748834133148,0.00017891358584165573,1.6768187532933965e-11,2.920737358635961e-07,0.25003278255462646,0.08487513661384583,0.007290539797395468,0.06157653406262398,172.2061767578125,379.35211181640625,1.393952888520773,0.45267122983932495,0.0075737489387393,0.001490031718276441,0.8477391600608826
PINN20260517-KimLayered,7,580,physics,0.13925908505916595,0.012141317129135132,0.04298519715666771,0.01271830778568983,0.013770420104265213,0.01410374790430069,0.14300881326198578,0.15128390491008759,0.16393381357192993,0.4375342130661011,0.00017917655350174755,1.6868761595900672e-11,2.9346000474106404e-07,0.2523767054080963,0.0847606360912323,0.0072877476923167706,0.06186215952038765,169.77281188964844,387.0525817871094,1.4011717126783285,0.4526710510253906,0.0075753228738904,0.0014907980803400278,0.8477657437324524
PINN20260517-KimLayered,7,584,physics,0.13850848376750946,0.011950323358178139,0.04341454803943634,0.012752233073115349,0.01350428257137537,0.01405747514218092,0.14223259687423706,0.15055842697620392,0.1637030988931656,0.4369772672653198,0.00017955053772311658,1.701564410205858e-11,2.898183595334558e-07,0.24909700453281403,0.08458041399717331,0.0072832051664590836,0.06144513189792633,170.7436981201172,379.3481140136719,1.3901414753533476,0.4526832699775696,0.007578287739306688,0.0014920062385499477,0.8477962017059326
PINN20260517-KimLayered,7,588,physics,0.13769325613975525,0.011837835423648357,0.0429069921374321,0.012668089009821415,0.013484430499374866,0.013992620632052422,0.14158238470554352,0.14984899759292603,0.16335754096508026,0.4365270137786865,0.0001799512974685058,1.7148419836909845e-11,2.903335314385913e-07,0.2506534159183502,0.08442763984203339,0.0072797005996108055,0.061629150062799454,168.28062438964844,386.0251159667969,1.3956047044112523,0.45268741250038147,0.0075808558613061905,0.001493115909397602,0.8478295803070068
PINN20260517-KimLayered,7,591,physics,0.13732339441776276,0.011748155578970909,0.043111857026815414,0.012664777226746082,0.013352974317967892,0.013982285745441914,0.1410975307226181,0.14964090287685394,0.16316963732242584,0.43615251779556274,0.00018026641919277608,1.7252812026247177e-11,2.884517869006231e-07,0.24925480782985687,0.08430318534374237,0.007276780903339386,0.06145510450005531,168.72506713867188,380.9962158203125,1.3880155057329486,0.45269545912742615,0.007583157625049353,0.0014940242981538177,0.8478524684906006
PINN20260517-KimLayered,7,595,physics,0.1366237848997116,0.011657945811748505,0.042634617537260056,0.01261558011174202,0.013343746773898602,0.013932840898633003,0.14031532406806946,0.14911669492721558,0.16283562779426575,0.43570730090141296,0.00018069495854433626,1.738358762493064e-11,2.8914993777107156e-07,0.25091537833213806,0.08415424823760986,0.007273432798683643,0.06164813041687012,166.9287109375,385.5235595703125,1.390477970657157,0.4526994824409485,0.007585855200886726,0.0014951577177271247,0.8478849530220032
PINN20260517-KimLayered,7,599,physics,0.13597401976585388,0.01153864711523056,0.04255646467208862,0.012645072303712368,0.013229571282863617,0.013886190950870514,0.13940618932247162,0.14860253036022186,0.16256090998649597,0.4352245032787323,0.00018113602709490806,1.7518798911542177e-11,2.8837067134190875e-07,0.25047796964645386,0.08399652689695358,0.0072698453441262245,0.06159346550703049,166.71267700195312,382.4382019042969,1.3850971908489698,0.452707439661026,0.007588835898786783,0.0014963375870138407,0.8479152321815491
PINN20260517-KimLayered,7,603,physics,0.13538618385791779,0.011422285810112953,0.042583148926496506,0.012666713446378708,0.013095706701278687,0.013847467489540577,0.13859893381595612,0.14817357063293457,0.16230373084545135,0.4347466230392456,0.00018159608589485288,1.765396856479029e-11,2.8718665134874755e-07,0.2496020346879959,0.08383902907371521,0.007266357075423002,0.06148657575249672,166.25975036621094,380.9853515625,1.38109601617999,0.4527157247066498,0.00759194465354085,0.0014975258382037282,0.8479446172714233
PINN20260517-KimLayered,7,606,physics,0.1348840594291687,0.0113491490483284,0.04233517497777939,0.01258080080151558,0.013057844713330269,0.013813572004437447,0.13829442858695984,0.14779286086559296,0.16208051145076752,0.4344235360622406,0.00018195628945250064,1.7750334188604278e-11,2.871202582355181e-07,0.2502608597278595,0.08372920751571655,0.007264089770615101,0.061558015644550323,165.4241943359375,381.841064453125,1.380168374505027,0.45272010564804077,0.007594208233058453,0.0014983819564804435,0.8479670286178589
PINN20260517-KimLayered,7,610,physics,0.13429449498653412,0.011238489300012589,0.04230678454041481,0.012589015066623688,0.012935939244925976,0.01377122662961483,0.13752985000610352,0.14735272526741028,0.1618286669254303,0.43397030234336853,0.0001824434584705159,1.7881082031712126e-11,2.8609295554815617e-07,0.24963124096393585,0.08357623964548111,0.007260932121425867,0.06147989258170128,164.9238739013672,380.610595703125,1.3766533225257858,0.45272982120513916,0.007597436662763357,0.00149956822860986,0.8479951620101929
PINN20260517-KimLayered,7,614,physics,0.13365885615348816,0.011138668283820152,0.042066533118486404,0.012546831741929054,0.012861103750765324,0.013720779679715633,0.1368938386440277,0.14687560498714447,0.1615547090768814,0.4335493743419647,0.00018294993788003922,1.8007654395413297e-11,2.859495680240798e-07,0.2500160038471222,0.08343055844306946,0.007258112076669931,0.061528224498033524,163.82855224609375,381.7917175292969,1.37582987190013,0.4527377784252167,0.007600664626806974,0.0015007347101345658,0.8480232954025269
PINN20260517-KimLayered,7,617,physics,0.1332133263349533,0.011060423217713833,0.041964996606111526,0.012475373223423958,0.012783315032720566,0.013686406426131725,0.13674862682819366,0.14653447270393372,0.16136668622493744,0.4332427382469177,0.0001833467249525711,1.8101591406360917e-11,2.8523814421532734e-07,0.24986034631729126,0.0833219587802887,0.007256107404828072,0.06150291860103607,163.4761199951172,380.68035888671875,1.3726169115968192,0.452744722366333,0.007603226695209742,0.0015016235411167145,0.8480434417724609
PINN20260517-KimLayered,7,621,physics,0.13260690867900848,0.010958033613860607,0.04181031137704849,0.0124494144693017,0.012686923146247864,0.013637911528348923,0.13611334562301636,0.14607490599155426,0.16111594438552856,0.4328436255455017,0.0001838800380937755,1.8224333500627132e-11,2.8469969493016833e-07,0.24982286989688873,0.08317899703979492,0.007253621704876423,0.06149674579501152,162.68222045898438,380.5234375,1.3702898088355224,0.452754944562912,0.007606672588735819,0.0015028228517621756,0.848069965839386
PINN20260517-KimLayered,7,625,physics,0.13199397921562195,0.01086024846881628,0.04159235581755638,0.012421139515936375,0.01260361261665821,0.013585647568106651,0.13547416031360626,0.14561429619789124,0.1608629673719406,0.432460755109787,0.00018442851433064789,1.8344541163894945e-11,2.844284949787834e-07,0.2500858008861542,0.08303940296173096,0.007251333445310593,0.06152964010834694,161.77061462402344,380.9142761230469,1.368630773629328,0.4527648389339447,0.0076101697050035,0.0015040229773148894,0.8480958938598633
PINN20260517-KimLayered,7,629,physics,0.1313864141702652,0.010764596052467823,0.0413781963288784,0.012389211915433407,0.012519118376076221,0.013533614575862885,0.13481222093105316,0.1451672911643982,0.16061709821224213,0.43208783864974976,0.00018498885037843138,1.8462675832608966e-11,2.8404187446540163e-07,0.2503404915332794,0.08290144801139832,0.0072491951286792755,0.06155935302376747,160.8964080810547,381.153076171875,1.366781966772561,0.45277515053749084,0.007613733876496553,0.0015052317176014185,0.8481211066246033
PINN20260517-KimLayered,7,632,physics,0.13092632591724396,0.010681476444005966,0.041356757283210754,0.012411422096192837,0.012417010962963104,0.013490896672010422,0.13406898081302643,0.14481842517852783,0.1604602187871933,0.43179723620414734,0.0001854127476690337,1.855190653876626e-11,2.8320721412455896e-07,0.24973613023757935,0.08279486745595932,0.007247549947351217,0.061484742909669876,160.84544372558594,378.7286682128906,1.3622423894065059,0.4527847170829773,0.007616514340043068,0.0015061633894219995,0.8481389880180359
PINN20260517-KimLayered,7,636,physics,0.130356565117836,0.01058392133563757,0.041250139474868774,0.012404648587107658,0.012304158881306648,0.013437405228614807,0.13336992263793945,0.14440663158893585,0.16024376451969147,0.4314306676387787,0.00018599223403725773,1.8668103521357615e-11,2.8244235750207736e-07,0.2493961751461029,0.08265697956085205,0.007245573215186596,0.061444129794836044,160.49887084960938,377.0346984863281,1.3585125672058196,0.45279645919799805,0.00762023963034153,0.001507387962192297,0.8481625914573669
PINN20260517-KimLayered,7,640,physics,0.12995247542858124,0.010509972460567951,0.041299112141132355,0.012394667603075504,0.012177513912320137,0.01340347621589899,0.13276150822639465,0.14420048892498016,0.16005440056324005,0.4310643672943115,0.0001865800004452467,1.878329089488595e-11,2.8102650162509235e-07,0.24851199984550476,0.08251804113388062,0.007243635598570108,0.061339136213064194,160.96124267578125,373.5431823730469,1.3527243733565095,0.4528096616268158,0.007624057121574879,0.0015086220810189843,0.8481850028038025
PINN20260517-KimLayered,7,643,physics,0.1300492286682129,0.010609361343085766,0.040661346167325974,0.012320232577621937,0.012366212904453278,0.013477141037583351,0.13219211995601654,0.14472243189811707,0.15976223349571228,0.43088406324386597,0.0001870227133622393,1.8854378128208005e-11,2.8462699219744536e-07,0.2533246874809265,0.08243903517723083,0.007243136875331402,0.061918459832668304,157.7198944091797,388.7149658203125,1.3691516380469249,0.4528100788593292,0.007626315113157034,0.001509418128989637,0.8482048511505127
PINN20260517-KimLayered,7,647,physics,0.12935268878936768,0.010487786494195461,0.04042534530162811,0.012228566221892834,0.01224411278963089,0.013391687534749508,0.13205130398273468,0.14419859647750854,0.15956823527812958,0.4305381178855896,0.00018759861995931715,1.896314529015175e-11,2.835446082372073e-07,0.253131240606308,0.08230498433113098,0.007241472601890564,0.06189218536019325,157.0574493408203,383.44927978515625,1.3611066580915405,0.4528213441371918,0.007629835978150368,0.0015105594648048282,0.8482257723808289
PINN20260517-KimLayered,7,651,physics,0.1282784640789032,0.01024626661092043,0.040688518434762955,0.012344855815172195,0.011912769638001919,0.01322050392627716,0.13092146813869476,0.1429782509803772,0.1594884842634201,0.4301185607910156,0.00018816239025909454,1.908037096376436e-11,2.796076330469077e-07,0.24889987707138062,0.0821516141295433,0.007239260245114565,0.06139296665787697,159.1610870361328,372.19256591796875,1.3467089345946197,0.4528414309024811,0.0076337894424796104,0.0015118165174499154,0.8482433557510376
PINN20260517-KimLayered,7,655,physics,0.12763430178165436,0.01014378946274519,0.040434397757053375,0.012304694391787052,0.011819521896541119,0.013152115046977997,0.13036279380321503,0.14247266948223114,0.15928815305233002,0.4298035502433777,0.00018875511887017637,1.918105951848048e-11,2.791101962884568e-07,0.24920542538166046,0.08202488720417023,0.007238106802105904,0.061430077999830246,156.75830078125,376.1109924316406,1.3488838248390385,0.45285314321517944,0.0076373969204723835,0.0015129668172448874,0.8482632040977478
PINN20260517-KimLayered,7,658,physics,0.12712256610393524,0.010067036375403404,0.04018993303179741,0.012262093834578991,0.01175419706851244,0.013092303648591042,0.12995964288711548,0.14206771552562714,0.15914280712604523,0.42957213521003723,0.00018921462469734251,1.92555936473493e-11,2.789178950024507e-07,0.24956773221492767,0.08193091303110123,0.007237331476062536,0.06147260218858719,157.1871795654297,373.0555419921875,1.344097745914561,0.45286157727241516,0.007640184368938208,0.001513833412900567,0.848277747631073
PINN20260517-KimLayered,7,662,physics,0.1265183389186859,0.009974909946322441,0.039936259388923645,0.012206412851810455,0.011657880619168282,0.01301936712116003,0.1295260190963745,0.14159370958805084,0.15896503627300262,0.429279088973999,0.00018984140479005873,1.9353759914131352e-11,2.785500896607118e-07,0.24974587559700012,0.08180640637874603,0.007236506789922714,0.061487216502428055,155.39938354492188,375.74884033203125,1.345135461561136,0.45287325978279114,0.007644020486623049,0.0015150001272559166,0.8482964634895325
PINN20260517-KimLayered,7,666,physics,0.1259678602218628,0.009914711117744446,0.0394127182662487,0.012102692387998104,0.011650760658085346,0.012977478094398975,0.1292678862810135,0.14123955368995667,0.15873150527477264,0.42904457449913025,0.0001904912496684119,1.943934596626562e-11,2.7944781777478056e-07,0.25194251537323,0.08169655501842499,0.007236311212182045,0.061745695769786835,153.82252502441406,379.4092102050781,1.3475678191239862,0.45288607478141785,0.007647865451872349,0.0015161476330831647,0.8483162522315979
PINN20260517-KimLayered,7,669,physics,0.1254694014787674,0.009810389950871468,0.03951495513319969,0.012263025157153606,0.011487851850688457,0.012892935425043106,0.12807241082191467,0.1407964676618576,0.1586676687002182,0.428786039352417,0.00019096200412604958,1.9514206223147923e-11,2.7774041200245847e-07,0.25010162591934204,0.08159418404102325,0.007235401775687933,0.061533644795417786,154.22457885742188,374.5001525878906,1.3408336484424084,0.45290258526802063,0.00765106501057744,0.001517110620625317,0.8483285903930664
PINN20260517-KimLayered,7,673,physics,0.124845951795578,0.009736492298543453,0.039054177701473236,0.012159098871052265,0.011448517441749573,0.012835532426834106,0.12759889662265778,0.14034762978553772,0.15846744179725647,0.4285280704498291,0.00019160666852258146,1.9604909709536322e-11,2.784897787933005e-07,0.2517012357711792,0.08147864788770676,0.0072349729016423225,0.06171521916985512,152.7471923828125,377.422119140625,1.3416750690946517,0.45291203260421753,0.007654816843569279,0.0015182315837591887,0.8483469486236572
PINN20260517-KimLayered,7,677,physics,0.1242622509598732,0.009646560996770859,0.03882547467947006,0.012164712883532047,0.01134665310382843,0.012762891128659248,0.12688788771629333,0.1398875117301941,0.15832124650478363,0.42824944853782654,0.0001922586961882189,1.9696551681325225e-11,2.7835164928546874e-07,0.2518225908279419,0.0813571885228157,0.0072343554347753525,0.06172754243016243,152.2440948486328,375.7518615722656,1.3384890013754267,0.4529262185096741,0.007658787537366152,0.001519385608844459,0.8483638763427734
PINN20260517-KimLayered,7,681,physics,0.12363556027412415,0.009538311511278152,0.03869427740573883,0.012133265845477581,0.01120469719171524,0.012670042924582958,0.12640206515789032,0.1393609493970871,0.15820938348770142,0.4279712438583374,0.0001929272839333862,1.978671740343607e-11,2.7686110115610063e-07,0.2510388195514679,0.0812348872423172,0.0072336699813604355,0.061638638377189636,152.0960693359375,373.050537109375,1.3336780721651547,0.4529432952404022,0.007662954740226269,0.0015205593081191182,0.8483792543411255
PINN20260517-KimLayered,7,684,physics,0.12323379516601562,0.009487742558121681,0.03841806948184967,0.012118115089833736,0.011167465709149837,0.012632815167307854,0.12592869997024536,0.13905055820941925,0.15808381140232086,0.4277901351451874,0.00019343043095432222,1.9849843990726868e-11,2.7715663009075797e-07,0.2520006597042084,0.0811501145362854,0.0072334520518779755,0.06174532324075699,150.92019653320312,375.3976745605469,1.335300342581277,0.45295238494873047,0.0076658702455461025,0.0015213954029604793,0.8483916521072388
PINN20260517-KimLayered,7,688,physics,0.12264308333396912,0.009399356320500374,0.038186393678188324,0.01208995096385479,0.011065727099776268,0.01255685742944479,0.12533333897590637,0.13852936029434204,0.1579613983631134,0.42753517627716064,0.00019411022367421538,1.993667383959341e-11,2.769106970390567e-07,0.25208738446235657,0.08103163540363312,0.007233069743961096,0.06174879148602486,150.3034210205078,374.52679443359375,1.3327804123606584,0.45296594500541687,0.0076699089258909225,0.0015225199749693274,0.8484066128730774
PINN20260517-KimLayered,7,692,physics,0.12204031646251678,0.009305579587817192,0.037975385785102844,0.012061616405844688,0.010954536497592926,0.012474333867430687,0.12479095160961151,0.137967050075531,0.15785175561904907,0.4272922873497009,0.00019480386981740594,2.0020261490283353e-11,2.763157169738406e-07,0.2519623637199402,0.08091563731431961,0.007232797332108021,0.06173151358962059,149.75921630859375,373.4116516113281,1.3298197064558477,0.45298051834106445,0.007674031425267458,0.0015236440813168883,0.8484209179878235
PINN20260517-KimLayered,7,695,physics,0.1216084361076355,0.009233773685991764,0.037856291979551315,0.011966710910201073,0.010859162546694279,0.012409687973558903,0.12488098442554474,0.137520894408226,0.1577868014574051,0.4271213412284851,0.0001953426981344819,2.0080491089369268e-11,2.7517361900208925e-07,0.2515219748020172,0.08083008974790573,0.0072326697409152985,0.06167316809296608,149.53187561035156,371.93170166015625,1.3269825597045302,0.45299315452575684,0.00767726544290781,0.001524485182017088,0.8484306335449219
PINN20260517-KimLayered,7,699,physics,0.12103818356990814,0.009150469675660133,0.03761706501245499,0.011933768168091774,0.010765369050204754,0.01233742292970419,0.124392569065094,0.1369190812110901,0.15768007934093475,0.42689546942710876,0.0001960551308002323,2.015845650127357e-11,2.747579515016696e-07,0.2517240643501282,0.08071792870759964,0.0072325654327869415,0.06169183552265167,148.85421752929688,371.553466796875,1.3250390517535708,0.453008234500885,0.0076814135536551476,0.0015255827456712723,0.8484439849853516
PINN20260517-KimLayered,7,703,physics,0.1204756423830986,0.009068740531802177,0.03740537166595459,0.011915460228919983,0.010667192749679089,0.01226439792662859,0.12383680045604706,0.13626648485660553,0.15758369863033295,0.4266670048236847,0.0001967679854715243,2.0235741901575288e-11,2.7440148642199347e-07,0.2517792880535126,0.08060525357723236,0.00723242899402976,0.06169469282031059,148.33409118652344,370.7427673339844,1.3226011124151549,0.45302242040634155,0.007685496937483549,0.00152665376663208,0.8484564423561096
PINN20260517-KimLayered,7,707,physics,0.11995698511600494,0.008991554379463196,0.0372726172208786,0.011903208680450916,0.010558342561125755,0.012194403447210789,0.12329015135765076,0.13560263812541962,0.15750619769096375,0.4264414608478546,0.0001974913029698655,2.0309193562995098e-11,2.736474868925143e-07,0.25144702196121216,0.08049263060092926,0.0072323656640946865,0.06165187433362007,148.30746459960938,368.5819396972656,1.3187816849380196,0.45303961634635925,0.007689676247537136,0.0015277269994840026,0.848468005657196
PINN20260517-KimLayered,7,710,physics,0.11982526630163193,0.009017759934067726,0.036929450929164886,0.011891551315784454,0.010620325803756714,0.012243307195603848,0.12248721718788147,0.13548831641674042,0.15735062956809998,0.42632001638412476,0.00019802592578344047,2.0352526955425e-11,2.757189463409304e-07,0.25435546040534973,0.08042293041944504,0.007232856936752796,0.06199135631322861,146.2058868408203,377.8595886230469,1.3280785547828533,0.4530474841594696,0.007692357990890741,0.0015284433029592037,0.8484784364700317
PINN20260517-KimLayered,7,714,physics,0.12226592749357224,0.009522859007120132,0.037680041044950485,0.011816561222076416,0.010913238860666752,0.012742782942950726,0.12233316898345947,0.13886398077011108,0.15718533098697662,0.4261663854122162,0.0001987253490369767,2.040535101999197e-11,2.784617549878021e-07,0.25869253277778625,0.08033415675163269,0.007233609911054373,0.06249978393316269,147.4895782470703,387.5267028808594,1.3385507107013577,0.4530547857284546,0.0076955766417086124,0.001529274508357048,0.8484916687011719
PINN20260517-KimLayered,7,718,physics,0.11848828941583633,0.008803358301520348,0.03670535236597061,0.01191168837249279,0.010324282571673393,0.012006561271846294,0.12132783234119415,0.1334657520055771,0.15725597739219666,0.425765722990036,0.00019933040312025696,2.0491061972216507e-11,2.73094030944776e-07,0.2519330382347107,0.08018016070127487,0.007232048083096743,0.06170867756009102,149.86451721191406,362.7418518066406,1.308876502600399,0.4530833959579468,0.007699383422732353,0.0015302452957257628,0.8484945893287659
PINN20260517-KimLayered,7,721,physics,0.11922911554574966,0.008978909812867641,0.03656739741563797,0.01176941953599453,0.010511338710784912,0.012228134088218212,0.12149284780025482,0.13490340113639832,0.15705153346061707,0.42571136355400085,0.00019980559591203928,2.0510509957105683e-11,2.760990298611432e-07,0.25657176971435547,0.08012958616018295,0.007233492564409971,0.06224432587623596,144.98899841308594,373.16229248046875,1.3185684184303672,0.4530865252017975,0.007701055146753788,0.0015306712593883276,0.848503828048706
PINN20260517-KimLayered,7,725,physics,0.11857013404369354,0.008812706917524338,0.03714462369680405,0.011874991469085217,0.010168707929551601,0.01202465407550335,0.12100838869810104,0.13368730247020721,0.15716898441314697,0.42541182041168213,0.00020051500177942216,2.0574124001693228e-11,2.7034548111259937e-07,0.2500637173652649,0.07999411970376968,0.007233236450701952,0.061490532010793686,146.4775848388672,366.28106689453125,1.3094481275525047,0.4531267583370209,0.0077059087343513966,0.0015317696379497647,0.8485050201416016
PINN20260517-KimLayered,7,729,physics,0.11778518557548523,0.008764907717704773,0.036122530698776245,0.01175636239349842,0.010298019275069237,0.012037056498229504,0.12032020092010498,0.13239306211471558,0.15687474608421326,0.4253630042076111,0.00020118997781537473,2.0591006330561434e-11,2.7503656951921585e-07,0.2561514675617218,0.07993164658546448,0.0072355144657194614,0.06216657906770706,143.80075073242188,374.27923583984375,1.3171160071627053,0.4531349539756775,0.007708519231528044,0.0015323918778449297,0.8485163450241089
PINN20260517-KimLayered,7,733,physics,0.11707963049411774,0.008623315021395683,0.03640429303050041,0.01181983482092619,0.010028885677456856,0.011840133927762508,0.11987332999706268,0.13097193837165833,0.1569381058216095,0.4251191020011902,0.00020192745432723314,2.064445316085628e-11,2.7088145770903793e-07,0.2513578236103058,0.07980849593877792,0.007235781755298376,0.06163164600729942,145.49948120117188,366.0747985839844,1.3069990364657023,0.45317524671554565,0.00771342683583498,0.0015334577765315771,0.8485180139541626
PINN20260517-KimLayered,7,736,physics,0.11636292934417725,0.008529359474778175,0.0359826423227787,0.011788623407483101,0.009992487728595734,0.011766019277274609,0.11942587792873383,0.1296931654214859,0.15682004392147064,0.4250470697879791,0.00020246667554602027,2.066141528700438e-11,2.716586209317029e-07,0.25257399678230286,0.07974722981452942,0.007237168960273266,0.06176428496837616,145.3356170654297,365.402099609375,1.3050507710160069,0.4531952142715454,0.0077162147499620914,0.0015340698882937431,0.8485235571861267
PINN20260517-KimLayered,7,740,physics,0.115803562104702,0.008477355353534222,0.03556663542985916,0.011746815405786037,0.00998736172914505,0.011742888018488884,0.11886881291866302,0.12857481837272644,0.1566556841135025,0.42495667934417725,0.00020318479801062495,2.0681916249043475e-11,2.730263304329128e-07,0.2546532154083252,0.0796683058142662,0.007239003665745258,0.061988718807697296,142.5892791748047,372.6864013671875,1.311911693509223,0.4532201588153839,0.007719756104052067,0.0015348339220508933,0.8485310077667236
PINN20260517-KimLayered,8,1,pretrain,35.40595245361328,3.2351574897766113,6.916386604309082,1.2343080043792725,1.6925368309020996,1.934308648109436,172.81600952148438,1.0658631324768066,0.7625031471252441,0.0,0.0,0.0,0.0,0.0,0.0,0.0,0.0,3700.163818359375,4487.208984375,62.787549085325786,0.4200909733772278,0.005396117921918631,0.0010936229955404997,0.7993055582046509
PINN20260517-KimLayered,8,3,pretrain,34.720367431640625,3.214266777038574,6.807468891143799,1.2646416425704956,1.682555913925171,1.8999308347702026,168.4696807861328,0.6085185408592224,0.7125794887542725,0.0,0.0,0.0,0.0,0.0,0.0,0.0,0.0,3675.62939453125,4457.89794921875,61.1998202553698,0.4216647148132324,0.005490886978805065,0.0011153796222060919,0.7999435067176819
PINN20260517-KimLayered,8,6,pretrain,33.5272102355957,3.1735730171203613,6.574047088623047,1.2921953201293945,1.6651102304458618,1.8425259590148926,160.36148071289062,0.7347742319107056,0.6348702311515808,0.0,0.0,0.0,0.0,0.0,0.0,0.0,0.0,3632.1884765625,4405.7861328125,58.28787954486026,0.4242349863052368,0.00567708071321249,0.0011566238244995475,0.8008771538734436
PINN20260517-KimLayered,8,8,pretrain,32.58059310913086,3.141075611114502,6.395322799682617,1.3068469762802124,1.6513991355895996,1.7996344566345215,154.12118530273438,0.6438719034194946,0.5839554071426392,0.0,0.0,0.0,0.0,0.0,0.0,0.0,0.0,3597.83984375,4364.38427734375,56.04964342189221,0.42608407139778137,0.005816635210067034,0.0011873533949255943,0.8014756441116333
PINN20260517-KimLayered,8,11,pretrain,30.96002197265625,3.081850051879883,6.095379829406738,1.321853756904602,1.6267004013061523,1.726780891418457,143.450927734375,0.5814005136489868,0.509552538394928,0.0,0.0,0.0,0.0,0.0,0.0,0.0,0.0,3535.76025390625,4289.15869140625,52.27087835821074,0.42911651730537415,0.006048918701708317,0.0012381324777379632,0.8023599982261658
PINN20260517-KimLayered,8,13,pretrain,29.737953186035156,3.033742904663086,5.87382698059082,1.3241758346557617,1.6068488359451294,1.6726487874984741,135.421875,0.6216676831245422,0.4634452164173126,0.0,0.0,0.0,0.0,0.0,0.0,0.0,0.0,3486.22802734375,4228.78564453125,49.47822503627492,0.4313129782676697,0.006218928378075361,0.0012748524313792586,0.8029414415359497
PINN20260517-KimLayered,8,15,pretrain,28.387577056884766,2.977656364440918,5.636795520782471,1.316949486732483,1.5838559865951538,1.614620327949524,126.7044677734375,0.5926273465156555,0.4234180450439453,0.0,0.0,0.0,0.0,0.0,0.0,0.0,0.0,3429.35595703125,4159.11474609375,46.47401487040737,0.4336259663105011,0.00640029925853014,0.00131350161973387,0.803508460521698
PINN20260517-KimLayered,8,18,pretrain,26.12139129638672,2.876129150390625,5.25125789642334,1.2789536714553833,1.542380690574646,1.5186470746994019,112.32192993164062,0.5439859628677368,0.37855738401412964,0.0,0.0,0.0,0.0,0.0,0.0,0.0,0.0,3328.62646484375,4034.8564453125,41.58474543630342,0.4372919499874115,0.006695258896797895,0.0013753070961683989,0.8043413162231445
PINN20260517-KimLayered,8,20,pretrain,24.4561767578125,2.796048164367676,4.976771354675293,1.2274245023727417,1.5094820261001587,1.4491204023361206,101.90814208984375,0.5605294108390808,0.36000537872314453,0.0,0.0,0.0,0.0,0.0,0.0,0.0,0.0,3251.322021484375,3938.78857421875,38.106528510027815,0.43984255194664,0.006907204631716013,0.0014191545778885484,0.8048904538154602
PINN20260517-KimLayered,8,23,pretrain,21.76556396484375,2.659396171569824,4.557866096496582,1.0994672775268555,1.4523369073867798,1.344695806503296,85.40666198730469,0.5443703532218933,0.34867218136787415,0.0,0.0,0.0,0.0,0.0,0.0,0.0,0.0,3123.302978515625,3778.41357421875,32.688818746844426,0.4437597095966339,0.007243827451020479,0.0014882446266710758,0.8057059049606323
PINN20260517-KimLayered,8,25,pretrain,19.884401321411133,2.5600905418395996,4.283905029296875,0.9768108129501343,1.4096322059631348,1.2769931554794312,74.05289459228516,0.5204092264175415,0.3492906093597412,0.0,0.0,0.0,0.0,0.0,0.0,0.0,0.0,3032.85302734375,3664.1611328125,29.035095272777188,0.4464113712310791,0.00747784273698926,0.0015360130928456783,0.8062499761581421
PINN20260517-KimLayered,8,27,pretrain,17.982810974121094,2.4579710960388184,4.021185874938965,0.8249131441116333,1.3641029596328735,1.2111836671829224,62.672088623046875,0.5196676850318909,0.35331735014915466,0.0,0.0,0.0,0.0,0.0,0.0,0.0,0.0,2941.33544921875,3547.87109375,25.440994070584267,0.4490828812122345,0.00771688437089324,0.001584647805429995,0.8068020939826965
PINN20260517-KimLayered,8,30,pretrain,15.250481605529785,2.304065227508545,3.6594886779785156,0.5740203857421875,1.2928320169448853,1.1179625988006592,46.609554290771484,0.5149078369140625,0.36043620109558105,0.0,0.0,0.0,0.0,0.0,0.0,0.0,0.0,2807.14453125,3377.181884765625,20.359446049791003,0.45311346650123596,0.008077932521700859,0.0016578440554440022,0.8076565265655518
PINN20260517-KimLayered,8,32,pretrain,13.66420841217041,2.1953248977661133,3.427955150604248,0.482805073261261,1.2445143461227417,1.0605844259262085,37.64314270019531,0.4976266920566559,0.3632487654685974,0.0,0.0,0.0,0.0,0.0,0.0,0.0,0.0,2720.819091796875,3268.535400390625,17.310925272162194,0.45581910014152527,0.008316872641444206,0.0017060725949704647,0.8082581758499146
PINN20260517-KimLayered,8,35,pretrain,11.553337097167969,2.0289647579193115,3.105048179626465,0.4003114402294159,1.1720788478851318,0.9811350703239441,26.1474552154541,0.4921471178531647,0.36247676610946655,0.0,0.0,0.0,0.0,0.0,0.0,0.0,0.0,2596.1826171875,3114.94677734375,13.519836428995431,0.4598860740661621,0.008668390102684498,0.0017766765085980296,0.8092360496520996
PINN20260517-KimLayered,8,37,pretrain,10.421520233154297,1.9195489883422852,2.9058592319488525,0.40995991230010986,1.124389410018921,0.9320390224456787,20.38723373413086,0.4818831980228424,0.35903191566467285,0.0,0.0,0.0,0.0,0.0,0.0,0.0,0.0,2516.0107421875,3018.797607421875,11.812210373778763,0.4625522792339325,0.008894875645637512,0.0018220948986709118,0.8099473118782043
PINN20260517-KimLayered,8,39,pretrain,9.70065689086914,1.8229608535766602,2.7312986850738525,0.4700162410736084,1.0773268938064575,0.8854766488075256,17.404253005981445,0.47072774171829224,0.35431018471717834,0.0,0.0,0.0,0.0,0.0,0.0,0.0,0.0,2437.746826171875,2927.29931640625,11.076066271414094,0.4651601314544678,0.009113072417676449,0.0018662166548892856,0.8107168078422546
PINN20260517-KimLayered,8,42,pretrain,9.31177043914795,1.713915228843689,2.5295145511627197,0.5829368829727173,1.0093152523040771,0.8216466307640076,17.451717376708984,0.4595729410648346,0.34799957275390625,0.0,0.0,0.0,0.0,0.0,0.0,0.0,0.0,2327.37060546875,2803.148681640625,10.802053930776113,0.4689151346683502,0.009409933350980282,0.0019272560020908713,0.8119730353355408
PINN20260517-KimLayered,8,44,pretrain,9.032329559326172,1.6405296325683594,2.4096250534057617,0.6216242909431458,0.9670231938362122,0.7837894558906555,17.43163299560547,0.44799959659576416,0.3458344340324402,0.0,0.0,0.0,0.0,0.0,0.0,0.0,0.0,2259.48291015625,2730.18505859375,10.574442184010474,0.47126737236976624,0.009581309743225574,0.0019624128472059965,0.8128475546836853
PINN20260517-KimLayered,8,47,pretrain,8.42705249786377,1.5311975479125977,2.2490298748016357,0.5971812605857849,0.9083523750305176,0.7332634925842285,16.106159210205078,0.4361323416233063,0.345409631729126,0.0,0.0,0.0,0.0,0.0,0.0,0.0,0.0,2165.543701171875,2634.10791015625,9.790902275980164,0.47455981373786926,0.009802892804145813,0.002007179195061326,0.8141794204711914
PINN20260517-KimLayered,8,49,pretrain,7.8948655128479,1.4605098962783813,2.1540627479553223,0.5257493257522583,0.8720030784606934,0.7028660178184509,14.291755676269531,0.4249577522277832,0.34608402848243713,0.0,0.0,0.0,0.0,0.0,0.0,0.0,0.0,2107.20556640625,2577.489013671875,8.977124229508428,0.4766085147857666,0.009931330569088459,0.0020326178055256605,0.815069854259491
PINN20260517-KimLayered,8,51,pretrain,7.28499174118042,1.3914635181427002,2.0665223598480225,0.4230588972568512,0.8372989892959595,0.6744139790534973,11.89394760131836,0.41632670164108276,0.3466935157775879,0.0,0.0,0.0,0.0,0.0,0.0,0.0,0.0,2051.3447265625,2525.522705078125,8.036314895549467,0.4785533845424652,0.01004815474152565,0.002055433811619878,0.8159604072570801
PINN20260517-KimLayered,8,54,pretrain,6.325136661529541,1.290740966796875,1.9437059164047241,0.2570258378982544,0.7871189117431641,0.6342629790306091,7.866640567779541,0.4020226001739502,0.34655600786209106,0.0,0.0,0.0,0.0,0.0,0.0,0.0,0.0,1970.3682861328125,2454.134765625,6.780399883856553,0.48128852248191833,0.01020914688706398,0.0020867441780865192,0.8173012137413025
PINN20260517-KimLayered,8,56,pretrain,5.743031024932861,1.2261343002319336,1.8650602102279663,0.17219220101833344,0.7540667057037354,0.6084778904914856,5.466878890991211,0.3929813504219055,0.345633327960968,0.0,0.0,0.0,0.0,0.0,0.0,0.0,0.0,1917.1644287109375,2409.835205078125,6.38530850888194,0.4829932451248169,0.010312536731362343,0.002107226988300681,0.8182047605514526
PINN20260517-KimLayered,8,59,pretrain,5.292990684509277,1.144787311553955,1.755314826965332,0.16898860037326813,0.703904926776886,0.570710301399231,4.406904220581055,0.3786981701850891,0.34352144598960876,0.0,0.0,0.0,0.0,0.0,0.0,0.0,0.0,1837.86328125,2347.882568359375,6.374980508723869,0.4853545129299164,0.010473364032804966,0.0021407275926321745,0.8195784687995911
PINN20260517-KimLayered,8,61,pretrain,5.0975751876831055,1.0891366004943848,1.681900978088379,0.2033941149711609,0.6705840229988098,0.5466707944869995,4.438746452331543,0.36952024698257446,0.34216490387916565,0.0,0.0,0.0,0.0,0.0,0.0,0.0,0.0,1786.620849609375,2310.7529296875,6.212858557278191,0.48675844073295593,0.010586997494101524,0.002165671903640032,0.8204790353775024
PINN20260517-KimLayered,8,63,pretrain,4.802830696105957,1.0294435024261475,1.6071078777313232,0.22033226490020752,0.6377503275871277,0.5238359570503235,3.825554370880127,0.36055490374565125,0.3410983979701996,0.0,0.0,0.0,0.0,0.0,0.0,0.0,0.0,1736.84814453125,2277.146728515625,5.823723477477526,0.4880363643169403,0.010703484527766705,0.0021919046994298697,0.8213557600975037
PINN20260517-KimLayered,8,66,pretrain,4.269017696380615,0.9397414922714233,1.4972052574157715,0.2020261138677597,0.5891814231872559,0.49152517318725586,2.3322911262512207,0.34715184569358826,0.3400230407714844,0.0,0.0,0.0,0.0,0.0,0.0,0.0,0.0,1663.7025146484375,2232.655029296875,5.172877847171308,0.48978960514068604,0.010881518013775349,0.0022328279446810484,0.8226367235183716
PINN20260517-KimLayered,8,68,pretrain,3.9866394996643066,0.8885408639907837,1.4302207231521606,0.1766997128725052,0.556640088558197,0.4706135094165802,1.7703008651733398,0.33835574984550476,0.33945852518081665,0.0,0.0,0.0,0.0,0.0,0.0,0.0,0.0,1614.55810546875,2206.34619140625,5.033701325035737,0.49092793464660645,0.011002114973962307,0.002260923618450761,0.8234928250312805
PINN20260517-KimLayered,8,71,pretrain,3.7474985122680664,0.8105263113975525,1.3294302225112915,0.16008523106575012,0.5075886249542236,0.4395219683647156,2.3981194496154785,0.32538217306137085,0.33845585584640503,0.0,0.0,0.0,0.0,0.0,0.0,0.0,0.0,1540.8087158203125,2172.607421875,5.051256149912543,0.49270790815353394,0.01117856428027153,0.0023023546673357487,0.8247960805892944
PINN20260517-KimLayered,8,73,pretrain,3.556293487548828,0.7591152787208557,1.2661259174346924,0.16293290257453918,0.4758893847465515,0.41943782567977905,2.4540657997131348,0.317137211561203,0.33761879801750183,0.0,0.0,0.0,0.0,0.0,0.0,0.0,0.0,1492.28076171875,2154.18017578125,4.914517492888732,0.49395161867141724,0.011286867782473564,0.002327872905880213,0.8256552219390869
PINN20260517-KimLayered,8,75,pretrain,3.3026773929595947,0.710124671459198,1.2073522806167603,0.1748962104320526,0.44537511467933655,0.3997425436973572,1.865509271621704,0.3096928298473358,0.3366638123989105,0.0,0.0,0.0,0.0,0.0,0.0,0.0,0.0,1443.7760009765625,2138.646728515625,4.754273355406243,0.495238333940506,0.011387576349079609,0.002351672388613224,0.8265008330345154
PINN20260517-KimLayered,8,78,pretrain,3.020639181137085,0.6398797035217285,1.1219946146011353,0.21462924778461456,0.40121108293533325,0.3699897229671478,1.6053459644317627,0.2993752658367157,0.33507049083709717,0.0,0.0,0.0,0.0,0.0,0.0,0.0,0.0,1369.0576171875,2120.149169921875,4.749675055281394,0.4972379207611084,0.011532869189977646,0.0023866293486207724,0.8277634382247925
PINN20260517-KimLayered,8,80,pretrain,2.8479723930358887,0.5946359634399414,1.0627622604370117,0.20929183065891266,0.3730781078338623,0.34995269775390625,1.6696457862854004,0.2936168313026428,0.3339580297470093,0.0,0.0,0.0,0.0,0.0,0.0,0.0,0.0,1319.365966796875,2111.3935546875,4.656681138419031,0.4985455572605133,0.011631947942078114,0.002411071676760912,0.8285892605781555
PINN20260517-KimLayered,8,83,pretrain,2.5327515602111816,0.5288776755332947,0.970942497253418,0.1595955342054367,0.3337154984474182,0.3200947940349579,1.4358855485916138,0.28662046790122986,0.3321562111377716,0.0,0.0,0.0,0.0,0.0,0.0,0.0,0.0,1244.112060546875,2102.8427734375,4.575750451836449,0.5004425048828125,0.011780554428696632,0.0024485124740749598,0.8297958374023438
PINN20260517-KimLayered,8,85,pretrain,2.3814518451690674,0.48676514625549316,0.9115145206451416,0.14560428261756897,0.30906736850738525,0.30034390091896057,1.6267800331115723,0.28271186351776123,0.33074745535850525,0.0,0.0,0.0,0.0,0.0,0.0,0.0,0.0,1194.789306640625,2099.86279296875,4.541462388674574,0.5017383098602295,0.01187356561422348,0.0024724891409277916,0.8306058645248413
PINN20260517-KimLayered,8,87,pretrain,2.198448419570923,0.44714587926864624,0.8576977252960205,0.1447565108537674,0.28626781702041626,0.28169170022010803,1.4018570184707642,0.27941393852233887,0.329175740480423,0.0,0.0,0.0,0.0,0.0,0.0,0.0,0.0,1148.300537109375,2099.19677734375,4.468628593246665,0.5030307173728943,0.01195553969591856,0.002493991982191801,0.8314093351364136
PINN20260517-KimLayered,8,90,pretrain,1.9824329614639282,0.39328715205192566,0.7798638343811035,0.15285395085811615,0.25451311469078064,0.2547758221626282,1.3489996194839478,0.2750767469406128,0.32652369141578674,0.0,0.0,0.0,0.0,0.0,0.0,0.0,0.0,1087.160400390625,2104.054931640625,4.425910956569,0.5048232674598694,0.012066436931490898,0.002523910254240036,0.8326225876808167
PINN20260517-KimLayered,8,92,pretrain,1.8413090705871582,0.3636205494403839,0.7269794940948486,0.14398929476737976,0.23521970212459564,0.23755815625190735,1.2435880899429321,0.2724594473838806,0.32465261220932007,0.0,0.0,0.0,0.0,0.0,0.0,0.0,0.0,1054.8284912109375,2112.046630859375,4.399194080552353,0.5057920813560486,0.012137691490352154,0.0025436128489673138,0.8334218859672546
PINN20260517-KimLayered,8,95,pretrain,1.6885852813720703,0.3286310136318207,0.6505876183509827,0.13377954065799713,0.20919528603553772,0.21275386214256287,1.3031666278839111,0.2684508264064789,0.3216395080089569,0.0,0.0,0.0,0.0,0.0,0.0,0.0,0.0,1019.6491088867188,2129.9912109375,4.3732599878559615,0.5069049000740051,0.012234710156917572,0.0025707578752189875,0.8346174955368042
PINN20260517-KimLayered,8,97,pretrain,1.5975704193115234,0.3120878338813782,0.6065568327903748,0.1380118876695633,0.19431431591510773,0.197516068816185,1.1772418022155762,0.26565980911254883,0.319484680891037,0.0,0.0,0.0,0.0,0.0,0.0,0.0,0.0,1004.7784423828125,2144.66748046875,4.357308294575446,0.5074537396430969,0.012286964803934097,0.0025852015241980553,0.8353950381278992
PINN20260517-KimLayered,8,99,pretrain,1.5327293872833252,0.29977357387542725,0.5668485760688782,0.13748788833618164,0.18154028058052063,0.18404175341129303,1.1601358652114868,0.26285824179649353,0.3172677457332611,0.0,0.0,0.0,0.0,0.0,0.0,0.0,0.0,995.7654418945312,2160.42919921875,4.346876974657668,0.5078372955322266,0.012338409200310707,0.002598886378109455,0.8361385464668274
PINN20260517-KimLayered,8,102,pretrain,1.4557645320892334,0.2879597246646881,0.5176399350166321,0.12753479182720184,0.16694378852844238,0.1678873896598816,1.1195062398910522,0.259218692779541,0.31395643949508667,0.0,0.0,0.0,0.0,0.0,0.0,0.0,0.0,988.1829833984375,2176.535888671875,4.343478260930789,0.5081700682640076,0.012407937087118626,0.002616266021504998,0.8371391296386719
PINN20260517-KimLayered,8,104,pretrain,1.4152039289474487,0.2823987901210785,0.49358803033828735,0.128113254904747,0.16021223366260529,0.15986861288547516,1.0441385507583618,0.2574354410171509,0.31176719069480896,0.0,0.0,0.0,0.0,0.0,0.0,0.0,0.0,982.9131469726562,2175.647216796875,4.318301603705367,0.5082901120185852,0.01243194192647934,0.0026212241500616074,0.8377085328102112
PINN20260517-KimLayered,8,107,pretrain,1.3728461265563965,0.27488410472869873,0.46710747480392456,0.12984442710876465,0.15346194803714752,0.15132494270801544,1.0079798698425293,0.25576040148735046,0.30848556756973267,0.0,0.0,0.0,0.0,0.0,0.0,0.0,0.0,969.3303833007812,2151.096923828125,4.2694252003990005,0.5082989931106567,0.01243529561907053,0.002619813196361065,0.8383895754814148
PINN20260517-KimLayered,8,109,pretrain,1.3444517850875854,0.26942673325538635,0.4542482793331146,0.12863507866859436,0.15038403868675232,0.14742431044578552,0.9791895151138306,0.2550825774669647,0.306305855512619,0.0,0.0,0.0,0.0,0.0,0.0,0.0,0.0,954.2755126953125,2116.729248046875,4.223991086762762,0.5082013607025146,0.012416422367095947,0.002613448305055499,0.8387259244918823
PINN20260517-KimLayered,8,111,pretrain,1.3169444799423218,0.2626502811908722,0.4447895884513855,0.1298418790102005,0.14789144694805145,0.1445920318365097,0.9634636640548706,0.25458550453186035,0.3041408956050873,0.0,0.0,0.0,0.0,0.0,0.0,0.0,0.0,933.95703125,2067.719482421875,4.160855896142512,0.5080589652061462,0.012377706356346607,0.00260204472579062,0.8389766216278076
PINN20260517-KimLayered,8,114,pretrain,1.2722277641296387,0.25070130825042725,0.43540292978286743,0.13444609940052032,0.14460638165473938,0.14160281419754028,0.9215162992477417,0.2540525794029236,0.3009575307369232,0.0,0.0,0.0,0.0,0.0,0.0,0.0,0.0,896.7827758789062,1973.2572021484375,4.0589993611757516,0.50778728723526,0.012289313599467278,0.0025773902889341116,0.8392220735549927
PINN20260517-KimLayered,8,116,pretrain,1.2425181865692139,0.242631733417511,0.43063002824783325,0.1353030502796173,0.14256468415260315,0.14009810984134674,0.9002389907836914,0.2538663148880005,0.29889532923698425,0.0,0.0,0.0,0.0,0.0,0.0,0.0,0.0,870.8391723632812,1902.679931640625,3.9830820880347915,0.5075531601905823,0.012219546362757683,0.0025583140086382627,0.8393235206604004
PINN20260517-KimLayered,8,119,pretrain,1.2037687301635742,0.23187749087810516,0.42499256134033203,0.13478921353816986,0.13978317379951477,0.1383369117975235,0.8836373090744019,0.2538715600967407,0.2959080636501312,0.0,0.0,0.0,0.0,0.0,0.0,0.0,0.0,835.6981811523438,1796.8310546875,3.874128400295037,0.5071004033088684,0.012107127346098423,0.0025279095862060785,0.8394339680671692
PINN20260517-KimLayered,8,121,pretrain,1.1825419664382935,0.2262183278799057,0.4220297336578369,0.13539789617061615,0.13823434710502625,0.1373029202222824,0.8644791841506958,0.2539921700954437,0.2939907908439636,0.0,0.0,0.0,0.0,0.0,0.0,0.0,0.0,817.0458374023438,1732.8525390625,3.810946032946102,0.5067040920257568,0.012031067162752151,0.0025074982549995184,0.8395077586174011
PINN20260517-KimLayered,8,124,pretrain,1.15791916847229,0.21998393535614014,0.41697484254837036,0.1363644301891327,0.13636216521263123,0.135530024766922,0.8402639627456665,0.2541620433330536,0.29122862219810486,0.0,0.0,0.0,0.0,0.0,0.0,0.0,0.0,796.882080078125,1655.16259765625,3.7302262677440163,0.5058923959732056,0.011926376260817051,0.002479443559423089,0.8396514058113098
PINN20260517-KimLayered,8,126,pretrain,1.1433817148208618,0.21673351526260376,0.4121328890323639,0.1356433480978012,0.13535712659358978,0.13399505615234375,0.8285603523254395,0.2541961371898651,0.28944599628448486,0.0,0.0,0.0,0.0,0.0,0.0,0.0,0.0,787.3916015625,1617.2584228515625,3.680984700716795,0.5051803588867188,0.011868215166032314,0.002463769167661667,0.8397769331932068
PINN20260517-KimLayered,8,128,pretrain,1.128705382347107,0.2137003242969513,0.4059067964553833,0.13435228168964386,0.13454070687294006,0.132095605134964,0.817950963973999,0.25414520502090454,0.2877044379711151,0.0,0.0,0.0,0.0,0.0,0.0,0.0,0.0,779.8968505859375,1589.8768310546875,3.639155082911525,0.5043481588363647,0.011820661835372448,0.0024507977068424225,0.8399245738983154
PINN20260517-KimLayered,8,131,pretrain,1.1065032482147217,0.20927760004997253,0.39504843950271606,0.13306382298469543,0.1337888091802597,0.12878264486789703,0.7991200685501099,0.25390106439590454,0.28518036007881165,0.0,0.0,0.0,0.0,0.0,0.0,0.0,0.0,771.3162231445312,1564.7181396484375,3.596223853580409,0.5029850006103516,0.011766589246690273,0.0024355591740459204,0.8401694297790527
PINN20260517-KimLayered,8,133,pretrain,1.0927180051803589,0.2066398561000824,0.3880035877227783,0.13289304077625275,0.13367027044296265,0.12656863033771515,0.7821335196495056,0.2536546289920807,0.28357696533203125,0.0,0.0,0.0,0.0,0.0,0.0,0.0,0.0,767.1306762695312,1554.950927734375,3.5755745349683146,0.5020518898963928,0.011736907064914703,0.0024269181303679943,0.8403311371803284
PINN20260517-KimLayered,8,136,pretrain,1.0743625164031982,0.20338541269302368,0.3784840703010559,0.13133637607097626,0.13395211100578308,0.12371508777141571,0.7583316564559937,0.25320377945899963,0.28131169080734253,0.0,0.0,0.0,0.0,0.0,0.0,0.0,0.0,762.516357421875,1544.225830078125,3.547801147045739,0.5006814002990723,0.011694424785673618,0.0024141918402165174,0.8405376076698303
PINN20260517-KimLayered,8,138,pretrain,1.0648740530014038,0.20167675614356995,0.37356457114219666,0.1296509951353073,0.13420674204826355,0.12228275835514069,0.7505874633789062,0.25287842750549316,0.27990567684173584,0.0,0.0,0.0,0.0,0.0,0.0,0.0,0.0,759.6597290039062,1535.4163818359375,3.5316547201342883,0.4998203217983246,0.011661708354949951,0.0024043808225542307,0.8406350016593933
PINN20260517-KimLayered,8,140,pretrain,1.0567708015441895,0.20016612112522125,0.37025848031044006,0.1286688894033432,0.13426654040813446,0.12125730514526367,0.7402299642562866,0.25255098938941956,0.2785928249359131,0.0,0.0,0.0,0.0,0.0,0.0,0.0,0.0,756.2197265625,1522.6705322265625,3.5095255365477764,0.49901118874549866,0.01162023562937975,0.002392283407971263,0.8406932950019836
PINN20260517-KimLayered,8,143,pretrain,1.0452536344528198,0.19773459434509277,0.3672715127468109,0.1281638741493225,0.13371902704238892,0.12024811655282974,0.7236108779907227,0.252074271440506,0.27680468559265137,0.0,0.0,0.0,0.0,0.0,0.0,0.0,0.0,749.6735229492188,1496.0504150390625,3.4653792272405775,0.4978720545768738,0.011539936996996403,0.002369408495724201,0.8407053351402283
PINN20260517-KimLayered,8,145,pretrain,1.0367324352264404,0.19591273367404938,0.3657887578010559,0.12739531695842743,0.1329365074634552,0.11978259682655334,0.7116340398788452,0.25176137685775757,0.2757236361503601,0.0,0.0,0.0,0.0,0.0,0.0,0.0,0.0,744.7743530273438,1474.847900390625,3.43103625280404,0.4971529245376587,0.011477116495370865,0.0023515464272350073,0.8406686782836914
PINN20260517-KimLayered,8,148,pretrain,1.0242130756378174,0.19318163394927979,0.3642910122871399,0.1267184317111969,0.1313725709915161,0.11927251517772675,0.691855788230896,0.2512931525707245,0.27424362301826477,0.0,0.0,0.0,0.0,0.0,0.0,0.0,0.0,737.7418823242188,1443.2703857421875,3.3817410839880027,0.496145099401474,0.011373716406524181,0.002321906853467226,0.8405675888061523
PINN20260517-KimLayered,8,150,pretrain,1.016723394393921,0.1915283054113388,0.36363860964775085,0.12648378312587738,0.13025839626789093,0.11900854110717773,0.6794419884681702,0.2509567141532898,0.2733265459537506,0.0,0.0,0.0,0.0,0.0,0.0,0.0,0.0,733.6016845703125,1425.7718505859375,3.3551320614166906,0.4955345690250397,0.011304091662168503,0.00230141868814826,0.8404823541641235
PINN20260517-KimLayered,8,152,pretrain,1.0096110105514526,0.18994981050491333,0.3630524277687073,0.12638649344444275,0.12919415533542633,0.11876262724399567,0.6672325134277344,0.25059017539024353,0.2724462151527405,0.0,0.0,0.0,0.0,0.0,0.0,0.0,0.0,729.8186645507812,1412.8072509765625,3.3346231664742785,0.49498018622398376,0.011237669736146927,0.0022811959497630596,0.8403924107551575
PINN20260517-KimLayered,8,155,pretrain,0.9989767670631409,0.18752709031105042,0.3619685769081116,0.1262633204460144,0.1277661770582199,0.11836865544319153,0.6507490873336792,0.24996618926525116,0.27117249369621277,0.0,0.0,0.0,0.0,0.0,0.0,0.0,0.0,724.5181884765625,1402.2269287109375,3.314040724504769,0.4942589998245239,0.011147883720695972,0.0022522788494825363,0.8402596116065979
PINN20260517-KimLayered,8,157,pretrain,0.9918014407157898,0.18584474921226501,0.3610844016075134,0.12614379823207855,0.126921147108078,0.11808769404888153,0.641184389591217,0.24951112270355225,0.27035096287727356,0.0,0.0,0.0,0.0,0.0,0.0,0.0,0.0,721.2035522460938,1399.6759033203125,3.305007175267093,0.49384769797325134,0.0110941082239151,0.0022339436691254377,0.8401750326156616
PINN20260517-KimLayered,8,160,pretrain,0.9813722968101501,0.18337661027908325,0.35972797870635986,0.12596920132637024,0.12575019896030426,0.11768361926078796,0.6279573440551758,0.2488105297088623,0.2691703140735626,0.0,0.0,0.0,0.0,0.0,0.0,0.0,0.0,716.5739135742188,1398.30029296875,3.2934627985462486,0.493313193321228,0.01101753581315279,0.002207069890573621,0.8400514125823975
PINN20260517-KimLayered,8,162,pretrain,0.974797785282135,0.18182213604450226,0.35889679193496704,0.12586210668087006,0.12498410791158676,0.11744337528944016,0.6195633411407471,0.24835842847824097,0.2684282660484314,0.0,0.0,0.0,0.0,0.0,0.0,0.0,0.0,713.5667114257812,1396.304931640625,3.284340505760862,0.49299392104148865,0.01096564345061779,0.002189074642956257,0.8399680256843567
PINN20260517-KimLayered,8,164,pretrain,0.968443751335144,0.1803169846534729,0.358099102973938,0.12573187053203583,0.1241968646645546,0.11721356213092804,0.6117461919784546,0.24793559312820435,0.2677304148674011,0.0,0.0,0.0,0.0,0.0,0.0,0.0,0.0,710.451416015625,1391.937744140625,3.272633687983561,0.49269092082977295,0.010910981334745884,0.002170828403905034,0.8398815989494324
PINN20260517-KimLayered,8,167,pretrain,0.9590768218040466,0.17808815836906433,0.356919527053833,0.12557321786880493,0.12296536564826965,0.11685266345739365,0.6004899740219116,0.24736028909683228,0.26677265763282776,0.0,0.0,0.0,0.0,0.0,0.0,0.0,0.0,705.4658813476562,1380.352294921875,3.2495916638987716,0.49225035309791565,0.010822365060448647,0.002143179066479206,0.8397473692893982
PINN20260517-KimLayered,8,169,pretrain,0.9529227614402771,0.17662133276462555,0.3561231195926666,0.1255151629447937,0.12213604897260666,0.11659009754657745,0.5930532813072205,0.2470148503780365,0.2661891579627991,0.0,0.0,0.0,0.0,0.0,0.0,0.0,0.0,702.0586547851562,1370.3572998046875,3.2320833528578583,0.491962194442749,0.010759678669273853,0.002124967984855175,0.8396574258804321
PINN20260517-KimLayered,8,172,pretrain,0.9439495801925659,0.17449048161506653,0.3548307716846466,0.12534429132938385,0.12094929814338684,0.11616162210702896,0.5828350782394409,0.24652746319770813,0.26537495851516724,0.0,0.0,0.0,0.0,0.0,0.0,0.0,0.0,697.1182250976562,1354.9219970703125,3.2057549866974138,0.49154651165008545,0.010663926601409912,0.002098889322951436,0.8395285606384277
PINN20260517-KimLayered,8,174,pretrain,0.9381591081619263,0.173129603266716,0.35390937328338623,0.12525425851345062,0.12022576481103897,0.11584892123937607,0.576024055480957,0.24620594084262848,0.2648600935935974,0.0,0.0,0.0,0.0,0.0,0.0,0.0,0.0,694.0257568359375,1345.8924560546875,3.1894582875159845,0.4912865459918976,0.010600876994431019,0.002082701539620757,0.8394505381584167
PINN20260517-KimLayered,8,176,pretrain,0.932477593421936,0.1718030869960785,0.35291430354118347,0.12520800530910492,0.11956454813480377,0.11550932377576828,0.5691541433334351,0.2458808720111847,0.26436060667037964,0.0,0.0,0.0,0.0,0.0,0.0,0.0,0.0,691.0924072265625,1338.393310546875,3.173968870376157,0.4910416603088379,0.010539391078054905,0.0020675889682024717,0.83938068151474
PINN20260517-KimLayered,8,179,pretrain,0.9240898489952087,0.16984817385673523,0.35118675231933594,0.12500126659870148,0.11867739260196686,0.1149536520242691,0.5603187084197998,0.24537554383277893,0.2636341452598572,0.0,0.0,0.0,0.0,0.0,0.0,0.0,0.0,686.9591064453125,1329.76904296875,3.1522134428148436,0.49070075154304504,0.010450287722051144,0.00204677926376462,0.8392899036407471
PINN20260517-KimLayered,8,181,pretrain,0.9186102151870728,0.16857576370239258,0.3499269187450409,0.1247936487197876,0.11813618242740631,0.11456342786550522,0.5551631450653076,0.24503397941589355,0.263166218996048,0.0,0.0,0.0,0.0,0.0,0.0,0.0,0.0,684.3320922851562,1324.7998046875,3.1377630969013133,0.4904862344264984,0.01039170939475298,0.0020338103640824556,0.8392361998558044
PINN20260517-KimLayered,8,184,pretrain,0.910615086555481,0.16672448813915253,0.34802013635635376,0.12444330751895905,0.11735671013593674,0.11397142708301544,0.5479792356491089,0.24452811479568481,0.26249417662620544,0.0,0.0,0.0,0.0,0.0,0.0,0.0,0.0,680.4617309570312,1316.7489013671875,3.115819222272919,0.49017593264579773,0.010301994159817696,0.0020150188356637955,0.8391599059104919
PINN20260517-KimLayered,8,186,pretrain,0.9053897857666016,0.16552242636680603,0.34680408239364624,0.12419725954532623,0.11683588474988937,0.1135805994272232,0.5430806279182434,0.24420106410980225,0.26206880807876587,0.0,0.0,0.0,0.0,0.0,0.0,0.0,0.0,677.8595581054688,1310.3155517578125,3.100649357657414,0.4899720549583435,0.010239435359835625,0.00200259848497808,0.8391087055206299
PINN20260517-KimLayered,8,188,pretrain,0.9002518653869629,0.16434253752231598,0.3456500470638275,0.12393394112586975,0.11630470305681229,0.11319570988416672,0.5382029414176941,0.24388514459133148,0.26166144013404846,0.0,0.0,0.0,0.0,0.0,0.0,0.0,0.0,675.2102661132812,1302.8465576171875,3.084129596227444,0.48976871371269226,0.0101740388199687,0.0019901092164218426,0.8390558958053589
PINN20260517-KimLayered,8,191,pretrain,0.8927095532417297,0.16260045766830444,0.34393876791000366,0.12350054085254669,0.11549129337072372,0.11263006925582886,0.5316733717918396,0.24342204630374908,0.26107969880104065,0.0,0.0,0.0,0.0,0.0,0.0,0.0,0.0,671.2108764648438,1290.6214599609375,3.058216500737337,0.4894592761993408,0.010070918127894402,0.00197121175006032,0.8389732837677002
PINN20260517-KimLayered,8,193,pretrain,0.8877986669540405,0.16145876049995422,0.34279003739356995,0.12319257110357285,0.11494705080986023,0.11226160079240799,0.5279000997543335,0.24311921000480652,0.26070502400398254,0.0,0.0,0.0,0.0,0.0,0.0,0.0,0.0,668.5791015625,1282.5419921875,3.0412983159743257,0.4892551302909851,0.009999445639550686,0.001958573702722788,0.8389168381690979
PINN20260517-KimLayered,8,196,pretrain,0.8806040287017822,0.15978199243545532,0.3411564230918884,0.12283502519130707,0.11414366960525513,0.1117212325334549,0.521906852722168,0.24265620112419128,0.2601521909236908,0.0,0.0,0.0,0.0,0.0,0.0,0.0,0.0,664.7426147460938,1271.61083984375,3.018399565304622,0.4889645576477051,0.009889015927910805,0.001939665642566979,0.8388317227363586
PINN20260517-KimLayered,8,198,pretrain,0.8759017586708069,0.1586843580007553,0.3401413559913635,0.12273703515529633,0.11362137645483017,0.11136719584465027,0.517221212387085,0.24234047532081604,0.25978684425354004,0.0,0.0,0.0,0.0,0.0,0.0,0.0,0.0,662.2598266601562,1265.2657470703125,3.004205075749824,0.48878225684165955,0.009813587181270123,0.0019271178171038628,0.8387752771377563
PINN20260517-KimLayered,8,200,pretrain,0.8712469339370728,0.1575906127691269,0.3390461504459381,0.1225297674536705,0.11310967057943344,0.11101797968149185,0.5136017203330994,0.24201641976833344,0.2594220042228699,0.0,0.0,0.0,0.0,0.0,0.0,0.0,0.0,659.832763671875,1259.6260986328125,2.991347508319285,0.48861008882522583,0.009737352840602398,0.001914657885208726,0.8387187719345093
PINN20260517-KimLayered,8,203,pretrain,0.8643919825553894,0.15597255527973175,0.3374292850494385,0.12234195321798325,0.11235161125659943,0.11050298064947128,0.5079661011695862,0.2415241152048111,0.2588807940483093,0.0,0.0,0.0,0.0,0.0,0.0,0.0,0.0,656.2371826171875,1251.5491943359375,2.9717800833958368,0.4883618950843811,0.009620859287679195,0.0018959720619022846,0.838633120059967
PINN20260517-KimLayered,8,205,pretrain,0.859901487827301,0.1549072414636612,0.3363645672798157,0.1222037747502327,0.11184582859277725,0.1101670041680336,0.5045361518859863,0.24119526147842407,0.25852474570274353,0.0,0.0,0.0,0.0,0.0,0.0,0.0,0.0,653.8521118164062,1246.1483154296875,2.959874954364676,0.488203763961792,0.009541970677673817,0.001883482444100082,0.8385745286941528
PINN20260517-KimLayered,8,208,pretrain,0.8532794713973999,0.1533399522304535,0.3349025845527649,0.1220964565873146,0.11107772588729858,0.10967304557561874,0.4986167848110199,0.240702286362648,0.2580008804798126,0.0,0.0,0.0,0.0,0.0,0.0,0.0,0.0,650.2448120117188,1237.3961181640625,2.9409132405918754,0.4879739582538605,0.009422246366739273,0.0018646694952622056,0.8384835124015808
PINN20260517-KimLayered,8,210,pretrain,0.8489342927932739,0.1523076742887497,0.3339323103427887,0.12197220325469971,0.11056080460548401,0.10934849828481674,0.4951627254486084,0.2403755784034729,0.2576582729816437,0.0,0.0,0.0,0.0,0.0,0.0,0.0,0.0,647.8348999023438,1231.3028564453125,2.928567800281132,0.4878246486186981,0.009342798963189125,0.0018521883757784963,0.8384209871292114
PINN20260517-KimLayered,8,212,pretrain,0.8446314930915833,0.15128524601459503,0.3329683542251587,0.12184740602970123,0.11004361510276794,0.10902535170316696,0.49178841710090637,0.24004952609539032,0.25732091069221497,0.0,0.0,0.0,0.0,0.0,0.0,0.0,0.0,645.42724609375,1225.069091796875,2.9152149629384225,0.48767679929733276,0.0092646274715662,0.001839854521676898,0.8383574485778809
PINN20260517-KimLayered,8,215,pretrain,0.8382763266563416,0.14977382123470306,0.3315132260322571,0.12161155790090561,0.10927550494670868,0.10854139178991318,0.4872305393218994,0.23955285549163818,0.25682130455970764,0.0,0.0,0.0,0.0,0.0,0.0,0.0,0.0,641.8709106445312,1216.11328125,2.8969819222182522,0.4874636232852936,0.0091515202075243,0.001821834477595985,0.838261604309082
PINN20260517-KimLayered,8,217,pretrain,0.8341116309165955,0.14878499507904053,0.33054739236831665,0.1214357316493988,0.10877232998609543,0.108218252658844,0.48436564207077026,0.2392173409461975,0.2564903199672699,0.0,0.0,0.0,0.0,0.0,0.0,0.0,0.0,639.53662109375,1210.3995361328125,2.884508833260504,0.48733192682266235,0.009079626761376858,0.0018102333415299654,0.8381981253623962
PINN20260517-KimLayered,8,220,pretrain,0.8279080390930176,0.14731812477111816,0.32910823822021484,0.1212897077202797,0.10803277790546417,0.10772983729839325,0.47940385341644287,0.23870621621608734,0.25599828362464905,0.0,0.0,0.0,0.0,0.0,0.0,0.0,0.0,636.1011352539062,1202.3343505859375,2.867166005875018,0.4871462881565094,0.008977778255939484,0.0017935230862349272,0.8381039500236511
PINN20260517-KimLayered,8,222,physics,0.849929928779602,0.14635373651981354,0.3281182646751404,0.12114539742469788,0.10754954069852829,0.10740172117948532,0.47655099630355835,0.23836228251457214,0.2556751072406769,0.6847145557403564,6.653813761658967e-05,4.585403671347743e-12,9.52003134102597e-08,0.5263022184371948,0.06812191754579544,0.0084043238312006,0.0905802920460701,633.83203125,1196.90966796875,2.8548988124299877,0.4870286285877228,0.008926540613174438,0.0017846048576757312,0.8380418419837952
PINN20260517-KimLayered,8,224,physics,0.8458177447319031,0.14540062844753265,0.3271239697933197,0.12100768834352493,0.10707082599401474,0.10707297921180725,0.4737854599952698,0.2380179911851883,0.25536003708839417,0.6807835698127747,6.667397974524647e-05,4.661864210636635e-12,9.487381191775057e-08,0.5261738300323486,0.06817537546157837,0.008414160460233688,0.0904286801815033,631.5780029296875,1191.4327392578125,2.8436082183055156,0.4869149923324585,0.00891283992677927,0.0017805538373067975,0.8379795551300049
PINN20260517-KimLayered,8,227,physics,0.8396260142326355,0.14399293065071106,0.3256465494632721,0.120831198990345,0.10636009275913239,0.10657839477062225,0.46959978342056274,0.2375010997056961,0.254897803068161,0.6693320870399475,6.811204366385937e-05,4.872298745017822e-12,9.444188009410937e-08,0.5259619355201721,0.06824787706136703,0.008428124710917473,0.09020249545574188,628.2152099609375,1183.0626220703125,2.8260169067937717,0.4867563545703888,0.00893067754805088,0.0017798487097024918,0.8378862142562866
PINN20260517-KimLayered,8,229,physics,0.8355133533477783,0.14306825399398804,0.32466402649879456,0.12072263658046722,0.1058918908238411,0.106246717274189,0.4668062925338745,0.23715128004550934,0.2545941472053528,0.6600170731544495,6.954256241442636e-05,5.070918511485001e-12,9.415596480266686e-08,0.5258144736289978,0.0682927742600441,0.008437062613666058,0.09005406498908997,625.9993896484375,1177.60498046875,2.8153158594604966,0.48665913939476013,0.008957631886005402,0.001782161183655262,0.837824285030365
PINN20260517-KimLayered,8,232,physics,0.8294100165367126,0.14169594645500183,0.32317671179771423,0.1206187829375267,0.1051994115114212,0.10574465245008469,0.46254366636276245,0.23662018775939941,0.2541428804397583,0.6460866928100586,7.17262300895527e-05,5.4521690981412796e-12,9.395814970503125e-08,0.525592565536499,0.06835709512233734,0.008450444787740707,0.08983605355024338,622.709716796875,1169.647216796875,2.798732894738314,0.486522376537323,0.008999559096992016,0.0017882892861962318,0.8377322554588318
PINN20260517-KimLayered,8,234,physics,0.8253781795501709,0.14078742265701294,0.3221491873264313,0.12049540877342224,0.10474395006895065,0.10540711134672165,0.46009719371795654,0.23625865578651428,0.25384190678596497,0.6375617384910583,7.272514631040394e-05,5.750844245255848e-12,9.36855641953116e-08,0.5254467725753784,0.06839931756258011,0.008459320291876793,0.08969401568174362,620.5401000976562,1164.550048828125,2.7878961642800837,0.48643895983695984,0.009014124050736427,0.0017929869936779141,0.8376713395118713
PINN20260517-KimLayered,8,236,physics,0.8214155435562134,0.13988861441612244,0.3211233615875244,0.12040001153945923,0.10429169237613678,0.1050674319267273,0.4576258063316345,0.23589305579662323,0.2535403072834015,0.6303622126579285,7.307511987164617e-05,6.074217084178768e-12,9.347611040766424e-08,0.5253027677536011,0.06844063848257065,0.008468210697174072,0.08955391496419907,618.3892822265625,1159.6322021484375,2.7783124876486744,0.4863615036010742,0.009010340087115765,0.0017973234644159675,0.8376107811927795
PINN20260517-KimLayered,8,239,physics,0.8156116604804993,0.13855373859405518,0.3195934593677521,0.1202828660607338,0.10361757129430771,0.10455518960952759,0.45370757579803467,0.23533672094345093,0.25308626890182495,0.6249099373817444,7.23755219951272e-05,6.556050407419134e-12,9.309651716193912e-08,0.5250874757766724,0.0685003325343132,0.008481298573315144,0.08934634178876877,615.1712646484375,1152.2415771484375,2.76271023253743,0.48625850677490234,0.008971071802079678,0.0018015846144407988,0.8375202417373657
PINN20260517-KimLayered,8,241,physics,0.8118698596954346,0.13767409324645996,0.3185746371746063,0.1202380433678627,0.10317026823759079,0.10421097278594971,0.4510654807090759,0.2349592000246048,0.25278440117836,0.6253589987754822,7.130032463464886e-05,6.799201826557244e-12,9.294540603832502e-08,0.52494215965271,0.06853792071342468,0.008489998988807201,0.08920868486166,613.0374145507812,1147.3702392578125,2.753667350262975,0.4861949682235718,0.008928114548325539,0.0018013558583334088,0.8374600410461426
PINN20260517-KimLayered,8,244,physics,0.8063231706619263,0.13636334240436554,0.31699278950691223,0.12003733962774277,0.10250291228294373,0.10369185358285904,0.4479452967643738,0.23438116908073425,0.2523330748081207,0.6278687119483948,6.924345507286489e-05,6.936169087007338e-12,9.230392095105344e-08,0.5247204303741455,0.0685919001698494,0.00850277952849865,0.08900361508131027,609.8385009765625,1139.93798828125,2.739069840256709,0.4861091077327728,0.008851121179759502,0.00179473333992064,0.8373692035675049
PINN20260517-KimLayered,8,246,physics,0.8026328682899475,0.1354968249797821,0.31596797704696655,0.1200384870171547,0.10206051170825958,0.10334300994873047,0.4451490044593811,0.2339884489774704,0.25203555822372437,0.6287387013435364,6.780552212148905e-05,6.901886180632477e-12,9.230022612882749e-08,0.5245715379714966,0.06862517446279526,0.008511350490152836,0.08886799216270447,607.7124633789062,1134.9732666015625,2.7289482057848753,0.4860557019710541,0.008798083290457726,0.0017868590075522661,0.8373088240623474
PINN20260517-KimLayered,8,248,physics,0.7989351153373718,0.1346360594034195,0.31491267681121826,0.11992955952882767,0.10162177681922913,0.10299334675073624,0.4429147243499756,0.23358748853206635,0.2517390549182892,0.6286793351173401,6.649645365541801e-05,6.810372144699928e-12,9.19444929081692e-08,0.524423360824585,0.06865838170051575,0.008519783616065979,0.08873475342988968,605.60546875,1130.1549072265625,2.720447331683377,0.48600852489471436,0.008748873136937618,0.001777408178895712,0.8372483253479004
PINN20260517-KimLayered,8,251,physics,0.7934020161628723,0.13335560262203217,0.31332916021347046,0.11982780694961548,0.10097122937440872,0.10246551781892776,0.4393021762371063,0.2329704910516739,0.25129878520965576,0.6274874806404114,6.491663953056559e-05,6.634800348015446e-12,9.152393687372751e-08,0.5242045521736145,0.06870696693658829,0.008532572537660599,0.08853941410779953,602.4595336914062,1122.9859619140625,2.705592568890881,0.4859451651573181,0.008687160909175873,0.0017620105063542724,0.8371577858924866
PINN20260517-KimLayered,8,253,physics,0.7897626161575317,0.13251596689224243,0.3122849762439728,0.11981064081192017,0.10054247826337814,0.10211212188005447,0.436698853969574,0.23254729807376862,0.2510080635547638,0.6265304684638977,6.414068775484338e-05,6.520873684773276e-12,9.136699219425282e-08,0.5240612626075745,0.06873870640993118,0.008541176095604897,0.08841237425804138,600.3833618164062,1118.380615234375,2.6970903864097666,0.4859084486961365,0.008655091747641563,0.0017517702654004097,0.8370976448059082
PINN20260517-KimLayered,8,256,physics,0.7843186259269714,0.13125750422477722,0.31068021059036255,0.11967170238494873,0.09990599751472473,0.10158221423625946,0.43345874547958374,0.23189257085323334,0.25057339668273926,0.6256781220436096,6.332815974019468e-05,6.384014844540431e-12,9.060823202844404e-08,0.5238482356071472,0.06878656148910522,0.0085538225248456,0.08822636306285858,597.2857055664062,1111.560546875,2.68506992412474,0.4858659505844116,0.00861889123916626,0.001737455721013248,0.8370070457458496
PINN20260517-KimLayered,8,258,physics,0.7807111740112305,0.13042637705802917,0.3096432685852051,0.11970999836921692,0.09948423504829407,0.10122763365507126,0.4304658770561218,0.23144616186618805,0.25028643012046814,0.6256826519966125,6.292045873124152e-05,6.329215797296062e-12,9.054475924585859e-08,0.5237051844596863,0.06881655007600784,0.008562321774661541,0.08810347318649292,595.21923828125,1106.9339599609375,2.6755216493898493,0.4858410656452179,0.008599759079515934,0.0017289129318669438,0.8369466066360474
PINN20260517-KimLayered,8,260,physics,0.7771444320678711,0.1296006143093109,0.30858778953552246,0.11969979107379913,0.09906478971242905,0.10087224096059799,0.42791977524757385,0.23098698258399963,0.25000083446502686,0.6260208487510681,6.256736378418282e-05,6.3058104744773136e-12,9.039909087960041e-08,0.5235598683357239,0.06884600222110748,0.008570849895477295,0.08798108249902725,593.16357421875,1102.400634765625,2.668011514397653,0.4858179986476898,0.00858253613114357,0.0017212950624525547,0.8368858695030212
PINN20260517-KimLayered,8,263,physics,0.7718576192855835,0.12837564945220947,0.30697906017303467,0.11956441402435303,0.09843935817480087,0.10033909976482391,0.424912691116333,0.2302754819393158,0.24957287311553955,0.6267040967941284,6.199158815434203e-05,6.321979398316024e-12,8.981172072708432e-08,0.5233386754989624,0.06888970732688904,0.008583526127040386,0.08779880404472351,590.0809936523438,1095.55078125,2.6551316365700326,0.4857899844646454,0.008555838838219643,0.0017114052316173911,0.8367941379547119
PINN20260517-KimLayered,8,265,physics,0.7683190703392029,0.12756294012069702,0.3059474527835846,0.11963032186031342,0.09802419692277908,0.09998290985822678,0.4218491315841675,0.22978408634662628,0.24928876757621765,0.6270797252655029,6.147954263724387e-05,6.360547071676548e-12,8.992439859412116e-08,0.5231902599334717,0.06891722977161407,0.008592072874307632,0.08767762780189514,588.029541015625,1091.016845703125,2.645914035717379,0.4857739806175232,0.008534717373549938,0.0017055226489901543,0.8367329239845276
PINN20260517-KimLayered,8,268,physics,0.7630748748779297,0.12635518610477448,0.3043529987335205,0.1195249930024147,0.09740577638149261,0.09944966435432434,0.41865700483322144,0.22901900112628937,0.24886059761047363,0.6274531483650208,6.051887248759158e-05,6.44091377455247e-12,8.940065043816503e-08,0.5229671597480774,0.06895983219146729,0.008604826405644417,0.08749788999557495,584.9749755859375,1084.4462890625,2.6345902625517756,0.485757440328598,0.008497084490954876,0.001697320374660194,0.8366403579711914
PINN20260517-KimLayered,8,270,physics,0.7595956325531006,0.12555475533008575,0.3032989501953125,0.11949814856052399,0.09699587523937225,0.09909386932849884,0.4163346290588379,0.22848822176456451,0.24857501685619354,0.6276847720146179,5.9741043514804915e-05,6.5030481000150075e-12,8.920196137296443e-08,0.5228181481361389,0.06898773461580276,0.008613440208137035,0.08737863600254059,582.9390869140625,1080.0635986328125,2.6257006991220466,0.4857485890388489,0.00846780277788639,0.0016919660847634077,0.8365786075592041
PINN20260517-KimLayered,8,272,physics,0.7561417818069458,0.12476067990064621,0.3022495210170746,0.11947538703680038,0.09658768028020859,0.09873833507299423,0.4140257239341736,0.22794221341609955,0.24828897416591644,0.6279963254928589,5.88806506129913e-05,6.566005551766896e-12,8.90092621830263e-08,0.5226686596870422,0.06901533156633377,0.008622074499726295,0.08725981414318085,580.913818359375,1075.769775390625,2.6186305118866944,0.48574188351631165,0.00843597762286663,0.0016865418292582035,0.8365165591239929
PINN20260517-KimLayered,8,275,physics,0.7510074973106384,0.1235814169049263,0.3006635904312134,0.11935964971780777,0.09597849100828171,0.09820612519979477,0.41106265783309937,0.22708560526371002,0.24785831570625305,0.6286851763725281,5.7512574130669236e-05,6.6530882365800625e-12,8.837363196789738e-08,0.5224429368972778,0.06905651092529297,0.008634889498353004,0.0870823860168457,577.8751831054688,1069.26416015625,2.606859831177617,0.48573750257492065,0.008385840803384781,0.0016780908918008208,0.8364230394363403
PINN20260517-KimLayered,8,277,physics,0.7476027607917786,0.12279839813709259,0.2996233105659485,0.11936797946691513,0.09557416290044785,0.09785088896751404,0.4086993634700775,0.22649072110652924,0.24757154285907745,0.6292784214019775,5.6590037274872884e-05,6.7050718276229215e-12,8.826526709526661e-08,0.5222916007041931,0.06908263266086578,0.008643495850265026,0.08696404844522476,575.8527221679688,1064.9207763671875,2.5990026766891328,0.4857349991798401,0.00835214089602232,0.001672164537012577,0.836360514163971
PINN20260517-KimLayered,8,280,physics,0.7425198554992676,0.12163037806749344,0.2980227470397949,0.11926116049289703,0.09497180581092834,0.09731844812631607,0.405908465385437,0.22555796802043915,0.2471400946378708,0.6302253007888794,5.5281143431784585e-05,6.769632163866612e-12,8.774311055503858e-08,0.522064208984375,0.06912211328744888,0.00865638256072998,0.0867876335978508,572.8301391601562,1058.47802734375,2.5875898221211173,0.4857344329357147,0.008303786627948284,0.001662895898334682,0.8362664580345154
PINN20260517-KimLayered,8,282,physics,0.7391639947891235,0.12085915356874466,0.2969643771648407,0.1192159503698349,0.09457311034202576,0.09696406871080399,0.4040057063102722,0.22490660846233368,0.2468518763780594,0.6308344602584839,5.4462405387312174e-05,6.804785034064675e-12,8.750723878847566e-08,0.5219135880470276,0.0691482424736023,0.008665010333061218,0.08667099475860596,570.8289184570312,1054.2874755859375,2.581517433971783,0.4857363998889923,0.008273442275822163,0.0016565005062147975,0.8362036347389221
PINN20260517-KimLayered,8,284,physics,0.7358328700065613,0.12009675800800323,0.29591119289398193,0.11914543807506561,0.09417662769556046,0.09661083668470383,0.4022095799446106,0.22422966361045837,0.2465624213218689,0.6313961148262024,5.368512574932538e-05,6.833966552377557e-12,8.71254570711244e-08,0.5217639207839966,0.06917465478181839,0.008673534728586674,0.08655545115470886,568.8306274414062,1050.0970458984375,2.5746986802442873,0.4857424795627594,0.008244737051427364,0.0016499945195391774,0.8361406326293945
PINN20260517-KimLayered,8,287,physics,0.7308638095855713,0.11895942687988281,0.2943600118160248,0.11916357278823853,0.09358509629964828,0.09608083963394165,0.39895814657211304,0.2231661081314087,0.24612772464752197,0.6322059035301208,5.2581999625544995e-05,6.874687884933506e-12,8.705308118805988e-08,0.5215390920639038,0.0692129135131836,0.008686430752277374,0.08638232201337814,565.8411254882812,1043.847412109375,2.564329286775482,0.4857524633407593,0.00820402055978775,0.0016401152824983,0.8360459804534912
PINN20260517-KimLayered,8,289,physics,0.727540135383606,0.11819963902235031,0.2932821810245514,0.1190686970949173,0.09319327771663666,0.09572838991880417,0.39742082357406616,0.222420796751976,0.24583619832992554,0.6327468156814575,5.189368675928563e-05,6.9008067489495506e-12,8.664014217174554e-08,0.5213879942893982,0.06923887878656387,0.008695011958479881,0.08626721054315567,563.8551025390625,1039.7303466796875,2.5580408339102507,0.4857603907585144,0.008178219199180603,0.0016335464315488935,0.8359825611114502
PINN20260517-KimLayered,8,292,physics,0.7226229906082153,0.11707454919815063,0.2917035222053528,0.11902092397212982,0.09260816872119904,0.09520033746957779,0.3947868049144745,0.22124554216861725,0.2453967034816742,0.633598268032074,5.085766679258086e-05,6.9428456039855035e-12,8.636636295022981e-08,0.5211601257324219,0.06927669048309326,0.008707882836461067,0.08609449863433838,560.8851928710938,1033.5908203125,2.5490284763279734,0.4857746958732605,0.00813970435410738,0.0016237596282735467,0.83588707447052
PINN20260517-KimLayered,8,294,physics,0.7193716764450073,0.11633527278900146,0.29066166281700134,0.11896760016679764,0.09221980720758438,0.09484988451004028,0.39307671785354614,0.22042064368724823,0.24510106444358826,0.6341766119003296,5.015086935600266e-05,6.9723961847178995e-12,8.603969092746411e-08,0.5210074782371521,0.06930185854434967,0.008716331794857979,0.08597978204488754,558.9095458984375,1029.5106201171875,2.543092554525268,0.4857884645462036,0.008113687857985497,0.0016173244221135974,0.835823118686676
PINN20260517-KimLayered,8,296,physics,0.7161291241645813,0.11559723317623138,0.28963208198547363,0.1189727783203125,0.0918324664235115,0.09449952095746994,0.391121506690979,0.2195647656917572,0.2448040246963501,0.6347683072090149,4.9427326302975416e-05,7.0057588202887544e-12,8.595991829452032e-08,0.5208536982536316,0.0693262591958046,0.00872480683028698,0.08586468547582626,556.9356689453125,1025.4388427734375,2.5365984490122937,0.48580223321914673,0.00808708369731903,0.0016109691932797432,0.8357589244842529
PINN20260517-KimLayered,8,299,physics,0.7112972736358643,0.11449669301509857,0.28804656863212585,0.11887986958026886,0.09125494211912155,0.09397485107183456,0.388963520526886,0.21821598708629608,0.24435430765151978,0.6356589198112488,4.8338293709093705e-05,7.061124688428899e-12,8.552636643344158e-08,0.5206213593482971,0.06936326622962952,0.00873753521591425,0.08569210767745972,553.9921875,1019.468505859375,2.528553306957712,0.4858238697052002,0.008046476170420647,0.0016016318695619702,0.8356621861457825
PINN20260517-KimLayered,8,301,physics,0.7080907821655273,0.11376827955245972,0.28700605034828186,0.11886988580226898,0.09087186306715012,0.09362535923719406,0.38726067543029785,0.21726758778095245,0.24405182898044586,0.6362523436546326,4.7595043724868447e-05,7.101383283497631e-12,8.546042806756304e-08,0.5204663276672363,0.06938749551773071,0.008746026083827019,0.08557721972465515,552.0365600585938,1015.523193359375,2.522788987602608,0.48583984375,0.008018795400857925,0.0015955129638314247,0.8355976343154907
PINN20260517-KimLayered,8,304,physics,0.7033246159553528,0.11269083619117737,0.285453200340271,0.11882296204566956,0.0903002992272377,0.09310293197631836,0.3848704695701599,0.2157752364873886,0.24359284341335297,0.6371282935142517,4.6472949179587886e-05,7.1632725792691865e-12,8.520297001268773e-08,0.5202339887619019,0.06942413747310638,0.008758635260164738,0.08540590852499008,549.1194458007812,1009.7144775390625,2.5157265108328275,0.48586881160736084,0.007977021858096123,0.001586480881087482,0.8355004787445068
PINN20260517-KimLayered,8,306,physics,0.7001703977584839,0.1119789257645607,0.2844195067882538,0.1187974140048027,0.0899209976196289,0.09275485575199127,0.38332700729370117,0.21472994983196259,0.24328385293483734,0.637711226940155,4.573315163725056e-05,7.205966292417321e-12,8.506673765396044e-08,0.5200784802436829,0.06944826990365982,0.008767006918787956,0.08529176563024521,547.178955078125,1005.8500366210938,2.5106236149398775,0.48588937520980835,0.007949354127049446,0.001580535783432424,0.8354353904724121
PINN20260517-KimLayered,8,308,physics,0.6970252990722656,0.11126859486103058,0.28338420391082764,0.11879511922597885,0.08954299986362457,0.09240665286779404,0.3817523419857025,0.21364717185497284,0.24297262728214264,0.6382966637611389,4.500777868088335e-05,7.249790177910054e-12,8.504438397949343e-08,0.5199219584465027,0.06947185844182968,0.008775363676249981,0.08517740666866302,545.2424926757812,1002.0057983398438,2.5051671388180994,0.48590946197509766,0.007922053337097168,0.001574632478877902,0.8353701829910278
PINN20260517-KimLayered,8,311,physics,0.6923499703407288,0.11021211743354797,0.28180816769599915,0.11872492730617523,0.08897904306650162,0.09188508987426758,0.37998688220977783,0.21194186806678772,0.2425004541873932,0.6391688585281372,4.3958814785582945e-05,7.31395152775427e-12,8.47532604097978e-08,0.519686222076416,0.06950751692056656,0.008787843398749828,0.08500629663467407,542.3572998046875,996.365966796875,2.4985796391559263,0.48594141006469727,0.00788220763206482,0.0015658439369872212,0.8352720141410828
PINN20260517-KimLayered,8,313,physics,0.6892569661140442,0.10952021181583405,0.2807849049568176,0.11872908473014832,0.08860466629266739,0.09153762459754944,0.3784130811691284,0.21075190603733063,0.2421821504831314,0.6397463083267212,4.327116039348766e-05,7.355231007588614e-12,8.477338298007453e-08,0.5195292830467224,0.06953085213899612,0.008796113543212414,0.0848926529288292,540.4423217773438,992.6519165039062,2.4942515375608103,0.4859643876552582,0.007856164127588272,0.0015599970938637853,0.8352065086364746
PINN20260517-KimLayered,8,316,physics,0.6846421957015991,0.10848987847566605,0.2792223393917084,0.11862687021493912,0.08804585784673691,0.0910181999206543,0.37674808502197266,0.20888908207416534,0.24169796705245972,0.6405829787254333,4.2269297409802675e-05,7.411818554736715e-12,8.42496348241184e-08,0.5192931890487671,0.06956670433282852,0.008808325976133347,0.08472325652837753,537.5890502929688,987.1541748046875,2.48973301156503,0.4860036075115204,0.007818086072802544,0.0015512541867792606,0.8351075649261475
PINN20260517-KimLayered,8,318,physics,0.6815793514251709,0.10781077295541763,0.2782003581523895,0.11861532926559448,0.08767450600862503,0.09067181497812271,0.3752792477607727,0.20759311318397522,0.24137121438980103,0.6411306858062744,4.160909520578571e-05,7.448733470305502e-12,8.413263685724814e-08,0.5191347599029541,0.06958968937397003,0.008816353045403957,0.08461003005504608,535.686767578125,983.4422607421875,2.4855158698648587,0.48602980375289917,0.007792991120368242,0.0015454241074621677,0.8350416421890259
PINN20260517-KimLayered,8,320,physics,0.6785275340080261,0.1071319431066513,0.2771684527397156,0.11861122399568558,0.08730445802211761,0.09032539278268814,0.37393873929977417,0.20625782012939453,0.24104084074497223,0.6416761875152588,4.096183329238556e-05,7.485340472457302e-12,8.407141649513505e-08,0.5189753174781799,0.06961233168840408,0.008824331685900688,0.0844966396689415,533.7913208007812,979.7657470703125,2.480966453856492,0.48605504631996155,0.007768145762383938,0.0015396071830764413,0.8349754214286804
PINN20260517-KimLayered,8,323,physics,0.6739777326583862,0.10611842572689056,0.2755967974662781,0.11857463419437408,0.08675231039524078,0.08980640769004822,0.37234246730804443,0.2041769027709961,0.24053776264190674,0.6425041556358337,4.001505294581875e-05,7.538718781174847e-12,8.396628459195199e-08,0.5187361240386963,0.0696466714143753,0.008836274966597557,0.08432706445455551,530.96923828125,974.4005737304688,2.47482104878952,0.4860922694206238,0.007731211371719837,0.0015309324953705072,0.8348758816719055
PINN20260517-KimLayered,8,325,physics,0.670971691608429,0.10545285046100616,0.27455615997314453,0.11853587627410889,0.0863860696554184,0.08946198970079422,0.37134069204330444,0.20273451507091522,0.24019671976566315,0.643054723739624,3.938536247005686e-05,7.571876285694668e-12,8.382152572039558e-08,0.5185778737068176,0.06967015564441681,0.008844167925417423,0.08421524614095688,529.1007690429688,970.8958740234375,2.471392082325458,0.4861200749874115,0.007706570439040661,0.0015251903096213937,0.8348093032836914
PINN20260517-KimLayered,8,328,physics,0.6664809584617615,0.10447542369365692,0.27303627133369446,0.11851818114519119,0.0858389288187027,0.08894709497690201,0.3691949248313904,0.20050257444381714,0.23967647552490234,0.6438784003257751,3.8434947782661766e-05,7.620570841027074e-12,8.377784865842841e-08,0.5183408260345459,0.06970507651567459,0.008855857886373997,0.08404840528964996,526.3157958984375,965.7017822265625,2.4677176029167676,0.48616495728492737,0.007669377606362104,0.0015166449593380094,0.8347093462944031
PINN20260517-KimLayered,8,330,physics,0.6635156273841858,0.10382866859436035,0.27201515436172485,0.11849427223205566,0.08547522127628326,0.08860450983047485,0.3680155873298645,0.19896690547466278,0.23932377994060516,0.6444244384765625,3.7810823414474726e-05,7.654108249988134e-12,8.368805737291041e-08,0.5181810855865479,0.06972800195217133,0.008863535709679127,0.08393695205450058,524.4633178710938,962.2330322265625,2.464731070605267,0.4861944019794464,0.007644664030522108,0.0015110134845599532,0.8346424698829651
PINN20260517-KimLayered,8,332,physics,0.6605587005615234,0.10318367928266525,0.270982027053833,0.1184605285525322,0.08511247485876083,0.08826249092817307,0.36698782444000244,0.19739559292793274,0.23896604776382446,0.6449686288833618,3.719848609762266e-05,7.688991804366552e-12,8.355117842029358e-08,0.5180197954177856,0.06975065916776657,0.008871124126017094,0.08382527530193329,522.6172485351562,958.7871704101562,2.4613822672837045,0.4862229526042938,0.007620127871632576,0.0015054442919790745,0.8345752358436584
PINN20260517-KimLayered,8,335,physics,0.6561549305915833,0.10222584009170532,0.2694406807422638,0.11843744665384293,0.08457069844007492,0.08775056153535843,0.36537861824035645,0.19497066736221313,0.23841948807239532,0.6457858085632324,3.6295732570579275e-05,7.742304193592009e-12,8.344913737801107e-08,0.5177780985832214,0.06978455930948257,0.008882393129169941,0.08365853875875473,519.872802734375,953.7664794921875,2.4567977251716515,0.48626643419265747,0.007583659142255783,0.001497210469096899,0.834474503993988
PINN20260517-KimLayered,8,337,physics,0.6532413959503174,0.10159704834222794,0.2684090733528137,0.11838136613368988,0.08421152830123901,0.08741103112697601,0.3644888997077942,0.19331251084804535,0.23804780840873718,0.6463236808776855,3.570618719095364e-05,7.776318651508962e-12,8.316085597925849e-08,0.5176180005073547,0.06980796158313751,0.008889828808605671,0.08354875445365906,518.0596313476562,950.5186157226562,2.454405429952209,0.4862982928752899,0.007559694349765778,0.001491802977398038,0.8344070315361023
PINN20260517-KimLayered,8,340,physics,0.6488966941833496,0.10066758096218109,0.2668939232826233,0.11836490780115128,0.08367456495761871,0.08690251410007477,0.3626571297645569,0.1907626837491989,0.23747901618480682,0.6471270322799683,3.483261025394313e-05,7.827873765853255e-12,8.306740539865132e-08,0.5173781514167786,0.06984235346317291,0.00890081562101841,0.08338464051485062,515.3538818359375,945.6880493164062,2.450635962035521,0.4863470494747162,0.007524053566157818,0.001483777305111289,0.8343057632446289
PINN20260517-KimLayered,8,342,physics,0.6460199952125549,0.10005223006010056,0.2658703327178955,0.11833927035331726,0.08331792801618576,0.08656387776136398,0.36164921522140503,0.18902836740016937,0.23709222674369812,0.6476584672927856,3.4266533475602046e-05,7.862518795753726e-12,8.296098030768917e-08,0.5172168612480164,0.06986498832702637,0.008908017538487911,0.0832751914858818,513.5637817382812,942.527099609375,2.448340106795272,0.48637914657592773,0.0075006550177931786,0.0014784808736294508,0.8342380523681641
PINN20260517-KimLayered,8,344,physics,0.6431818604469299,0.09944434463977814,0.26483216881752014,0.11826128512620926,0.08296234160661697,0.08622633665800095,0.36110061407089233,0.18726477026939392,0.23669876158237457,0.6481754779815674,3.371126149431802e-05,7.89567890235876e-12,8.255076267005279e-08,0.5170552730560303,0.06988786906003952,0.008915095590054989,0.08316627889871597,511.7816162109375,939.3688354492188,2.446462616035675,0.48641273379325867,0.007477537263184786,0.0014732222771272063,0.8341699838638306
PINN20260517-KimLayered,8,347,physics,0.6389152407646179,0.09855011105537415,0.26334142684936523,0.11827335506677628,0.08243057131767273,0.08572015911340714,0.35897397994995117,0.18457692861557007,0.23609456419944763,0.648938000202179,3.28734859067481e-05,7.945348372284666e-12,8.253938688085327e-08,0.5168136358261108,0.06992045789957047,0.008925432339310646,0.08300340920686722,509.1238708496094,934.6669311523438,2.4436345289951955,0.4864647686481476,0.007442833855748177,0.0014653714606538415,0.8340681791305542
PINN20260517-KimLayered,8,349,physics,0.6360914707183838,0.09795525670051575,0.2623198330402374,0.11824887990951538,0.08207794278860092,0.08538324385881424,0.3579760789871216,0.18275563418865204,0.23568253219127655,0.6494472622871399,3.233413735870272e-05,7.977407796844194e-12,8.238462356757736e-08,0.5166527032852173,0.06994254887104034,0.008932259865105152,0.082895427942276,507.3727722167969,931.6841430664062,2.441054580226668,0.48649922013282776,0.007420072332024574,0.0014601892326027155,0.8339999914169312
PINN20260517-KimLayered,8,352,physics,0.6318994164466858,0.09707049280405045,0.26077407598495483,0.11819594353437424,0.0815514475107193,0.08487923443317413,0.3568217158317566,0.17998386919498444,0.23505035042762756,0.6502140760421753,3.154524529236369e-05,8.023418734959264e-12,8.208464663539417e-08,0.5164123177528381,0.0699760839343071,0.008942391723394394,0.08273468911647797,504.76788330078125,927.3299560546875,2.437656505115414,0.48655205965042114,0.007386299315840006,0.0014524860307574272,0.8338976502418518
PINN20260517-KimLayered,8,354,physics,0.629118025302887,0.09649563580751419,0.2597726285457611,0.11818063259124756,0.08120186626911163,0.08454404026269913,0.3556192219257355,0.17810961604118347,0.23461857438087463,0.6507172584533691,3.1019120797282085e-05,8.052466679564496e-12,8.19699792486972e-08,0.5162528157234192,0.06999813765287399,0.008949002251029015,0.08262839913368225,503.0493469238281,924.489501953125,2.436794671642163,0.48658987879753113,0.007363772951066494,0.0014473824994638562,0.8338293433189392
PINN20260517-KimLayered,8,356,physics,0.6263611912727356,0.09592914581298828,0.25877436995506287,0.11815387010574341,0.08085297793149948,0.08420953154563904,0.35447603464126587,0.17621560394763947,0.23417887091636658,0.6512108445167542,3.0497645639115945e-05,8.080939563337441e-12,8.177720900448548e-08,0.5160928964614868,0.07001989334821701,0.008955479599535465,0.08252232521772385,501.3365478515625,921.645751953125,2.4357325454129843,0.48662883043289185,0.007341322489082813,0.0014423095853999257,0.8337608575820923
PINN20260517-KimLayered,8,359,physics,0.622258722782135,0.09508548676967621,0.2572628855705261,0.11810565739870071,0.08033096790313721,0.08370759338140488,0.3530192971229553,0.1733405590057373,0.23350277543067932,0.6519368290901184,2.9731852919212542e-05,8.124832404088345e-12,8.142414742451365e-08,0.515850841999054,0.0700514167547226,0.008964909240603447,0.08236286789178848,498.783203125,917.4093017578125,2.4333083338804378,0.48668619990348816,0.007307931315153837,0.001434770761989057,0.8336578607559204
PINN20260517-KimLayered,8,361,physics,0.6195428967475891,0.09452791512012482,0.25625041127204895,0.11807478219270706,0.07998436689376831,0.08337336033582687,0.3521259129047394,0.171402245759964,0.23304089903831482,0.6524132490158081,2.923215288319625e-05,8.154306223306929e-12,8.117878280700097e-08,0.5156896114349365,0.07007210701704025,0.008971047587692738,0.08225689828395844,497.09814453125,914.6571044921875,2.4315689254511117,0.4867245554924011,0.007285889238119125,0.0014298000605776906,0.8335889577865601
PINN20260517-KimLayered,8,364,physics,0.6155011653900146,0.0937037244439125,0.2547456920146942,0.11805322766304016,0.0794672742486,0.08287318795919418,0.350622296333313,0.16845788061618805,0.2323310524225235,0.6531239748001099,2.84961406578077e-05,8.197368131512839e-12,8.094512082834626e-08,0.5154505372047424,0.0701032429933548,0.008980106562376022,0.08209975808858871,494.6009521484375,910.7023315429688,2.4293454111283905,0.4867842197418213,0.007253115065395832,0.0014224296901375055,0.8334858417510986
PINN20260517-KimLayered,8,366,physics,0.6128295063972473,0.09316127747297287,0.25374069809913635,0.11803572624921799,0.07912423461675644,0.0825406014919281,0.3496808409690857,0.16647286713123322,0.23184606432914734,0.6535965204238892,2.8016993383062072e-05,8.225176616194485e-12,8.079388891246708e-08,0.5152927041053772,0.07012419402599335,0.008986059576272964,0.08199603855609894,492.9547119140625,908.1634521484375,2.4279312700305673,0.4868250787258148,0.007231491152197123,0.001417570747435093,0.8334169387817383
PINN20260517-KimLayered,8,369,physics,0.608854353427887,0.09236036986112595,0.2522389590740204,0.1180100068449974,0.0786115974187851,0.08204241842031479,0.3482381999492645,0.1634613424539566,0.23110075294971466,0.6542959213256836,2.7310838049743325e-05,8.266470841178375e-12,8.060256817543632e-08,0.515056312084198,0.07015493512153625,0.008994759060442448,0.0818411111831665,490.50286865234375,904.3853149414062,2.426523797245184,0.4868874251842499,0.007199260406196117,0.0014103410067036748,0.8333135843276978
PINN20260517-KimLayered,8,371,physics,0.6062248349189758,0.09183602035045624,0.2512456476688385,0.11799736320972443,0.0782708153128624,0.08171015232801437,0.34718775749206543,0.16143397986888885,0.23059120774269104,0.6547520756721497,2.6845971660804935e-05,8.29407289376638e-12,8.050182032093289e-08,0.5148981213569641,0.0701746940612793,0.009000372141599655,0.0817379429936409,488.8809509277344,901.881103515625,2.425865972409678,0.4869295060634613,0.007177859544754028,0.001405552146025002,0.8332444429397583
PINN20260517-KimLayered,8,373,physics,0.6036131381988525,0.09131752699613571,0.250249981880188,0.11797632277011871,0.07793110609054565,0.08137805014848709,0.3462093472480774,0.15938915312290192,0.23007142543792725,0.6552013158798218,2.6388725018478e-05,8.321421676726892e-12,8.034672305257118e-08,0.5147399306297302,0.07019408792257309,0.009005850180983543,0.08163505792617798,487.27203369140625,899.4278564453125,2.4250820849724324,0.486971914768219,0.007156588602811098,0.0014007920399308205,0.8331752419471741
PINN20260517-KimLayered,8,376,physics,0.5997281074523926,0.09055013209581375,0.24875584244728088,0.11793201416730881,0.07742361724376678,0.08088114112615585,0.34485673904418945,0.15629084408283234,0.2292720377445221,0.6558652520179749,2.5717588869156316e-05,8.361023678959967e-12,8.000922235851249e-08,0.5145034193992615,0.07022309303283691,0.009013893082737923,0.08148171752691269,484.8857727050781,895.8657836914062,2.424105818001396,0.4870365858078003,0.007124974858015776,0.0013937128242105246,0.8330712914466858
PINN20260517-KimLayered,8,378,physics,0.5971592664718628,0.09004710614681244,0.24776935577392578,0.11790788173675537,0.07708683609962463,0.08055076003074646,0.3438800573348999,0.1542067974805832,0.22872547805309296,0.6563000679016113,2.5277076929342e-05,8.386405285498721e-12,7.981942218293625e-08,0.5143466591835022,0.07024223357439041,0.00901913270354271,0.08138033747673035,483.31280517578125,893.5595092773438,2.4234264196617357,0.487080842256546,0.007104043383151293,0.001389030017890036,0.833001971244812
PINN20260517-KimLayered,8,381,physics,0.5933380126953125,0.08930215239524841,0.24628755450248718,0.1178639680147171,0.07658376544713974,0.08005581796169281,0.3425266444683075,0.15105320513248444,0.22788427770137787,0.6569370627403259,2.4629336621728726e-05,8.42362984920797e-12,7.949634550641349e-08,0.5141121745109558,0.07027049362659454,0.009026782587170601,0.08122897148132324,480.97528076171875,890.1553955078125,2.4223611840076957,0.48714780807495117,0.007072906941175461,0.0013820574386045337,0.8328976631164551
PINN20260517-KimLayered,8,383,physics,0.590812623500824,0.08881261944770813,0.24530267715454102,0.11783824115991592,0.07624964416027069,0.07972626388072968,0.3416253626346588,0.14893794059753418,0.22730854153633118,0.6573501229286194,2.420447526674252e-05,8.44813802247657e-12,7.930493239882708e-08,0.5139559507369995,0.07028883695602417,0.00903172604739666,0.08112845569849014,479.4313659667969,887.9155883789062,2.421896034849743,0.487192839384079,0.007052270229905844,0.0013774390099570155,0.8328281044960022
PINN20260517-KimLayered,8,385,physics,0.5883060693740845,0.08832955360412598,0.2443217933177948,0.11781909316778183,0.0759168192744255,0.07939694821834564,0.34068670868873596,0.14681673049926758,0.22672082483768463,0.657755434513092,2.3784610675647855e-05,8.472186494024037e-12,7.915436128769215e-08,0.5138005614280701,0.07030686736106873,0.009036561474204063,0.08102843165397644,477.9012145996094,885.72802734375,2.4213816096260192,0.48723840713500977,0.007031706627458334,0.0013728429330512881,0.8327584862709045
PINN20260517-KimLayered,8,388,physics,0.5845872759819031,0.08761515468358994,0.24285227060317993,0.11779792606830597,0.07541975378990173,0.07890432327985764,0.3392789363861084,0.14368011057376862,0.2258310317993164,0.6583529114723206,2.3168082407210022e-05,8.507005863633843e-12,7.892436570955397e-08,0.5135694146156311,0.0703338012099266,0.009043650701642036,0.08087963610887527,475.6346130371094,882.570068359375,2.4231421847046346,0.48730817437171936,0.007001128979027271,0.0013660138938575983,0.8326539993286133
PINN20260517-KimLayered,8,390,physics,0.5821840763092041,0.08714515715837479,0.24187180399894714,0.1177833303809166,0.07508999109268188,0.07857700437307358,0.33838748931884766,0.1420135647058487,0.22524312138557434,0.6587454676628113,2.2767193513573147e-05,8.529211191488084e-12,7.873515528444841e-08,0.5134162902832031,0.070351742208004,0.00904829241335392,0.0807812437415123,474.1428527832031,880.557373046875,2.4247339113222233,0.4873557686805725,0.006980947684496641,0.0013615074567496777,0.8325842618942261
PINN20260517-KimLayered,8,393,physics,0.5785800218582153,0.0864521935582161,0.24041227996349335,0.11776816844940186,0.07459717243909836,0.07808731496334076,0.33697405457496643,0.13927705585956573,0.22428634762763977,0.6593242883682251,2.2165233531268314e-05,8.560280956304567e-12,7.848606031757299e-08,0.5131867527961731,0.07037840783596039,0.00905508641153574,0.08063441514968872,471.92584228515625,877.6218872070312,2.4225549389945553,0.48742759227752686,0.006950384471565485,0.0013547115959227085,0.8324794769287109
PINN20260517-KimLayered,8,395,physics,0.5760868191719055,0.0859973281621933,0.23944513499736786,0.11775440722703934,0.07426966726779938,0.07776207476854324,0.33604922890663147,0.13646483421325684,0.22368720173835754,0.6596989631652832,2.17839715332957e-05,8.581333560409021e-12,7.831255999235509e-08,0.5130327939987183,0.07039559632539749,0.009059485048055649,0.08053659647703171,470.4634094238281,875.7206420898438,2.425188487828781,0.48747801780700684,0.006930646952241659,0.0013503028312698007,0.8324092626571655
PINN20260517-KimLayered,8,397,physics,0.5737863779067993,0.08554746210575104,0.2384795844554901,0.1177339106798172,0.07394301891326904,0.07743784040212631,0.33518165349960327,0.1351049691438675,0.22307877242565155,0.660065770149231,2.1405607185442932e-05,8.601854471768089e-12,7.810265145735684e-08,0.512877881526947,0.0704125240445137,0.009063784033060074,0.08043881505727768,469.011962890625,873.855712890625,2.4251676565489757,0.4875282645225525,0.006910907104611397,0.001345890574157238,0.8323389291763306
PINN20260517-KimLayered,8,400,physics,0.5701930522918701,0.08488401770591736,0.23704063892364502,0.11770766973495483,0.07345475256443024,0.07695294916629791,0.33383241295814514,0.13162316381931305,0.22211553156375885,0.6606013178825378,2.084188599837944e-05,8.63128232081456e-12,7.780653277222882e-08,0.5126450657844543,0.07043731212615967,0.009070033207535744,0.08029245585203171,466.85723876953125,871.1316528320312,2.426310041677025,0.48760420083999634,0.006881183013319969,0.0013392597902566195,0.8322331309318542
PINN20260517-KimLayered,8,402,physics,0.567875325679779,0.08444829285144806,0.23608504235744476,0.11768963932991028,0.07313056290149689,0.07663099467754364,0.33295387029647827,0.12974707782268524,0.22147493064403534,0.6609500050544739,2.0475525161600672e-05,8.650067641335912e-12,7.759550157970807e-08,0.5124900341033936,0.07045351713895798,0.00907408818602562,0.08019530028104782,465.43890380859375,869.3895263671875,2.425940699404552,0.4876558184623718,0.006861536297947168,0.0013348779175430536,0.8321624398231506
PINN20260517-KimLayered,8,405,physics,0.5644114017486572,0.08380565047264099,0.2346581369638443,0.11767059564590454,0.07264649122953415,0.07615000009536743,0.33160215616226196,0.12675577402114868,0.22048360109329224,0.6614614725112915,1.993608930206392e-05,8.676480540981135e-12,7.73449571056517e-08,0.5122582316398621,0.07047749310731888,0.009080013260245323,0.08005043119192123,463.33648681640625,866.8741455078125,2.428943065274291,0.48773428797721863,0.006832089740782976,0.0013283240841701627,0.8320563435554504
PINN20260517-KimLayered,8,407,physics,0.5621494054794312,0.08338189125061035,0.2337026447057724,0.1176481544971466,0.072325199842453,0.07583056390285492,0.3308172821998596,0.1249828115105629,0.21981635689735413,0.6617950201034546,1.958685061254073e-05,8.693028068218478e-12,7.712628047329417e-08,0.512103796005249,0.07049321383237839,0.009083856828510761,0.07995425164699554,461.9505615234375,865.2525634765625,2.4294755691681362,0.4877870976924896,0.006812578998506069,0.0013239822583273053,0.8319854736328125
PINN20260517-KimLayered,8,409,physics,0.5598476529121399,0.08296529203653336,0.23275673389434814,0.11763721704483032,0.07200494408607483,0.07551176100969315,0.329916387796402,0.12274423241615295,0.21912655234336853,0.6621204018592834,1.923932541103568e-05,8.70875680597516e-12,7.698771042896624e-08,0.5119494795799255,0.07050851732492447,0.009087593294680119,0.07985824346542358,460.5756530761719,863.646728515625,2.430397705086099,0.4878399670124054,0.006792924832552671,0.0013196261133998632,0.8319144248962402
PINN20260517-KimLayered,8,412,physics,0.5565448999404907,0.08234800398349762,0.23133441805839539,0.11761152744293213,0.0715268924832344,0.07503526657819748,0.328718900680542,0.12033212184906006,0.21809734404087067,0.6625954508781433,1.8735283447313122e-05,8.73181648514132e-12,7.669130042131656e-08,0.5117183923721313,0.07053094357252121,0.009093040600419044,0.07971492409706116,458.5390625,861.330322265625,2.433888800719479,0.4879206717014313,0.006763924844563007,0.0013131817104294896,0.8318076133728027
PINN20260517-KimLayered,8,414,physics,0.5543347597122192,0.08194366097450256,0.23039434850215912,0.11759980022907257,0.07120953500270844,0.07471904158592224,0.32785481214523315,0.11850045621395111,0.21738861501216888,0.6629040837287903,1.8402275600237772e-05,8.746388162339525e-12,7.652559474990994e-08,0.5115649700164795,0.07054566591978073,0.009096575900912285,0.07961993664503098,457.197265625,859.8439331054688,2.434971559673778,0.48797494173049927,0.006744660437107086,0.0013088977430015802,0.8317364454269409
PINN20260517-KimLayered,8,417,physics,0.5510786175727844,0.08134552836418152,0.2289884090423584,0.11757737398147583,0.07073573023080826,0.07424718141555786,0.32662928104400635,0.11597327142953873,0.2163126915693283,0.6633572578430176,1.7911817849380895e-05,8.767229997541648e-12,7.623780362564503e-08,0.5113353133201599,0.07056756317615509,0.009101773612201214,0.07947821170091629,455.2078552246094,857.6964111328125,2.4377766441904916,0.48805752396583557,0.0067160665057599545,0.0013025195803493261,0.8316293358802795
PINN20260517-KimLayered,8,419,physics,0.548959493637085,0.08095262944698334,0.22805501520633698,0.11756136268377304,0.07042130827903748,0.07393396645784378,0.32583242654800415,0.114543616771698,0.2155858874320984,0.6636523008346558,1.7591029973118566e-05,8.780576092604075e-12,7.604779028724806e-08,0.5111821889877319,0.07058189809322357,0.009105149656534195,0.07938415557146072,453.895263671875,856.2994995117188,2.4395056285538272,0.48811328411102295,0.006697186268866062,0.001298300689086318,0.8315578103065491
PINN20260517-KimLayered,8,421,physics,0.5468384623527527,0.08056529611349106,0.227128803730011,0.11754875630140305,0.07010777294635773,0.07362201064825058,0.3249850571155548,0.11297550052404404,0.21484602987766266,0.6639421582221985,1.7272104742005467e-05,8.7930522238433e-12,7.589287065457029e-08,0.511029064655304,0.07059597969055176,0.009108451195061207,0.07929030060768127,452.59307861328125,854.9288330078125,2.4406367758138496,0.4881691634654999,0.006678240839391947,0.001294078305363655,0.8314861059188843
PINN20260517-KimLayered,8,424,physics,0.5437126755714417,0.0799935832619667,0.22574704885482788,0.11753091961145401,0.06963960826396942,0.07315614074468613,0.323727011680603,0.11081240326166153,0.21372243762016296,0.6643694639205933,1.6799947843537666e-05,8.809773223428241e-12,7.567079762793583e-08,0.5107993483543396,0.0706166997551918,0.009113284759223461,0.07915016263723373,450.6606750488281,852.9328002929688,2.4437917647789944,0.48825380206108093,0.006649763789027929,0.0012877550907433033,0.8313784003257751
PINN20260517-KimLayered,8,426,physics,0.5416711568832397,0.07961636036634445,0.22482478618621826,0.11750844866037369,0.06932909041643143,0.07284732162952423,0.3229926526546478,0.10957187414169312,0.21296663582324982,0.6646503806114197,1.6493091607117094e-05,8.819632524303955e-12,7.545559554955616e-08,0.5106462836265564,0.07063043117523193,0.009116449393332005,0.07905718684196472,449.3883056640625,851.6558227539062,2.445626507417558,0.4883107542991638,0.0066308993846178055,0.0012835703091695905,0.8313063979148865
PINN20260517-KimLayered,8,429,physics,0.5386730432510376,0.07906080037355423,0.22345241904258728,0.11748529970645905,0.06886545568704605,0.072385773062706,0.32180941104888916,0.10798270255327225,0.21182164549827576,0.6650614142417908,1.6035857697715983e-05,8.832814687997903e-12,7.51958992850632e-08,0.5104169249534607,0.07065043598413467,0.009121060371398926,0.07891824096441269,447.4963684082031,849.7703247070312,2.4475596796684926,0.4883965849876404,0.006602469366043806,0.0012772810878232121,0.8311981558799744
PINN20260517-KimLayered,8,431,physics,0.5367193818092346,0.07869502902030945,0.22253981232643127,0.11746601015329361,0.0685577467083931,0.07207957655191422,0.32106807827949524,0.10714159905910492,0.21105694770812988,0.665328323841095,1.5738283764221705e-05,8.84128013856067e-12,7.49941619915262e-08,0.5102640986442566,0.0706634670495987,0.009124056436121464,0.07882596552371979,446.2498474121094,848.5740356445312,2.448750669477163,0.48845452070236206,0.006583770737051964,0.0012731271563097835,0.8311259150505066
PINN20260517-KimLayered,8,433,physics,0.5347880125045776,0.07833341509103775,0.2216303050518036,0.11744633316993713,0.06825128197669983,0.07177460938692093,0.32034218311309814,0.10635341703891754,0.2102905660867691,0.6655904650688171,1.5446161341969855e-05,8.849361347873508e-12,7.478966779217444e-08,0.5101115703582764,0.070676289498806,0.009127000346779823,0.07873401045799255,445.0133972167969,847.4193725585938,2.4508799812655884,0.488513320684433,0.006565267685800791,0.0012690016301348805,0.831053614616394
PINN20260517-KimLayered,8,436,physics,0.5318620800971985,0.07779984176158905,0.22027669847011566,0.117422915995121,0.0677938386797905,0.07131917029619217,0.31920355558395386,0.10468684136867523,0.20913532376289368,0.6659746766090393,1.5022221305116545e-05,8.861219917555285e-12,7.452922545780893e-08,0.5098836421966553,0.07069490849971771,0.009131309576332569,0.07859674096107483,443.18145751953125,845.786376953125,2.4555169391945126,0.48860469460487366,0.006538105197250843,0.001262919045984745,0.8309448957443237
PINN20260517-KimLayered,8,438,physics,0.5299416184425354,0.07745010405778885,0.21938066184520721,0.117410808801651,0.06749042123556137,0.07101687788963318,0.31840425729751587,0.10367270559072495,0.20836368203163147,0.6662271022796631,1.4739485777681693e-05,8.867512626964391e-12,7.439141569420826e-08,0.5097323060035706,0.07070714980363846,0.009134113788604736,0.07850567996501923,441.9737243652344,844.7621459960938,2.456561099844681,0.4886653423309326,0.006519755814224482,0.0012588221579790115,0.8308723568916321
PINN20260517-KimLayered,8,441,physics,0.5271731019020081,0.07693253457546234,0.21803945302963257,0.11738644540309906,0.06703788787126541,0.0705653727054596,0.3172748386859894,0.10284658521413803,0.2072083204984665,0.6665992140769958,1.4328154975373764e-05,8.875741287772687e-12,7.415247438302686e-08,0.5095058679580688,0.07072492688894272,0.009138199500739574,0.07836956530809402,440.18072509765625,843.2918090820312,2.461067498702537,0.48875847458839417,0.00649251276627183,0.0012527431827038527,0.8307633996009827
PINN20260517-KimLayered,8,443,physics,0.5253380537033081,0.07659296691417694,0.21714970469474792,0.11737024039030075,0.06673770397901535,0.07026547193527222,0.31651413440704346,0.10223425179719925,0.2064375877380371,0.6668425798416138,1.4057824955671094e-05,8.879915032455887e-12,7.400337409535496e-08,0.5093553066253662,0.07073642313480377,0.009140847250819206,0.07827917486429214,438.99822998046875,842.362060546875,2.4625385986008537,0.4888208508491516,0.006474254187196493,0.0012486865743994713,0.8306908011436462
PINN20260517-KimLayered,8,445,physics,0.523503839969635,0.0762564018368721,0.21626043319702148,0.1173480674624443,0.06643874198198318,0.06996668130159378,0.3158196806907654,0.10150696337223053,0.2056676149368286,0.6670824289321899,1.379052446282003e-05,8.883141618121204e-12,7.381177624665725e-08,0.5092049241065979,0.0707477256655693,0.009143434464931488,0.07818903028964996,437.8251037597656,841.4623413085938,2.4641394560539345,0.4888835549354553,0.006455975119024515,0.0012446308974176645,0.8306180238723755
PINN20260517-KimLayered,8,448,physics,0.5208194255828857,0.07575950026512146,0.2149338722229004,0.11731849610805511,0.06599285453557968,0.06952054053544998,0.31475454568862915,0.10074377804994583,0.2045142501592636,0.6674332022666931,1.3396906069829129e-05,8.887113267519453e-12,7.354963571515327e-08,0.5089802742004395,0.07076428085565567,0.009147217497229576,0.07805442810058594,436.08551025390625,840.1937866210938,2.4674758231072804,0.48897892236709595,0.0064287930727005005,0.0012385930167511106,0.8305087685585022
PINN20260517-KimLayered,8,450,physics,0.5190642476081848,0.0754319429397583,0.21405169367790222,0.11729617416858673,0.06569720059633255,0.06922460347414017,0.31409358978271484,0.10037588328123093,0.20374582707881927,0.6676619052886963,1.314005294261733e-05,8.889183659988031e-12,7.336179663752773e-08,0.5088309645652771,0.07077516615390778,0.009149677120149136,0.07796508073806763,434.9374084472656,839.390625,2.470196994437183,0.48904332518577576,0.006410868838429451,0.0012345996219664812,0.8304358124732971
PINN20260517-KimLayered,8,453,physics,0.516444981098175,0.07494878768920898,0.21273833513259888,0.11727249622344971,0.06525661051273346,0.06878285855054855,0.31301456689834595,0.09972414374351501,0.20259696245193481,0.6679973602294922,1.2757600416080095e-05,8.890857668142349e-12,7.314926619983453e-08,0.5086079239845276,0.07079127430915833,0.009153283201158047,0.0778316929936409,433.23480224609375,838.2657470703125,2.472272722406892,0.4891403317451477,0.006383940577507019,0.0012286033015698195,0.8303263783454895
PINN20260517-KimLayered,8,455,physics,0.5147186517715454,0.07463020831346512,0.21186485886573792,0.1172565445303917,0.06496475636959076,0.06848985701799393,0.31233489513397217,0.09931246936321259,0.20183037221431732,0.6682161092758179,1.250929562957026e-05,8.891489107487605e-12,7.298903881292063e-08,0.5084596276283264,0.0708017498254776,0.009155629202723503,0.07774311304092407,432.11004638671875,837.5437622070312,2.475728488728595,0.4892061650753021,0.006366221234202385,0.0012246526312083006,0.8302533030509949
PINN20260517-KimLayered,8,457,physics,0.5130177736282349,0.07431724667549133,0.2110014110803604,0.1172499880194664,0.06467443704605103,0.06819809228181839,0.31154781579971313,0.0989912822842598,0.20106667280197144,0.6684311032295227,1.2263645658094902e-05,8.8913269108426e-12,7.289780512564903e-08,0.5083117485046387,0.07081204652786255,0.009157923050224781,0.0776548907160759,430.9969177246094,836.8848876953125,2.4781964677946635,0.48927274346351624,0.0063485209830105305,0.0012207149993628263,0.8301801681518555
PINN20260517-KimLayered,8,460,physics,0.5105002522468567,0.07384990900754929,0.2096981406211853,0.11721973121166229,0.0642421767115593,0.06776272505521774,0.3106052279472351,0.0986035019159317,0.19993019104003906,0.668749213218689,1.1901928701263387e-05,8.889239171139263e-12,7.26116766713858e-08,0.5080901384353638,0.07082764059305191,0.009161312133073807,0.07752309739589691,429.34271240234375,835.9344482421875,2.4814286891609054,0.4893726408481598,0.006322016939520836,0.0012148134410381317,0.830070436000824
PINN20260517-KimLayered,8,462,physics,0.50883948802948,0.07354633510112762,0.20884551107883453,0.11720985919237137,0.06395561993122101,0.06747376173734665,0.3098002076148987,0.09835384786128998,0.19917401671409607,0.668953001499176,1.1663980330922641e-05,8.88736046561478e-12,7.249384026408734e-08,0.5079421997070312,0.0708375796675682,0.009163493290543556,0.07743541151285172,428.2494201660156,835.3192749023438,2.4838460421427313,0.489440381526947,0.006304407026618719,0.0012109025847166777,0.8299970626831055
PINN20260517-KimLayered,8,465,physics,0.5063716173171997,0.073092520236969,0.20755872130393982,0.11717142909765244,0.06352876871824265,0.06704282015562057,0.30887001752853394,0.09798049926757812,0.19804351031780243,0.6692500114440918,1.131726003222866e-05,8.883681117122233e-12,7.21568511607984e-08,0.5077195763587952,0.0708523541688919,0.009166688658297062,0.07730410993099213,426.6243591308594,834.4273681640625,2.488200396436039,0.4895428717136383,0.0062783281318843365,0.001205093925818801,0.8298869132995605
PINN20260517-KimLayered,8,467,physics,0.5047457814216614,0.0727965384721756,0.2067144215106964,0.11715637892484665,0.063245989382267,0.0667572095990181,0.3081182837486267,0.09774698317050934,0.19730083644390106,0.669440746307373,1.1087505299656186e-05,8.880378203623973e-12,7.201545315638214e-08,0.5075713396072388,0.07086193561553955,0.00916875246912241,0.07721680402755737,425.551513671875,833.87255859375,2.4903830597125127,0.4896117150783539,0.006260885391384363,0.0012012216029688716,0.8298134207725525
PINN20260517-KimLayered,8,469,physics,0.5031355619430542,0.07250009477138519,0.20586268603801727,0.11712875962257385,0.06296496093273163,0.06647320836782455,0.30755770206451416,0.09753362089395523,0.19656586647033691,0.6696288585662842,1.0861707778531127e-05,8.876259102730266e-12,7.178662997375795e-08,0.5074230432510376,0.07087163627147675,0.009170791134238243,0.0771297886967659,424.4884338378906,833.3547973632812,2.492383428139776,0.48968061804771423,0.006243566982448101,0.0011973694199696183,0.8297398090362549
PINN20260517-KimLayered,8,472,physics,0.5007501244544983,0.07206526398658752,0.20460766553878784,0.11710825562477112,0.06254632025957108,0.06604993343353271,0.3064761757850647,0.0972534567117691,0.19547881186008453,0.6699020862579346,1.0526256119192112e-05,8.869102501030124e-12,7.160456760857414e-08,0.5072005391120911,0.07088581472635269,0.009173758327960968,0.07699955254793167,422.9083557128906,832.6341552734375,2.4960841443377557,0.48978522419929504,0.006217645946890116,0.0011916193179786205,0.8296293020248413
PINN20260517-KimLayered,8,474,physics,0.49917861819267273,0.07177678495645523,0.20376862585544586,0.1170843318104744,0.06226925179362297,0.06576971709728241,0.30589842796325684,0.09708332270383835,0.1947639286518097,0.6700807213783264,1.0307694537914358e-05,8.86366240820946e-12,7.144070224285315e-08,0.5070517063140869,0.07089531421661377,0.009175697341561317,0.07691286504268646,421.8634033203125,832.1903076171875,2.498767840725327,0.4898553490638733,0.006200545467436314,0.0011878167279064655,0.8295555114746094
PINN20260517-KimLayered,8,477,physics,0.4968479573726654,0.07135217636823654,0.20252668857574463,0.11705883592367172,0.06185603141784668,0.06535171717405319,0.3048945665359497,0.09685145318508148,0.19370903074741364,0.6703393459320068,9.983166819438338e-06,8.85512496662244e-12,7.128254964072767e-08,0.5068275332450867,0.07090908288955688,0.009178495965898037,0.07678274810314178,420.30828857421875,831.5559692382812,2.501892886999835,0.4899612367153168,0.0061749960295856,0.0011821400839835405,0.8294445872306824
PINN20260517-KimLayered,8,479,physics,0.49531224370002747,0.07107220590114594,0.20170143246650696,0.11704077571630478,0.061582550406455994,0.06507493555545807,0.3042638897895813,0.09670915454626083,0.19301660358905792,0.6705074310302734,9.77049239736516e-06,8.849061240712164e-12,7.115814071312343e-08,0.5066778659820557,0.07091813534498215,0.009180307388305664,0.07669616490602493,419.2801818847656,831.1736450195312,2.504686134138196,0.4900321364402771,0.006158099975436926,0.0011783840600401163,0.8293705582618713
PINN20260517-KimLayered,9,1,pretrain,30.99303436279297,3.8131632804870605,6.992436408996582,2.857933521270752,1.7307815551757812,1.9621269702911377,114.085205078125,0.7351208925247192,0.7001515626907349,0.0,0.0,0.0,0.0,0.0,0.0,0.0,0.0,4205.7744140625,3702.59375,43.045577620996816,0.4159242808818817,0.005169982556253672,0.001039571245200932,0.8005261421203613
PINN20260517-KimLayered,9,4,pretrain,30.196765899658203,3.7852509021759033,6.819945335388184,2.886876106262207,1.7159457206726074,1.9142374992370605,109.01530456542969,0.5382988452911377,0.6430873870849609,0.0,0.0,0.0,0.0,0.0,0.0,0.0,0.0,4173.52197265625,3674.162353515625,41.29752967954946,0.41783279180526733,0.005275239236652851,0.0010645159054547548,0.8015024662017822
PINN20260517-KimLayered,9,7,pretrain,29.17877769470215,3.746398448944092,6.570725440979004,2.8759007453918457,1.697664737701416,1.8579374551773071,102.65045166015625,0.5566772222518921,0.5839895606040955,0.0,0.0,0.0,0.0,0.0,0.0,0.0,0.0,4133.021484375,3638.536376953125,39.19592304976811,0.4199737012386322,0.005439692176878452,0.0011009108275175095,0.8024475574493408
PINN20260517-KimLayered,9,9,pretrain,28.392866134643555,3.7141785621643066,6.383668899536133,2.8624393939971924,1.6830531358718872,1.8147237300872803,97.86196899414062,0.5000126957893372,0.544690728187561,0.0,0.0,0.0,0.0,0.0,0.0,0.0,0.0,4099.833984375,3609.456787109375,37.634665956401456,0.4215521216392517,0.0055655124597251415,0.001128642586991191,0.8030600547790527
PINN20260517-KimLayered,9,12,pretrain,27.054672241210938,3.652813196182251,6.067570209503174,2.829813241958618,1.6565027236938477,1.739762306213379,89.7911148071289,0.5178413391113281,0.4878668785095215,0.0,0.0,0.0,0.0,0.0,0.0,0.0,0.0,4037.7255859375,3555.1787109375,35.05426974316314,0.4241851568222046,0.0057763163931667805,0.0011749719269573689,0.8039653301239014
PINN20260517-KimLayered,9,15,pretrain,25.490041732788086,3.571120023727417,5.707782745361328,2.772498607635498,1.6231108903884888,1.6514167785644531,80.68212890625,0.5053107738494873,0.43856650590896606,0.0,0.0,0.0,0.0,0.0,0.0,0.0,0.0,3957.228271484375,3484.866455078125,32.179275607144824,0.42712536454200745,0.006013247184455395,0.001226723426952958,0.8048462271690369
PINN20260517-KimLayered,9,18,pretrain,23.679162979125977,3.4639477729797363,5.3064117431640625,2.6648166179656982,1.581268072128296,1.5503921508789062,70.59246826171875,0.4793876111507416,0.40097224712371826,0.0,0.0,0.0,0.0,0.0,0.0,0.0,0.0,3855.27734375,3395.37646484375,29.024210075705373,0.4303475022315979,0.006280174478888512,0.0012842395808547735,0.8057089447975159
PINN20260517-KimLayered,9,21,pretrain,21.61676788330078,3.32818603515625,4.873703956604004,2.463961124420166,1.5298833847045898,1.4404702186584473,59.661842346191406,0.4896646738052368,0.3766061067581177,0.0,0.0,0.0,0.0,0.0,0.0,0.0,0.0,3731.657470703125,3285.56103515625,25.62757423782572,0.43381235003471375,0.006578377448022366,0.0013473371509462595,0.8065645694732666
PINN20260517-KimLayered,9,23,pretrain,20.112844467163086,3.2222628593444824,4.575954437255859,2.258704900741577,1.4904863834381104,1.3636014461517334,52.077308654785156,0.48178452253341675,0.3676324784755707,0.0,0.0,0.0,0.0,0.0,0.0,0.0,0.0,3638.942138671875,3201.888427734375,23.26736561188719,0.4362236261367798,0.006793095264583826,0.0013921561185270548,0.8071351647377014
PINN20260517-KimLayered,9,26,pretrain,17.727415084838867,3.0448315143585205,4.145301818847656,1.8271564245224,1.4250109195709229,1.2531198263168335,40.6044921875,0.4649936556816101,0.36286360025405884,0.0,0.0,0.0,0.0,0.0,0.0,0.0,0.0,3489.681884765625,3064.107177734375,19.674408048272262,0.4399524927139282,0.007135022897273302,0.0014627882046625018,0.8080039024353027
PINN20260517-KimLayered,9,29,pretrain,15.324731826782227,2.854140520095825,3.7559709548950195,1.2624289989471436,1.3545351028442383,1.155099868774414,29.752151489257812,0.46664419770240784,0.3645353615283966,0.0,0.0,0.0,0.0,0.0,0.0,0.0,0.0,3336.07470703125,2917.3466796875,16.165224470745322,0.4437732398509979,0.007493502926081419,0.0015361856203526258,0.8089052438735962
PINN20260517-KimLayered,9,32,pretrain,13.272263526916504,2.657514810562134,3.3974032402038574,0.8668736219406128,1.2818474769592285,1.0645473003387451,21.082916259765625,0.4577977657318115,0.3679942488670349,0.0,0.0,0.0,0.0,0.0,0.0,0.0,0.0,3184.6708984375,2766.832763671875,12.8894187230582,0.4476417303085327,0.007859491743147373,0.0016107975970953703,0.8098689317703247
PINN20260517-KimLayered,9,35,pretrain,11.595697402954102,2.4607105255126953,3.0747528076171875,0.6641547083854675,1.20867121219635,0.9832829236984253,14.521846771240234,0.45070889592170715,0.36976322531700134,0.0,0.0,0.0,0.0,0.0,0.0,0.0,0.0,3039.833740234375,2617.8134765625,10.031433063750049,0.4515247941017151,0.008223979733884335,0.001685606548562646,0.8109272718429565
PINN20260517-KimLayered,9,37,pretrain,10.846633911132812,2.339681625366211,2.88838529586792,0.7252861857414246,1.1601457595825195,0.9349327087402344,11.948676109313965,0.4487743079662323,0.36916396021842957,0.0,0.0,0.0,0.0,0.0,0.0,0.0,0.0,2947.752197265625,2521.77099609375,8.574173224125412,0.45413804054260254,0.008461328223347664,0.0017353469738736749,0.8116955161094666
PINN20260517-KimLayered,9,40,pretrain,10.444180488586426,2.1999874114990234,2.673557758331299,1.0610171556472778,1.0893640518188477,0.8686062097549438,11.685259819030762,0.439360111951828,0.3656812310218811,0.0,0.0,0.0,0.0,0.0,0.0,0.0,0.0,2818.7900390625,2386.60205078125,7.391834495103928,0.45808446407318115,0.008795775473117828,0.001806656364351511,0.8129431009292603
PINN20260517-KimLayered,9,43,pretrain,10.077486991882324,2.0747151374816895,2.4931745529174805,1.2786282300949097,1.0241620540618896,0.810350239276886,11.739546775817871,0.4342758059501648,0.3609084188938141,0.0,0.0,0.0,0.0,0.0,0.0,0.0,0.0,2703.84033203125,2265.76416015625,6.801322124782514,0.4618396461009979,0.00908494833856821,0.0018674719613045454,0.8142555356025696
PINN20260517-KimLayered,9,46,pretrain,9.472613334655762,1.9553306102752686,2.334379196166992,1.2438138723373413,0.9651272892951965,0.7596207857131958,10.71091079711914,0.42566561698913574,0.3567156493663788,0.0,0.0,0.0,0.0,0.0,0.0,0.0,0.0,2601.655029296875,2158.262939453125,6.266135188740755,0.46531662344932556,0.00932985544204712,0.001917248242534697,0.8155859708786011
PINN20260517-KimLayered,9,49,pretrain,8.64973258972168,1.8428056240081787,2.1950063705444336,0.9650425314903259,0.9111154079437256,0.7148857712745667,8.711387634277344,0.4194653332233429,0.35408079624176025,0.0,0.0,0.0,0.0,0.0,0.0,0.0,0.0,2509.109375,2060.701171875,5.765243538913037,0.4685114324092865,0.009541124105453491,0.0019585061818361282,0.8169160485267639
PINN20260517-KimLayered,9,51,pretrain,8.039064407348633,1.7694964408874512,2.1092467308044434,0.713691234588623,0.8769733905792236,0.6875394582748413,7.082837104797363,0.4142477810382843,0.3531382381916046,0.0,0.0,0.0,0.0,0.0,0.0,0.0,0.0,2450.92919921875,1998.98681640625,5.593791051057404,0.4704883098602295,0.009670015424489975,0.0019831128884106874,0.8178037405014038
PINN20260517-KimLayered,9,54,pretrain,7.18637752532959,1.6615062952041626,1.9871833324432373,0.385509192943573,0.8268753290176392,0.6487529873847961,4.862817764282227,0.40632838010787964,0.35235777497291565,0.0,0.0,0.0,0.0,0.0,0.0,0.0,0.0,2366.251220703125,1907.9061279296875,5.699903942206733,0.47322461009025574,0.009856118820607662,0.00201892526820302,0.8191490173339844
PINN20260517-KimLayered,9,57,pretrain,6.6956071853637695,1.5754671096801758,1.8832095861434937,0.2327255755662918,0.776308000087738,0.6112689971923828,4.237926483154297,0.3986205458641052,0.35163024067878723,0.0,0.0,0.0,0.0,0.0,0.0,0.0,0.0,2283.248046875,1816.154052734375,5.816659578415396,0.475673645734787,0.010046320036053658,0.0020576990209519863,0.8205211162567139
PINN20260517-KimLayered,9,60,pretrain,6.327181339263916,1.489255428314209,1.7790155410766602,0.2100212275981903,0.7261490225791931,0.5754587650299072,4.038656234741211,0.3905976414680481,0.3505723476409912,0.0,0.0,0.0,0.0,0.0,0.0,0.0,0.0,2204.4072265625,1726.1055908203125,5.443112516520169,0.4777967035770416,0.010241680778563023,0.002099956851452589,0.8218717575073242
PINN20260517-KimLayered,9,63,pretrain,5.815092086791992,1.3909697532653809,1.6651992797851562,0.18141169846057892,0.6773592233657837,0.541581392288208,3.0001587867736816,0.38295525312423706,0.34912174940109253,0.0,0.0,0.0,0.0,0.0,0.0,0.0,0.0,2129.9521484375,1638.205078125,4.675763616525096,0.47963693737983704,0.010436983779072762,0.0021437141112983227,0.8231755495071411
PINN20260517-KimLayered,9,65,pretrain,5.462016582489014,1.3223252296447754,1.5878090858459473,0.1805526167154312,0.6451972723007202,0.5198118686676025,2.20888090133667,0.37755948305130005,0.34798866510391235,0.0,0.0,0.0,0.0,0.0,0.0,0.0,0.0,2081.773681640625,1579.8179931640625,4.12118129427747,0.48076170682907104,0.01056731678545475,0.0021734610199928284,0.8240336775779724
PINN20260517-KimLayered,9,68,pretrain,5.054922103881836,1.2362818717956543,1.4864501953125,0.1543908715248108,0.5967988967895508,0.4879540205001831,1.6780333518981934,0.369666188955307,0.34622398018836975,0.0,0.0,0.0,0.0,0.0,0.0,0.0,0.0,2010.717041015625,1491.7960205078125,3.4337599902765765,0.4823886752128601,0.010763387195765972,0.002218786161392927,0.8253307938575745
PINN20260517-KimLayered,9,71,pretrain,4.76023530960083,1.1509588956832886,1.386076807975769,0.15722975134849548,0.5482815504074097,0.456806480884552,1.9292539358139038,0.3612464368343353,0.34454089403152466,0.0,0.0,0.0,0.0,0.0,0.0,0.0,0.0,1941.4149169921875,1404.4462890625,3.14595208633765,0.4840264320373535,0.010956889018416405,0.002263761591166258,0.8266453742980957
PINN20260517-KimLayered,9,74,pretrain,4.456653594970703,1.0673248767852783,1.2898850440979004,0.1770448237657547,0.5011062622070312,0.42673635482788086,1.9647810459136963,0.3527677059173584,0.3429701328277588,0.0,0.0,0.0,0.0,0.0,0.0,0.0,0.0,1874.874755859375,1320.356201171875,2.961146382033049,0.48570799827575684,0.011140966787934303,0.002306185197085142,0.8279494643211365
PINN20260517-KimLayered,9,77,pretrain,4.1005539894104,0.9913536310195923,1.202498435974121,0.16398124396800995,0.45618927478790283,0.3977638781070709,1.480029821395874,0.3441160023212433,0.3414115607738495,0.0,0.0,0.0,0.0,0.0,0.0,0.0,0.0,1810.0819091796875,1239.5084228515625,2.88405369971185,0.48744943737983704,0.01131450105458498,0.0023456979542970657,0.8292310237884521
PINN20260517-KimLayered,9,80,pretrain,3.801809549331665,0.9156539440155029,1.1169428825378418,0.19240541756153107,0.4131770133972168,0.3692206144332886,1.2625712156295776,0.3355707824230194,0.3396928906440735,0.0,0.0,0.0,0.0,0.0,0.0,0.0,0.0,1745.585693359375,1161.2711181640625,2.9310461658518374,0.48926082253456116,0.011483771726489067,0.002384456340223551,0.830504298210144
PINN20260517-KimLayered,9,82,pretrain,3.604365825653076,0.8638074398040771,1.0587350130081177,0.19674810767173767,0.38588663935661316,0.3502282500267029,1.2329771518707275,0.3301123380661011,0.33841672539711,0.0,0.0,0.0,0.0,0.0,0.0,0.0,0.0,1702.9041748046875,1111.35205078125,2.8433891798012185,0.49049192667007446,0.011594940908253193,0.00241031963378191,0.831343412399292
PINN20260517-KimLayered,9,85,pretrain,3.2812843322753906,0.7863536477088928,0.9711393713951111,0.1645110696554184,0.3475067913532257,0.32189497351646423,1.1263349056243896,0.3221268653869629,0.33626919984817505,0.0,0.0,0.0,0.0,0.0,0.0,0.0,0.0,1639.9349365234375,1040.700927734375,2.58555936693401,0.4923592805862427,0.011756273917853832,0.0024484486784785986,0.8325828313827515
PINN20260517-KimLayered,9,88,pretrain,3.004521131515503,0.7116057872772217,0.8868796229362488,0.1729101687669754,0.3122907280921936,0.29423195123672485,1.1279085874557495,0.3144451975822449,0.33373910188674927,0.0,0.0,0.0,0.0,0.0,0.0,0.0,0.0,1580.7069091796875,976.7312622070312,2.480180610683015,0.4942285120487213,0.011904711835086346,0.002483655931428075,0.8338126540184021
PINN20260517-KimLayered,9,91,pretrain,2.7336502075195312,0.6457544565200806,0.810906708240509,0.1688268631696701,0.2808668613433838,0.2685045301914215,0.9674191474914551,0.30697062611579895,0.3307512700557709,0.0,0.0,0.0,0.0,0.0,0.0,0.0,0.0,1529.8173828125,921.1353149414062,2.5421333356972435,0.49595165252685547,0.01203031837940216,0.0025129541754722595,0.8350255489349365
PINN20260517-KimLayered,9,94,pretrain,2.517987012863159,0.5895678997039795,0.7392298579216003,0.17132455110549927,0.25279730558395386,0.24456354975700378,0.9661673903465271,0.29945439100265503,0.32723167538642883,0.0,0.0,0.0,0.0,0.0,0.0,0.0,0.0,1490.9366455078125,874.8355102539062,2.4513108938972707,0.4973059594631195,0.01213979721069336,0.002538805827498436,0.8362268209457397
PINN20260517-KimLayered,9,96,pretrain,2.393148422241211,0.5593147873878479,0.6940734386444092,0.1721813678741455,0.23603129386901855,0.22959500551223755,0.9294868111610413,0.2943389415740967,0.32460087537765503,0.0,0.0,0.0,0.0,0.0,0.0,0.0,0.0,1472.008056640625,850.274169921875,2.3682611965393807,0.4979311525821686,0.012204909697175026,0.002554382896050811,0.8370149731636047
PINN20260517-KimLayered,9,99,pretrain,2.239783763885498,0.5240234732627869,0.6343345642089844,0.1608140617609024,0.21446861326694489,0.20940560102462769,0.9185707569122314,0.2864413559436798,0.3201506435871124,0.0,0.0,0.0,0.0,0.0,0.0,0.0,0.0,1452.2916259765625,824.77294921875,2.432524717633466,0.49842125177383423,0.01228068396449089,0.0025714701041579247,0.8381679058074951
PINN20260517-KimLayered,9,102,pretrain,2.125420093536377,0.4987938404083252,0.5865890979766846,0.15236566960811615,0.1981254518032074,0.19317984580993652,0.9005764126777649,0.27881598472595215,0.31517985463142395,0.0,0.0,0.0,0.0,0.0,0.0,0.0,0.0,1439.791015625,812.4578247070312,2.360647364404836,0.4984061121940613,0.012329449877142906,0.002581096487119794,0.8392325639724731
PINN20260517-KimLayered,9,105,pretrain,2.044771194458008,0.481012225151062,0.552233099937439,0.15151265263557434,0.18746379017829895,0.1815962791442871,0.8669473528862,0.2721656858921051,0.3097904920578003,0.0,0.0,0.0,0.0,0.0,0.0,0.0,0.0,1426.5985107421875,809.19140625,2.365172649957269,0.4980061948299408,0.012340912595391273,0.00258115422911942,0.8401436805725098
PINN20260517-KimLayered,9,108,pretrain,1.9815599918365479,0.46668577194213867,0.5294963121414185,0.14579737186431885,0.18121615052223206,0.1738419085741043,0.8503351211547852,0.266873300075531,0.304131418466568,0.0,0.0,0.0,0.0,0.0,0.0,0.0,0.0,1405.145263671875,807.947021484375,2.3236801671640315,0.49735334515571594,0.012302218936383724,0.0025687972083687782,0.8408596515655518
PINN20260517-KimLayered,9,110,pretrain,1.9389963150024414,0.4569120407104492,0.5184472799301147,0.14260774850845337,0.17851029336452484,0.1701807975769043,0.8156013488769531,0.264088898897171,0.30030572414398193,0.0,0.0,0.0,0.0,0.0,0.0,0.0,0.0,1383.473388671875,805.3330688476562,2.2704746793190846,0.496828556060791,0.012252177111804485,0.00255491491407156,0.8412231206893921
PINN20260517-KimLayered,9,113,pretrain,1.8692021369934082,0.4408392906188965,0.5076065063476562,0.1278551071882248,0.17538262903690338,0.1663912832736969,0.7671857476234436,0.26086702942848206,0.2946303188800812,0.0,0.0,0.0,0.0,0.0,0.0,0.0,0.0,1337.935302734375,796.798828125,2.2966955102065216,0.49599647521972656,0.012138675898313522,0.002525012008845806,0.8416104316711426
PINN20260517-KimLayered,9,116,pretrain,1.794435739517212,0.4221034348011017,0.5004318952560425,0.11403164267539978,0.17248564958572388,0.16396960616111755,0.7223137021064758,0.25856661796569824,0.28918159008026123,0.0,0.0,0.0,0.0,0.0,0.0,0.0,0.0,1280.527587890625,785.025634765625,2.2469471409457134,0.49512869119644165,0.011993316002190113,0.00248777586966753,0.8418517112731934
PINN20260517-KimLayered,9,119,pretrain,1.7233004570007324,0.4014776349067688,0.49564069509506226,0.10941179096698761,0.1695553958415985,0.16237607598304749,0.7019366025924683,0.25694739818573,0.28408050537109375,0.0,0.0,0.0,0.0,0.0,0.0,0.0,0.0,1216.9659423828125,774.497802734375,2.2680948152404796,0.4942074716091156,0.011826161295175552,0.002445794176310301,0.8420088291168213
PINN20260517-KimLayered,9,122,pretrain,1.6562995910644531,0.3813507854938507,0.49203988909721375,0.10539957880973816,0.16678304970264435,0.16103143990039825,0.694591760635376,0.25584831833839417,0.27938830852508545,0.0,0.0,0.0,0.0,0.0,0.0,0.0,0.0,1155.658447265625,770.4121704101562,2.308072371526314,0.4931478500366211,0.01164705865085125,0.0024017654359340668,0.8421424031257629
PINN20260517-KimLayered,9,124,pretrain,1.6143989562988281,0.3687111437320709,0.48950040340423584,0.10384128242731094,0.16516928374767303,0.16017675399780273,0.6874363422393799,0.25533950328826904,0.2765032649040222,0.0,0.0,0.0,0.0,0.0,0.0,0.0,0.0,1119.6436767578125,772.3701171875,2.3067516975084685,0.49229153990745544,0.011528518050909042,0.002373246941715479,0.8422449827194214
PINN20260517-KimLayered,9,127,pretrain,1.5545194149017334,0.35122498869895935,0.4842365086078644,0.10517887771129608,0.16321124136447906,0.15859843790531158,0.6515828371047974,0.25480473041534424,0.27248865365982056,0.0,0.0,0.0,0.0,0.0,0.0,0.0,0.0,1074.713623046875,779.91943359375,2.2577834238454404,0.490680456161499,0.011364473029971123,0.0023347437381744385,0.8424457311630249
PINN20260517-KimLayered,9,130,pretrain,1.4979878664016724,0.3350033164024353,0.4762333035469055,0.10805641859769821,0.16189295053482056,0.15623554587364197,0.6137070059776306,0.25439006090164185,0.2687775790691376,0.0,0.0,0.0,0.0,0.0,0.0,0.0,0.0,1038.6923828125,787.0928955078125,2.2195603968089714,0.4886718988418579,0.011228322982788086,0.0023037996143102646,0.8427130579948425
PINN20260517-KimLayered,9,133,pretrain,1.4416476488113403,0.3191627264022827,0.466024786233902,0.10908366739749908,0.16148138046264648,0.15314032137393951,0.5824248790740967,0.25389987230300903,0.2652972638607025,0.0,0.0,0.0,0.0,0.0,0.0,0.0,0.0,1008.6864013671875,789.3740234375,2.2027996507702996,0.48642316460609436,0.011126719415187836,0.0022812746465206146,0.84302818775177
PINN20260517-KimLayered,9,136,pretrain,1.3890109062194824,0.30431973934173584,0.45539194345474243,0.10969594120979309,0.1621776819229126,0.14990724623203278,0.5570690631866455,0.25319814682006836,0.26203322410583496,0.0,0.0,0.0,0.0,0.0,0.0,0.0,0.0,983.7576904296875,788.08154296875,2.174282879974545,0.4841564893722534,0.01105237752199173,0.0022647606674581766,0.8433459997177124
PINN20260517-KimLayered,9,138,pretrain,1.3582816123962402,0.2956405580043793,0.44935697317123413,0.11007192730903625,0.1631442904472351,0.14809206128120422,0.5402305126190186,0.2525995373725891,0.2599863111972809,0.0,0.0,0.0,0.0,0.0,0.0,0.0,0.0,969.5025024414062,787.0615234375,2.152093576375454,0.4827196002006531,0.011008025147020817,0.0022545834071934223,0.8435316681861877
PINN20260517-KimLayered,9,141,pretrain,1.318631649017334,0.28444981575012207,0.44265347719192505,0.10961540788412094,0.16453863680362701,0.1460486650466919,0.5181500911712646,0.2515376806259155,0.2571442425251007,0.0,0.0,0.0,0.0,0.0,0.0,0.0,0.0,949.56787109375,786.342041015625,2.1337396939135136,0.48072969913482666,0.01093209721148014,0.002236512489616871,0.8437336683273315
PINN20260517-KimLayered,9,144,pretrain,1.2828184366226196,0.2743450701236725,0.4380621314048767,0.10796571522951126,0.16474197804927826,0.1446259617805481,0.5015519857406616,0.2503267824649811,0.25458019971847534,0.0,0.0,0.0,0.0,0.0,0.0,0.0,0.0,929.4049072265625,785.910400390625,2.1184041430943354,0.4789419174194336,0.010833866894245148,0.002212484134361148,0.8438200950622559
PINN20260517-KimLayered,9,147,pretrain,1.2460227012634277,0.2643904387950897,0.4344061613082886,0.10330725461244583,0.16321128606796265,0.1434706598520279,0.4886637032032013,0.24900376796722412,0.25224611163139343,0.0,0.0,0.0,0.0,0.0,0.0,0.0,0.0,909.1564331054688,785.4835205078125,2.120012781150892,0.47733938694000244,0.01071332860738039,0.0021824913565069437,0.8437929749488831
PINN20260517-KimLayered,9,150,pretrain,1.2106654644012451,0.25499770045280457,0.43081411719322205,0.10111688077449799,0.16038425266742706,0.14234763383865356,0.466464102268219,0.247565358877182,0.25002479553222656,0.0,0.0,0.0,0.0,0.0,0.0,0.0,0.0,890.725830078125,783.203857421875,2.0696035771522867,0.47593826055526733,0.01058335229754448,0.002149350941181183,0.84367835521698
PINN20260517-KimLayered,9,152,pretrain,1.1883518695831299,0.24902082979679108,0.42819780111312866,0.10242917388677597,0.15815117955207825,0.14158110320568085,0.4444347620010376,0.24650967121124268,0.24853362143039703,0.0,0.0,0.0,0.0,0.0,0.0,0.0,0.0,879.382568359375,779.0532836914062,2.037623384849875,0.47515934705734253,0.010501150973141193,0.0021275687031447887,0.843567967414856
PINN20260517-KimLayered,9,155,pretrain,1.1550580263137817,0.24027800559997559,0.4246657192707062,0.09967239201068878,0.15456224977970123,0.14042994379997253,0.428480863571167,0.244780033826828,0.24623897671699524,0.0,0.0,0.0,0.0,0.0,0.0,0.0,0.0,862.8429565429688,767.6241455078125,2.020632333194478,0.4742739796638489,0.01039025280624628,0.002096823649480939,0.8433701992034912
PINN20260517-KimLayered,9,158,pretrain,1.1201496124267578,0.23134949803352356,0.4216359257698059,0.09241997450590134,0.1508403718471527,0.13935840129852295,0.422931045293808,0.24293255805969238,0.24390512704849243,0.0,0.0,0.0,0.0,0.0,0.0,0.0,0.0,846.5529174804688,752.1923828125,2.007039951481274,0.47372007369995117,0.010294555686414242,0.0020686148200184107,0.8431470990180969
PINN20260517-KimLayered,9,161,pretrain,1.0858042240142822,0.22237640619277954,0.417916476726532,0.09055627137422562,0.14702174067497253,0.1383373886346817,0.4012724459171295,0.2410992980003357,0.2416280210018158,0.0,0.0,0.0,0.0,0.0,0.0,0.0,0.0,830.6801147460938,736.556884765625,1.954496040874472,0.4733923673629761,0.010206088423728943,0.0020415717735886574,0.8429070115089417
PINN20260517-KimLayered,9,164,pretrain,1.0543409585952759,0.21383702754974365,0.4141760468482971,0.08950206637382507,0.14309780299663544,0.1373009979724884,0.3893160820007324,0.2393777072429657,0.23947075009346008,0.0,0.0,0.0,0.0,0.0,0.0,0.0,0.0,815.21533203125,722.8486328125,1.930721204536302,0.4732099175453186,0.010116378776729107,0.0020146011374890804,0.8426544070243835
PINN20260517-KimLayered,9,166,pretrain,1.0348893404006958,0.20865455269813538,0.4119914472103119,0.08732035756111145,0.14046260714530945,0.13657639920711517,0.38686037063598633,0.23831024765968323,0.23811353743076324,0.0,0.0,0.0,0.0,0.0,0.0,0.0,0.0,805.13525390625,714.80517578125,1.9215271743664268,0.4731416702270508,0.010053882375359535,0.0019965721294283867,0.8424827456474304
PINN20260517-KimLayered,9,169,pretrain,1.0070246458053589,0.20092418789863586,0.40822330117225647,0.08646136522293091,0.1366523951292038,0.1354532241821289,0.3832019865512848,0.23680821061134338,0.23617666959762573,0.0,0.0,0.0,0.0,0.0,0.0,0.0,0.0,790.5104370117188,703.8916625976562,1.9000938435524943,0.47312426567077637,0.009960249997675419,0.001970399636775255,0.8422271609306335
PINN20260517-KimLayered,9,172,pretrain,0.9804942607879639,0.1938837170600891,0.40475574135780334,0.08404780179262161,0.13315391540527344,0.1343141496181488,0.37821465730667114,0.23540568351745605,0.2343364655971527,0.0,0.0,0.0,0.0,0.0,0.0,0.0,0.0,776.5496215820312,694.0548706054688,1.8934744754591022,0.4732059836387634,0.009868898428976536,0.001945969182997942,0.8419880867004395
PINN20260517-KimLayered,9,175,pretrain,0.955401599407196,0.187322199344635,0.40146952867507935,0.08142440021038055,0.13006991147994995,0.13318127393722534,0.3719933331012726,0.2340773344039917,0.23256704211235046,0.0,0.0,0.0,0.0,0.0,0.0,0.0,0.0,763.2078247070312,684.8487548828125,1.8750085892724604,0.4733918607234955,0.009783261455595493,0.0019239147659391165,0.8417766094207764
PINN20260517-KimLayered,9,178,pretrain,0.9316902756690979,0.18106535077095032,0.39814457297325134,0.07952806353569031,0.1273830235004425,0.1320476531982422,0.36502939462661743,0.2328203320503235,0.23086373507976532,0.0,0.0,0.0,0.0,0.0,0.0,0.0,0.0,750.3794555664062,676.658203125,1.8593376521922031,0.47366344928741455,0.009703123942017555,0.0019040793413296342,0.8415967226028442
PINN20260517-KimLayered,9,180,pretrain,0.916714072227478,0.17719988524913788,0.39607059955596924,0.07778069376945496,0.12576733529567719,0.13128286600112915,0.3606940507888794,0.23203034698963165,0.22976967692375183,0.0,0.0,0.0,0.0,0.0,0.0,0.0,0.0,742.0833740234375,671.8148803710938,1.8457563805344024,0.4738743007183075,0.009650936350226402,0.0018917166162282228,0.8414931297302246
PINN20260517-KimLayered,9,183,pretrain,0.8954387307167053,0.1713912934064865,0.39252203702926636,0.07726988941431046,0.12354898452758789,0.13012023270130157,0.3555460572242737,0.23091253638267517,0.22818869352340698,0.0,0.0,0.0,0.0,0.0,0.0,0.0,0.0,729.9860229492188,665.4820556640625,1.8234491824193064,0.47422465682029724,0.009573569521307945,0.0018741044914349914,0.8413564562797546
PINN20260517-KimLayered,9,186,pretrain,0.8756346106529236,0.16615357995033264,0.38923129439353943,0.07575523108243942,0.12150542438030243,0.1289265751838684,0.3513296842575073,0.22987797856330872,0.22668448090553284,0.0,0.0,0.0,0.0,0.0,0.0,0.0,0.0,718.3096923828125,660.0732421875,1.8176320401202353,0.47459256649017334,0.009493973106145859,0.0018570097163319588,0.8412379622459412
PINN20260517-KimLayered,9,189,pretrain,0.8561988472938538,0.1608249694108963,0.38520029187202454,0.07583149522542953,0.11961885541677475,0.12772707641124725,0.34732380509376526,0.22889144718647003,0.22523973882198334,0.0,0.0,0.0,0.0,0.0,0.0,0.0,0.0,707.1947631835938,655.104248046875,1.793417996421254,0.47499457001686096,0.009413836523890495,0.0018405214650556445,0.8411324620246887
PINN20260517-KimLayered,9,192,pretrain,0.8381989598274231,0.15617012977600098,0.3816604018211365,0.07427128404378891,0.1178554818034172,0.1265360563993454,0.34361299872398376,0.22792989015579224,0.22384442389011383,0.0,0.0,0.0,0.0,0.0,0.0,0.0,0.0,696.6837768554688,650.5177001953125,1.793936721099255,0.475445032119751,0.009332269430160522,0.0018245058599859476,0.8410370945930481
PINN20260517-KimLayered,9,194,pretrain,0.826836109161377,0.15309876203536987,0.3791171908378601,0.07397183775901794,0.11674142628908157,0.1257581263780594,0.34269994497299194,0.2272895723581314,0.22293558716773987,0.0,0.0,0.0,0.0,0.0,0.0,0.0,0.0,690.0498046875,647.6228637695312,1.7801378316860745,0.47578150033950806,0.009277982637286186,0.0018141339533030987,0.8409762978553772
PINN20260517-KimLayered,9,197,pretrain,0.8108115196228027,0.14883294701576233,0.3754468560218811,0.07328107953071594,0.11512242257595062,0.12460599839687347,0.34163251519203186,0.22633454203605652,0.22161120176315308,0.0,0.0,0.0,0.0,0.0,0.0,0.0,0.0,680.616455078125,643.5949096679688,1.7739111699241876,0.476326584815979,0.009194068610668182,0.0017986216116696596,0.840886116027832
PINN20260517-KimLayered,9,200,pretrain,0.7957733273506165,0.1450023204088211,0.37198078632354736,0.07207027077674866,0.11352822929620743,0.12346093356609344,0.33937183022499084,0.2253929078578949,0.22034136950969696,0.0,0.0,0.0,0.0,0.0,0.0,0.0,0.0,671.8030395507812,639.8519897460938,1.755125493256521,0.4769025444984436,0.009104928001761436,0.0017827650299295783,0.8407933115959167
PINN20260517-KimLayered,9,203,pretrain,0.7816673517227173,0.14147533476352692,0.3685534596443176,0.07093287259340286,0.11194310337305069,0.12231874465942383,0.33672118186950684,0.22445762157440186,0.21912744641304016,0.0,0.0,0.0,0.0,0.0,0.0,0.0,0.0,663.5357666015625,636.1881103515625,1.7460594977616604,0.4774974286556244,0.00900992564857006,0.0017663914477452636,0.8406957983970642
PINN20260517-KimLayered,9,206,pretrain,0.7686766982078552,0.13834424316883087,0.3652821481227875,0.06966549903154373,0.11037221550941467,0.12118448317050934,0.33337631821632385,0.22352257370948792,0.21796604990959167,0.0,0.0,0.0,0.0,0.0,0.0,0.0,0.0,655.8671264648438,632.6942749023438,1.72804477551024,0.47810429334640503,0.008909318596124649,0.0017495264764875174,0.8405948877334595
PINN20260517-KimLayered,9,208,pretrain,0.7606280446052551,0.13624444603919983,0.3629521131515503,0.06973989307880402,0.10935226827859879,0.12045253813266754,0.3327767848968506,0.22288332879543304,0.2172132432460785,0.0,0.0,0.0,0.0,0.0,0.0,0.0,0.0,651.0759887695312,630.4840698242188,1.7196594625681532,0.4785270094871521,0.008841315284371376,0.001738268998451531,0.8405262231826782
PINN20260517-KimLayered,9,211,pretrain,0.7491527199745178,0.13358452916145325,0.3598969876766205,0.06844384223222733,0.10785526037216187,0.11937931180000305,0.3292631208896637,0.22190624475479126,0.21612118184566498,0.0,0.0,0.0,0.0,0.0,0.0,0.0,0.0,644.3565673828125,627.4552612304688,1.7092600495562564,0.4791669547557831,0.008736505173146725,0.0017212200909852982,0.840424656867981
PINN20260517-KimLayered,9,214,pretrain,0.7383583784103394,0.1308288276195526,0.3565554916858673,0.06851991266012192,0.10642365366220474,0.11836694180965424,0.32833126187324524,0.22088006138801575,0.21506211161613464,0.0,0.0,0.0,0.0,0.0,0.0,0.0,0.0,638.1568603515625,624.8160400390625,1.6969238277825465,0.4798334538936615,0.008633231744170189,0.0017044690903276205,0.8403233885765076
PINN20260517-KimLayered,9,217,pretrain,0.7283502817153931,0.12855058908462524,0.35366684198379517,0.06742237508296967,0.10503429919481277,0.11738280206918716,0.3255171775817871,0.21981973946094513,0.21404534578323364,0.0,0.0,0.0,0.0,0.0,0.0,0.0,0.0,632.4076538085938,622.3998413085938,1.686184643754099,0.48049038648605347,0.008529739454388618,0.001687755691818893,0.8402245044708252
PINN20260517-KimLayered,9,220,pretrain,0.7193143963813782,0.12621787190437317,0.3505554795265198,0.06778022646903992,0.10370281338691711,0.11644452065229416,0.3261096477508545,0.21870458126068115,0.21306227147579193,0.0,0.0,0.0,0.0,0.0,0.0,0.0,0.0,627.0462646484375,620.0642700195312,1.6774687642855826,0.4811484217643738,0.008430150337517262,0.001671472447924316,0.8401265144348145
PINN20260517-KimLayered,9,223,physics,0.7369666695594788,0.12436531484127045,0.3480254113674164,0.06662286072969437,0.10241193324327469,0.11552367359399796,0.3223177194595337,0.21753989160060883,0.2121187448501587,0.6879064440727234,6.064040644560009e-05,0.005719415843486786,1.8525291523019405e-07,0.5293897390365601,0.0798170417547226,0.008422931656241417,0.0843094140291214,622.0443725585938,617.7874755859375,1.669193790518448,0.4817814230918884,0.008356056176126003,0.0016592196188867092,0.8400319814682007
PINN20260517-KimLayered,9,225,physics,0.7310336232185364,0.12294712662696838,0.3460623025894165,0.06641732156276703,0.1015891581773758,0.11494675278663635,0.3221946358680725,0.21671444177627563,0.21150469779968262,0.6837015151977539,5.883272024220787e-05,0.005667912773787975,1.8210010921393405e-07,0.529153048992157,0.07986992597579956,0.008438820019364357,0.08415159583091736,618.9132690429688,616.4943237304688,1.6571900133724138,0.48220837116241455,0.008339392021298409,0.0016556972404941916,0.839969277381897
PINN20260517-KimLayered,9,228,physics,0.7232111096382141,0.12130403518676758,0.34371519088745117,0.06573332846164703,0.1003914549946785,0.11410652101039886,0.31883704662323,0.21542561054229736,0.21060898900032043,0.6737899780273438,5.652516119880602e-05,0.005570500157773495,1.8320454842069012e-07,0.5288069248199463,0.07994917035102844,0.008461019955575466,0.08392170816659927,614.4530029296875,614.453369140625,1.6564387830948035,0.48283129930496216,0.008336082100868225,0.0016543904785066843,0.8398792743682861
PINN20260517-KimLayered,9,231,physics,0.7154592275619507,0.11949753761291504,0.3411133289337158,0.06557320058345795,0.09925059974193573,0.1133204996585846,0.3187900185585022,0.2140568494796753,0.20973022282123566,0.662153422832489,5.444706039270386e-05,0.005478121340274811,1.8030510773314745e-07,0.5284794569015503,0.08004866540431976,0.008482726290822029,0.08371178060770035,610.3159790039062,613.0742797851562,1.6378144532414387,0.4834570586681366,0.008336351253092289,0.0016561714000999928,0.8397917747497559
PINN20260517-KimLayered,9,234,physics,0.7083726525306702,0.11806092411279678,0.3389502465724945,0.0649603083729744,0.09814217686653137,0.1125565767288208,0.31522470712661743,0.21262547373771667,0.20886889100074768,0.6514497995376587,5.219847662374377e-05,0.005372876301407814,1.8151607150684868e-07,0.5281628370285034,0.08015115559101105,0.008502589538693428,0.08350757509469986,606.377685546875,611.3599853515625,1.6391347811934223,0.48406195640563965,0.008315736427903175,0.0016587525606155396,0.839707612991333
PINN20260517-KimLayered,9,237,physics,0.701461911201477,0.11647041141986847,0.3365301191806793,0.06464041769504547,0.09707117080688477,0.11182709038257599,0.31557172536849976,0.21111983060836792,0.20801731944084167,0.6462212800979614,4.9858688726089895e-05,0.005277338437736034,1.7833190213423222e-07,0.5278499126434326,0.08026792109012604,0.008521229960024357,0.0833139643073082,602.68505859375,610.1248168945312,1.6219827768006092,0.4846615195274353,0.00827285647392273,0.0016605122946202755,0.839624285697937
PINN20260517-KimLayered,9,239,physics,0.6971708536148071,0.11555303633213043,0.3350861072540283,0.06423121690750122,0.09637072682380676,0.11134938150644302,0.31449729204177856,0.2100772261619568,0.20745590329170227,0.6463720202445984,4.8289497499354184e-05,0.005211531184613705,1.7761912829428184e-07,0.5276424288749695,0.08034686744213104,0.008532501757144928,0.08318636566400528,600.2919921875,608.9151000976562,1.624600635220945,0.48504990339279175,0.00823550671339035,0.0016597361536696553,0.8395698070526123
PINN20260517-KimLayered,9,242,physics,0.6911143660545349,0.11427722126245499,0.33302706480026245,0.06364917010068893,0.09534411132335663,0.1106499657034874,0.31265753507614136,0.20845335721969604,0.20662058889865875,0.6483408212661743,4.605923459166661e-05,0.005116280633956194,1.770464450601139e-07,0.5273369550704956,0.08047059923410416,0.008547982200980186,0.08300065994262695,596.8873291015625,607.6126708984375,1.6120299917701704,0.48562145233154297,0.008176472038030624,0.0016543033998459578,0.8394894599914551
PINN20260517-KimLayered,9,245,physics,0.6854324340820312,0.11289381980895996,0.33077818155288696,0.06378071755170822,0.09435339272022247,0.10997777432203293,0.31420841813087463,0.20674946904182434,0.20579159259796143,0.6489595174789429,4.409308894537389e-05,0.005033217836171389,1.736909638339057e-07,0.5270447731018066,0.0806073471903801,0.008562326431274414,0.08282771706581116,593.6331176757812,606.2554931640625,1.605098321501569,0.4861891567707062,0.008124619722366333,0.0016449559479951859,0.8394102454185486
PINN20260517-KimLayered,9,248,physics,0.6796671152114868,0.11181822419166565,0.32893437147140503,0.06320379674434662,0.093387670814991,0.1093166396021843,0.30937421321868896,0.2049805223941803,0.2049713283777237,0.6476715207099915,4.2314255551900715e-05,0.004944720305502415,1.752562894807852e-07,0.5267672538757324,0.08074448257684708,0.008574936538934708,0.08266037702560425,590.5285034179688,604.9832153320312,1.601091024279606,0.48673853278160095,0.008083916269242764,0.0016335409600287676,0.8393337726593018
PINN20260517-KimLayered,9,251,physics,0.6742158532142639,0.11055135726928711,0.32680463790893555,0.06313920021057129,0.09245573729276657,0.10868263244628906,0.31067097187042236,0.20313867926597595,0.2041541039943695,0.6458113789558411,4.0731629269430414e-05,0.0048737907782197,1.7205239544182405e-07,0.5264994502067566,0.08089660108089447,0.00858661811798811,0.08250673115253448,587.582275390625,604.1070556640625,1.590842726892474,0.487291544675827,0.008055619895458221,0.001621679519303143,0.8392575979232788
PINN20260517-KimLayered,9,253,physics,0.6705434322357178,0.10985593497753143,0.3255861699581146,0.06267386674880981,0.09184425324201584,0.10826369374990463,0.3086109757423401,0.20187997817993164,0.20361171662807465,0.6448659896850586,3.971032128902152e-05,0.0048231882974505424,1.7213541525507026e-07,0.5263233184814453,0.0809972956776619,0.008593467995524406,0.08240532875061035,585.667236328125,603.2984008789062,1.5909441767634387,0.4876512885093689,0.008039390668272972,0.0016137276543304324,0.8392077088356018
PINN20260517-KimLayered,9,256,physics,0.6653836965560913,0.10882723331451416,0.3237495720386505,0.0621827132999897,0.09094344824552536,0.1076451987028122,0.30697178840637207,0.1999446004629135,0.20279815793037415,0.6444103717803955,3.821957216132432e-05,0.004748766776174307,1.715222168741093e-07,0.5260578393936157,0.0811515599489212,0.008602630347013474,0.08225631713867188,582.9053955078125,602.3397216796875,1.5830067093318159,0.4881841838359833,0.008014033548533916,0.0016021456103771925,0.8391329646110535
PINN20260517-KimLayered,9,259,physics,0.6604614853858948,0.10780741274356842,0.3218892216682434,0.06179112568497658,0.09006165713071823,0.10703738033771515,0.3065626621246338,0.1979580670595169,0.20198199152946472,0.6447594165802002,3.6741817893926054e-05,0.0046755243092775345,1.7006230734750716e-07,0.5257924199104309,0.08130931854248047,0.008610531687736511,0.0821107029914856,580.2359008789062,601.2459716796875,1.5791804338371402,0.4887099266052246,0.007982080802321434,0.0015912321396172047,0.839058518409729
PINN20260517-KimLayered,9,262,physics,0.6556560397148132,0.10686600208282471,0.3201068937778473,0.061357706785202026,0.08919808268547058,0.10643739998340607,0.3050345778465271,0.19592295587062836,0.20116190612316132,0.6451684832572937,3.526399814290926e-05,0.004599756561219692,1.6960684945388493e-07,0.5255333185195923,0.08146835118532181,0.008617181330919266,0.081968292593956,577.6708984375,600.280517578125,1.5729514438009944,0.48922619223594666,0.007941312156617641,0.0015811290359124541,0.8389852046966553
PINN20260517-KimLayered,9,265,physics,0.651012659072876,0.10591484606266022,0.3182704448699951,0.06113765388727188,0.08835579454898834,0.10584830492734909,0.304334819316864,0.193838432431221,0.20033708214759827,0.6453267335891724,3.381985879968852e-05,0.004526215605437756,1.684344823615902e-07,0.525285005569458,0.0816316157579422,0.008622769266366959,0.08183184266090393,575.197509765625,599.3605346679688,1.5681773108006087,0.48973706364631653,0.007894725538790226,0.0015719877555966377,0.8389129042625427
PINN20260517-KimLayered,9,267,physics,0.6479663252830505,0.10534144937992096,0.3171239197254181,0.06090772524476051,0.087804414331913,0.10545915365219116,0.3028579354286194,0.19242200255393982,0.19978521764278412,0.6453226208686829,3.287726212874986e-05,0.004475887399166822,1.6859166862559505e-07,0.5251264572143555,0.08174072951078415,0.008625837042927742,0.0817432850599289,573.5975341796875,598.8070068359375,1.5646764713026045,0.49007266759872437,0.007862364873290062,0.0015663988888263702,0.8388656377792358
PINN20260517-KimLayered,9,270,physics,0.6435210704803467,0.10443902015686035,0.31531456112861633,0.06071984022855759,0.08699514716863632,0.1048843264579773,0.30231183767318726,0.19025856256484985,0.19895458221435547,0.6453616619110107,3.151928831357509e-05,0.004403283353894949,1.6735641850118554e-07,0.5248972773551941,0.08190798759460449,0.008629578165709972,0.08161570131778717,571.2623901367188,598.0115966796875,1.5597981367881766,0.4905726909637451,0.007815555669367313,0.0015587176894769073,0.8387956023216248
PINN20260517-KimLayered,9,273,physics,0.6392123699188232,0.10363665223121643,0.31364378333091736,0.06035463511943817,0.08620212227106094,0.10431481897830963,0.3006574511528015,0.18804983794689178,0.19812138378620148,0.6455374956130981,3.021297925442923e-05,0.004329049028456211,1.6731091534438747e-07,0.5246768593788147,0.08207482099533081,0.008632106706500053,0.08149120211601257,568.9967651367188,597.218017578125,1.5555368114033918,0.49106407165527344,0.007772072218358517,0.0015514921396970749,0.838726818561554
PINN20260517-KimLayered,9,276,physics,0.6349462866783142,0.10278551280498505,0.31187868118286133,0.06001223251223564,0.08542735874652863,0.10375332832336426,0.3007732033729553,0.18579643964767456,0.19728504121303558,0.6458806991577148,2.8968477636226453e-05,0.004257782828062773,1.6568174032727256e-07,0.5244631767272949,0.08224426209926605,0.008633572608232498,0.08137117326259613,566.7925415039062,596.41064453125,1.5509167408636875,0.4915502965450287,0.0077323769219219685,0.0015443110605701804,0.8386586904525757
PINN20260517-KimLayered,9,279,physics,0.6307709813117981,0.10201898217201233,0.3102233409881592,0.05962670221924782,0.08466759324073792,0.10319598764181137,0.29929184913635254,0.18350450694561005,0.1964471936225891,0.6462687253952026,2.776123619696591e-05,0.004184302408248186,1.654188963584602e-07,0.5242583751678467,0.08241240680217743,0.008633919060230255,0.08125342428684235,564.6473999023438,595.6181030273438,1.5454185926071908,0.492027223110199,0.007694162894040346,0.0015366962179541588,0.8385918140411377
PINN20260517-KimLayered,9,281,physics,0.6281386613845825,0.10146753489971161,0.30904072523117065,0.05961873009800911,0.08417123556137085,0.10282917320728302,0.29971370100975037,0.18195082247257233,0.19588813185691833,0.6465380191802979,2.698739626794122e-05,0.004137654788792133,1.641835609689224e-07,0.5241268873214722,0.08252623677253723,0.008633622899651527,0.08117768168449402,563.2449951171875,595.055908203125,1.5426855824234376,0.49234288930892944,0.007668923586606979,0.0015313064213842154,0.8385476469993591
PINN20260517-KimLayered,9,284,physics,0.6240608096122742,0.1007525697350502,0.30743974447250366,0.05926967412233353,0.08343692123889923,0.10228198021650314,0.2973620891571045,0.17958568036556244,0.19504962861537933,0.646894097328186,2.5855611966107972e-05,0.004066300578415394,1.6452143825063104e-07,0.5239386558532715,0.0826951116323471,0.0086322370916605,0.0810655951499939,561.1861572265625,594.2769775390625,1.5384126544871974,0.4928090274333954,0.007629805244505405,0.0015226916875690222,0.8384827971458435
PINN20260517-KimLayered,9,287,physics,0.6201321482658386,0.0999957025051117,0.30576831102371216,0.059030964970588684,0.08271775394678116,0.10174362361431122,0.29704293608665466,0.1771741807460785,0.19421085715293884,0.6472545862197876,2.4778806618996896e-05,0.004001989960670471,1.6333220287378936e-07,0.5237579345703125,0.08286706358194351,0.00862978957593441,0.08095795661211014,559.1736450195312,593.52099609375,1.5358741290272113,0.4932730793952942,0.007590060122311115,0.001513735973276198,0.8384183645248413
PINN20260517-KimLayered,9,290,physics,0.6162457466125488,0.09929205477237701,0.30417853593826294,0.05865230783820152,0.08200958371162415,0.10121089220046997,0.2960807979106903,0.1747191846370697,0.19337198138237,0.64760422706604,2.374525683990214e-05,0.003941093571484089,1.6270577418708854e-07,0.5235821008682251,0.08303879201412201,0.008626161143183708,0.08085215091705322,557.207275390625,592.8394775390625,1.531568131597992,0.4937322735786438,0.0075501808896660805,0.0015047240303829312,0.8383545875549316
PINN20260517-KimLayered,9,293,physics,0.612464427947998,0.09858611226081848,0.3025707006454468,0.05836714431643486,0.08131249248981476,0.10068408399820328,0.2956928014755249,0.1722206473350525,0.19253291189670563,0.6479349136352539,2.275722727063112e-05,0.003884425386786461,1.616392211190032e-07,0.5234082341194153,0.08321079611778259,0.008621366694569588,0.08074790239334106,555.2767944335938,592.1165161132812,1.5269200533590483,0.49418723583221436,0.007511541247367859,0.0014959820546209812,0.8382910490036011
PINN20260517-KimLayered,9,295,physics,0.6099391579627991,0.09814092516899109,0.3015325367450714,0.058163680136203766,0.08085277676582336,0.10033509135246277,0.2947024405002594,0.1705346405506134,0.1919737458229065,0.648126482963562,2.21191094169626e-05,0.0038471356965601444,1.614518083670191e-07,0.5232936143875122,0.08332453668117523,0.00861754734069109,0.08067863434553146,554.0023193359375,591.5250244140625,1.5259665381320897,0.4944872260093689,0.0074866656213998795,0.0014903792180120945,0.8382490873336792
PINN20260517-KimLayered,9,298,physics,0.606235682964325,0.09746421128511429,0.29994869232177734,0.057963792234659195,0.0801718682050705,0.09981672465801239,0.2937595844268799,0.16797825694084167,0.1911350041627884,0.6483702659606934,2.1196545276325196e-05,0.0037951339036226273,1.6076837994205562e-07,0.5231242179870605,0.08349554985761642,0.008610885590314865,0.08057643473148346,552.1290893554688,590.8040161132812,1.5210054479107402,0.49493464827537537,0.007450933568179607,0.0014823630917817354,0.8381861448287964
PINN20260517-KimLayered,9,301,physics,0.6026132106781006,0.09682947397232056,0.29842957854270935,0.05772580951452255,0.07949986308813095,0.09930402040481567,0.29236751794815063,0.16539990901947021,0.19029657542705536,0.6485592126846313,2.0310024410719052e-05,0.0037479843012988567,1.6054528373388166e-07,0.5229584574699402,0.08366624265909195,0.008603015914559364,0.08047588169574738,550.2872314453125,590.0936889648438,1.5175133055317491,0.4953795075416565,0.007416390813887119,0.0014747087843716145,0.8381237387657166
PINN20260517-KimLayered,9,304,physics,0.5989726185798645,0.09616522490978241,0.2968679368495941,0.05739918723702431,0.07883785665035248,0.09879784286022186,0.29206496477127075,0.16284537315368652,0.18945743143558502,0.6487271785736084,1.9462571799522266e-05,0.0037081278860569,1.5947237841373862e-07,0.5227959156036377,0.08383778482675552,0.00859391875565052,0.0803777426481247,548.4722290039062,589.3812866210938,1.5148639600840854,0.49582362174987793,0.0073824068531394005,0.0014672657707706094,0.8380615711212158
PINN20260517-KimLayered,9,307,physics,0.5954248905181885,0.09553340077400208,0.29535746574401855,0.0570719838142395,0.07818347215652466,0.09829612076282501,0.29146039485931396,0.16034036874771118,0.18861857056617737,0.6488733291625977,1.8647444449015893e-05,0.0036732901353389025,1.5874577741215035e-07,0.5226359367370605,0.08400785177946091,0.008583512157201767,0.08028046786785126,546.6824340820312,588.6854858398438,1.5107629055677185,0.4962655305862427,0.007348118349909782,0.0014598486013710499,0.8379996418952942
PINN20260517-KimLayered,9,309,physics,0.5931077599525452,0.09510868787765503,0.2943401336669922,0.056918177753686905,0.07775144279003143,0.09796357154846191,0.291240930557251,0.15870386362075806,0.18805912137031555,0.6489620208740234,1.8122342225979082e-05,0.0036530003417283297,1.5813975551282056e-07,0.5225305557250977,0.08412036299705505,0.008575832471251488,0.0802161768078804,545.4993286132812,588.1788940429688,1.5077423704475952,0.49655890464782715,0.007325088605284691,0.0014548772014677525,0.837958574295044
PINN20260517-KimLayered,9,312,physics,0.5896201729774475,0.09450289607048035,0.29286131262779236,0.05667052045464516,0.07710954546928406,0.09746726602315903,0.2898523211479187,0.1563078761100769,0.1872197389602661,0.649072527885437,1.735781188472174e-05,0.0036258299369364977,1.5793845875577972e-07,0.5223766565322876,0.08428672701120377,0.00856320932507515,0.08012032508850098,543.736328125,587.3338623046875,1.5046587147563377,0.49699681997299194,0.007290349341928959,0.0014473561896011233,0.8378974795341492
PINN20260517-KimLayered,9,315,physics,0.5862252116203308,0.09388446807861328,0.29135867953300476,0.0564897395670414,0.07647664099931717,0.09697531163692474,0.2892220616340637,0.15398989617824554,0.18638114631175995,0.6491624116897583,1.662519935052842e-05,0.003606664016842842,1.5721983004368667e-07,0.522228479385376,0.08445245027542114,0.008549174293875694,0.0800270140171051,541.9965209960938,586.5535888671875,1.5013616703604933,0.4974358081817627,0.00725607480853796,0.0014398328494280577,0.8378368616104126
PINN20260517-KimLayered,9,318,physics,0.58282470703125,0.09329915046691895,0.2899142801761627,0.05617945268750191,0.07585127651691437,0.09648650884628296,0.2879854142665863,0.15175484120845795,0.1855446696281433,0.6492180824279785,1.5919609722914174e-05,0.0035949391312897205,1.5693011334860785e-07,0.5220867395401001,0.08461630344390869,0.008533649146556854,0.07993575930595398,540.2755737304688,585.8216552734375,1.498631036058249,0.49787628650665283,0.007222361396998167,0.0014323467621579766,0.8377768993377686
PINN20260517-KimLayered,9,321,physics,0.5795071721076965,0.09269961714744568,0.288443922996521,0.0558851882815361,0.0752333402633667,0.09600096940994263,0.2877013683319092,0.14961054921150208,0.18471166491508484,0.649246335029602,1.524389153928496e-05,0.0035924934782087803,1.5600083713707136e-07,0.5219485759735107,0.08477902412414551,0.008516557514667511,0.07984663546085358,538.5709228515625,585.1195068359375,1.4953581824499977,0.49831992387771606,0.007189375348389149,0.0014249568339437246,0.8377171158790588
PINN20260517-KimLayered,9,323,physics,0.5773480534553528,0.09234294295310974,0.2875273525714874,0.055695176124572754,0.07482373714447021,0.09567764401435852,0.2865496277809143,0.14823372662067413,0.18415877223014832,0.64924156665802,1.4803158592258114e-05,0.0035937668289989233,1.5613244386258884e-07,0.5218580961227417,0.08488503843545914,0.008504290133714676,0.07978720963001251,537.4381103515625,584.5942993164062,1.493595897546335,0.4986158609390259,0.007167444564402103,0.0014200694859027863,0.8376775979995728
PINN20260517-KimLayered,9,326,physics,0.5741091966629028,0.09170748293399811,0.2859826982021332,0.055574025958776474,0.07421668618917465,0.09519468992948532,0.2871040105819702,0.14624926447868347,0.1833338439464569,0.6492307186126709,1.4160334103507921e-05,0.003604097990319133,1.5461056079857372e-07,0.5217243432998657,0.08504337072372437,0.00848458707332611,0.07969986647367477,535.74462890625,583.7506103515625,1.489897357719784,0.4990629553794861,0.0071349432691931725,0.0014128518523648381,0.8376182317733765
PINN20260517-KimLayered,9,329,physics,0.5708642601966858,0.09119375795125961,0.284626841545105,0.055347900837659836,0.0736127719283104,0.09471091628074646,0.2842368483543396,0.14436042308807373,0.18251416087150574,0.6491771936416626,1.3526612747227773e-05,0.0036195286083966494,1.5546460474524793e-07,0.5215961933135986,0.08519604057073593,0.008463278412818909,0.07961253821849823,534.061279296875,582.9274291992188,1.486857636989381,0.49951043725013733,0.007102039642632008,0.0014057046500965953,0.8375598192214966
PINN20260517-KimLayered,9,332,physics,0.5676108002662659,0.09057344496250153,0.2831084132194519,0.05506476014852524,0.0730176568031311,0.09423062950372696,0.28470391035079956,0.14256544411182404,0.18169966340065002,0.6491178274154663,1.2916808373120148e-05,0.003650835482403636,1.539589078447534e-07,0.5214729309082031,0.08534935861825943,0.008440151810646057,0.07952940464019775,532.3850708007812,582.1152954101562,1.4847142444877819,0.49996721744537354,0.007069750223308802,0.001398734049871564,0.8375012874603271
PINN20260517-KimLayered,9,335,physics,0.5644504427909851,0.09005898237228394,0.2817508280277252,0.05475270748138428,0.07242584228515625,0.09374938905239105,0.2827317714691162,0.14086128771305084,0.18088990449905396,0.649011492729187,1.2317107575654518e-05,0.0036909112241119146,1.5428518906901445e-07,0.5213555097579956,0.08549746870994568,0.008415259420871735,0.07944699376821518,530.7200927734375,581.3931274414062,1.481539060840341,0.5004268884658813,0.0070375362411141396,0.001391862635500729,0.8374435901641846
PINN20260517-KimLayered,9,337,physics,0.562343418598175,0.08962483704090118,0.28069740533828735,0.05460747703909874,0.07203608006238937,0.09342993795871735,0.28389328718185425,0.1397750824689865,0.18035273253917694,0.648938775062561,1.1930358596146107e-05,0.0037272265180945396,1.5270325093297288e-07,0.5212787389755249,0.08559651672840118,0.008397653698921204,0.07939431071281433,529.607421875,580.8477783203125,1.4793965107152083,0.5007390975952148,0.0070166937075555325,0.0013873833231627941,0.8374048471450806
PINN20260517-KimLayered,9,340,physics,0.5592228174209595,0.08914370834827423,0.2793932557106018,0.05428662523627281,0.07145126163959503,0.09294701367616653,0.2811015546321869,0.13821329176425934,0.17955012619495392,0.6487674117088318,1.1351829016348347e-05,0.003787275869399309,1.5363436034476763e-07,0.5211694240570068,0.08573752641677856,0.008369769901037216,0.07931399345397949,527.9220581054688,579.7681274414062,1.478799075568934,0.501206636428833,0.006985298357903957,0.0013806840870529413,0.8373479843139648
PINN20260517-KimLayered,9,343,physics,0.5560188293457031,0.08851121366024017,0.2778193950653076,0.05411914736032486,0.07087475061416626,0.09246539324522018,0.28159230947494507,0.13673245906829834,0.1787514090538025,0.6485978960990906,1.0795080925163347e-05,0.0038644191808998585,1.519065477850745e-07,0.5210652351379395,0.08587877452373505,0.008340252563357353,0.0792379081249237,526.2571411132812,578.9681396484375,1.4734840445921245,0.5016840696334839,0.006954946089535952,0.001374123152345419,0.8372910022735596
PINN20260517-KimLayered,9,346,physics,0.5528368949890137,0.08800661563873291,0.27647286653518677,0.05368172004818916,0.07030030339956284,0.09198133647441864,0.27936917543411255,0.1353340744972229,0.17795851826667786,0.6483884453773499,1.0246928468404803e-05,0.003954591229557991,1.5226478922159004e-07,0.5209697484970093,0.08601422607898712,0.008309109136462212,0.07916327565908432,524.5811157226562,578.0347900390625,1.4707901318242231,0.502167284488678,0.006924552842974663,0.001367590157315135,0.8372349739074707
PINN20260517-KimLayered,9,349,physics,0.5497087240219116,0.0874413251876831,0.27502045035362244,0.05326864495873451,0.0697312206029892,0.09149673581123352,0.27902960777282715,0.13423986732959747,0.17721864581108093,0.6481728553771973,9.71442750596907e-06,0.004064188338816166,1.5140234665977914e-07,0.5208802223205566,0.08614787459373474,0.008276442065834999,0.07909216731786728,522.9042358398438,577.1458129882812,1.4700326100498753,0.5026605129241943,0.006894279271364212,0.0013610810274258256,0.8371790647506714
PINN20260517-KimLayered,9,352,physics,0.5465648770332336,0.08687017858028412,0.27355074882507324,0.05289675295352936,0.06916390359401703,0.09101052582263947,0.27889394760131836,0.13289006054401398,0.17641448974609375,0.6479308009147644,9.198993211612105e-06,0.004193495027720928,1.5046558132780774e-07,0.5207950472831726,0.0862770825624466,0.008242335170507431,0.07902280241250992,521.213623046875,576.1217041015625,1.4661169155519178,0.5031644105911255,0.006864720024168491,0.0013547104317694902,0.8371233344078064
PINN20260517-KimLayered,9,354,physics,0.5444791913032532,0.08650988340377808,0.27260759472846985,0.052630480378866196,0.06878665089607239,0.09068495035171509,0.2780953049659729,0.1321740299463272,0.1759299337863922,0.647764265537262,8.858273758960422e-06,0.004288478754460812,1.5035872991120414e-07,0.5207412242889404,0.08635997772216797,0.008219080977141857,0.07897693663835526,520.0822143554688,575.4043579101562,1.464216285784571,0.5035025477409363,0.006844503339380026,0.0013503942172974348,0.83708655834198
PINN20260517-KimLayered,9,357,physics,0.5413386821746826,0.08595386147499084,0.27114492654800415,0.05242164060473442,0.06822191923856735,0.09019526839256287,0.2767851650714874,0.13083955645561218,0.1751619577407837,0.6475170850753784,8.362902917724568e-06,0.004444655030965805,1.5019264765214757e-07,0.5206642746925354,0.08648020029067993,0.008183718658983707,0.07890944182872772,518.3784790039062,574.2645263671875,1.4611194006542743,0.5040179491043091,0.006815113592892885,0.0013440876500681043,0.8370313048362732
PINN20260517-KimLayered,9,360,physics,0.5382269620895386,0.08539848029613495,0.26967504620552063,0.05216332525014877,0.06765851378440857,0.08970506489276886,0.27566665410995483,0.12975941598415375,0.17442567646503448,0.6472764611244202,7.881721103331074e-06,0.004622308071702719,1.4988087571055075e-07,0.5205907821655273,0.08659687638282776,0.008147940039634705,0.07884440571069717,516.67919921875,573.2799072265625,1.4582226932187627,0.5045456886291504,0.006786104757338762,0.0013378671137616038,0.8369759321212769
PINN20260517-KimLayered,9,363,physics,0.5351793169975281,0.08486848324537277,0.2682575583457947,0.051729924976825714,0.0670936107635498,0.08921445906162262,0.2749404311180115,0.12878483533859253,0.1737077534198761,0.6470261216163635,7.413202638417715e-06,0.004827279131859541,1.4949824844734394e-07,0.5205162763595581,0.08670978248119354,0.008111895062029362,0.07878118008375168,514.9696655273438,572.29296875,1.4577237878088445,0.5050885677337646,0.006757363211363554,0.0013317186385393143,0.8369201421737671
PINN20260517-KimLayered,9,366,physics,0.5320271253585815,0.08426325023174286,0.2667061686515808,0.05128630995750427,0.06652668118476868,0.08872377872467041,0.2757689654827118,0.12782713770866394,0.17298337817192078,0.6467621326446533,6.9585380515491124e-06,0.0050637926906347275,1.4795449487792212e-07,0.5204360485076904,0.08681903779506683,0.008076016791164875,0.07871899008750916,513.2462768554688,571.250244140625,1.4546298752263063,0.5056467652320862,0.006728990934789181,0.0013256326783448458,0.8368631601333618
PINN20260517-KimLayered,9,368,physics,0.529948353767395,0.08392193168401718,0.2657918334007263,0.05094364657998085,0.0661458671092987,0.08839502185583115,0.2748206853866577,0.12710855901241302,0.1724952757358551,0.6465661525726318,6.658284291916061e-06,0.00523463636636734,1.4809501180934603e-07,0.520380973815918,0.08688688278198242,0.008052480407059193,0.07867634296417236,512.083251953125,570.4083251953125,1.4530030653358006,0.5060224533081055,0.006709771230816841,0.0013215407961979508,0.8368249535560608
PINN20260517-KimLayered,9,371,physics,0.5268304347991943,0.08333148807287216,0.26426199078559875,0.05080172419548035,0.06557507067918777,0.08790101855993271,0.27409014105796814,0.12617386877536774,0.17178480327129364,0.6462745070457458,6.221931016625604e-06,0.005512544885277748,1.476794579957641e-07,0.5202997922897339,0.08698441088199615,0.008018380030989647,0.0786135196685791,510.32122802734375,568.9244995117188,1.4510534486203543,0.5065951347351074,0.006681541446596384,0.0013154966291040182,0.8367674350738525
PINN20260517-KimLayered,9,374,physics,0.5237196087837219,0.08279186487197876,0.2628273367881775,0.050522662699222565,0.06500470638275146,0.08740710467100143,0.2723407745361328,0.12530401349067688,0.17108573019504547,0.6459888815879822,5.798704933113186e-06,0.0058158403262495995,1.4804120951339428e-07,0.5202265977859497,0.0870773047208786,0.007986295968294144,0.07855339348316193,508.5863952636719,567.8323364257812,1.4446512169785248,0.5071790218353271,0.006653372198343277,0.0013094850583001971,0.8367100954055786
PINN20260517-KimLayered,9,377,physics,0.520630955696106,0.08223703503608704,0.26135939359664917,0.050208378583192825,0.0644364207983017,0.0869140699505806,0.27140748500823975,0.12444394826889038,0.1703963577747345,0.6457297801971436,5.391171271185158e-06,0.006144464947283268,1.4784110646814952e-07,0.5201609134674072,0.08716730773448944,0.007956980727612972,0.07849685847759247,506.8381652832031,566.5281372070312,1.4455154893851445,0.5077749490737915,0.006625406909734011,0.0013035194715484977,0.8366528749465942
PINN20260517-KimLayered,9,380,physics,0.5175512433052063,0.08164741098880768,0.2598220407962799,0.04991381615400314,0.06386831402778625,0.08642220497131348,0.2715781033039093,0.1235809251666069,0.16971230506896973,0.645495593547821,4.998685199097963e-06,0.00649469718337059,1.468145001126686e-07,0.5200977325439453,0.08725328743457794,0.007930983789265156,0.07844158262014389,505.10614013671875,565.3795166015625,1.4410354770811875,0.5083791017532349,0.006597595289349556,0.0012975819408893585,0.8365951776504517
PINN20260517-KimLayered,9,382,physics,0.5154889225959778,0.08131159842014313,0.2589142620563507,0.049538739025592804,0.06348735094070435,0.08609454333782196,0.270541250705719,0.12302683293819427,0.16926723718643188,0.6453397274017334,4.743093086290173e-06,0.006735425442457199,1.469718284852206e-07,0.5200557112693787,0.08730625361204147,0.007915563881397247,0.07840338349342346,503.93426513671875,564.3375244140625,1.4419667496707431,0.5087828636169434,0.0065789599902927876,0.0012936192797496915,0.836556613445282
PINN20260517-KimLayered,9,385,physics,0.5124565958976746,0.08071617782115936,0.2573666572570801,0.04937773942947388,0.06291696429252625,0.08560524135828018,0.27059733867645264,0.12222080677747726,0.1686134934425354,0.6451329588890076,4.3744225877162535e-06,0.00710858590900898,1.4601894804400217e-07,0.5199931859970093,0.08738258481025696,0.007895797491073608,0.07834599167108536,502.1879577636719,562.8160400390625,1.4372005402550128,0.5093908905982971,0.006551340688019991,0.001287716208025813,0.8364981412887573
PINN20260517-KimLayered,9,388,physics,0.5094228386878967,0.08023305237293243,0.25605204701423645,0.04894544556736946,0.06234465166926384,0.08511915802955627,0.26819488406181335,0.12140850722789764,0.16797640919685364,0.6449375152587891,4.0187019294535276e-06,0.007487156428396702,1.4691923411191965e-07,0.519936203956604,0.08745233714580536,0.007879942655563354,0.07828683406114578,500.4440612792969,561.1678466796875,1.4357266513086548,0.5099974274635315,0.006523520685732365,0.0012818063842132688,0.8364397883415222
PINN20260517-KimLayered,9,391,physics,0.5063674449920654,0.07961888611316681,0.2544776201248169,0.048819348216056824,0.06177573651075363,0.084638811647892,0.2683790326118469,0.1206260696053505,0.16736221313476562,0.6447960138320923,3.68383871318656e-06,0.007876762188971043,1.4576656326426018e-07,0.5198830962181091,0.08752188831567764,0.007868703454732895,0.0782293975353241,498.7195129394531,559.5868530273438,1.4338485055564316,0.5106081366539001,0.006496266927570105,0.0012759787496179342,0.836380660533905
PINN20260517-KimLayered,9,394,physics,0.5033284425735474,0.07911847531795502,0.25314438343048096,0.04833494499325752,0.061203863471746445,0.0841636210680008,0.2665697932243347,0.11985268443822861,0.16676917672157288,0.6446717977523804,3.3635405998211354e-06,0.008261755108833313,1.4614261090173386e-07,0.5198318362236023,0.0875856801867485,0.007861355319619179,0.07816874235868454,497.01568603515625,558.0657348632812,1.4297118345182407,0.5112147331237793,0.006468857638537884,0.00127015495672822,0.836321234703064
PINN20260517-KimLayered,9,396,physics,0.5013511180877686,0.07872040569782257,0.2521258592605591,0.04823124408721924,0.06082271784543991,0.08385024964809418,0.2668440341949463,0.11933588981628418,0.16638535261154175,0.6446141004562378,3.161141648888588e-06,0.00851704366505146,1.453216071922725e-07,0.5197951197624207,0.08762729167938232,0.007858757860958576,0.07812705636024475,495.87042236328125,556.817626953125,1.4299377152320691,0.5116181373596191,0.006450830493122339,0.0012663058005273342,0.8362808227539062
PINN20260517-KimLayered,9,399,physics,0.4983605742454529,0.0782189890742302,0.2508063316345215,0.04776247963309288,0.0602470226585865,0.08338505029678345,0.26529744267463684,0.11857333779335022,0.1658262014389038,0.6445316076278687,2.869148147510714e-06,0.008884171023964882,1.4549920024364837e-07,0.5197362899780273,0.08768390119075775,0.007857386022806168,0.0780591145157814,494.1728820800781,555.0225219726562,1.4255226701719825,0.5122151374816895,0.006423496641218662,0.0012605034280568361,0.8362194895744324
PINN20260517-KimLayered,9,402,physics,0.49545818567276,0.07770994305610657,0.24947690963745117,0.04744027554988861,0.05966988578438759,0.08292662352323532,0.26402419805526733,0.11780674010515213,0.16528737545013428,0.6444701552391052,2.594564648461528e-06,0.009232059121131897,1.4552307447956991e-07,0.5196740627288818,0.08773640543222427,0.00785893015563488,0.07798665016889572,492.4648742675781,552.8712768554688,1.425947925950913,0.5128046274185181,0.006396286189556122,0.0012547244550660253,0.8361570835113525
PINN20260517-KimLayered,9,405,physics,0.4925419092178345,0.07712176442146301,0.24799436330795288,0.04732310771942139,0.05909448862075806,0.08247529715299606,0.2642017900943756,0.11705029010772705,0.16476809978485107,0.6444412469863892,2.3390507521980908e-06,0.00956140086054802,1.4429298289542203e-07,0.5196107029914856,0.08778773248195648,0.007863289676606655,0.07791197299957275,490.7970275878906,550.9874267578125,1.419642606681879,0.5133893489837646,0.00636943569406867,0.0012489978689700365,0.836093544960022
PINN20260517-KimLayered,9,408,physics,0.4896046817302704,0.07664360105991364,0.24673879146575928,0.04699360579252243,0.058518216013908386,0.08203011751174927,0.2615692913532257,0.11629100888967514,0.16426295042037964,0.6444019079208374,2.097734068229329e-06,0.009852906689047813,1.4492287903067336e-07,0.5195496678352356,0.08783349394798279,0.00786895677447319,0.07783184200525284,489.1170349121094,548.736572265625,1.4179303739547582,0.5139610767364502,0.0063424184918403625,0.0012432626681402326,0.8360299468040466
PINN20260517-KimLayered,9,410,physics,0.4876919090747833,0.07624398171901703,0.24574008584022522,0.04711397737264633,0.058136772364377975,0.08173702657222748,0.261231929063797,0.11578643321990967,0.16393758356571198,0.6443952322006226,1.9480473838484613e-06,0.01003273669630289,1.440238293071161e-07,0.5195088982582092,0.0878647118806839,0.00787381362169981,0.07777782529592514,488.01507568359375,547.3378295898438,1.4151512326342273,0.5143393874168396,0.006324793677777052,0.0012394930236041546,0.8359869122505188
PINN20260517-KimLayered,9,413,physics,0.48481297492980957,0.07580439746379852,0.24457377195358276,0.04657842963933945,0.057563621550798416,0.0813019648194313,0.25868046283721924,0.11503160744905472,0.1634593904018402,0.644378662109375,1.7342682667731424e-06,0.010264541953802109,1.4450415619648993e-07,0.5194473266601562,0.08790765702724457,0.007881568744778633,0.07769295573234558,486.3775329589844,545.25390625,1.4139705314695004,0.514899730682373,0.006297987885773182,0.001233816728927195,0.8359220027923584
PINN20260517-KimLayered,9,416,physics,0.4818423390388489,0.07521821558475494,0.2431243509054184,0.04619401693344116,0.056994032114744186,0.08087185770273209,0.2593662738800049,0.11427341401576996,0.1629987210035324,0.6443905234336853,1.5385012375190854e-06,0.010464828461408615,1.42258642199522e-07,0.5193780660629272,0.08795086294412613,0.007890467531979084,0.07760573923587799,484.73651123046875,542.9814453125,1.4118880841659598,0.5154563188552856,0.006271662190556526,0.0012282098177820444,0.83585524559021
PINN20260517-KimLayered,9,419,physics,0.4789043664932251,0.07476502656936646,0.24197471141815186,0.04537538066506386,0.056422751396894455,0.08044552803039551,0.257874071598053,0.11351514607667923,0.1625484824180603,0.6443474888801575,1.3536832739191595e-06,0.010613968595862389,1.419237918298677e-07,0.5193065404891968,0.08798590302467346,0.007898588664829731,0.0775117427110672,483.07989501953125,540.39892578125,1.4071946594611418,0.5159990787506104,0.006244868040084839,0.0012225534301251173,0.8357886075973511
PINN20260517-KimLayered,9,422,physics,0.4760700464248657,0.0742553249001503,0.24070961773395538,0.04508863389492035,0.05585840716958046,0.08002294600009918,0.25661975145339966,0.11275680363178253,0.162107914686203,0.6443167328834534,1.183644485536206e-06,0.010701051913201809,1.4146398541470262e-07,0.5192418098449707,0.0880165845155716,0.007905848324298859,0.07741537690162659,481.40606689453125,537.4569091796875,1.4069968084593527,0.5165289640426636,0.006218329071998596,0.001216931501403451,0.835722029209137
PINN20260517-KimLayered,9,424,physics,0.4742443561553955,0.07396283745765686,0.2399573028087616,0.04487936943769455,0.05548669025301933,0.07974321395158768,0.2548481822013855,0.11225368082523346,0.16181960701942444,0.6443151235580444,1.0780627235362772e-06,0.010720208287239075,1.420043815869576e-07,0.5192063450813293,0.08803483843803406,0.007910052314400673,0.0773511752486229,480.3296203613281,535.8294067382812,1.4033211749063692,0.5168768763542175,0.006200720090419054,0.001213207608088851,0.8356783390045166
PINN20260517-KimLayered,9,427,physics,0.4713931083679199,0.07336898148059845,0.23850348591804504,0.044842660427093506,0.054938361048698425,0.07932604104280472,0.25500625371932983,0.11151348054409027,0.161403089761734,0.6443783640861511,9.341916324956401e-07,0.010722755454480648,1.4045500051906856e-07,0.5191558599472046,0.0880647748708725,0.0079167690128088,0.0772581398487091,478.7320861816406,533.4947509765625,1.3986425616097815,0.517401933670044,0.0061750831082463264,0.001207739464007318,0.8356121778488159
PINN20260517-KimLayered,9,430,physics,0.4685898721218109,0.07293906807899475,0.23739849030971527,0.04412146657705307,0.05438857525587082,0.07890971750020981,0.25318047404289246,0.11089304834604263,0.16099724173545837,0.644422173500061,7.993838835318456e-07,0.010673127137124538,1.4075867227347771e-07,0.5190961956977844,0.08808666467666626,0.007922213524580002,0.07716032862663269,477.10595703125,530.8745727539062,1.4005394981480548,0.5179213285446167,0.0061486586928367615,0.0012021875008940697,0.8355453014373779
PINN20260517-KimLayered,9,433,physics,0.46584179997444153,0.07237114012241364,0.23602347075939178,0.04379284754395485,0.053837765008211136,0.07849309593439102,0.25399303436279297,0.11069355905056,0.16068458557128906,0.644443154335022,6.781025376767502e-07,0.010603507980704308,1.3912382712533145e-07,0.5190122127532959,0.08810435235500336,0.007927615195512772,0.07705852389335632,475.4462585449219,528.0070190429688,1.3921583057726306,0.5184445381164551,0.0061232890002429485,0.001196791068650782,0.8354758620262146
PINN20260517-KimLayered,9,436,physics,0.462947815656662,0.07191655039787292,0.23488983511924744,0.04323337599635124,0.053285859525203705,0.07807523012161255,0.2521684169769287,0.10940439254045486,0.160194993019104,0.6444045305252075,5.634945523524948e-07,0.010486477054655552,1.3985285818307602e-07,0.5189160108566284,0.08811235427856445,0.007931570522487164,0.0769519954919815,473.7440185546875,524.821044921875,1.3922620438443751,0.5189605951309204,0.006096691358834505,0.001191208721138537,0.8354063034057617
PINN20260517-KimLayered,9,438,physics,0.46108004450798035,0.07153559476137161,0.23396608233451843,0.043262600898742676,0.052921734750270844,0.07779541611671448,0.25152742862701416,0.1091131940484047,0.15997934341430664,0.6443776488304138,4.952905214850034e-07,0.010398547165095806,1.3958879208075814e-07,0.518847644329071,0.08811713755130768,0.007934308610856533,0.07688269764184952,472.6257019042969,522.8882446289062,1.3869107619804788,0.519309401512146,0.0060801757499575615,0.0011876658536493778,0.8353594541549683
PINN20260517-KimLayered,9,441,physics,0.45824289321899414,0.0710446834564209,0.23272575438022614,0.043051790446043015,0.052381481975317,0.07737287133932114,0.249383345246315,0.10823779553174973,0.1595597267150879,0.6443415880203247,4.001461491043301e-07,0.010237324051558971,1.4041282270227384e-07,0.518742561340332,0.08812177181243896,0.007937920279800892,0.07678206264972687,470.9483337402344,520.080078125,1.3875296532633707,0.5198332071304321,0.006054626777768135,0.0011822427622973919,0.835290253162384
PINN20260517-KimLayered,9,444,physics,0.4554383158683777,0.07049820572137833,0.23134824633598328,0.04293070361018181,0.051846474409103394,0.07694390416145325,0.248501718044281,0.10779943317174911,0.15920370817184448,0.6443260312080383,3.1675861578150943e-07,0.010051649063825607,1.4000569592553802e-07,0.518612265586853,0.08812524378299713,0.007941463962197304,0.0766848549246788,469.27386474609375,517.4669799804688,1.3859164731682876,0.5203631520271301,0.006029512733221054,0.0011769018601626158,0.8352202773094177
PINN20260517-KimLayered,9,447,physics,0.45254722237586975,0.06999362260103226,0.23004049062728882,0.04248049110174179,0.05131058767437935,0.07650286704301834,0.24756178259849548,0.10694512724876404,0.15883050858974457,0.6442891955375671,2.4306120849360013e-07,0.009817129001021385,1.3989914293688344e-07,0.5184272527694702,0.08812174201011658,0.007943829521536827,0.07658649235963821,467.5251770019531,514.5285034179688,1.3852985522747936,0.5208913683891296,0.0060042873956263065,0.001171570154838264,0.8351492881774902
PINN20260517-KimLayered,9,450,physics,0.4496104419231415,0.06943512707948685,0.22859352827072144,0.04223109036684036,0.05077625811100006,0.07603864371776581,0.24701917171478271,0.10628371685743332,0.1584792584180832,0.6442267894744873,1.7920898187639978e-07,0.009537207894027233,1.392801891597628e-07,0.5181478261947632,0.08811286836862564,0.007945027202367783,0.076491579413414,465.6810607910156,511.4039611816406,1.3815897076970347,0.5214138031005859,0.005979147739708424,0.0011662549804896116,0.8350774049758911
PINN20260517-KimLayered,9,452,physics,0.44756531715393066,0.06907835602760315,0.22762170433998108,0.04198611155152321,0.05042319744825363,0.07570333778858185,0.24593476951122284,0.10587641596794128,0.15823712944984436,0.6441711783409119,1.4155330063658766e-07,0.009319070726633072,1.3960600142581825e-07,0.5178701877593994,0.0881042405962944,0.007944952696561813,0.07643640041351318,464.370361328125,509.3381652832031,1.3812287991462138,0.5217559337615967,0.00596204586327076,0.0011626632185652852,0.8350302577018738
PINN20260517-KimLayered,9,455,physics,0.44416919350624084,0.06844881922006607,0.22579626739025116,0.04177572578191757,0.04990170896053314,0.07510439306497574,0.24475790560245514,0.10520081967115402,0.1578846126794815,0.6440936923027039,9.45656353223967e-08,0.008983384817838669,1.3953282973488967e-07,0.5171136856079102,0.08809459954500198,0.007944740355014801,0.07639206945896149,462.12481689453125,506.51458740234375,1.3771274833622837,0.5222655534744263,0.005937430076301098,0.0011574456002563238,0.8349608182907104
PINN20260517-KimLayered,9,458,physics,0.4395913779735565,0.06766200065612793,0.22290828824043274,0.04133051633834839,0.049386076629161835,0.07412058115005493,0.2431771159172058,0.10464034229516983,0.15752209722995758,0.6440069079399109,5.7475773473925074e-08,0.008602757938206196,1.3981598101509007e-07,0.5149269700050354,0.08808892220258713,0.007943045347929,0.07649923861026764,458.8262634277344,503.7642517089844,1.3744785567288789,0.5227492451667786,0.005912783555686474,0.0011522492859512568,0.8348944187164307
PINN20260517-KimLayered,9,461,physics,0.43315544724464417,0.06706686317920685,0.21531954407691956,0.040704771876335144,0.048874594271183014,0.07153422385454178,0.2422792911529541,0.10409137606620789,0.15703225135803223,0.6438895463943481,3.106833190713587e-08,0.008173435926437378,1.3843151691617095e-07,0.505364179611206,0.08810621500015259,0.007938306778669357,0.07756476104259491,458.21734619140625,501.212158203125,1.3724121925723505,0.5231454968452454,0.005887669511139393,0.0011470280587673187,0.8348355293273926
PINN20260517-KimLayered,9,464,physics,0.42565488815307617,0.06554242968559265,0.2108124941587448,0.04031812772154808,0.04846806824207306,0.07004864513874054,0.2408871352672577,0.10353434830904007,0.15657199919223785,0.6436423659324646,1.7647488803618216e-08,0.007610533386468887,1.3904536899644881e-07,0.5035898089408875,0.0882040411233902,0.007922338321805,0.07771362364292145,449.9667053222656,498.6810302734375,1.372741054400827,0.5232270359992981,0.005861592013388872,0.0011416708584874868,0.8347995281219482
PINN20260517-KimLayered,9,466,physics,0.42036065459251404,0.06402093172073364,0.20983028411865234,0.04029746353626251,0.04822162911295891,0.06979020684957504,0.24037322402000427,0.10306928306818008,0.156305193901062,0.6433603763580322,1.250416836739987e-08,0.007145530078560114,1.3942802468136506e-07,0.5059235095977783,0.08830079436302185,0.007905576378107071,0.07728821039199829,445.30743408203125,496.05950927734375,1.3737801512801053,0.523112952709198,0.005842924118041992,0.001137897022999823,0.8347790241241455
PINN20260517-KimLayered,9,469,physics,0.40896502137184143,0.06252415478229523,0.19764402508735657,0.03969576209783554,0.04774630069732666,0.06565939635038376,0.2396838366985321,0.10265876352787018,0.1555955559015274,0.642763614654541,5.732992303109086e-09,0.006341262720525265,1.3823557765135774e-07,0.4959374964237213,0.08844436705112457,0.007876081392168999,0.0786646157503128,439.87841796875,491.6024169921875,1.370995588139677,0.522823691368103,0.005811698734760284,0.0011317586759105325,0.8347328901290894
PINN20260517-KimLayered,9,472,physics,0.3969021141529083,0.05929899960756302,0.19429993629455566,0.03918880596756935,0.04729113355278969,0.06457525491714478,0.23865506052970886,0.10198536515235901,0.15513035655021667,0.6421169638633728,3.285274718933806e-09,0.005492774304002523,1.3949222932296834e-07,0.4991624057292938,0.08866004645824432,0.007841710932552814,0.07780098170042038,427.8551025390625,488.0610656738281,1.3749171746845985,0.5222642421722412,0.00578130129724741,0.0011255600256845355,0.8346796035766602
PINN20260517-KimLayered,9,475,physics,0.3846275806427002,0.05721620097756386,0.18327274918556213,0.03911736235022545,0.046746864914894104,0.060845937579870224,0.2380484938621521,0.10157372802495956,0.15438959002494812,0.6415363550186157,2.00640304370836e-09,0.0047086551785469055,1.38700514185075e-07,0.4918668270111084,0.08891747891902924,0.007810439448803663,0.07894141972064972,418.8324890136719,485.0957336425781,1.3743130024483878,0.5215957164764404,0.005751497112214565,0.0011194250546395779,0.8346040844917297
PINN20260517-KimLayered,9,478,physics,0.37316060066223145,0.05456651747226715,0.1774187982082367,0.0388760007917881,0.046130359172821045,0.05891253799200058,0.23749177157878876,0.10102199763059616,0.15382368862628937,0.6409863233566284,1.632222468295197e-09,0.003960992209613323,1.3898977613280294e-07,0.4914475679397583,0.08921393752098083,0.007781650871038437,0.07863268256187439,410.8467712402344,481.9973449707031,1.373160458117441,0.5207817554473877,0.0057211765088140965,0.0011131016071885824,0.8345034122467041
PINN20260517-KimLayered,9,480,physics,0.3668069839477539,0.05288543179631233,0.17600059509277344,0.03840520977973938,0.04566839709877968,0.05855485051870346,0.23679272830486298,0.10052428394556046,0.15361431241035461,0.6406129598617554,1.5700654110162304e-09,0.0034697125665843487,1.4013706106652535e-07,0.49476784467697144,0.0894199088215828,0.007764173671603203,0.07749711722135544,405.580078125,479.79583740234375,1.3779875130758565,0.520176112651825,0.005700403358787298,0.0011087330058217049,0.834420382976532
PINN20260517-KimLayered,9,483,physics,0.3581434488296509,0.05099349841475487,0.171238973736763,0.0382096990942955,0.044888101518154144,0.05698970705270767,0.2365027666091919,0.09995649009943008,0.15308180451393127,0.6401015520095825,1.2415516392749737e-09,0.0028047438245266676,1.396258682007101e-07,0.4935624897480011,0.08972717821598053,0.007743638474494219,0.0771317183971405,398.7248840332031,476.7973327636719,1.3738194212321606,0.5192687511444092,0.005668641068041325,0.0011020982638001442,0.8342718482017517
PINN20260517-KimLayered,9,486,physics,0.35094359517097473,0.04949597269296646,0.1675870418548584,0.03775636479258537,0.04407602548599243,0.0557408481836319,0.23525002598762512,0.09936797618865967,0.15260404348373413,0.6396920084953308,9.162636205317654e-10,0.0022315618116408587,1.4020315575180575e-07,0.49233704805374146,0.09003497660160065,0.007729985285550356,0.07672072947025299,393.1144104003906,474.0987854003906,1.3802683760306926,0.5183858871459961,0.005637681111693382,0.001095590996555984,0.8341054916381836
PINN20260517-KimLayered,9,489,physics,0.34449905157089233,0.04814165085554123,0.16382311284542084,0.037800759077072144,0.04328211396932602,0.05451926216483116,0.23465986549854279,0.0988435372710228,0.15213388204574585,0.6394462585449219,6.264189722493541e-10,0.0017660653684288263,1.3949895105724863e-07,0.49062132835388184,0.09034093469381332,0.007723418064415455,0.07642965763807297,388.7580261230469,471.7506408691406,1.374399812401644,0.5175735950469971,0.005607984494417906,0.0010893249418586493,0.8339294195175171
PINN20260517-KimLayered,9,492,physics,0.33909696340560913,0.04713044315576553,0.160882368683815,0.03744913637638092,0.04252728074789047,0.05348343402147293,0.23260284960269928,0.0982489213347435,0.15166577696800232,0.639248788356781,1.7841020327757917e-10,0.0013440392212942243,1.4047883212242596e-07,0.4884510636329651,0.09061910957098007,0.007720894645899534,0.07628995925188065,385.161865234375,469.613525390625,1.3800540226782054,0.5168286561965942,0.005578140262514353,0.00108313316013664,0.8337518572807312
PINN20260517-KimLayered,9,495,physics,0.3350558876991272,0.046197425574064255,0.159063920378685,0.03763388842344284,0.04184035211801529,0.05291837453842163,0.2323516309261322,0.09768521785736084,0.15123020112514496,0.6391440629959106,0.0,0.0009922159370034933,1.3890870320665272e-07,0.4864056706428528,0.09087447822093964,0.0077224913984537125,0.07619607448577881,382.05438232421875,467.8257751464844,1.3785767521526977,0.5161762833595276,0.005549517460167408,0.0010772026143968105,0.83357834815979
PINN20260517-KimLayered,9,497,physics,0.33275771141052246,0.04579714685678482,0.15833371877670288,0.03718259930610657,0.041425105184316635,0.052644938230514526,0.23048415780067444,0.09726685285568237,0.15099437534809113,0.6390739679336548,0.0,0.0007771142409183085,1.3996536551985628e-07,0.48577454686164856,0.09102436900138855,0.0077248248271644115,0.07594194263219833,379.763427734375,466.823486328125,1.3811335000725289,0.5157837867736816,0.005530624650418758,0.0010733219096437097,0.833469808101654
PINN20260517-KimLayered,9,500,physics,0.3297381103038788,0.04513154551386833,0.15704677999019623,0.03721821308135986,0.04087260365486145,0.05232502520084381,0.22992125153541565,0.09660749137401581,0.15070056915283203,0.6391017436981201,0.0,0.0005273823044262826,1.388420400871837e-07,0.4854075610637665,0.09123781323432922,0.007731596473604441,0.07544694095849991,377.49249267578125,465.55926513671875,1.3771689001623686,0.5152993202209473,0.00550438929349184,0.0010678870603442192,0.8333184719085693
PINN20260517-KimLayered,9,503,physics,0.32718154788017273,0.044669702649116516,0.15633445978164673,0.03685426339507103,0.040380798280239105,0.05211632326245308,0.22742930054664612,0.09594616293907166,0.15041235089302063,0.6391565799713135,0.0,0.00032772007398307323,1.397190629859324e-07,0.4849354922771454,0.09141696989536285,0.007740191649645567,0.07506310939788818,375.3713073730469,464.5784912109375,1.379083935994292,0.5149211883544922,0.0054788608103990555,0.0010626678122207522,0.8331829905509949
PINN20260517-KimLayered,9,506,physics,0.32472947239875793,0.044133637100458145,0.1554548144340515,0.03696044534444809,0.03993541747331619,0.05188717693090439,0.22594943642616272,0.09528893232345581,0.15014998614788055,0.6392924785614014,0.0,0.00018211161659564823,1.3899558837238146e-07,0.48431211709976196,0.09156788885593414,0.007750622928142548,0.07479342073202133,373.316650390625,463.81524658203125,1.3811798559091035,0.5146570205688477,0.005454723723232746,0.001057744724676013,0.8330601453781128
PINN20260517-KimLayered,9,509,physics,0.32214468717575073,0.04366358742117882,0.1545638144016266,0.03657429292798042,0.03951948881149292,0.05158613249659538,0.2239612638950348,0.0946454256772995,0.1499023735523224,0.6394609212875366,0.0,7.991192251211032e-05,1.3931945375134092e-07,0.483536958694458,0.09168638288974762,0.007762093096971512,0.07461943477392197,371.2967529296875,463.1222839355469,1.3782200344464948,0.5144933462142944,0.005431384779512882,0.0010530265280976892,0.8329489231109619
PINN20260517-KimLayered,9,511,physics,0.32040244340896606,0.04320184886455536,0.15404465794563293,0.03675643354654312,0.03924788534641266,0.05139123648405075,0.2238246202468872,0.09426381438970566,0.14968782663345337,0.6396300196647644,0.0,3.740923784789629e-05,1.3803435194859048e-07,0.48189765214920044,0.09175217151641846,0.007770434953272343,0.07492248713970184,369.9308776855469,462.7593994140625,1.3814792716117354,0.5144492387771606,0.005416641011834145,0.001050064922310412,0.8328791856765747
PINN20260517-KimLayered,9,514,physics,0.3175192177295685,0.042681798338890076,0.15303418040275574,0.03627598285675049,0.03885778784751892,0.05103691294789314,0.22138866782188416,0.09362642467021942,0.14949525892734528,0.6398881673812866,0.0,2.808176304824883e-06,1.388200558949393e-07,0.48126259446144104,0.09182904660701752,0.007783491630107164,0.07474184781312943,367.21209716796875,462.1722412109375,1.3798489722191318,0.5144271850585938,0.005394887179136276,0.001045677112415433,0.8327834606170654
PINN20260517-KimLayered,9,517,physics,0.3142056465148926,0.04198005050420761,0.15155518054962158,0.036244623363018036,0.03846754878759384,0.05058351904153824,0.21968324482440948,0.09298452734947205,0.149361252784729,0.6402139067649841,0.0,9.063270099696208e-12,1.3832094225563196e-07,0.48079246282577515,0.09189249575138092,0.0077974833548069,0.07449778914451599,363.8634338378906,461.6723327636719,1.3831921821370825,0.5144774913787842,0.005374625325202942,0.0010415541473776102,0.8326947689056396
PINN20260517-KimLayered,9,520,physics,0.31031954288482666,0.041116587817668915,0.1499367356300354,0.03620942682027817,0.03805170953273773,0.05006732419133186,0.21785686910152435,0.09241299331188202,0.14927369356155396,0.6405592560768127,0.0,9.088577113125496e-12,1.3810623045173998e-07,0.480237752199173,0.09194245934486389,0.007811894174665213,0.0742412582039833,359.3315124511719,460.9600524902344,1.3784960647533502,0.5145789384841919,0.005354921333491802,0.0010375629644840956,0.8326137065887451
PINN20260517-KimLayered,9,523,physics,0.3050777316093445,0.03983762487769127,0.14792339503765106,0.03633575513958931,0.037558093667030334,0.0493965744972229,0.216060072183609,0.09200133383274078,0.1493392288684845,0.6409206390380859,0.0,9.106773495026754e-12,1.3781932750589476e-07,0.4791664779186249,0.09198588132858276,0.007826503366231918,0.07403360307216644,351.9375305175781,460.1585693359375,1.3814372403414723,0.5147252678871155,0.005336477421224117,0.0010338391875848174,0.83254075050354
PINN20260517-KimLayered,9,525,physics,0.300159752368927,0.03846106678247452,0.1460292935371399,0.037140488624572754,0.03712698817253113,0.04874046519398689,0.21512380242347717,0.09196700155735016,0.14955587685108185,0.6411916017532349,0.0,9.10498586248476e-12,1.3641543716857996e-07,0.47736817598342896,0.09201774001121521,0.007836248725652695,0.07407903671264648,344.9036560058594,459.2073974609375,1.3757616609389178,0.5148517489433289,0.0053248414769768715,0.0010315236868336797,0.8324979543685913
PINN20260517-KimLayered,9,528,physics,0.2952435612678528,0.03692058473825455,0.14255483448505402,0.040581051260232925,0.03638675436377525,0.0474976971745491,0.21322964131832123,0.09216643124818802,0.15052446722984314,0.6416658163070679,0.0,9.061642929075742e-12,1.340202402388968e-07,0.4749055802822113,0.09208670258522034,0.00785046350210905,0.07364730536937714,340.553955078125,457.1874694824219,1.3803933585666832,0.5150860548019409,0.005308661609888077,0.0010283178417012095,0.8324517011642456
PINN20260517-KimLayered,9,531,physics,0.2942918837070465,0.0367584303021431,0.14154934883117676,0.04148172587156296,0.036051295697689056,0.04726613312959671,0.2111344039440155,0.09132222831249237,0.15065421164035797,0.6421751976013184,0.0,8.956176078545042e-12,1.3480831739798305e-07,0.4746706783771515,0.09216510504484177,0.007860766723752022,0.0734071284532547,339.08880615234375,456.2034606933594,1.3737653425736043,0.5154585242271423,0.005297346040606499,0.0010258712572976947,0.8324238061904907
PINN20260517-KimLayered,9,534,physics,0.289686918258667,0.03611995279788971,0.14019888639450073,0.03849080204963684,0.03598026931285858,0.04692569375038147,0.20945286750793457,0.090788334608078,0.14961256086826324,0.6419602632522583,0.0,9.036705411746837e-12,1.3706221579923294e-07,0.4751777946949005,0.09211520850658417,0.007862064987421036,0.07371465861797333,337.7522888183594,457.3408203125,1.379545666389565,0.5157583355903625,0.0052813077345490456,0.001022419659420848,0.8323755264282227
PINN20260517-KimLayered,9,537,physics,0.287697970867157,0.035914041101932526,0.13996370136737823,0.03710313141345978,0.035659171640872955,0.04672882333397865,0.20826531946659088,0.0898362249135971,0.1490892469882965,0.6410048007965088,0.0,9.36180126476227e-12,1.3698948464480054e-07,0.4749363958835602,0.0919341966509819,0.007858863100409508,0.0735262930393219,335.1870422363281,461.1952209472656,1.3917640879480586,0.5158467888832092,0.005255704279989004,0.0010173199698328972,0.8322948217391968
PINN20260517-KimLayered,9,539,physics,0.2861209511756897,0.035581037402153015,0.1393180787563324,0.03697226941585541,0.035347841680049896,0.046450190246105194,0.20843207836151123,0.08949325978755951,0.1490306556224823,0.6407375335693359,0.0,9.472591981640743e-12,1.3571697365932778e-07,0.4740704894065857,0.09185925871133804,0.007860071957111359,0.07341969013214111,332.6729431152344,460.9219055175781,1.3917659476107602,0.515987753868103,0.0052405837923288345,0.0010143864201381803,0.8322423100471497
PINN20260517-KimLayered,9,542,physics,0.28227511048316956,0.034751709550619125,0.1373051106929779,0.03700408339500427,0.03481721132993698,0.045825131237506866,0.20716823637485504,0.08939172327518463,0.1491316258907318,0.6412481069564819,0.0,9.345076795730378e-12,1.3584352132056665e-07,0.47310972213745117,0.09188222885131836,0.007868686690926552,0.07318194210529327,329.6390686035156,456.45703125,1.3886761904779195,0.5164281129837036,0.005225564353168011,0.0010114144533872604,0.8321832418441772
PINN20260517-KimLayered,9,545,physics,0.2798270285129547,0.03418917581439018,0.13554635643959045,0.03831598162651062,0.034244731068611145,0.045321062207221985,0.2041778266429901,0.08912675082683563,0.14930470287799835,0.6417949199676514,0.0,9.209749282645951e-12,1.3606367588181456e-07,0.47183912992477417,0.09191277623176575,0.00787811167538166,0.07293909043073654,327.9268493652344,454.3360900878906,1.38057150430792,0.5168948173522949,0.005214507691562176,0.0010089232819154859,0.8321216702461243
PINN20260517-KimLayered,9,548,physics,0.2770870625972748,0.033664099872112274,0.13436567783355713,0.03853243961930275,0.03368990123271942,0.04487866908311844,0.20097163319587708,0.08880023658275604,0.14921283721923828,0.6415355205535889,0.0,9.3190758929107e-12,1.36812772666417e-07,0.47069334983825684,0.09182175993919373,0.007882315665483475,0.07269754260778427,324.59136962890625,455.16802978515625,1.3861428750244655,0.5171933770179749,0.005198308266699314,0.0010053404839709401,0.8320386409759521
PINN20260517-KimLayered,9,551,physics,0.27392709255218506,0.033157505095005035,0.13350999355316162,0.0371083989739418,0.03327825665473938,0.044549405574798584,0.20005282759666443,0.08818123489618301,0.1487380415201187,0.6410584449768066,0.0,9.481219628848514e-12,1.3660783793056908e-07,0.47007250785827637,0.09169822931289673,0.007884746417403221,0.07256743311882019,322.30865478515625,456.311767578125,1.3919432595319472,0.5174650549888611,0.005179219879209995,0.0010013121645897627,0.8319504857063293
PINN20260517-KimLayered,9,553,physics,0.2721703350543976,0.03291996940970421,0.13294486701488495,0.03601723536849022,0.03302629664540291,0.0443727970123291,0.2001620978116989,0.0878617987036705,0.14846917986869812,0.6409273147583008,0.0,9.526311163521317e-12,1.3651819585902558e-07,0.46992528438568115,0.09164762496948242,0.007887779735028744,0.07245120406150818,321.2495422363281,455.9354248046875,1.394896627030979,0.5176924467086792,0.005167924799025059,0.0009989406680688262,0.8318979144096375
PINN20260517-KimLayered,9,556,physics,0.2692515254020691,0.032408904284238815,0.13162988424301147,0.035468921065330505,0.03248867392539978,0.04394635558128357,0.19900459051132202,0.08755647391080856,0.1482832133769989,0.6409461498260498,0.0,9.53116925661579e-12,1.3650837615841738e-07,0.4688405990600586,0.09160830080509186,0.007894817739725113,0.07231040298938751,318.6642761230469,454.51763916015625,1.3945481051627011,0.5180678367614746,0.00515258964151144,0.0009957195725291967,0.8318254351615906
PINN20260517-KimLayered,9,559,physics,0.26591309905052185,0.03174073249101639,0.12970277667045593,0.03609159588813782,0.03172358497977257,0.04330656677484512,0.19612593948841095,0.08727972209453583,0.14832797646522522,0.6409510374069214,0.0,9.549568601163738e-12,1.365917796647409e-07,0.4672130346298218,0.0915718525648117,0.007903344929218292,0.07198644429445267,315.0984802246094,453.2930603027344,1.3936446283102577,0.5184141397476196,0.005137279629707336,0.0009925344493240118,0.8317544460296631
PINN20260517-KimLayered,10,1,pretrain,29.009111404418945,3.280728816986084,7.037415504455566,1.0097870826721191,1.9036225080490112,1.9758832454681396,118.56913757324219,0.7398460507392883,0.6979681849479675,0.0,0.0,0.0,0.0,0.0,0.0,0.0,0.0,3854.551025390625,4241.7548828125,45.50009466550971,0.40247154235839844,0.005168266128748655,0.0010463562794029713,0.7980810403823853
PINN20260517-KimLayered,10,5,pretrain,27.970977783203125,3.2308712005615234,6.780899524688721,1.0617477893829346,1.878904104232788,1.9039329290390015,112.31014251708984,0.5558426976203918,0.6192589402198792,0.0,0.0,0.0,0.0,0.0,0.0,0.0,0.0,3796.748291015625,4193.29833984375,42.99507948642962,0.405815064907074,0.005406013689935207,0.0010992124443873763,0.7993608713150024
PINN20260517-KimLayered,10,8,pretrain,26.966468811035156,3.180952548980713,6.518781661987305,1.089338779449463,1.8555960655212402,1.8406590223312378,106.28449249267578,0.5236344337463379,0.557094156742096,0.0,0.0,0.0,0.0,0.0,0.0,0.0,0.0,3741.904296875,4147.1015625,40.65051597108005,0.4085911810398102,0.005606865044683218,0.001143677276559174,0.80028235912323
PINN20260517-KimLayered,10,12,pretrain,25.3391170501709,3.0931272506713867,6.109003067016602,1.1186699867248535,1.8153364658355713,1.7399876117706299,96.6748046875,0.4982513189315796,0.475175142288208,0.0,0.0,0.0,0.0,0.0,0.0,0.0,0.0,3646.819580078125,4066.68701171875,36.96481605760067,0.4127376675605774,0.005910531617701054,0.0012104709167033434,0.8014757037162781
PINN20260517-KimLayered,10,16,pretrain,23.33619499206543,2.9716148376464844,5.625696182250977,1.1272212266921997,1.7608810663223267,1.6178174018859863,85.19607543945312,0.48776450753211975,0.40732118487358093,0.0,0.0,0.0,0.0,0.0,0.0,0.0,0.0,3519.716796875,3958.54638671875,32.62177347143085,0.4173588752746582,0.0062553067691624165,0.0012853502994403243,0.8026280999183655
PINN20260517-KimLayered,10,20,pretrain,20.928569793701172,2.807882070541382,5.079153060913086,1.0853015184402466,1.6891610622406006,1.475479006767273,71.93537902832031,0.47134220600128174,0.3659607470035553,0.0,0.0,0.0,0.0,0.0,0.0,0.0,0.0,3357.16357421875,3818.87841796875,27.715484382414424,0.42232051491737366,0.006643545813858509,0.0013681066920980811,0.8037418723106384
PINN20260517-KimLayered,10,23,pretrain,18.884614944458008,2.657998561859131,4.650238037109375,0.9935933947563171,1.6244173049926758,1.3645198345184326,61.03944778442383,0.47468721866607666,0.3539520502090454,0.0,0.0,0.0,0.0,0.0,0.0,0.0,0.0,3216.9814453125,3696.811279296875,23.801417996345478,0.42616185545921326,0.0069603887386620045,0.001434620819054544,0.8045618534088135
PINN20260517-KimLayered,10,27,pretrain,15.957767486572266,2.4332947731018066,4.095193862915039,0.7685211896896362,1.5282305479049683,1.2246662378311157,45.895565032958984,0.4532816708087921,0.3550703823566437,0.0,0.0,0.0,0.0,0.0,0.0,0.0,0.0,3020.958251953125,3522.778076171875,18.56521449253745,0.43129822611808777,0.007405094336718321,0.001526964595541358,0.8056527972221375
PINN20260517-KimLayered,10,31,pretrain,13.112850189208984,2.2049028873443604,3.6105451583862305,0.4739310145378113,1.4282686710357666,1.1015164852142334,31.547042846679688,0.4530940055847168,0.3618215322494507,0.0,0.0,0.0,0.0,0.0,0.0,0.0,0.0,2832.58349609375,3350.203125,13.761959867824602,0.4363366365432739,0.007858029566705227,0.0016202551778405905,0.806778609752655
PINN20260517-KimLayered,10,34,pretrain,11.308830261230469,2.04250431060791,3.295138359069824,0.33785539865493774,1.3543964624404907,1.0252200365066528,22.73090362548828,0.44168317317962646,0.36433568596839905,0.0,0.0,0.0,0.0,0.0,0.0,0.0,0.0,2703.340087890625,3226.9833984375,10.877292773438652,0.4400196373462677,0.008192027918994427,0.0016887334641069174,0.8076781630516052
PINN20260517-KimLayered,10,38,pretrain,9.480573654174805,1.8472015857696533,2.928420066833496,0.34302255511283875,1.2589685916900635,0.9362470507621765,14.166925430297852,0.4356655776500702,0.3618197739124298,0.0,0.0,0.0,0.0,0.0,0.0,0.0,0.0,2549.079345703125,3072.093994140625,9.089055376743852,0.44480666518211365,0.008618528954684734,0.0017761053750291467,0.8089987635612488
PINN20260517-KimLayered,10,42,pretrain,8.634310722351074,1.7000346183776855,2.641157388687134,0.5178070068359375,1.1671003103256226,0.8567099571228027,11.493637084960938,0.423418790102005,0.3549906611442566,0.0,0.0,0.0,0.0,0.0,0.0,0.0,0.0,2413.017822265625,2926.75439453125,9.502917564189993,0.4494645595550537,0.009009404107928276,0.0018573262495920062,0.8105006814002991
PINN20260517-KimLayered,10,46,pretrain,8.159093856811523,1.5810658931732178,2.4169812202453613,0.6250573396682739,1.0819309949874878,0.7869104743003845,11.242938995361328,0.41287118196487427,0.349664568901062,0.0,0.0,0.0,0.0,0.0,0.0,0.0,0.0,2295.533935546875,2793.9990234375,9.582979674028415,0.4537706673145294,0.009338315576314926,0.0019260685658082366,0.8121315240859985
PINN20260517-KimLayered,10,49,pretrain,7.667257785797119,1.495054841041565,2.271249294281006,0.5995192527770996,1.0236676931381226,0.7407631874084473,10.2198486328125,0.40411779284477234,0.34837085008621216,0.0,0.0,0.0,0.0,0.0,0.0,0.0,0.0,2218.229248046875,2702.502685546875,8.956121063992965,0.4566902220249176,0.009543577209115028,0.0019678499083966017,0.8133782148361206
PINN20260517-KimLayered,10,53,pretrain,6.804725170135498,1.3852307796478271,2.1023061275482178,0.4295637905597687,0.9520769119262695,0.6857362985610962,7.509837627410889,0.39172250032424927,0.34857407212257385,0.0,0.0,0.0,0.0,0.0,0.0,0.0,0.0,2125.798828125,2588.042236328125,7.371078033351009,0.46022453904151917,0.009776582010090351,0.002013475401327014,0.8150362968444824
PINN20260517-KimLayered,10,57,pretrain,5.8975300788879395,1.2804230451583862,1.950394868850708,0.21244539320468903,0.8844217658042908,0.635421097278595,4.435243606567383,0.3799697458744049,0.34830647706985474,0.0,0.0,0.0,0.0,0.0,0.0,0.0,0.0,2041.0645751953125,2476.940185546875,5.455460633686197,0.4634369909763336,0.009983676485717297,0.002052804920822382,0.8166934251785278
PINN20260517-KimLayered,10,60,pretrain,5.449113845825195,1.2143858671188354,1.844430685043335,0.15600447356700897,0.833888590335846,0.5990846753120422,3.2296085357666016,0.37067413330078125,0.34708234667778015,0.0,0.0,0.0,0.0,0.0,0.0,0.0,0.0,1980.5103759765625,2392.485107421875,4.65241325363887,0.465667724609375,0.01013791561126709,0.0020829266868531704,0.8179535865783691
PINN20260517-KimLayered,10,64,pretrain,5.073791980743408,1.1295759677886963,1.7080950736999512,0.17402595281600952,0.7666419148445129,0.5532500147819519,2.9459638595581055,0.358838826417923,0.3448696732521057,0.0,0.0,0.0,0.0,0.0,0.0,0.0,0.0,1905.2965087890625,2279.38232421875,4.200148954392594,0.4683714807033539,0.010354711674153805,0.002128020627424121,0.8196212649345398
PINN20260517-KimLayered,10,68,pretrain,4.574417591094971,1.0309232473373413,1.5632188320159912,0.1919729858636856,0.7010934948921204,0.5110780000686646,1.9954566955566406,0.3480246067047119,0.3429812490940094,0.0,0.0,0.0,0.0,0.0,0.0,0.0,0.0,1836.4178466796875,2165.046875,3.8369234472911464,0.47080880403518677,0.01057812012732029,0.002176299225538969,0.8212457895278931
PINN20260517-KimLayered,10,72,pretrain,4.199043273925781,0.94482421875,1.4309180974960327,0.20781327784061432,0.6364778280258179,0.4709877073764801,1.7201205492019653,0.3379519283771515,0.3415188491344452,0.0,0.0,0.0,0.0,0.0,0.0,0.0,0.0,1772.2989501953125,2046.00146484375,3.8538803117855327,0.47314563393592834,0.010801875032484531,0.002225444419309497,0.8228726983070374
PINN20260517-KimLayered,10,75,pretrain,3.958428382873535,0.8839972019195557,1.338733196258545,0.20861439406871796,0.5888615250587463,0.4413425922393799,1.7814569473266602,0.33090928196907043,0.3403882086277008,0.0,0.0,0.0,0.0,0.0,0.0,0.0,0.0,1727.490966796875,1953.0916748046875,3.8293813232730893,0.47488853335380554,0.010965008288621902,0.002261550398543477,0.8240970969200134
PINN20260517-KimLayered,10,79,pretrain,3.62451171875,0.8034528493881226,1.2165480852127075,0.20197726786136627,0.527357816696167,0.4016723334789276,1.7653752565383911,0.3227026164531708,0.3385578393936157,0.0,0.0,0.0,0.0,0.0,0.0,0.0,0.0,1672.76904296875,1823.857177734375,3.6179762704415785,0.4772004783153534,0.01117227878421545,0.002307536778971553,0.8257184028625488
PINN20260517-KimLayered,10,83,pretrain,3.278036117553711,0.7282668352127075,1.0955531597137451,0.188930943608284,0.4693899154663086,0.3613497018814087,1.523675799369812,0.31571316719055176,0.3363930284976959,0.0,0.0,0.0,0.0,0.0,0.0,0.0,0.0,1625.8238525390625,1688.6361083984375,3.2484630258623484,0.4794670045375824,0.011364961043000221,0.0023503759875893593,0.8273178339004517
PINN20260517-KimLayered,10,86,pretrain,3.030656576156616,0.6774613857269287,1.0078705549240112,0.17506156861782074,0.429107129573822,0.33132439851760864,1.3026056289672852,0.31111475825309753,0.334588885307312,0.0,0.0,0.0,0.0,0.0,0.0,0.0,0.0,1598.486572265625,1584.822265625,2.971786409516114,0.4810730516910553,0.011498006992042065,0.002380079822614789,0.8285021185874939
PINN20260517-KimLayered,10,90,pretrain,2.753406524658203,0.6218632459640503,0.9056170582771301,0.15235906839370728,0.3809860348701477,0.2958703637123108,1.0820837020874023,0.3056846261024475,0.3318430185317993,0.0,0.0,0.0,0.0,0.0,0.0,0.0,0.0,1576.8878173828125,1447.3441162109375,2.7147417224551917,0.4829164445400238,0.01165807992219925,0.0024161096662282944,0.8300572037696838
PINN20260517-KimLayered,10,94,pretrain,2.557542324066162,0.5828187465667725,0.8228650093078613,0.1465473473072052,0.3398798704147339,0.2673453688621521,0.9432560205459595,0.3007402718067169,0.3286247253417969,0.0,0.0,0.0,0.0,0.0,0.0,0.0,0.0,1573.082763671875,1316.2396240234375,2.479812580256516,0.4842306077480316,0.011791238561272621,0.0024456572718918324,0.8315697908401489
PINN20260517-KimLayered,10,98,pretrain,2.423034191131592,0.5566961765289307,0.7532800436019897,0.14255106449127197,0.307416707277298,0.2437281757593155,0.8999038934707642,0.29617902636528015,0.32510772347450256,0.0,0.0,0.0,0.0,0.0,0.0,0.0,0.0,1580.6131591796875,1201.41455078125,2.3476133208643155,0.48495545983314514,0.011883794330060482,0.002464373130351305,0.8329512476921082
PINN20260517-KimLayered,10,101,pretrain,2.349316120147705,0.5441799759864807,0.7095843553543091,0.1411975771188736,0.289667546749115,0.2295287400484085,0.8508082032203674,0.2930993437767029,0.3223918676376343,0.0,0.0,0.0,0.0,0.0,0.0,0.0,0.0,1586.2744140625,1131.6990966796875,2.301759158865698,0.4851636588573456,0.011918742209672928,0.0024693915620446205,0.8338240385055542
PINN20260517-KimLayered,10,105,pretrain,2.27669620513916,0.5316689014434814,0.6652280688285828,0.1420658528804779,0.27368152141571045,0.21558688580989838,0.7980567216873169,0.2895783483982086,0.3187360465526581,0.0,0.0,0.0,0.0,0.0,0.0,0.0,0.0,1582.7974853515625,1065.4053955078125,2.2590119149962353,0.4851280152797699,0.011905429884791374,0.0024609190877527,0.8347072005271912
PINN20260517-KimLayered,10,109,pretrain,2.2139101028442383,0.5195838212966919,0.6368985772132874,0.1405896246433258,0.26370319724082947,0.20666691660881042,0.7401165962219238,0.28680744767189026,0.31517788767814636,0.0,0.0,0.0,0.0,0.0,0.0,0.0,0.0,1558.625,1029.863037109375,2.1762391376968475,0.4848644733428955,0.011819823645055294,0.0024349335581064224,0.8352549076080322
PINN20260517-KimLayered,10,112,pretrain,2.16709303855896,0.5082667469978333,0.6225281953811646,0.14078904688358307,0.2582932114601135,0.2023388147354126,0.7130221128463745,0.2852475047111511,0.3126060664653778,0.0,0.0,0.0,0.0,0.0,0.0,0.0,0.0,1526.1397705078125,1020.5422973632812,2.173940496976373,0.4845696985721588,0.011717787012457848,0.002406488172709942,0.8354701399803162
PINN20260517-KimLayered,10,116,pretrain,2.1012470722198486,0.48971977829933167,0.6099963784217834,0.13986732065677643,0.2521747648715973,0.19871242344379425,0.7083039283752441,0.2838134169578552,0.30931583046913147,0.0,0.0,0.0,0.0,0.0,0.0,0.0,0.0,1467.2047119140625,1025.60498046875,2.1953590193275083,0.4841083884239197,0.01154539454728365,0.002359883626922965,0.8355677723884583
PINN20260517-KimLayered,10,120,pretrain,2.032371759414673,0.46983376145362854,0.6038531064987183,0.1391882598400116,0.2465451955795288,0.19666068255901337,0.6823546886444092,0.28300967812538147,0.3062213659286499,0.0,0.0,0.0,0.0,0.0,0.0,0.0,0.0,1397.333251953125,1042.822998046875,2.148609254294439,0.4835813045501709,0.011342528276145458,0.002306409412994981,0.835555911064148
PINN20260517-KimLayered,10,124,pretrain,1.9625537395477295,0.44913482666015625,0.5993409156799316,0.13825157284736633,0.24109052121639252,0.19510242342948914,0.6621167659759521,0.28265681862831116,0.303329199552536,0.0,0.0,0.0,0.0,0.0,0.0,0.0,0.0,1325.01611328125,1062.3070068359375,2.1442668932727242,0.48294901847839355,0.011127670295536518,0.0022512972354888916,0.8355451822280884
PINN20260517-KimLayered,10,127,pretrain,1.9101231098175049,0.43360045552253723,0.5950863361358643,0.1367058902978897,0.2370004504919052,0.1937514990568161,0.6537052392959595,0.28256767988204956,0.30128803849220276,0.0,0.0,0.0,0.0,0.0,0.0,0.0,0.0,1273.1966552734375,1072.8057861328125,2.159235093358336,0.4823315739631653,0.010967898182570934,0.002212017774581909,0.8355917930603027
PINN20260517-KimLayered,10,131,pretrain,1.8409820795059204,0.4132916331291199,0.5871784687042236,0.13585785031318665,0.23151163756847382,0.19121825695037842,0.642427921295166,0.28253164887428284,0.2987269461154938,0.0,0.0,0.0,0.0,0.0,0.0,0.0,0.0,1210.48974609375,1075.162109375,2.1421262371876035,0.48116862773895264,0.010766308754682541,0.0021655713208019733,0.835770308971405
PINN20260517-KimLayered,10,135,pretrain,1.7712923288345337,0.39319056272506714,0.5758846998214722,0.13586515188217163,0.22639086842536926,0.18755923211574554,0.6302481889724731,0.2824341952800751,0.2963450849056244,0.0,0.0,0.0,0.0,0.0,0.0,0.0,0.0,1156.196044921875,1060.0250244140625,2.111332733769522,0.479507714509964,0.010589568875730038,0.0021279077045619488,0.8360874652862549
PINN20260517-KimLayered,10,138,pretrain,1.7179673910140991,0.37788110971450806,0.5652025938034058,0.13604284822940826,0.22321654856204987,0.1841963529586792,0.6242414712905884,0.28223684430122375,0.2946583926677704,0.0,0.0,0.0,0.0,0.0,0.0,0.0,0.0,1120.328857421875,1037.8055419921875,2.084441643334393,0.4779421389102936,0.010477239266037941,0.00210523116402328,0.8363952040672302
PINN20260517-KimLayered,10,142,pretrain,1.6476598978042603,0.35776880383491516,0.5498132109642029,0.13683484494686127,0.22045882046222687,0.17938728630542755,0.6127209663391113,0.2817414402961731,0.2925129532814026,0.0,0.0,0.0,0.0,0.0,0.0,0.0,0.0,1077.3856201171875,999.445068359375,2.0282464484643996,0.4755416810512543,0.010348502546548843,0.002079907339066267,0.8368485569953918
PINN20260517-KimLayered,10,146,pretrain,1.582108974456787,0.33872297406196594,0.5358307361602783,0.13809359073638916,0.2195538431406021,0.17509032785892487,0.6001516580581665,0.2809574604034424,0.29046618938446045,0.0,0.0,0.0,0.0,0.0,0.0,0.0,0.0,1038.4364013671875,960.4215698242188,1.9685998775110667,0.47294726967811584,0.010230018757283688,0.0020562815479934216,0.8372842073440552
PINN20260517-KimLayered,10,150,pretrain,1.523077130317688,0.321114182472229,0.5247344374656677,0.13938584923744202,0.21977244317531586,0.1717635840177536,0.5902482271194458,0.27990981936454773,0.28849536180496216,0.0,0.0,0.0,0.0,0.0,0.0,0.0,0.0,1002.640869140625,928.6831665039062,1.920306264205446,0.47029533982276917,0.01010617334395647,0.0020304040517657995,0.8376370668411255
PINN20260517-KimLayered,10,153,pretrain,1.482837200164795,0.30895867943763733,0.5179892778396606,0.14012372493743896,0.22005078196525574,0.1697569638490677,0.584465503692627,0.2789514660835266,0.28703925013542175,0.0,0.0,0.0,0.0,0.0,0.0,0.0,0.0,978.3323364257812,910.2456665039062,1.8921553024798128,0.46834132075309753,0.010006308555603027,0.0020085580181330442,0.8378239274024963
PINN20260517-KimLayered,10,157,pretrain,1.433694839477539,0.29424741864204407,0.510023832321167,0.14081336557865143,0.2199310064315796,0.16731981933116913,0.5760533809661865,0.27742424607276917,0.2850683033466339,0.0,0.0,0.0,0.0,0.0,0.0,0.0,0.0,949.8347778320312,889.237060546875,1.8569251002066853,0.4659009575843811,0.009868169203400612,0.0019769673235714436,0.837960958480835
PINN20260517-KimLayered,10,161,pretrain,1.3878427743911743,0.2808369994163513,0.502112865447998,0.1411045491695404,0.21886572241783142,0.1648092418909073,0.5677882432937622,0.2755933701992035,0.28299999237060547,0.0,0.0,0.0,0.0,0.0,0.0,0.0,0.0,924.8812866210938,868.1009521484375,1.825642616600672,0.46379193663597107,0.009732297621667385,0.0019443073542788625,0.8379753232002258
PINN20260517-KimLayered,10,164,pretrain,1.3543219566345215,0.27117836475372314,0.4959169626235962,0.14096058905124664,0.21727319061756134,0.1628403216600418,0.5644649267196655,0.2740621268749237,0.281372606754303,0.0,0.0,0.0,0.0,0.0,0.0,0.0,0.0,907.4052734375,852.1394653320312,1.8057820677095813,0.4624795615673065,0.009633282199501991,0.001919646980240941,0.8379104733467102
PINN20260517-KimLayered,10,168,pretrain,1.309984564781189,0.25881969928741455,0.4878757894039154,0.14054334163665771,0.21388553082942963,0.16018976271152496,0.5546108484268188,0.2719373106956482,0.2791403830051422,0.0,0.0,0.0,0.0,0.0,0.0,0.0,0.0,884.673583984375,834.090576171875,1.767594624073292,0.46104806661605835,0.009498437866568565,0.001885951729491353,0.8377304077148438
PINN20260517-KimLayered,10,172,pretrain,1.2662819623947144,0.24707399308681488,0.4804922640323639,0.13982348144054413,0.2090941071510315,0.1575837880373001,0.5382397174835205,0.26984891295433044,0.27689844369888306,0.0,0.0,0.0,0.0,0.0,0.0,0.0,0.0,862.1305541992188,822.1890258789062,1.7406994003844931,0.4598851799964905,0.009352641180157661,0.001850818982347846,0.83745938539505
PINN20260517-KimLayered,10,176,pretrain,1.22379732131958,0.23542870581150055,0.47261548042297363,0.13939322531223297,0.20350885391235352,0.1550503820180893,0.5324990153312683,0.2678322196006775,0.2746695876121521,0.0,0.0,0.0,0.0,0.0,0.0,0.0,0.0,840.1279296875,814.60302734375,1.7352250109901879,0.4589484632015228,0.009199070744216442,0.0018155467696487904,0.8371266722679138
PINN20260517-KimLayered,10,179,pretrain,1.193379282951355,0.2273556888103485,0.4674171209335327,0.13886451721191406,0.19925421476364136,0.1532198190689087,0.522085428237915,0.26636216044425964,0.27300748229026794,0.0,0.0,0.0,0.0,0.0,0.0,0.0,0.0,824.25732421875,809.8994750976562,1.7184299321152912,0.45838674902915955,0.00908131618052721,0.0017898776568472385,0.8368601202964783
PINN20260517-KimLayered,10,183,pretrain,1.1551551818847656,0.21722722053527832,0.4609338939189911,0.13796979188919067,0.19393545389175415,0.15090137720108032,0.5095574855804443,0.264444500207901,0.27080237865448,0.0,0.0,0.0,0.0,0.0,0.0,0.0,0.0,804.0878295898438,802.8861083984375,1.704867219799059,0.45782744884490967,0.008926729671657085,0.0017577196704223752,0.8365073204040527
PINN20260517-KimLayered,10,187,pretrain,1.119442105293274,0.20757398009300232,0.45444366335868835,0.1370052993297577,0.18919490277767181,0.14873294532299042,0.5042248964309692,0.2625854015350342,0.2686259150505066,0.0,0.0,0.0,0.0,0.0,0.0,0.0,0.0,785.0045776367188,795.41259765625,1.6973435626969213,0.4574441611766815,0.00877680629491806,0.0017280129250138998,0.8361753225326538
PINN20260517-KimLayered,10,190,pretrain,1.0942796468734741,0.20088881254196167,0.4500482678413391,0.13618260622024536,0.18600302934646606,0.14718657732009888,0.4971560835838318,0.26125258207321167,0.26702916622161865,0.0,0.0,0.0,0.0,0.0,0.0,0.0,0.0,771.3134155273438,790.3571166992188,1.6854230424643148,0.45722270011901855,0.008665784262120724,0.001706905197352171,0.8359453082084656
PINN20260517-KimLayered,10,194,pretrain,1.062857747077942,0.19253642857074738,0.4443044066429138,0.1350329965353012,0.18219710886478424,0.1451968252658844,0.4895123839378357,0.259564071893692,0.2649567723274231,0.0,0.0,0.0,0.0,0.0,0.0,0.0,0.0,753.812255859375,784.148681640625,1.6760366802159992,0.4569816589355469,0.008521092124283314,0.001680179382674396,0.8356667757034302
PINN20260517-KimLayered,10,198,pretrain,1.0335147380828857,0.18465769290924072,0.4385327100753784,0.13403736054897308,0.17886194586753845,0.14326274394989014,0.48496800661087036,0.25796669721603394,0.26295003294944763,0.0,0.0,0.0,0.0,0.0,0.0,0.0,0.0,737.1344604492188,778.0365600585938,1.6642779995541879,0.4567933678627014,0.008383081294596195,0.0016551850130781531,0.8354213237762451
PINN20260517-KimLayered,10,202,pretrain,1.0059510469436646,0.17747251689434052,0.43316584825515747,0.13287705183029175,0.17593108117580414,0.1413712054491043,0.4756155014038086,0.2564484179019928,0.26100867986679077,0.0,0.0,0.0,0.0,0.0,0.0,0.0,0.0,721.2525024414062,771.64794921875,1.6462069648657198,0.45665645599365234,0.008253825828433037,0.001631980063393712,0.8352071046829224
PINN20260517-KimLayered,10,205,pretrain,0.9851319193840027,0.17247448861598969,0.4295899271965027,0.13127081096172333,0.1739327311515808,0.13996101915836334,0.4585270583629608,0.2553623914718628,0.2596017122268677,0.0,0.0,0.0,0.0,0.0,0.0,0.0,0.0,709.7882080078125,767.0554809570312,1.6312254150604333,0.45656946301460266,0.008162355981767178,0.0016155607299879193,0.8350648283958435
PINN20260517-KimLayered,10,209,pretrain,0.9573493003845215,0.16545769572257996,0.4232550859451294,0.1300843507051468,0.17151691019535065,0.13810664415359497,0.4449049234390259,0.25395941734313965,0.25778621435165405,0.0,0.0,0.0,0.0,0.0,0.0,0.0,0.0,695.2012329101562,760.0911254882812,1.6216507558754791,0.45650601387023926,0.008051333017647266,0.00159528071526438,0.8348936438560486
PINN20260517-KimLayered,10,213,pretrain,0.9315863251686096,0.15889696776866913,0.4170030355453491,0.12861661612987518,0.1693151593208313,0.13630639016628265,0.43680429458618164,0.2526029050350189,0.2560400366783142,0.0,0.0,0.0,0.0,0.0,0.0,0.0,0.0,681.4878540039062,752.2647094726562,1.621203247026021,0.456503301858902,0.00795041210949421,0.0015765572898089886,0.8347365856170654
PINN20260517-KimLayered,10,216,pretrain,0.9147863984107971,0.15414786338806152,0.4121609628200531,0.12859727442264557,0.16777251660823822,0.13503123819828033,0.44257158041000366,0.25160467624664307,0.25477129220962524,0.0,0.0,0.0,0.0,0.0,0.0,0.0,0.0,671.8588256835938,745.9771728515625,1.6323921994715103,0.45656684041023254,0.007881921716034412,0.0015635612653568387,0.8346183896064758
PINN20260517-KimLayered,10,220,pretrain,0.8936322927474976,0.14884312450885773,0.4069257974624634,0.12791836261749268,0.1657029688358307,0.13338372111320496,0.43323594331741333,0.2503226101398468,0.2531537711620331,0.0,0.0,0.0,0.0,0.0,0.0,0.0,0.0,659.572265625,740.2271728515625,1.6319879407901712,0.45665442943573,0.007793321739882231,0.0015465259784832597,0.8344482779502869
PINN20260517-KimLayered,10,224,physics,0.8999354839324951,0.14419807493686676,0.40226560831069946,0.12675024569034576,0.1635652631521225,0.13175180554389954,0.41808080673217773,0.24909979104995728,0.25162580609321594,0.6839572787284851,0.00016619589587207884,0.004802371375262737,2.3246701630341704e-07,0.5337570309638977,0.07272980362176895,0.008343469351530075,0.08713380247354507,647.771728515625,737.636962890625,1.6267354830199383,0.45669832825660706,0.007745783776044846,0.0015359921380877495,0.8342596888542175
PINN20260517-KimLayered,10,228,physics,0.8814530372619629,0.13985507190227509,0.3977438807487488,0.12568753957748413,0.16148000955581665,0.13017821311950684,0.4092644453048706,0.2479087859392166,0.25017523765563965,0.6645191311836243,0.0001655494561418891,0.005112631246447563,2.2795190091073891e-07,0.533004105091095,0.07264328002929688,0.008377506397664547,0.08660915493965149,636.7882080078125,736.1035766601562,1.6128357363823573,0.4567323625087738,0.0077661313116550446,0.0015362194972112775,0.8340625762939453
PINN20260517-KimLayered,10,231,physics,0.8690349459648132,0.13697697222232819,0.3947533369064331,0.12507537007331848,0.1600276082754135,0.12907373905181885,0.402685284614563,0.2470216453075409,0.2491292953491211,0.6478258371353149,0.00016625226999167353,0.005365574732422829,2.2662314336230338e-07,0.5324530005455017,0.07259012013673782,0.008402729406952858,0.0862414687871933,629.2288208007812,734.2898559570312,1.6031030886832733,0.45677921175956726,0.0078070866875350475,0.0015418535331264138,0.8339184522628784
PINN20260517-KimLayered,10,235,physics,0.8541551828384399,0.13334757089614868,0.3907225430011749,0.12468188256025314,0.15825654566287994,0.12770941853523254,0.3987492322921753,0.24585063755512238,0.24778173863887787,0.6339339017868042,0.00016730898641981184,0.005752038210630417,2.2640543306806649e-07,0.5318120121955872,0.07254733890295029,0.008436871692538261,0.08580855280160904,620.046142578125,730.9317626953125,1.5998862735985842,0.45687779784202576,0.007857549004256725,0.001552934292703867,0.8337366580963135
PINN20260517-KimLayered,10,239,physics,0.8408105373382568,0.1301334798336029,0.3868781328201294,0.12440188974142075,0.15660861134529114,0.12642045319080353,0.3929674029350281,0.24471108615398407,0.24648848176002502,0.6346651315689087,0.00016600034723524004,0.006136916112154722,2.2877433991652651e-07,0.5312277674674988,0.0725099965929985,0.008468889631330967,0.08540937304496765,611.7306518554688,727.950439453125,1.5998169537775504,0.4569701552391052,0.007852894254028797,0.001558932475745678,0.8335641622543335
PINN20260517-KimLayered,10,242,physics,0.8317099809646606,0.12774404883384705,0.38363444805145264,0.12456271797418594,0.15543076395988464,0.12548886239528656,0.394509494304657,0.24387381970882416,0.24555304646492004,0.6383631229400635,0.00016320886788889766,0.006402603816241026,2.2814738542820123e-07,0.5307979583740234,0.07248006761074066,0.008491281419992447,0.08512058854103088,606.0142822265625,726.0379638671875,1.6077313413928083,0.45702287554740906,0.007810003124177456,0.0015551248798146844,0.8334383368492126
PINN20260517-KimLayered,10,246,physics,0.8205351233482361,0.12510177493095398,0.3800565004348755,0.12446889281272888,0.15393134951591492,0.12430405616760254,0.38989293575286865,0.24276621639728546,0.2443486601114273,0.6392771601676941,0.0001580330281285569,0.006712989881634712,2.2874102967307408e-07,0.5302389860153198,0.07243918627500534,0.008519616909325123,0.08475197106599808,599.0820922851562,723.6065673828125,1.6128547265440323,0.4570702612400055,0.0077203321270644665,0.0015401301207020879,0.8332754969596863
PINN20260517-KimLayered,10,250,physics,0.8104472160339355,0.1226973682641983,0.3767148554325104,0.12441301345825195,0.152523934841156,0.12321755290031433,0.38724279403686523,0.24165213108062744,0.24318861961364746,0.6378442049026489,0.0001526830019429326,0.006989750545471907,2.2696235646435525e-07,0.5297128558158875,0.07241255044937134,0.008547968231141567,0.08441565185785294,592.913818359375,721.0348510742188,1.612409565457276,0.457109659910202,0.007621371652930975,0.0015195454470813274,0.8331180810928345
PINN20260517-KimLayered,10,254,physics,0.8013139963150024,0.12054380774497986,0.3736548125743866,0.12430032342672348,0.15118886530399323,0.12221303582191467,0.38490989804267883,0.2405177503824234,0.24207161366939545,0.6376259326934814,0.0001481007202528417,0.007219825871288776,2.2432510604630806e-07,0.5292011499404907,0.07239458709955215,0.008575676940381527,0.08410345017910004,587.3756713867188,718.60986328125,1.6111508318184877,0.4571288526058197,0.007535792887210846,0.0014986180467531085,0.8329647183418274
PINN20260517-KimLayered,10,257,physics,0.7949997782707214,0.11912015825510025,0.37156957387924194,0.12415730953216553,0.15022273361682892,0.1215021014213562,0.3819664716720581,0.23964440822601318,0.24126169085502625,0.6385360360145569,0.00014533974172081798,0.007357965689152479,2.227874915661232e-07,0.5288153290748596,0.07238248735666275,0.008595428429543972,0.08387912809848785,583.5548706054688,717.0206298828125,1.609239682124124,0.457121342420578,0.007486492395401001,0.0014849177096039057,0.8328514099121094
PINN20260517-KimLayered,10,261,physics,0.787234902381897,0.1173926368355751,0.36893999576568604,0.12396959215402603,0.14898061752319336,0.1206047311425209,0.3784099817276001,0.23844140768051147,0.24021483957767487,0.639895498752594,0.00014247240324039012,0.007516060955822468,2.2071850480642752e-07,0.5283069610595703,0.07237248867750168,0.008620481938123703,0.08359649032354355,578.8881225585938,714.9495239257812,1.6094757379208116,0.45708635449409485,0.007439233362674713,0.0014706077054142952,0.8327028751373291
PINN20260517-KimLayered,10,265,physics,0.7800706028938293,0.11584405601024628,0.3664620816707611,0.12379008531570435,0.14779028296470642,0.11975935101509094,0.37466925382614136,0.23718257248401642,0.23920033872127533,0.6405892372131348,0.0001402103080181405,0.007667212747037411,2.1878997813473688e-07,0.5278210043907166,0.0723741427063942,0.008644243702292442,0.08333773165941238,574.6693115234375,712.8019409179688,1.608389662206119,0.45702850818634033,0.007404802367091179,0.0014602384762838483,0.8325579166412354
PINN20260517-KimLayered,10,268,physics,0.7750222682952881,0.11481925845146179,0.36473390460014343,0.12365934252738953,0.14692659676074982,0.11915233731269836,0.3705701529979706,0.23619802296161652,0.23845764994621277,0.640896201133728,0.0001386464136885479,0.007781555410474539,2.1781494297101744e-07,0.5274724364280701,0.07238256186246872,0.008661121129989624,0.08315828442573547,571.7637939453125,711.1344604492188,1.6084684863469483,0.45696961879730225,0.007380643393844366,0.0014539120020344853,0.832451581954956
PINN20260517-KimLayered,10,272,physics,0.768729031085968,0.11352106183767319,0.3624275326728821,0.1235332190990448,0.14580665528774261,0.11837106943130493,0.3666961193084717,0.23482327163219452,0.23748677968978882,0.6415273547172546,0.00013648437743540853,0.00793636217713356,2.157162697358217e-07,0.5270223021507263,0.07240162044763565,0.00868227332830429,0.08293459564447403,568.1575317382812,709.0049438476562,1.6049496997071162,0.4568692445755005,0.007343779318034649,0.0014457469806075096,0.8323121070861816
PINN20260517-KimLayered,10,276,physics,0.762837827205658,0.11232714354991913,0.36017343401908875,0.12344008684158325,0.14471670985221863,0.11761597543954849,0.363089919090271,0.23336966335773468,0.23653405904769897,0.6424773335456848,0.00013410949031822383,0.008091239258646965,2.1343991818412178e-07,0.5265848636627197,0.07242728769779205,0.008701847866177559,0.08272544294595718,564.8330078125,706.9111938476562,1.6021680385899917,0.4567435681819916,0.00729850260540843,0.0014365667011588812,0.8321750164031982
PINN20260517-KimLayered,10,280,physics,0.7573035955429077,0.11117447912693024,0.35789135098457336,0.12336035072803497,0.14365622401237488,0.11688695847988129,0.3613925278186798,0.23182520270347595,0.2355952262878418,0.64353346824646,0.0001316239358857274,0.008249836973845959,2.1049351062174537e-07,0.5261644721031189,0.0724608302116394,0.00872017815709114,0.08253199607133865,561.772705078125,704.784912109375,1.6024205273388334,0.4565981924533844,0.007246954366564751,0.0014259560266509652,0.8320403099060059
PINN20260517-KimLayered,10,283,physics,0.7533427476882935,0.11046981811523438,0.3563668429851532,0.1233501210808754,0.1428765207529068,0.11635266989469528,0.35677164793014526,0.2306022047996521,0.2348979413509369,0.6442853808403015,0.00012974317360203713,0.008363342843949795,2.0989529048165423e-07,0.5258575677871704,0.07248776406049728,0.008732943795621395,0.08239441365003586,559.6209716796875,703.224609375,1.600738011491936,0.45647379755973816,0.007206547539681196,0.0014172664377838373,0.8319408297538757
PINN20260517-KimLayered,10,287,physics,0.7482975125312805,0.10944260656833649,0.35415464639663696,0.12325099855661392,0.14185987412929535,0.11565915495157242,0.355813592672348,0.22887644171714783,0.23397330939769745,0.6453118324279785,0.00012740994861815125,0.008513555862009525,2.07133496132883e-07,0.5254594087600708,0.07252878695726395,0.008749074302613735,0.08222228288650513,556.9224853515625,701.180908203125,1.6016143559804927,0.4562934935092926,0.007154533639550209,0.0014054017374292016,0.8318096399307251
PINN20260517-KimLayered,10,291,physics,0.7434920072555542,0.10860015451908112,0.3521783947944641,0.12321215867996216,0.14086326956748962,0.11497637629508972,0.35110926628112793,0.22703562676906586,0.23304909467697144,0.6463218331336975,0.00012524428893812,0.008645419962704182,2.064858506400924e-07,0.5250691175460815,0.07256815582513809,0.008763687685132027,0.08205744624137878,554.3773803710938,699.2616577148438,1.5952275399824076,0.4560886025428772,0.007106038276106119,0.001393821439705789,0.8316804766654968
PINN20260517-KimLayered,10,294,physics,0.7400305271148682,0.1079583466053009,0.35064664483070374,0.12314186245203018,0.140132874250412,0.11447665840387344,0.3493950664997101,0.22557635605335236,0.23235143721103668,0.6470935344696045,0.00012379094550851732,0.008747754618525505,2.0531447830762772e-07,0.5247911214828491,0.07260148227214813,0.008774058893322945,0.0819433331489563,552.6002807617188,697.7189331054688,1.594318139541589,0.4559268057346344,0.007072647102177143,0.0013856556033715606,0.831585168838501
PINN20260517-KimLayered,10,298,physics,0.7356181740760803,0.10722020268440247,0.3487270474433899,0.1231098473072052,0.13917630910873413,0.11381987482309341,0.34516751766204834,0.22352945804595947,0.23140807449817657,0.648062527179718,0.00012197338946862146,0.00888128113001585,2.0457532912132592e-07,0.5244346261024475,0.07264638692140579,0.00878677237778902,0.08179933577775955,550.3358764648438,695.748046875,1.5878959335746106,0.4556953012943268,0.0070302896201610565,0.001375415944494307,0.8314601182937622
PINN20260517-KimLayered,10,302,physics,0.7313063740730286,0.10639087855815887,0.34661048650741577,0.12295737862586975,0.13823960721492767,0.11317633092403412,0.34538015723228455,0.22138606011867523,0.23044398427009583,0.6489937901496887,0.00012027762568322942,0.009018433280289173,2.014796081084569e-07,0.5240931510925293,0.07269423454999924,0.008798508904874325,0.08166497200727463,548.2098388671875,693.7362670898438,1.591833650665547,0.45544999837875366,0.006988852750509977,0.0013656951487064362,0.8313367962837219
PINN20260517-KimLayered,10,306,physics,0.7272053956985474,0.105777308344841,0.3447822332382202,0.12296931445598602,0.13731519877910614,0.11253402382135391,0.3402096629142761,0.21914741396903992,0.22945673763751984,0.6498302817344666,0.00011853958858409896,0.009137104265391827,2.0091819408207812e-07,0.5237590074539185,0.07273660600185394,0.00880875438451767,0.08153317123651505,546.1494140625,691.910888671875,1.5844288128380797,0.4551811218261719,0.006945830304175615,0.0013560516526922584,0.8312152028083801
PINN20260517-KimLayered,10,309,physics,0.7241533398628235,0.10521119832992554,0.3432316482067108,0.12286568433046341,0.1366378664970398,0.11206486821174622,0.34035810828208923,0.21740809082984924,0.228702574968338,0.6504852771759033,0.00011731908307410777,0.009237389080226421,1.9865616707193112e-07,0.5235277414321899,0.07277404516935349,0.008816256187856197,0.08144444227218628,544.730224609375,690.3098754882812,1.5868308387616024,0.4549773633480072,0.006913324818015099,0.0013488471740856767,0.8311257362365723
PINN20260517-KimLayered,10,313,physics,0.720263659954071,0.10462072491645813,0.3414002060890198,0.12285876274108887,0.13574649393558502,0.1114434152841568,0.3365165591239929,0.21500879526138306,0.22767959535121918,0.6512987613677979,0.00011569014168344438,0.009361873380839825,1.9782356730502215e-07,0.5232292413711548,0.07282178103923798,0.008825336582958698,0.08132993429899216,542.8705444335938,688.3635864257812,1.579336307962231,0.4546906054019928,0.006869021337479353,0.0013390943640843034,0.8310077786445618
PINN20260517-KimLayered,10,317,physics,0.7164321541786194,0.10394646227359772,0.3394288718700409,0.12272361665964127,0.13487088680267334,0.11083391308784485,0.3364061713218689,0.2125193476676941,0.2266383320093155,0.652085542678833,0.00011416842608014122,0.00949083548039198,1.954243487034546e-07,0.5229417681694031,0.07287231087684631,0.008833813481032848,0.0812220349907875,541.1295776367188,686.2926025390625,1.5834888477231572,0.4543941020965576,0.006825203541666269,0.0013293015072122216,0.8308910727500916
PINN20260517-KimLayered,10,320,physics,0.7136368751525879,0.10347851365804672,0.33800140023231506,0.12265663594007492,0.13421984016895294,0.11037707328796387,0.3357430398464203,0.21059611439704895,0.22584599256515503,0.6526116728782654,0.000113053793029394,0.009577687829732895,1.9400617645715101e-07,0.5227250456809998,0.07290688902139664,0.008839414454996586,0.08114039152860641,539.811279296875,684.9640502929688,1.5804431288442813,0.45415881276130676,0.006792660802602768,0.001321954419836402,0.8308037519454956
PINN20260517-KimLayered,10,324,physics,0.7098811268806458,0.10285024344921112,0.3360738158226013,0.12267725169658661,0.13336247205734253,0.10976963490247726,0.33437156677246094,0.20796002447605133,0.22477567195892334,0.6532393097877502,0.00011163554881932214,0.009686262346804142,1.9224000880058156e-07,0.5224454402923584,0.07295047491788864,0.00884604174643755,0.0810343325138092,538.1400756835938,683.0781860351562,1.5786732864409405,0.4538317024707794,0.0067502837628126144,0.001312314416281879,0.8306887745857239
PINN20260517-KimLayered,10,328,physics,0.7060293555259705,0.1022881343960762,0.3342459797859192,0.12280557304620743,0.1325254589319229,0.10917748510837555,0.329672634601593,0.20524601638317108,0.2236912101507187,0.6538521647453308,0.00011035978241125122,0.009815252386033535,1.914109617473514e-07,0.5222006440162659,0.073000468313694,0.008852418512105942,0.08094225823879242,536.6148071289062,680.8807373046875,1.5757295112693401,0.4535042345523834,0.006709611508995295,0.0013030398404225707,0.8305768370628357
PINN20260517-KimLayered,10,332,physics,0.7023534178733826,0.10173935443162918,0.3323986828327179,0.12304645776748657,0.1317029744386673,0.10859842598438263,0.32568538188934326,0.20245397090911865,0.22259549796581268,0.6544328331947327,0.00010919403575826436,0.009958082810044289,1.8989513250744494e-07,0.5219718217849731,0.07305385917425156,0.008858365938067436,0.08085744082927704,535.1463623046875,678.7225341796875,1.566602454488595,0.4531729519367218,0.00667002284899354,0.001294061541557312,0.8304661512374878
PINN20260517-KimLayered,10,335,physics,0.6995188593864441,0.10127028077840805,0.3308941721916199,0.1229853704571724,0.13109204173088074,0.10817176103591919,0.32506686449050903,0.20031419396400452,0.22176696360111237,0.6548487544059753,0.00010837839363375679,0.010068307630717754,1.8644219323959987e-07,0.521793782711029,0.0730944499373436,0.008862466551363468,0.08079328387975693,534.0761108398438,677.1561889648438,1.5729593331458886,0.45291948318481445,0.0066406638361513615,0.0012874434469267726,0.8303825259208679
PINN20260517-KimLayered,10,339,physics,0.6958098411560059,0.10075436532497406,0.32910844683647156,0.12297308444976807,0.13027527928352356,0.10759321600198746,0.3210621774196625,0.1974046677350998,0.22065286338329315,0.6552785038948059,0.00010722788283601403,0.010179383680224419,1.8347849106703507e-07,0.5215351581573486,0.0731368288397789,0.008866622112691402,0.0806969478726387,532.5692749023438,675.4922485351562,1.5681790097932105,0.45255839824676514,0.006600748747587204,0.0012785883154720068,0.8302701115608215
PINN20260517-KimLayered,10,343,physics,0.6921932101249695,0.10024742037057877,0.327339231967926,0.1229221522808075,0.1294727623462677,0.10702349990606308,0.31772810220718384,0.1944349855184555,0.21952766180038452,0.6556954979896545,0.00010616564395604655,0.010286645963788033,1.8032616821983538e-07,0.5212939381599426,0.07318054139614105,0.008870495483279228,0.08060682564973831,531.1837768554688,673.5781860351562,1.5602081844754874,0.4521915018558502,0.006561465095728636,0.0012698756763711572,0.8301593661308289
PINN20260517-KimLayered,10,346,physics,0.6895737051963806,0.09987713396549225,0.3259928524494171,0.12282073497772217,0.12888555228710175,0.10660944133996964,0.3160792589187622,0.19217117130756378,0.2186758816242218,0.656045138835907,0.00010547363490331918,0.010381140746176243,1.781657630317568e-07,0.5211368799209595,0.07321961224079132,0.008873642422258854,0.08054932206869125,530.2447509765625,671.9064331054688,1.559626279427928,0.4519200921058655,0.006532849743962288,0.0012635012390092015,0.8300780653953552
PINN20260517-KimLayered,10,350,physics,0.6861436367034912,0.09942478686571121,0.3242563307285309,0.12273795902729034,0.12810766696929932,0.10605680197477341,0.3129512071609497,0.18911543488502502,0.21752919256687164,0.6564589142799377,0.00010457145981490612,0.010490795597434044,1.7634971527513699e-07,0.5209237337112427,0.07326730340719223,0.008877206593751907,0.08046985417604446,528.9375,669.9689331054688,1.5516975841190825,0.4515446722507477,0.006494859233498573,0.001255046809092164,0.8299698829650879
PINN20260517-KimLayered,10,354,physics,0.682762086391449,0.09894908964633942,0.3225005865097046,0.12252606451511383,0.12733255326747894,0.1055009737610817,0.3115295171737671,0.1860288381576538,0.21637025475502014,0.6568071842193604,0.00010370121890446171,0.010577800683677197,1.7374625826960255e-07,0.520695149898529,0.0733085498213768,0.008879967965185642,0.0803833156824112,527.6010131835938,668.2260131835938,1.548507781652814,0.4511510133743286,0.006457186304032803,0.0012466403422877192,0.8298606872558594
PINN20260517-KimLayered,10,358,physics,0.6794523596763611,0.0985473096370697,0.3208597004413605,0.12248677015304565,0.12656833231449127,0.10495154559612274,0.30762046575546265,0.18292255699634552,0.2152002602815628,0.6571393609046936,0.0001028958722599782,0.010664739646017551,1.7268439478357323e-07,0.5204778909683228,0.07335024327039719,0.008882440626621246,0.08030028641223907,526.3418579101562,666.3197021484375,1.5369027449675774,0.45075005292892456,0.0064202104695141315,0.0012384172296151519,0.8297527432441711
PINN20260517-KimLayered,10,361,physics,0.6770156025886536,0.09822268784046173,0.3196026682853699,0.12240073084831238,0.1260077953338623,0.10455363243818283,0.3059452176094055,0.1805875152349472,0.21431569755077362,0.6574334502220154,0.00010241130803478882,0.010754747316241264,1.711525214886933e-07,0.520332932472229,0.07338908314704895,0.008884632959961891,0.08024661242961884,525.4771728515625,664.697998046875,1.533170985531668,0.4504554569721222,0.006393555086106062,0.0012324561830610037,0.8296728134155273
PINN20260517-KimLayered,10,365,physics,0.6738260388374329,0.09782065451145172,0.3179866075515747,0.12236475199460983,0.12526372075080872,0.10402875393629074,0.30283570289611816,0.177485853433609,0.21312858164310455,0.6577971577644348,0.00010180153185501695,0.010877363383769989,1.6955608828084223e-07,0.5201283693313599,0.07343974709510803,0.008887154050171375,0.08017151802778244,524.2832641601562,662.775634765625,1.529419047161102,0.45005619525909424,0.006358270533382893,0.0012246130499988794,0.8295651078224182
PINN20260517-KimLayered,10,369,physics,0.6706904172897339,0.09742371737957001,0.31640625,0.12228626012802124,0.12451744079589844,0.10350430011749268,0.30010074377059937,0.17442308366298676,0.21193461120128632,0.6580955386161804,0.00010119839134858921,0.010987224988639355,1.6758104948166874e-07,0.5198944807052612,0.07348427176475525,0.00888888817280531,0.08008580654859543,523.031005859375,661.1478881835938,1.5282693863863743,0.4496438801288605,0.006322956178337336,0.0012168139219284058,0.8294550180435181
PINN20260517-KimLayered,10,372,physics,0.6683780550956726,0.09713052213191986,0.31523922085762024,0.1221902072429657,0.12396140396595001,0.10311577469110489,0.2983136773109436,0.1721692681312561,0.21103619039058685,0.6583048701286316,0.00010078411287395284,0.011070958338677883,1.659998787317818e-07,0.5197145938873291,0.07351718842983246,0.008889964781701565,0.08002026379108429,522.114013671875,659.9263916015625,1.5262372216488855,0.4493321478366852,0.006296803243458271,0.0012110486859455705,0.829371988773346
PINN20260517-KimLayered,10,376,physics,0.6653336882591248,0.09674161672592163,0.31369245052337646,0.12201912701129913,0.12322980910539627,0.10260624438524246,0.29623329639434814,0.16924768686294556,0.20983649790287018,0.6585838198661804,0.00010030812700279057,0.01119187381118536,1.638773312606645e-07,0.519485592842102,0.07356312870979309,0.008891318924725056,0.07993704825639725,520.940185546875,658.2114868164062,1.5214375472779775,0.44891828298568726,0.006262709386646748,0.0012035234831273556,0.8292619585990906
PINN20260517-KimLayered,10,380,physics,0.6623572111129761,0.0963529720902443,0.31215471029281616,0.12183459103107452,0.12250673025846481,0.102101169526577,0.29458266496658325,0.1664554476737976,0.20863713324069977,0.6588346362113953,9.988976671593264e-05,0.011314170435070992,1.6185913409572095e-07,0.5192652344703674,0.07360799610614777,0.008892320096492767,0.07985585182905197,519.7828979492188,656.5012817382812,1.5199501133774482,0.44850262999534607,0.0062293061055243015,0.0011961434502154589,0.8291528224945068
PINN20260517-KimLayered,10,383,physics,0.6601590514183044,0.09608674794435501,0.31103160977363586,0.12179192900657654,0.12196715176105499,0.10172084718942642,0.29234254360198975,0.16446322202682495,0.20773981511592865,0.6589802503585815,9.957594738807529e-05,0.011398674920201302,1.6118339374315838e-07,0.5191018581390381,0.0736379325389862,0.008892609737813473,0.07979383319616318,518.901611328125,655.2827758789062,1.5161974339981892,0.44818633794784546,0.006204396486282349,0.0011906680883839726,0.8290714621543884
PINN20260517-KimLayered,10,387,physics,0.6572630405426025,0.09569820761680603,0.3094935417175293,0.12161819636821747,0.12125598639249802,0.10121706873178482,0.29098233580589294,0.16196441650390625,0.2065487653017044,0.6591522097587585,9.92182467598468e-05,0.011515584774315357,1.5908084094462538e-07,0.51889568567276,0.07367733865976334,0.008892713114619255,0.0797140821814537,517.760986328125,653.582275390625,1.514211474980453,0.4477647542953491,0.006171890068799257,0.0011835013283416629,0.8289638757705688
PINN20260517-KimLayered,10,391,physics,0.6544143557548523,0.09534099698066711,0.30798661708831787,0.12155207246541977,0.12055391818284988,0.10071816295385361,0.2883862257003784,0.15965944528579712,0.20536649227142334,0.6593008637428284,9.890324872685596e-05,0.011638232506811619,1.5764020133701706e-07,0.5187046527862549,0.0737161785364151,0.008892525918781757,0.07963836938142776,516.6658935546875,651.7940063476562,1.5116415361288396,0.4473450481891632,0.0061399261467158794,0.001176488702185452,0.8288578391075134
PINN20260517-KimLayered,10,395,physics,0.6516287326812744,0.09497715532779694,0.3064761161804199,0.12144505977630615,0.11985789984464645,0.10022337734699249,0.2864539921283722,0.15755321085453033,0.2041955441236496,0.6594234704971313,9.863450395641848e-05,0.011762251146137714,1.557905449089958e-07,0.518517017364502,0.07375352829694748,0.008892000652849674,0.07956304401159286,515.56298828125,650.082763671875,1.508520908313302,0.4469257593154907,0.00610849354416132,0.0011696000583469868,0.8287519216537476
PINN20260517-KimLayered,10,398,physics,0.6495738625526428,0.09471118450164795,0.30535808205604553,0.12137531489133835,0.11933724582195282,0.09985221922397614,0.2848799228668213,0.15610350668430328,0.2033260315656662,0.6594844460487366,9.844121086644009e-05,0.011849195696413517,1.5456618029929814e-07,0.5183721780776978,0.07377851754426956,0.008891246281564236,0.0795041024684906,514.7269897460938,648.8629760742188,1.507233237609835,0.44660890102386475,0.0060850828886032104,0.0011644861660897732,0.8286722898483276
PINN20260517-KimLayered,10,402,physics,0.6468803882598877,0.09435123205184937,0.30386966466903687,0.12124189734458923,0.1186472475528717,0.09936081618070602,0.28328773379325867,0.15433484315872192,0.20217949151992798,0.6595446467399597,9.822272113524377e-05,0.011965320445597172,1.5284977905594133e-07,0.5181792974472046,0.07381048053503036,0.008889959193766117,0.07942508906126022,513.6202392578125,647.2568359375,1.5046486613513244,0.44618678092956543,0.006054321303963661,0.0011577676050364971,0.8285660743713379
PINN20260517-KimLayered,10,406,physics,0.6442347764968872,0.09399676322937012,0.3023925721645355,0.12110981345176697,0.11796260625123978,0.09887261688709259,0.2817040979862213,0.1527387648820877,0.20104928314685822,0.6595808267593384,9.80472395895049e-05,0.012083719484508038,1.5146022747103416e-07,0.5179911255836487,0.07384119182825089,0.00888835545629263,0.07934684306383133,512.52734375,645.6453857421875,1.5022251323558158,0.44576558470726013,0.0060240719467401505,0.0011511686025187373,0.828460156917572
PINN20260517-KimLayered,10,409,physics,0.6422779560089111,0.09373491257429123,0.3012910485267639,0.12102414667606354,0.1174522116780281,0.09850703179836273,0.2804405689239502,0.1516447365283966,0.20021329820156097,0.65958571434021,9.79362303041853e-05,0.01217273622751236,1.506354010416544e-07,0.5178530216217041,0.07386276870965958,0.008886881172657013,0.07928828150033951,511.702880859375,644.45947265625,1.4989445162595187,0.4454492926597595,0.006001671310514212,0.001146287890151143,0.8283810019493103
PINN20260517-KimLayered,10,413,physics,0.6397041082382202,0.0933828130364418,0.29982373118400574,0.12089884281158447,0.11677593737840652,0.09802096337080002,0.27902209758758545,0.15030460059642792,0.19911588728427887,0.6595656871795654,9.782173583516851e-05,0.012294481508433819,1.4944011184070405e-07,0.5176740884780884,0.07389020919799805,0.008884579874575138,0.07921096682548523,510.6120300292969,642.8668823242188,1.4968532833522823,0.44502782821655273,0.005972226150333881,0.0011398735223338008,0.8282759189605713
PINN20260517-KimLayered,10,417,physics,0.6371591687202454,0.09304068982601166,0.29836493730545044,0.12082322686910629,0.11610428988933563,0.0975363552570343,0.277188241481781,0.14908413589000702,0.19803965091705322,0.659514307975769,9.773619240149856e-05,0.012419871985912323,1.484304732457531e-07,0.5175015330314636,0.0739159882068634,0.008881887421011925,0.07913456112146378,509.5236511230469,641.27587890625,1.4926643275608105,0.4446069896221161,0.0059431688860058784,0.0011335621820762753,0.82817143201828
PINN20260517-KimLayered,10,421,physics,0.6346402168273926,0.09268706291913986,0.29690021276474,0.1206897720694542,0.11543742567300797,0.09705518186092377,0.2760095000267029,0.1479620337486267,0.19698646664619446,0.6594424843788147,9.769608004717156e-05,0.012551755644381046,1.4694640526613512e-07,0.5173333287239075,0.07394136488437653,0.008878899738192558,0.07905907183885574,508.4448547363281,639.6795654296875,1.491176903443854,0.44418880343437195,0.005914594512432814,0.0011273568961769342,0.8280671834945679
PINN20260517-KimLayered,10,424,physics,0.6327641606330872,0.09243018925189972,0.29581379890441895,0.12062715739011765,0.11493804305791855,0.09669429063796997,0.2747456431388855,0.14717385172843933,0.1962125152349472,0.6593604683876038,9.767088340595365e-05,0.012647838331758976,1.4606965237362601e-07,0.5172055959701538,0.07395806908607483,0.008876321837306023,0.07900086790323257,507.6151428222656,638.5501708984375,1.4879346211418676,0.4438744783401489,0.005893289111554623,0.001122748595662415,0.8279888033866882
PINN20260517-KimLayered,10,428,physics,0.6302803158760071,0.09208120405673981,0.29436254501342773,0.12052232027053833,0.11427488178014755,0.096215158700943,0.27339282631874084,0.1461823433637619,0.19520269334316254,0.6592286229133606,9.766792209120467e-05,0.01277847122400999,1.4484679411452817e-07,0.5170363783836365,0.07397933304309845,0.008872587233781815,0.07892300933599472,506.52362060546875,637.0236206054688,1.486279323685706,0.4434575140476227,0.005865226499736309,0.0011166841723024845,0.8278842568397522
PINN20260517-KimLayered,10,432,physics,0.6278141736984253,0.09172946214675903,0.2929144501686096,0.12040997296571732,0.11361458897590637,0.09573768824338913,0.2721962332725525,0.1452450454235077,0.19421863555908203,0.6590651273727417,9.769369353307411e-05,0.012911032885313034,1.4368828260558075e-07,0.5168691277503967,0.07399899512529373,0.008868466131389141,0.07884477078914642,505.4188537597656,635.538330078125,1.4834923882526918,0.4430426359176636,0.00583753501996398,0.0011107043828815222,0.8277798295021057
PINN20260517-KimLayered,10,435,physics,0.6259748935699463,0.0914687067270279,0.291837215423584,0.1203332245349884,0.11312081664800644,0.0953792855143547,0.27119994163513184,0.1445702165365219,0.19349786639213562,0.6589149236679077,9.772539488039911e-05,0.013010604307055473,1.4290181127307733e-07,0.5167451500892639,0.07401205599308014,0.008865052834153175,0.0787854865193367,504.586669921875,634.4302368164062,1.4816747832777375,0.44273191690444946,0.005816969554871321,0.0011062652338296175,0.8277015686035156
PINN20260517-KimLayered,10,439,physics,0.6235293745994568,0.09112928062677383,0.29040560126304626,0.12025458365678787,0.11246553063392639,0.09490229934453964,0.2695397138595581,0.14370104670524597,0.19255992770195007,0.6586836576461792,9.778863750398159e-05,0.013148895464837551,1.4217533816918149e-07,0.5165854096412659,0.07402835041284561,0.008860155008733273,0.07870728522539139,503.4815368652344,632.9334716796875,1.4775852132574376,0.4423205852508545,0.005789835937321186,0.001100416760891676,0.8275975584983826
PINN20260517-KimLayered,10,443,physics,0.621086835861206,0.09077909588813782,0.28896427154541016,0.1201159805059433,0.11181329935789108,0.09442628920078278,0.268429696559906,0.1428588628768921,0.19164875149726868,0.6584151983261108,9.788381430553272e-05,0.01329494547098875,1.4114459645497845e-07,0.5164303779602051,0.07404353469610214,0.008854848332703114,0.07862956076860428,502.36859130859375,631.4447021484375,1.4757978712692128,0.4419124126434326,0.005763075314462185,0.0010946431430056691,0.8274938464164734
PINN20260517-KimLayered,10,447,physics,0.6186522841453552,0.09043176472187042,0.2875252068042755,0.12000691145658493,0.1111612543463707,0.09394747763872147,0.26714280247688293,0.14203602075576782,0.19076421856880188,0.6580854654312134,9.79777832981199e-05,0.013441355898976326,1.4027089889623312e-07,0.5162760019302368,0.07405510544776917,0.008848913013935089,0.07855022698640823,501.2242126464844,630.0087280273438,1.4739691415247003,0.44150444865226746,0.0057364534586668015,0.0010889165569096804,0.8273903131484985
PINN20260517-KimLayered,10,450,physics,0.6168274879455566,0.0901687815785408,0.28644558787345886,0.11992323398590088,0.11067398637533188,0.09358768910169601,0.26623547077178955,0.1414283812046051,0.1901184320449829,0.657804012298584,9.806110028875992e-05,0.013555821031332016,1.3952916333437315e-07,0.516165018081665,0.07406269013881683,0.008844133466482162,0.07849129289388657,500.367919921875,628.9050903320312,1.4721913209170918,0.4412006139755249,0.0057166884653270245,0.0010846678633242846,0.8273130059242249
PINN20260517-KimLayered,10,454,physics,0.6143940091133118,0.08982022851705551,0.2850055992603302,0.1198284775018692,0.110027976334095,0.09310887008905411,0.26485759019851685,0.14062786102294922,0.18928086757659912,0.6573886275291443,9.819656406762078e-05,0.013718419708311558,1.3869394877019658e-07,0.5160260796546936,0.0740724727511406,0.008837418630719185,0.0784149020910263,499.23980712890625,627.37548828125,1.4697329990959758,0.4408007264137268,0.00569064449518919,0.0010790742235258222,0.8272103667259216
PINN20260517-KimLayered,10,458,physics,0.6119564771652222,0.0894666239619255,0.2835637629032135,0.11971363425254822,0.10938296467065811,0.09262857586145401,0.26363706588745117,0.13984525203704834,0.1884738653898239,0.6569100618362427,9.834187949309126e-05,0.013888287357985973,1.3776696050626924e-07,0.5158902406692505,0.07408005744218826,0.008830168284475803,0.07833807170391083,498.0859680175781,625.8851318359375,1.4677586139976102,0.44040441513061523,0.005664794705808163,0.0010735284304246306,0.8271079659461975
PINN20260517-KimLayered,10,461,physics,0.6101421117782593,0.0892016738653183,0.2824838161468506,0.11963514238595963,0.10889855027198792,0.09226624667644501,0.2626393139362335,0.1393819898366928,0.18791860342025757,0.6564974188804626,9.845893509918824e-05,0.014017805457115173,1.3711796498228068e-07,0.5157873630523682,0.07408323138952255,0.008824302814900875,0.07827895134687424,497.20318603515625,624.7909545898438,1.4620386486666495,0.4401090443134308,0.005645599216222763,0.0010694150114431977,0.8270309567451477
PINN20260517-KimLayered,10,465,physics,0.6076808571815491,0.08884326368570328,0.28103554248809814,0.11951787024736404,0.10825438052415848,0.09178246557712555,0.2614558935165405,0.13853389024734497,0.18712443113327026,0.6558834314346313,9.861218131845817e-05,0.01420041173696518,1.362135719773505e-07,0.5156548619270325,0.07408616691827774,0.008816050365567207,0.07820068299770355,496.0249328613281,623.3133544921875,1.463354247229287,0.4397195279598236,0.00562003068625927,0.0010639475658535957,0.8269285559654236
PINN20260517-KimLayered,10,469,physics,0.6052306294441223,0.08848084509372711,0.27957844734191895,0.11939797550439835,0.10761226713657379,0.09129751473665237,0.26033204793930054,0.13781380653381348,0.18639864027500153,0.6551852822303772,9.876852709567174e-05,0.01439491007477045,1.3537413678932353e-07,0.5155287981033325,0.07408750802278519,0.008807290345430374,0.07812311500310898,494.8392333984375,621.8154296875,1.460360878612831,0.43933582305908203,0.005594588350504637,0.0010585143463686109,0.8268263936042786
PINN20260517-KimLayered,10,473,physics,0.6027638912200928,0.0881156250834465,0.2781185805797577,0.1192808747291565,0.10696977376937866,0.0908093973994255,0.2591771185398102,0.13707315921783447,0.18568243086338043,0.6543763279914856,9.894835238810629e-05,0.014597303234040737,1.346182187944578e-07,0.5154050588607788,0.07408560067415237,0.008797901682555676,0.07804466038942337,493.6272888183594,620.3408203125,1.458567840923034,0.43895742297172546,0.005569556728005409,0.001053164480254054,0.8267242312431335
PINN20260517-KimLayered,10,476,physics,0.600914716720581,0.0878387987613678,0.27701956033706665,0.1191825121641159,0.10648844391107559,0.09044122695922852,0.2583918273448944,0.13657157123088837,0.18517230451107025,0.6536880135536194,9.907483035931364e-05,0.014756371267139912,1.3404905985225923e-07,0.5153159499168396,0.07408241182565689,0.008790460415184498,0.07798587530851364,492.7104797363281,619.218505859375,1.4556603353820126,0.43867677450180054,0.0055507635697722435,0.0010491564171388745,0.8266476988792419
PINN20260517-KimLayered,10,480,physics,0.598426103591919,0.08746875077486038,0.2755463123321533,0.11905821412801743,0.10584801435470581,0.08994802087545395,0.2572569251060486,0.1358325183391571,0.1844998002052307,0.65264493227005,9.92242421489209e-05,0.01498132012784481,1.3337378845790226e-07,0.5152044296264648,0.07407619804143906,0.008780037052929401,0.07790850102901459,491.4804992675781,617.6947631835938,1.4544135400467022,0.43830785155296326,0.005525590851902962,0.0010438042227178812,0.8265462517738342
PINN20260517-KimLayered,10,484,physics,0.5959219932556152,0.08709339797496796,0.274061918258667,0.11893247812986374,0.10520815849304199,0.08945195376873016,0.25617724657058716,0.1351061314344406,0.18384507298469543,0.6514260172843933,9.940136078512296e-05,0.0152213666588068,1.3265321285871323e-07,0.5150995850563049,0.0740671306848526,0.008769014850258827,0.07783176004886627,490.2366027832031,616.1514892578125,1.4503640509868454,0.43794751167297363,0.005500835366547108,0.0010385337518528104,0.8264449238777161
PINN20260517-KimLayered,10,487,physics,0.5940302014350891,0.08680962026119232,0.27294254302978516,0.11884748190641403,0.10472801327705383,0.08907755464315414,0.2553146481513977,0.1345546543598175,0.18336457014083862,0.6503694653511047,9.951283573172987e-05,0.015409897081553936,1.3213369243203488e-07,0.5150240659713745,0.07405800372362137,0.008760331198573112,0.07777414470911026,489.2906188964844,614.9954833984375,1.4483670692646422,0.4376816153526306,0.0054821353405714035,0.001034563989378512,0.8263691067695618
PINN20260517-KimLayered,10,491,physics,0.5914919972419739,0.0864274799823761,0.2714414894580841,0.11873403191566467,0.10408734530210495,0.08857577294111252,0.25415876507759094,0.13384565711021423,0.1827467828989029,0.6487285494804382,9.964926721295342e-05,0.015672815963625908,1.3142218335815414e-07,0.5149271488189697,0.07404259592294693,0.008748229593038559,0.0776972770690918,488.017578125,613.4492797851562,1.4474938087794986,0.4373348355293274,0.005457164719700813,0.0010292709339410067,0.8262678980827332
PINN20260517-KimLayered,10,495,physics,0.5889425277709961,0.08604942262172699,0.2699350118637085,0.11869233101606369,0.10344585031270981,0.08807206898927689,0.25253501534461975,0.133146271109581,0.18214640021324158,0.6467567682266235,9.978401067201048e-05,0.015948686748743057,1.3121065478571836e-07,0.5148339867591858,0.0740232765674591,0.008735599927604198,0.07762052118778229,486.740966796875,611.8927612304688,1.4448818047995307,0.4369993507862091,0.005432228557765484,0.0010239892872050405,0.8261664509773254
PINN20260517-KimLayered,10,499,physics,0.5863794684410095,0.0856630951166153,0.2684181332588196,0.11863458156585693,0.10280229151248932,0.08756697922945023,0.25117528438568115,0.13245603442192078,0.1815635710954666,0.6443514823913574,9.991154365707189e-05,0.01623680628836155,1.3115588615164597e-07,0.514739453792572,0.07399932295084,0.008722465485334396,0.07754270732402802,485.4392395019531,610.3878784179688,1.4449989705176114,0.43667542934417725,0.005407155491411686,0.0010186746949329972,0.8260643482208252
PINN20260517-KimLayered,10,502,physics,0.5844423770904541,0.08536368608474731,0.26727795600891113,0.11847473680973053,0.10231654345989227,0.08718474209308624,0.2508796751499176,0.13194778561592102,0.18113797903060913,0.6421619057655334,9.998883615480736e-05,0.016457688063383102,1.3044768820691388e-07,0.5146647691726685,0.07397587597370148,0.008712129667401314,0.07748227566480637,484.4267578125,609.32275390625,1.4427220026951153,0.43643826246261597,0.0053881569765508175,0.0010146499844267964,0.8259870409965515
PINN20260517-KimLayered,10,506,physics,0.5818254947662354,0.0849858894944191,0.26577046513557434,0.11836593598127365,0.10166629403829575,0.0866694524884224,0.2492745816707611,0.1312599778175354,0.18057771027088165,0.6385661363601685,0.00010002978524425998,0.01676136441528797,1.2992769882202992e-07,0.5145707130432129,0.07393518090248108,0.008697631768882275,0.07740147411823273,483.06207275390625,607.8907470703125,1.4388727121460634,0.4361315667629242,0.005362256895750761,0.0010091995354741812,0.8258842825889587
PINN20260517-KimLayered,10,510,physics,0.5791827440261841,0.0846020057797432,0.2642456889152527,0.11832571029663086,0.10101968795061111,0.08615360409021378,0.24747395515441895,0.13058805465698242,0.18003059923648834,0.634019672870636,0.00010006740922108293,0.0170887503772974,1.2964616757926706e-07,0.5144989490509033,0.07388623803853989,0.008682791143655777,0.0773269459605217,481.7380065917969,606.3192749023438,1.4360497380594084,0.43584710359573364,0.0053360555320978165,0.001003692508675158,0.8257828950881958
PINN20260517-KimLayered,10,513,physics,0.5771771669387817,0.08430293947458267,0.2630853056907654,0.11828947067260742,0.10053564608097076,0.08576685935258865,0.2464163899421692,0.13008548319339752,0.1796255111694336,0.6298299431800842,0.00010008789104176685,0.01734454184770584,1.294550315833476e-07,0.5144549608230591,0.07384150475263596,0.008671444840729237,0.07727373391389847,480.75128173828125,605.1256103515625,1.4364074140275158,0.43564996123313904,0.005316005554050207,0.0009994838619604707,0.8257072567939758
PINN20260517-KimLayered,10,517,physics,0.5744826793670654,0.08390580117702484,0.26154178380966187,0.1181555911898613,0.09988512098789215,0.08524707704782486,0.2453862428665161,0.12943106889724731,0.1790948361158371,0.6230249404907227,0.00010003080387832597,0.01768173836171627,1.2886981437532086e-07,0.5143930912017822,0.07376234978437424,0.008655599318444729,0.07720015197992325,479.3648376464844,603.6954956054688,1.4331406950899872,0.43540310859680176,0.005288008134812117,0.000993654364719987,0.8256058692932129
PINN20260517-KimLayered,10,521,physics,0.571768045425415,0.08351382613182068,0.26001062989234924,0.11799062788486481,0.09923297166824341,0.08472497016191483,0.24435047805309296,0.12878790497779846,0.17857281863689423,0.6150075793266296,9.988840611185879e-05,0.018018558621406555,1.282251105294563e-07,0.5143377780914307,0.07365872710943222,0.008639048784971237,0.07712673395872116,477.971435546875,602.2682495117188,1.4289245110441904,0.4351803958415985,0.00525858998298645,0.000987577368505299,0.8255047798156738
PINN20260517-KimLayered,10,525,physics,0.5690553188323975,0.08311791718006134,0.2584710419178009,0.11791158467531204,0.09858965128660202,0.08420780301094055,0.2430366724729538,0.12816625833511353,0.1780627965927124,0.6067620515823364,9.972519910661504e-05,0.018372727558016777,1.2832410334340238e-07,0.5143091678619385,0.07353751361370087,0.008622327819466591,0.077061228454113,476.64385986328125,600.6527099609375,1.4281730539412116,0.4349905848503113,0.00522833876311779,0.000981343211606145,0.8254053592681885
PINN20260517-KimLayered,10,528,physics,0.5670478343963623,0.08281922340393066,0.25731581449508667,0.11786239594221115,0.09811247140169144,0.08382079750299454,0.2420688271522522,0.12772992253303528,0.17769566178321838,0.6014578938484192,9.959634189726785e-05,0.018643982708454132,1.2828611772874865e-07,0.5142986178398132,0.07344020903110504,0.008609562180936337,0.07701505720615387,475.6446533203125,599.4058227539062,1.4240557048167095,0.434861421585083,0.005205588880926371,0.000976657378487289,0.825331449508667
PINN20260517-KimLayered,10,532,physics,0.5644280910491943,0.08242644369602203,0.25576961040496826,0.11777539551258087,0.09748021513223648,0.08329973369836807,0.2406795173883438,0.1272735446691513,0.17724290490150452,0.5967360734939575,9.939369192579761e-05,0.019002988934516907,1.279001935472479e-07,0.5142853260040283,0.07331734895706177,0.008592108264565468,0.07695308327674866,474.3051452636719,597.6832885742188,1.4190506511220184,0.4346862733364105,0.005175890866667032,0.0009705462725833058,0.8252324461936951
PINN20260517-KimLayered,10,536,physics,0.5618078708648682,0.08203078806400299,0.25418418645858765,0.11765244603157043,0.09685038775205612,0.08276866376399994,0.23943060636520386,0.12664563953876495,0.17675691843032837,0.5946274399757385,9.919558942783624e-05,0.01935679279267788,1.2754864542330324e-07,0.5142660737037659,0.0732235237956047,0.0085743498057127,0.0768895298242569,472.9554443359375,595.8924560546875,1.4161307738116675,0.4344918131828308,0.005148205440491438,0.0009648246341384947,0.8251320123672485
PINN20260517-KimLayered,10,539,physics,0.5598300695419312,0.08172496408224106,0.252967894077301,0.11753837019205093,0.09637727588415146,0.08236189186573029,0.2387327253818512,0.12610499560832977,0.1763889640569687,0.5940460562705994,9.905525803333148e-05,0.019616790115833282,1.2720128950149956e-07,0.5142423510551453,0.07317815721035004,0.0085608484223485,0.07683905214071274,471.9213562011719,594.5411987304688,1.4124493289253612,0.4343273639678955,0.005129134748131037,0.0009608503896743059,0.8250553011894226
PINN20260517-KimLayered,10,543,physics,0.5572076439857483,0.08131525665521622,0.2513228952884674,0.11743814498186111,0.09574368596076965,0.08181146532297134,0.23746369779109955,0.12562431395053864,0.1759505718946457,0.5938193798065186,9.890210640151054e-05,0.019958224147558212,1.2702075480319763e-07,0.5141945481300354,0.07314848154783249,0.008542736992239952,0.07676727324724197,470.5483093261719,592.7080688476562,1.4098921826763562,0.4340895414352417,0.005105967167764902,0.0009559718891978264,0.8249501585960388
PINN20260517-KimLayered,10,547,physics,0.5545466542243958,0.08090439438819885,0.24966531991958618,0.11736118793487549,0.09510596096515656,0.08125758171081543,0.23596376180648804,0.12499679625034332,0.17548981308937073,0.5939549803733826,9.874581883195788e-05,0.020292315632104874,1.2691569395428814e-07,0.5141234993934631,0.07314402610063553,0.008524658158421516,0.076689213514328,469.16064453125,590.9472045898438,1.4080156117661509,0.43384024500846863,0.005084260832518339,0.0009513720287941396,0.824841320514679
PINN20260517-KimLayered,10,551,physics,0.5519008040428162,0.08049017190933228,0.24801164865493774,0.11725689470767975,0.09446007758378983,0.08070313185453415,0.23458078503608704,0.12452705949544907,0.1750624030828476,0.5943976044654846,9.857647091848776e-05,0.020605968311429024,1.2669958948663407e-07,0.5140208005905151,0.07314854860305786,0.00850651878863573,0.07660160213708878,467.7265625,589.3634033203125,1.4039162382241008,0.4335898160934448,0.005063243675976992,0.0009468976058997214,0.8247280120849609
PINN20260517-KimLayered,10,554,physics,0.5499023795127869,0.08017415553331375,0.24677947163581848,0.11714886128902435,0.09397116303443909,0.08028855174779892,0.23377397656440735,0.12407933920621872,0.1747274398803711,0.5948389172554016,9.844132728176191e-05,0.020823771134018898,1.2635247514936054e-07,0.5139271020889282,0.07315037399530411,0.008492894470691681,0.07653042674064636,466.6328125,588.2578125,1.4002675929002422,0.43340781331062317,0.0050476123578846455,0.0009435570100322366,0.8246404528617859
PINN20260517-KimLayered,10,558,physics,0.5472508668899536,0.07975716888904572,0.24514633417129517,0.11704166978597641,0.09331813454627991,0.07973850518465042,0.23238417506217957,0.12358913570642471,0.1742997169494629,0.5953723192214966,9.819314436754212e-05,0.021091943606734276,1.2616840194823453e-07,0.5137969851493835,0.07314552366733551,0.008474813774228096,0.07643312960863113,465.1781311035156,586.8056030273438,1.3975435681661317,0.4331776797771454,0.0050261178985238075,0.0009389882907271385,0.8245221972465515
PINN20260517-KimLayered,10,562,physics,0.5446020364761353,0.07934114336967468,0.24351981282234192,0.11694400012493134,0.09266781061887741,0.07919202744960785,0.23091933131217957,0.12312781810760498,0.17387785017490387,0.5956558585166931,9.791071352083236e-05,0.02133454568684101,1.2592207099260122e-07,0.5136727690696716,0.07313032448291779,0.008456953801214695,0.07633662968873978,463.74310302734375,585.3168334960938,1.393599326745118,0.43296730518341064,0.005004168953746557,0.0009343334822915494,0.8244034051895142
PINN20260517-KimLayered,10,565,physics,0.5426095128059387,0.07902863621711731,0.2422998547554016,0.11686211079359055,0.09218201041221619,0.07878311723470688,0.22988468408584595,0.12275562435388565,0.17355763912200928,0.5956575274467468,9.767582378117368e-05,0.02149524725973606,1.2570478702400578e-07,0.513584554195404,0.07311136275529861,0.008443663828074932,0.07626479864120483,462.6669006347656,584.18896484375,1.3891035694906857,0.4328210651874542,0.0049874382093548775,0.0009307932341471314,0.8243141174316406
PINN20260517-KimLayered,10,569,physics,0.5399524569511414,0.07861396670341492,0.24066947400569916,0.11675675213336945,0.09153766930103302,0.07823742181062698,0.2284529209136963,0.12227986007928848,0.17313405871391296,0.595429003238678,9.728695295052603e-05,0.02167857438325882,1.254675510153902e-07,0.5134744048118591,0.0730774775147438,0.008426052518188953,0.07616991549730301,461.2314453125,582.665771484375,1.38595861957828,0.43263691663742065,0.00496448390185833,0.0009259677608497441,0.824195384979248
PINN20260517-KimLayered,10,573,physics,0.5373007655143738,0.07819890230894089,0.2390350103378296,0.1166524663567543,0.09089811146259308,0.07769181579351425,0.22705711424350739,0.12183848768472672,0.17271630465984344,0.5950574278831482,9.685252734925598e-05,0.021829809993505478,1.2517949699031305e-07,0.513373851776123,0.0730377733707428,0.008408687077462673,0.07607685029506683,459.80694580078125,581.09375,1.3822429266009388,0.43246519565582275,0.004941333085298538,0.0009211134747602046,0.824076771736145
PINN20260517-KimLayered,10,577,physics,0.5346489548683167,0.07778748124837875,0.23739886283874512,0.11656679213047028,0.09026393294334412,0.07714694738388062,0.2254449427127838,0.12142268568277359,0.1723032295703888,0.594669759273529,9.638373012421653e-05,0.021950479596853256,1.2505171298471396e-07,0.513279378414154,0.07299607247114182,0.008391670882701874,0.07598529756069183,458.3985290527344,579.4786376953125,1.3780475391886116,0.4323042631149292,0.004918238148093224,0.0009162772912532091,0.8239579200744629
PINN20260517-KimLayered,10,580,physics,0.5326573848724365,0.0774654746055603,0.23615965247154236,0.11642047762870789,0.08979040384292603,0.07673937827348709,0.22491279244422913,0.12114907056093216,0.17199990153312683,0.5944185853004456,9.60334946285002e-05,0.022020068019628525,1.24649034205504e-07,0.5132060050964355,0.07296522706747055,0.008379178121685982,0.07591605931520462,457.3372497558594,578.281982421875,1.3734097233372733,0.4321897327899933,0.0049012210220098495,0.0009127084631472826,0.8238677978515625
PINN20260517-KimLayered,10,584,physics,0.5300243496894836,0.07703932374715805,0.2345186322927475,0.11626122146844864,0.08915874361991882,0.07619500905275345,0.22394752502441406,0.12091940641403198,0.17161370813846588,0.5941508412361145,9.550505637889728e-05,0.022077901288866997,1.2440615648756648e-07,0.5130977630615234,0.07292347401380539,0.00836269836872816,0.0758199542760849,455.8901062011719,576.7672119140625,1.369254137232357,0.4320393204689026,0.004878585692495108,0.0009079754818230867,0.8237460255622864
PINN20260517-KimLayered,10,588,physics,0.5273846387863159,0.07662519812583923,0.23289518058300018,0.11619889736175537,0.08853001147508621,0.07565204054117203,0.22225919365882874,0.12054155766963959,0.17120413482189178,0.5939789414405823,9.49383174884133e-05,0.022105513140559196,1.2465348220302985e-07,0.5129846930503845,0.07288406789302826,0.00834671501070261,0.07572232931852341,454.463623046875,575.226318359375,1.3664597880769693,0.43189653754234314,0.004856265615671873,0.0009033061796799302,0.8236231207847595
PINN20260517-KimLayered,10,591,physics,0.5253748297691345,0.0763028934597969,0.23166531324386597,0.11608327925205231,0.08806252479553223,0.07524851709604263,0.2216300070285797,0.12001511454582214,0.17087046802043915,0.5939202308654785,9.450967627344653e-05,0.022111548110842705,1.2433427798441699e-07,0.5128980278968811,0.07285825163125992,0.008335278369486332,0.07564950734376907,453.4081115722656,574.0621948242188,1.3652384768658485,0.4317971169948578,0.004839749075472355,0.0008998371777124703,0.8235300183296204
PINN20260517-KimLayered,10,595,physics,0.5227609276771545,0.07589331269264221,0.23005959391593933,0.11601494252681732,0.08743707090616226,0.07471008598804474,0.21978169679641724,0.11980634182691574,0.1704869419336319,0.5938688516616821,9.390761988470331e-05,0.022075023502111435,1.2424366957475286e-07,0.5127663612365723,0.07282155007123947,0.008320261724293232,0.07554655522108078,451.9526062011719,572.6326293945312,1.3603801577563548,0.43166810274124146,0.004818087909370661,0.0008952786447480321,0.8234037756919861
PINN20260517-KimLayered,10,599,physics,0.5201166868209839,0.0754820853471756,0.2284574806690216,0.11592427641153336,0.08681431412696838,0.07417372614145279,0.21810290217399597,0.11931502819061279,0.170074462890625,0.5938510298728943,9.325124119641259e-05,0.021996263414621353,1.2390435699671798e-07,0.5126263499259949,0.07278499752283096,0.008305775001645088,0.07544119656085968,450.495849609375,571.2278442382812,1.3578438411425555,0.43154531717300415,0.004796360153704882,0.0008907149895094335,0.8232759833335876
PINN20260517-KimLayered,10,603,physics,0.5175053477287292,0.07506513595581055,0.22685113549232483,0.11581640690565109,0.0861978605389595,0.07364044338464737,0.2166690230369568,0.11904112994670868,0.16968795657157898,0.5938493013381958,9.258136560674757e-05,0.021883105859160423,1.2357388357031596e-07,0.5124869346618652,0.07274895906448364,0.008291921578347683,0.07533656805753708,449.052490234375,569.7941284179688,1.3551414214504982,0.4314323961734772,0.004774862434715033,0.0008861933602020144,0.8231478333473206
PINN20260517-KimLayered,10,606,physics,0.5155459642410278,0.07475264370441437,0.2256484031677246,0.11574409157037735,0.08573856204748154,0.07324162870645523,0.21559177339076996,0.1187765970826149,0.16939005255699158,0.5938365459442139,9.208147821482271e-05,0.021773653104901314,1.2340063904048293e-07,0.5123810172080994,0.07272069156169891,0.008281844668090343,0.07525760680437088,447.9701843261719,568.7109375,1.3519991331980583,0.43135353922843933,0.004759055562317371,0.0008828564314171672,0.8230509757995605
PINN20260517-KimLayered,10,610,physics,0.5129403471946716,0.07434398680925369,0.22405822575092316,0.11568449437618256,0.08513052016496658,0.0727105438709259,0.2137756049633026,0.11842799186706543,0.16899798810482025,0.5937969088554382,9.134629362961277e-05,0.02159516140818596,1.2331679499766324e-07,0.512239933013916,0.07268095016479492,0.008268794044852257,0.07515209913253784,446.5081481933594,567.298095703125,1.349606261392982,0.43125230073928833,0.0047377170994877815,0.0008783764205873013,0.822921872138977
PINN20260517-KimLayered,10,614,physics,0.5103471279144287,0.07392207533121109,0.22245663404464722,0.11555110663175583,0.08452949672937393,0.07218299806118011,0.21266958117485046,0.11815207451581955,0.16861508786678314,0.5937464833259583,9.061644232133403e-05,0.021391218528151512,1.228224419946855e-07,0.5121007561683655,0.07264138758182526,0.008256438188254833,0.07504789531230927,445.05987548828125,565.8471069335938,1.3472907903537368,0.4311610758304596,0.004716665484011173,0.0008739462937228382,0.8227924704551697
PINN20260517-KimLayered,10,617,physics,0.5084030628204346,0.07361359894275665,0.2212725728750229,0.11549246311187744,0.08408128470182419,0.07178817689418793,0.2114272117614746,0.11791004985570908,0.16832473874092102,0.5936906933784485,9.005247557070106e-05,0.021213149651885033,1.2267004478871968e-07,0.5119935274124146,0.07260993123054504,0.00824750680476427,0.07496853172779083,443.9652099609375,564.76904296875,1.3444725389847179,0.43109676241874695,0.004701014142483473,0.0008706538355909288,0.8226947784423828
PINN20260517-KimLayered,10,621,physics,0.5058211088180542,0.07319896668195724,0.21969658136367798,0.11539780348539352,0.08348867297172546,0.0712648406624794,0.20995667576789856,0.11760979890823364,0.16794417798519135,0.5936165452003479,8.927327871788293e-05,0.020948151126503944,1.2245999414517428e-07,0.5118483901023865,0.07256791740655899,0.008236249908804893,0.07486241310834885,442.50579833984375,563.3349609375,1.3419038980400837,0.4310172498226166,0.0046801199205219746,0.000866266549564898,0.8225640654563904
PINN20260517-KimLayered,10,625,physics,0.5032488107681274,0.07277882099151611,0.21812491118907928,0.11527158319950104,0.08290065079927444,0.0707443431019783,0.20878227055072784,0.11733823269605637,0.1675691306591034,0.5935425162315369,8.84766413946636e-05,0.020647505298256874,1.220898440124074e-07,0.5116981267929077,0.072525255382061,0.008225717581808567,0.07475481927394867,441.0313415527344,561.9246826171875,1.3390678523509518,0.4309442639350891,0.004659414291381836,0.0008619146537967026,0.8224323987960815
PINN20260517-KimLayered,10,629,physics,0.5006847381591797,0.07236462831497192,0.2165648639202118,0.11517239362001419,0.08231788128614426,0.07022601366043091,0.20734265446662903,0.11706330627202988,0.16719673573970795,0.5934704542160034,8.765191159909591e-05,0.020311264321208,1.218082701370804e-07,0.5115454196929932,0.07248178869485855,0.00821592565625906,0.07464614510536194,439.5632019042969,560.4852905273438,1.336494531581226,0.43087759613990784,0.0046388860791921616,0.0008576004183851182,0.8223002552986145
PINN20260517-KimLayered,10,632,physics,0.49876686930656433,0.07205508649349213,0.2153998613357544,0.1151086762547493,0.0818847119808197,0.06983914971351624,0.2061883956193924,0.11686347424983978,0.1669185608625412,0.593421459197998,8.702863851794973e-05,0.020038332790136337,1.2156949935615557e-07,0.5114306211471558,0.07244916260242462,0.008209116756916046,0.0745643749833107,438.4548034667969,559.403076171875,1.3327902420610926,0.4308325946331024,0.004623727407306433,0.0008544079610146582,0.8222008943557739
PINN20260517-KimLayered,10,636,physics,0.496219664812088,0.07163858413696289,0.2138478308916092,0.11501224339008331,0.08131257444620132,0.06932622194290161,0.2048168033361435,0.1166265532374382,0.16655443608760834,0.5933665633201599,8.617729326942936e-05,0.01964825764298439,1.2116564107600425e-07,0.5112760066986084,0.07240603119134903,0.008200795389711857,0.07445486634969711,436.9853210449219,557.9354248046875,1.3298020575282345,0.43077874183654785,0.004603637848049402,0.0008501776610501111,0.82206791639328
PINN20260517-KimLayered,10,640,physics,0.4936961531639099,0.07122054696083069,0.21230429410934448,0.11490581184625626,0.08074459433555603,0.06881645321846008,0.20354829728603363,0.11650937050580978,0.16620312631130219,0.5933172106742859,8.530931518180296e-05,0.019225938245654106,1.2086385936527222e-07,0.5111146569252014,0.07236240059137344,0.008193324320018291,0.07434318959712982,435.49798583984375,556.499755859375,1.3266553129635987,0.4307313859462738,0.004583756439387798,0.0008459891541860998,0.821933925151825
PINN20260517-KimLayered,10,643,physics,0.49182260036468506,0.07090960443019867,0.21116238832473755,0.11483658850193024,0.08032144606113434,0.068435437977314,0.2024492621421814,0.11653105169534683,0.1659579575061798,0.5932810306549072,8.4597100794781e-05,0.018886368721723557,1.206507107553989e-07,0.5109899640083313,0.07232902944087982,0.008188237436115742,0.07425795495510101,434.3633728027344,555.4559326171875,1.3293116921222907,0.43069714307785034,0.004568538628518581,0.0008428068249486387,0.8218331933021545
PINN20260517-KimLayered,10,647,physics,0.48926079273223877,0.07049434632062912,0.20964395999908447,0.1147395595908165,0.07976328581571579,0.06793151795864105,0.20103387534618378,0.11601895093917847,0.1655789017677307,0.5932416915893555,8.370252908207476e-05,0.01841850019991398,1.20342136256113e-07,0.510822594165802,0.0722852498292923,0.008182363584637642,0.07414422929286957,432.88525390625,553.9674682617188,1.3247360217236723,0.43066319823265076,0.004549073521047831,0.0008387001580558717,0.8216981291770935
PINN20260517-KimLayered,10,651,physics,0.4867362380027771,0.07007697224617004,0.20813272893428802,0.1146339625120163,0.0792095735669136,0.06743068248033524,0.19972267746925354,0.11574223637580872,0.1652236133813858,0.5932016968727112,8.279468602268025e-05,0.01792498491704464,1.2005787652924482e-07,0.5106491446495056,0.07224069535732269,0.008177418261766434,0.07402829080820084,431.3751525878906,552.5297241210938,1.319956418452905,0.43063676357269287,0.0045298924669623375,0.0008346422691829503,0.8215622305870056
PINN20260517-KimLayered,10,655,physics,0.4842265248298645,0.06965771317481995,0.20662957429885864,0.11452832818031311,0.07866042852401733,0.06693197041749954,0.19846513867378235,0.11552945524454117,0.16487820446491241,0.5931589603424072,8.18341868580319e-05,0.017403483390808105,1.1974837832440244e-07,0.5104702711105347,0.07219498604536057,0.008173380978405476,0.07391002029180527,429.8553466796875,551.086181640625,1.3184780055167669,0.43061506748199463,0.004510624799877405,0.000830578152090311,0.82142573595047
PINN20260517-KimLayered,10,658,physics,0.48233380913734436,0.06934768706560135,0.205510675907135,0.11446939408779144,0.07825358211994171,0.06656033545732498,0.19729802012443542,0.11525189876556396,0.16461685299873352,0.5931329727172852,8.109735063044354e-05,0.017001666128635406,1.195698047240512e-07,0.5103377103805542,0.07216107100248337,0.00817104708403349,0.07382159680128098,428.7256164550781,549.958984375,1.3167317876515934,0.4306044578552246,0.004496230743825436,0.0008275482105091214,0.8213233947753906
PINN20260517-KimLayered,10,662,physics,0.4798441231250763,0.06893077492713928,0.2040208876132965,0.11437514424324036,0.07771633565425873,0.06606807559728622,0.1959218680858612,0.11510498076677322,0.16428257524967194,0.5931019186973572,8.012605394469574e-05,0.01644991710782051,1.1928200649435894e-07,0.510158360004425,0.07211589813232422,0.008168826811015606,0.07370273768901825,427.21319580078125,548.4476928710938,1.3138477621366726,0.43059855699539185,0.004477442242205143,0.0008235781569965184,0.821186363697052
PINN20260517-KimLayered,10,666,physics,0.4773411452770233,0.06850913912057877,0.202539324760437,0.11426353454589844,0.07718267291784286,0.06557785719633102,0.1947460174560547,0.11480620503425598,0.16394494473934174,0.5930655598640442,7.910970452940091e-05,0.01587061583995819,1.1899965102202259e-07,0.5099707841873169,0.07206925004720688,0.008167535066604614,0.07358057796955109,425.66766357421875,546.9827270507812,1.3130845760498542,0.4305969774723053,0.00445861741900444,0.0008196084527298808,0.8210484981536865
PINN20260517-KimLayered,10,669,physics,0.4756665527820587,0.06822197139263153,0.2016182243824005,0.11419937014579773,0.07684355229139328,0.06526783108711243,0.19366368651390076,0.11465932428836823,0.16370165348052979,0.5930372476577759,7.83380601205863e-05,0.01541526336222887,1.1886800166394096e-07,0.5098277926445007,0.07203374803066254,0.00816721934825182,0.073487788438797,424.70379638671875,546.3140258789062,1.3113555277035174,0.43060073256492615,0.004444694146513939,0.0008166676270775497,0.8209446668624878
PINN20260517-KimLayered,10,673,physics,0.4742909371852875,0.06795243173837662,0.2011655867099762,0.1141008511185646,0.07666362822055817,0.0651107132434845,0.19243943691253662,0.11445342749357224,0.16339536011219025,0.5930376648902893,7.731896766927093e-05,0.014759776182472706,1.1858986681545503e-07,0.509656548500061,0.07199012488126755,0.008168049156665802,0.07337076961994171,423.7430725097656,545.598876953125,1.3105314874182825,0.43062105774879456,0.004426486324518919,0.000812818412669003,0.8208079934120178
PINN20260517-KimLayered,10,677,physics,0.472923219203949,0.06768983602523804,0.2006845623254776,0.11402355134487152,0.07649987190961838,0.06495308130979538,0.19109410047531128,0.11420480906963348,0.16309238970279694,0.5930725336074829,7.622726116096601e-05,0.014015870168805122,1.1836359448125222e-07,0.5095198750495911,0.07194701582193375,0.008170383051037788,0.07326305657625198,422.83819580078125,544.6805419921875,1.3097256786018467,0.430655300617218,0.004408472683280706,0.0008090193732641637,0.820674479007721
PINN20260517-KimLayered,10,681,physics,0.4715650975704193,0.06743602454662323,0.20019397139549255,0.11396479606628418,0.07634592056274414,0.06479064375162125,0.1895042210817337,0.11398091167211533,0.1627943366765976,0.5931121110916138,7.500431820517406e-05,0.013160193338990211,1.1822363887858955e-07,0.509402871131897,0.07190028578042984,0.008174043148756027,0.07315926998853683,421.95318603515625,543.653564453125,1.3081979249447566,0.4306967258453369,0.004390423651784658,0.0008052239427343011,0.8205427527427673
PINN20260517-KimLayered,10,684,physics,0.470546156167984,0.06724375486373901,0.19980628788471222,0.11390089243650436,0.0762367844581604,0.06466924399137497,0.18851006031036377,0.11380083858966827,0.16256724298000336,0.5931647419929504,7.405830547213554e-05,0.012491399422287941,1.1807394173501962e-07,0.5093250870704651,0.07186661660671234,0.00817776657640934,0.0730852261185646,421.3368835449219,542.7767333984375,1.3060312113479684,0.4307394325733185,0.004377085715532303,0.0008024107664823532,0.8204440474510193
PINN20260517-KimLayered,10,688,physics,0.46918612718582153,0.06699152290821075,0.1992938220500946,0.11381585150957108,0.0760917142033577,0.06450733542442322,0.18705877661705017,0.11355239152908325,0.16226357221603394,0.5932471752166748,7.273365190485492e-05,0.011588040739297867,1.1796115728657242e-07,0.5092135667800903,0.07182234525680542,0.00818377360701561,0.07298547029495239,420.494140625,541.683349609375,1.3050890936885626,0.43080565333366394,0.004359129350632429,0.0007986335549503565,0.8203104138374329
PINN20260517-KimLayered,10,692,physics,0.4678269028663635,0.06673799455165863,0.19879305362701416,0.11373410373926163,0.07594118267297745,0.06434490531682968,0.1855994015932083,0.11331431567668915,0.16195915639400482,0.5933301448822021,7.136291242204607e-05,0.010699388571083546,1.178566364501421e-07,0.509076714515686,0.07177799940109253,0.008190739899873734,0.07287953794002533,419.6099548339844,540.7224731445312,1.3040786432981022,0.4308786690235138,0.004341055639088154,0.0007948335842229426,0.8201724886894226
PINN20260517-KimLayered,10,695,physics,0.4668065905570984,0.06654570251703262,0.1984163522720337,0.11366235464811325,0.07582631707191467,0.06422442197799683,0.18459871411323547,0.11314453929662704,0.1617281287908554,0.5934068560600281,7.03451587469317e-05,0.010065548121929169,1.1770985963721614e-07,0.5089609622955322,0.07174690812826157,0.00819660909473896,0.07279792428016663,418.95458984375,540.014404296875,1.3025770429932504,0.4309408664703369,0.0043275924399495125,0.0007919969502836466,0.8200663328170776
PINN20260517-KimLayered,10,699,physics,0.4654434025287628,0.06629182398319244,0.19792604446411133,0.11356357485055923,0.07566969096660614,0.06406369805335999,0.18316255509853363,0.1129174754023552,0.1614198386669159,0.5935149192810059,6.897682760609314e-05,0.00925014540553093,1.1751153294881078e-07,0.5087896585464478,0.07170626521110535,0.008205105550587177,0.07268503308296204,418.0394287109375,539.15966796875,1.3009235999023927,0.431027889251709,0.004309574607759714,0.0007882058271206915,0.819921612739563
PINN20260517-KimLayered,10,703,physics,0.4640791714191437,0.06603331863880157,0.19743584096431732,0.11345890909433365,0.07551130652427673,0.06390199810266495,0.18186461925506592,0.11269302666187286,0.16111114621162415,0.5936249494552612,6.759545067325234e-05,0.00845507625490427,1.1728521087661647e-07,0.5086073279380798,0.07166561484336853,0.008214259520173073,0.07256892323493958,417.10430908203125,538.3193969726562,1.299569325722397,0.43111687898635864,0.004291551187634468,0.000784413714427501,0.8197745084762573
PINN20260517-KimLayered,10,707,physics,0.4627150893211365,0.06577660143375397,0.19694045186042786,0.11336880922317505,0.07535655051469803,0.06374043971300125,0.18044006824493408,0.1124868094921112,0.16080231964588165,0.5937492251396179,6.622228102060035e-05,0.007681442890316248,1.171669410382492e-07,0.5084307193756104,0.07162657380104065,0.008224079385399818,0.07245442271232605,416.1978454589844,537.3617553710938,1.2979374206768315,0.43121081590652466,0.004273679107427597,0.0007806498906575143,0.8196266293525696
PINN20260517-KimLayered,10,710,physics,0.46169614791870117,0.06558196246623993,0.19656166434288025,0.11329640448093414,0.07524281740188599,0.06361879408359528,0.17946016788482666,0.11236605048179626,0.16057731211185455,0.5938450694084167,6.517847941722721e-05,0.007109157275408506,1.1704837277193292e-07,0.5083024501800537,0.07159756124019623,0.00823178794234991,0.07236915081739426,415.5057678222656,536.6259155273438,1.2991714501231764,0.4312810003757477,0.004260146524757147,0.0007778102299198508,0.8195154666900635
PINN20260517-KimLayered,10,714,physics,0.46035271883010864,0.06532369554042816,0.19605840742588043,0.11320240050554276,0.07509230077266693,0.06345517188310623,0.17807796597480774,0.11235198378562927,0.16028250753879547,0.5939638614654541,6.379056867444888e-05,0.0063560823909938335,1.1692014822983765e-07,0.508133053779602,0.07155805081129074,0.008242445066571236,0.07225465774536133,414.5800476074219,535.592529296875,1.2986595638533058,0.43137386441230774,0.004242208786308765,0.0007740436703898013,0.8193665742874146
PINN20260517-KimLayered,10,718,physics,0.4589958190917969,0.06506408751010895,0.19555029273033142,0.11310641467571259,0.07494411617517471,0.06329236924648285,0.17672693729400635,0.11225009709596634,0.15998020768165588,0.5940843224525452,6.242591189220548e-05,0.0056325108744204044,1.168065182355349e-07,0.5079675316810608,0.07151976227760315,0.0082535520195961,0.0721406415104866,413.663818359375,534.4893798828125,1.296832295797959,0.4314686954021454,0.004224371165037155,0.0007702975999563932,0.8192166090011597
PINN20260517-KimLayered,10,721,physics,0.45791658759117126,0.06486751139163971,0.19517052173614502,0.11303716152906418,0.07483230531215668,0.06317053735256195,0.175724059343338,0.11170624196529388,0.1597256362438202,0.5941673517227173,6.143532664282247e-05,0.005110275931656361,1.167354781728136e-07,0.507840096950531,0.07149098813533783,0.008262134157121181,0.07205355912446976,412.9638366699219,533.6578369140625,1.2932513382087365,0.431540846824646,0.004211305174976587,0.000767535762861371,0.8191028833389282
PINN20260517-KimLayered,10,725,physics,0.45654696226119995,0.06460505723953247,0.19466763734817505,0.11294638365507126,0.07468252629041672,0.06300852447748184,0.1743505895137787,0.1115504801273346,0.15942738950252533,0.5942763090133667,6.0084978031227365e-05,0.004445700906217098,1.1665347443567953e-07,0.5076664090156555,0.07145349681377411,0.008273879066109657,0.0719357281923294,412.01666259765625,532.5570678710938,1.2935806639092948,0.4316336214542389,0.0041932906024158,0.0007637663511559367,0.8189498782157898
PINN20260517-KimLayered,10,729,physics,0.455159068107605,0.06433777511119843,0.1941632479429245,0.11284277588129044,0.07453156262636185,0.06284763664007187,0.17314448952674866,0.1112704873085022,0.15911978483200073,0.5943838357925415,5.877940566278994e-05,0.0038220766000449657,1.1645354192069135e-07,0.5074864029884338,0.07141715288162231,0.00828598067164421,0.0718156024813652,411.0556335449219,531.4489135742188,1.2910044215579648,0.4317275285720825,0.004175554495304823,0.000760040944442153,0.8187946677207947
PINN20260517-KimLayered,10,733,physics,0.4537692070007324,0.06407547742128372,0.19367247819900513,0.11275671422481537,0.07437916100025177,0.06268700957298279,0.1716507077217102,0.11101029813289642,0.158811554312706,0.5944860577583313,5.749634146923199e-05,0.0032355329021811485,1.1635706442802984e-07,0.5073007941246033,0.07138115167617798,0.008298389613628387,0.07169297337532043,410.0880126953125,530.3190307617188,1.288025318303144,0.4318211078643799,0.004157964140176773,0.0007563397521153092,0.8186372518539429
PINN20260517-KimLayered,10,736,physics,0.4527345299720764,0.06387490779161453,0.19329991936683655,0.11268402636051178,0.0742654949426651,0.06256730854511261,0.17065846920013428,0.11088849604129791,0.15858982503414154,0.5945691466331482,5.65344380447641e-05,0.0028227106668055058,1.1626703155798168e-07,0.5071609616279602,0.07135547697544098,0.00830790400505066,0.07160072773694992,409.3557434082031,529.4669189453125,1.2886657800590144,0.4318908751010895,0.004144582897424698,0.0007535372278653085,0.8185184001922607
PINN20260517-KimLayered,10,740,physics,0.45133495330810547,0.06360596418380737,0.1928066462278366,0.11258411407470703,0.0741128921508789,0.06240774691104889,0.16935576498508453,0.11059218645095825,0.1582828313112259,0.5946758985519409,5.528098699869588e-05,0.0023045572452247143,1.1615671269282757e-07,0.5069699883460999,0.07132119685411453,0.008320800960063934,0.07147560268640518,408.366455078125,528.3217163085938,1.285968103016779,0.43198415637016296,0.00412699906155467,0.0007498423219658434,0.8183580636978149
