method,run,epoch,stage,total_loss,data_thickness_group_loss,data_range_loss,data_rate_loss,data_uniformity_loss,data_ri_loss,data_stress_loss,phys_ht_loss,phys_maxmin_loss,phys_uniformity_def_loss,phys_mono_t_loss,phys_nonneg_h_loss,phys_nonneg_r_loss,phys_species_loss,phys_surface_loss,phys_profile_loss,phys_property_loss,phys_gas_loss,phys_flux_loss,phys_surface_pde_loss,phys_field_consistency_loss,phys_h_pde_loss,phys_rate_species_mono_loss,phys_axis_bc_loss,phys_inlet_bc_loss,train_thk_rmse,val_thk_rmse,val_score
PINN20260511,1,1,pretrain,45.50545883178711,14.285970687866211,2.264070987701416,7.423835277557373,1.537274718284607,0.0027385547291487455,5.696117401123047,0.0,0.0,0.0,0.0,0.0,0.0,0.0,0.0,0.0,0.0,0.0,0.0,0.0,0.0,0.0,0.0,0.0,0.0,5020.887770106,4132.198930351732,7742.079923471111
PINN20260511,1,3,pretrain,45.49378204345703,14.285097122192383,2.263775587081909,7.42318868637085,1.0980615615844727,0.002757155103608966,5.6843647956848145,0.0,0.0,0.0,0.0,0.0,0.0,0.0,0.0,0.0,0.0,0.0,0.0,0.0,0.0,0.0,0.0,0.0,0.0,5020.93019270334,4132.24733044865,7742.165315143401
PINN20260511,1,4,pretrain,45.49602127075195,14.28528881072998,2.2636756896972656,7.4233503341674805,1.1826175451278687,0.002766707679256797,5.677655220031738,0.0,0.0,0.0,0.0,0.0,0.0,0.0,0.0,0.0,0.0,0.0,0.0,0.0,0.0,0.0,0.0,0.0,0.0,5020.902110179007,4132.221436467315,7742.118853582523
PINN20260511,1,6,pretrain,45.48805236816406,14.284775733947754,2.263725996017456,7.4229912757873535,0.8630221486091614,0.0027768625877797604,5.675942420959473,0.0,0.0,0.0,0.0,0.0,0.0,0.0,0.0,0.0,0.0,0.0,0.0,0.0,0.0,0.0,0.0,0.0,0.0,5020.772251357354,4132.090270069133,7741.883584143633
PINN20260511,1,8,pretrain,45.4880485534668,14.284147262573242,2.2637431621551514,7.422554969787598,0.9613749980926514,0.0027907504700124264,5.674456596374512,0.0,0.0,0.0,0.0,0.0,0.0,0.0,0.0,0.0,0.0,0.0,0.0,0.0,0.0,0.0,0.0,0.0,0.0,5020.711702537798,4132.028799512414,7741.773088161168
PINN20260511,1,9,pretrain,45.485198974609375,14.284045219421387,2.263676881790161,7.422504425048828,0.8362208008766174,0.002800633665174246,5.671230316162109,0.0,0.0,0.0,0.0,0.0,0.0,0.0,0.0,0.0,0.0,0.0,0.0,0.0,0.0,0.0,0.0,0.0,0.0,5020.705129760161,4132.023475247933,7741.763267122407
PINN20260511,1,11,pretrain,45.48430252075195,14.283937454223633,2.263517379760742,7.422489166259766,0.8115631341934204,0.002823042916134,5.663951873779297,0.0,0.0,0.0,0.0,0.0,0.0,0.0,0.0,0.0,0.0,0.0,0.0,0.0,0.0,0.0,0.0,0.0,0.0,5020.654140647412,4131.972410362877,7741.671264436364
PINN20260511,1,13,pretrain,45.481163024902344,14.283388137817383,2.26348876953125,7.422138214111328,0.7412554621696472,0.0028467571828514338,5.660484790802002,0.0,0.0,0.0,0.0,0.0,0.0,0.0,0.0,0.0,0.0,0.0,0.0,0.0,0.0,0.0,0.0,0.0,0.0,5020.53084842629,4131.84486640048,7741.44223013266
PINN20260511,1,14,pretrain,45.48002243041992,14.28302001953125,2.2634997367858887,7.421888828277588,0.7417001724243164,0.00285911513492465,5.65953254699707,0.0,0.0,0.0,0.0,0.0,0.0,0.0,0.0,0.0,0.0,0.0,0.0,0.0,0.0,0.0,0.0,0.0,0.0,5020.471093433364,4131.784360297618,7741.333662601891
PINN20260511,1,16,pretrain,45.478614807128906,14.282402038574219,2.263451099395752,7.421491622924805,0.7692226767539978,0.002887042472139001,5.65607213973999,0.0,0.0,0.0,0.0,0.0,0.0,0.0,0.0,0.0,0.0,0.0,0.0,0.0,0.0,0.0,0.0,0.0,0.0,5020.38046367006,4131.6969879215485,7741.176338688199
PINN20260511,1,18,pretrain,45.47547912597656,14.281932830810547,2.26326847076416,7.421233654022217,0.6901333332061768,0.002921455539762974,5.649881839752197,0.0,0.0,0.0,0.0,0.0,0.0,0.0,0.0,0.0,0.0,0.0,0.0,0.0,0.0,0.0,0.0,0.0,0.0,5020.285051667883,4131.604288893117,7741.009090458305
PINN20260511,1,19,pretrain,45.4744758605957,14.281627655029297,2.2631587982177734,7.421069145202637,0.6898274421691895,0.002941194223240018,5.646570682525635,0.0,0.0,0.0,0.0,0.0,0.0,0.0,0.0,0.0,0.0,0.0,0.0,0.0,0.0,0.0,0.0,0.0,0.0,5020.2101549636345,4131.524658040903,7740.865643223718
PINN20260511,1,21,pretrain,45.47104263305664,14.280651092529297,2.2630186080932617,7.420493125915527,0.6741478443145752,0.002983481390401721,5.64181661605835,0.0,0.0,0.0,0.0,0.0,0.0,0.0,0.0,0.0,0.0,0.0,0.0,0.0,0.0,0.0,0.0,0.0,0.0,5019.997211154604,4131.289629159399,7740.444268181191
PINN20260511,1,23,pretrain,45.46711730957031,14.279268264770508,2.262918710708618,7.419653415679932,0.6959248781204224,0.0030349483713507652,5.638177394866943,0.0,0.0,0.0,0.0,0.0,0.0,0.0,0.0,0.0,0.0,0.0,0.0,0.0,0.0,0.0,0.0,0.0,0.0,5019.734654341801,4131.003025900611,7739.929804700422
PINN20260511,1,24,pretrain,45.464813232421875,14.278501510620117,2.2628118991851807,7.419194221496582,0.7033865451812744,0.0030677607282996178,5.635544776916504,0.0,0.0,0.0,0.0,0.0,0.0,0.0,0.0,0.0,0.0,0.0,0.0,0.0,0.0,0.0,0.0,0.0,0.0,5019.59022231895,4130.8485811029195,7739.652066509158
PINN20260511,1,26,pretrain,45.45819091796875,14.276762008666992,2.2623958587646484,7.418181896209717,0.653559684753418,0.0031549541745334864,5.62772274017334,0.0,0.0,0.0,0.0,0.0,0.0,0.0,0.0,0.0,0.0,0.0,0.0,0.0,0.0,0.0,0.0,0.0,0.0,5019.230419098131,4130.459780702386,7738.952542169419
PINN20260511,1,28,pretrain,45.44990539550781,14.274239540100098,2.2617716789245605,7.416732311248779,0.6476835012435913,0.00328107294626534,5.618143558502197,0.0,0.0,0.0,0.0,0.0,0.0,0.0,0.0,0.0,0.0,0.0,0.0,0.0,0.0,0.0,0.0,0.0,0.0,5018.666755224937,4129.813797255271,7737.791043707388
PINN20260511,1,29,pretrain,45.44403839111328,14.272453308105469,2.261432409286499,7.415685653686523,0.6413239240646362,0.0033621022012084723,5.613770961761475,0.0,0.0,0.0,0.0,0.0,0.0,0.0,0.0,0.0,0.0,0.0,0.0,0.0,0.0,0.0,0.0,0.0,0.0,5018.268227187543,4129.337961465494,7736.936599674917
PINN20260511,1,31,pretrain,45.427894592285156,14.267349243164062,2.260531187057495,7.412639141082764,0.6527612209320068,0.0035818172618746758,5.605408668518066,0.0,0.0,0.0,0.0,0.0,0.0,0.0,0.0,0.0,0.0,0.0,0.0,0.0,0.0,0.0,0.0,0.0,0.0,5017.131849971654,4127.94476707235,7734.433795996635
PINN20260511,1,33,pretrain,45.40198516845703,14.259186744689941,2.2587013244628906,7.407792091369629,0.6755208969116211,0.003937038592994213,5.595186710357666,0.0,0.0,0.0,0.0,0.0,0.0,0.0,0.0,0.0,0.0,0.0,0.0,0.0,0.0,0.0,0.0,0.0,0.0,5015.296402008559,4125.645646441294,7730.301641117702
PINN20260511,1,34,pretrain,45.38372802734375,14.25337028503418,2.2572107315063477,7.404363632202148,0.707137405872345,0.004192913882434368,5.590188026428223,0.0,0.0,0.0,0.0,0.0,0.0,0.0,0.0,0.0,0.0,0.0,0.0,0.0,0.0,0.0,0.0,0.0,0.0,5013.985440744717,4123.973811750021,7727.29587601641
PINN20260511,1,36,pretrain,45.33047866821289,14.236488342285156,2.2526583671569824,7.3944196701049805,0.789976179599762,0.004920761566609144,5.5880351066589355,0.0,0.0,0.0,0.0,0.0,0.0,0.0,0.0,0.0,0.0,0.0,0.0,0.0,0.0,0.0,0.0,0.0,0.0,5010.160077282961,4119.065185208897,7718.462928059033
PINN20260511,1,38,pretrain,45.24251174926758,14.208632469177246,2.2446465492248535,7.378486633300781,0.9298134446144104,0.006035725120455027,5.612927436828613,0.0,0.0,0.0,0.0,0.0,0.0,0.0,0.0,0.0,0.0,0.0,0.0,0.0,0.0,0.0,0.0,0.0,0.0,5003.787165737567,4111.088420357801,7704.0879973503115
PINN20260511,1,39,pretrain,45.17698287963867,14.1882963180542,2.2389185428619385,7.367431640625,0.9573777318000793,0.006780899595469236,5.642787933349609,0.0,0.0,0.0,0.0,0.0,0.0,0.0,0.0,0.0,0.0,0.0,0.0,0.0,0.0,0.0,0.0,0.0,0.0,4999.1413262679425,4105.475124757182,7693.958694506875
PINN20260511,1,41,pretrain,44.97956848144531,14.127799987792969,2.226349353790283,7.337125778198242,0.7784699201583862,0.008626719005405903,5.754210472106934,0.0,0.0,0.0,0.0,0.0,0.0,0.0,0.0,0.0,0.0,0.0,0.0,0.0,0.0,0.0,0.0,0.0,0.0,4985.300392152914,4089.5553548032576,7665.182775504381
PINN20260511,1,43,pretrain,44.6513786315918,14.02480697631836,2.2084386348724365,7.292842864990234,0.7086389064788818,0.010696583427488804,5.970479488372803,0.0,0.0,0.0,0.0,0.0,0.0,0.0,0.0,0.0,0.0,0.0,0.0,0.0,0.0,0.0,0.0,0.0,0.0,4961.3076905187,4063.7349815163884,7618.41840238661
PINN20260511,1,44,pretrain,44.405303955078125,13.947216987609863,2.183732748031616,7.263972282409668,0.9495996236801147,0.011692292988300323,6.132367134094238,0.0,0.0,0.0,0.0,0.0,0.0,0.0,0.0,0.0,0.0,0.0,0.0,0.0,0.0,0.0,0.0,0.0,0.0,4942.875478909013,4044.6844129054125,7583.936247449302
PINN20260511,1,46,pretrain,43.624446868896484,13.702330589294434,2.117889404296875,7.188187122344971,1.043615698814392,0.013456210494041443,6.6015400886535645,0.0,0.0,0.0,0.0,0.0,0.0,0.0,0.0,0.0,0.0,0.0,0.0,0.0,0.0,0.0,0.0,0.0,0.0,4883.239293747542,3983.40946928633,7472.93075729164
PINN20260511,1,48,pretrain,42.18613052368164,13.250114440917969,1.9471633434295654,7.076760768890381,2.3426170349121094,0.014598185196518898,7.402688026428223,0.0,0.0,0.0,0.0,0.0,0.0,0.0,0.0,0.0,0.0,0.0,0.0,0.0,0.0,0.0,0.0,0.0,0.0,4777.195411535936,3858.448522398608,7246.748276125093
PINN20260511,1,49,pretrain,41.166595458984375,12.92741584777832,1.8873533010482788,6.999903202056885,2.0343000888824463,0.014861365780234337,8.016287803649902,0.0,0.0,0.0,0.0,0.0,0.0,0.0,0.0,0.0,0.0,0.0,0.0,0.0,0.0,0.0,0.0,0.0,0.0,4718.965140790934,3750.539561183164,7053.880190237177
PINN20260511,1,51,pretrain,39.91604232788086,12.469995498657227,2.180311918258667,6.772700309753418,3.0678482055664062,0.014993477612733841,9.776809692382812,0.0,0.0,0.0,0.0,0.0,0.0,0.0,0.0,0.0,0.0,0.0,0.0,0.0,0.0,0.0,0.0,0.0,0.0,4680.789890606072,3431.3345800140214,6476.996877774614
PINN20260511,1,53,pretrain,38.95984649658203,12.253807067871094,1.7174944877624512,6.475212097167969,2.231712818145752,0.014906762167811394,11.692837715148926,0.0,0.0,0.0,0.0,0.0,0.0,0.0,0.0,0.0,0.0,0.0,0.0,0.0,0.0,0.0,0.0,0.0,0.0,4565.058159541892,3133.22724997725,5949.280495593976
PINN20260511,1,54,pretrain,37.731990814208984,11.837664604187012,1.784530520439148,6.328953742980957,3.047210216522217,0.014843356795608997,12.353934288024902,0.0,0.0,0.0,0.0,0.0,0.0,0.0,0.0,0.0,0.0,0.0,0.0,0.0,0.0,0.0,0.0,0.0,0.0,4454.75700796351,3022.1369922622634,5749.67991633423
PINN20260511,1,56,pretrain,33.797813415527344,10.64283561706543,1.1910452842712402,6.058387279510498,3.1053340435028076,0.01470656506717205,13.088132858276367,0.0,0.0,0.0,0.0,0.0,0.0,0.0,0.0,0.0,0.0,0.0,0.0,0.0,0.0,0.0,0.0,0.0,0.0,4222.831040901352,2876.4876151306476,5497.0887169664575
PINN20260511,1,58,pretrain,30.915088653564453,9.668684005737305,1.2961795330047607,5.757528305053711,5.4719672203063965,0.014510607346892357,13.917672157287598,0.0,0.0,0.0,0.0,0.0,0.0,0.0,0.0,0.0,0.0,0.0,0.0,0.0,0.0,0.0,0.0,0.0,0.0,4049.721595369242,2844.363637090026,5430.345886329804
PINN20260511,1,59,pretrain,29.58837127685547,9.296011924743652,1.0448709726333618,5.566617488861084,3.228874444961548,0.014375242404639721,14.606087684631348,0.0,0.0,0.0,0.0,0.0,0.0,0.0,0.0,0.0,0.0,0.0,0.0,0.0,0.0,0.0,0.0,0.0,0.0,3977.017349723282,2937.0297921539714,5593.823289326336
PINN20260511,1,61,pretrain,27.78044891357422,8.727496147155762,1.0205371379852295,5.057997226715088,3.80470609664917,0.01406613178551197,16.448436737060547,0.0,0.0,0.0,0.0,0.0,0.0,0.0,0.0,0.0,0.0,0.0,0.0,0.0,0.0,0.0,0.0,0.0,0.0,3874.030459353669,3314.330249085024,6242.297589761402
PINN20260511,1,63,pretrain,26.50881576538086,8.131677627563477,0.44642800092697144,4.522913455963135,49.299346923828125,0.01385672576725483,17.72848892211914,0.0,0.0,0.0,0.0,0.0,0.0,0.0,0.0,0.0,0.0,0.0,0.0,0.0,0.0,0.0,0.0,0.0,0.0,3711.5262359304425,3318.2857019852886,6238.7022427315715
PINN20260511,1,64,pretrain,24.970375061035156,7.815845489501953,0.5406930446624756,4.301097393035889,19.613662719726562,0.013819808140397072,18.13836097717285,0.0,0.0,0.0,0.0,0.0,0.0,0.0,0.0,0.0,0.0,0.0,0.0,0.0,0.0,0.0,0.0,0.0,0.0,3610.2968022033865,3204.3047607866515,6029.019862427012
PINN20260511,1,66,pretrain,21.90020751953125,6.904635906219482,0.4048921465873718,3.881085157394409,10.381877899169922,0.013767058961093426,18.8736629486084,0.0,0.0,0.0,0.0,0.0,0.0,0.0,0.0,0.0,0.0,0.0,0.0,0.0,0.0,0.0,0.0,0.0,0.0,3347.659032816813,2798.0997123047637,5317.9902435118975
PINN20260511,1,68,pretrain,18.484455108642578,5.788755416870117,0.6918059587478638,3.340275526046753,5.211524963378906,0.013703501783311367,20.61396026611328,0.0,0.0,0.0,0.0,0.0,0.0,0.0,0.0,0.0,0.0,0.0,0.0,0.0,0.0,0.0,0.0,0.0,0.0,3013.146860011971,2518.8435838693913,4806.7587338283565
PINN20260511,1,69,pretrain,16.397733688354492,5.154654502868652,0.4541116952896118,2.9834556579589844,5.501184940338135,0.013665080070495605,22.03232192993164,0.0,0.0,0.0,0.0,0.0,0.0,0.0,0.0,0.0,0.0,0.0,0.0,0.0,0.0,0.0,0.0,0.0,0.0,2799.65587170995,2453.730119634187,4674.026580337893
PINN20260511,1,71,pretrain,11.863565444946289,3.7045955657958984,0.34370937943458557,2.1009883880615234,7.886300563812256,0.013564280234277248,26.329843521118164,0.0,0.0,0.0,0.0,0.0,0.0,0.0,0.0,0.0,0.0,0.0,0.0,0.0,0.0,0.0,0.0,0.0,0.0,2304.9035771589233,2450.2493750636895,4636.766430991111
PINN20260511,1,73,pretrain,7.773102283477783,2.4260616302490234,0.33413079380989075,1.357877254486084,2.8138222694396973,0.013461682945489883,31.932865142822266,0.0,0.0,0.0,0.0,0.0,0.0,0.0,0.0,0.0,0.0,0.0,0.0,0.0,0.0,0.0,0.0,0.0,0.0,1837.0381732560704,2235.4669534573754,4246.990445117481
PINN20260511,1,74,pretrain,6.310793876647949,1.911473274230957,0.5991833209991455,1.1614866256713867,2.2242510318756104,0.013425643555819988,34.156612396240234,0.0,0.0,0.0,0.0,0.0,0.0,0.0,0.0,0.0,0.0,0.0,0.0,0.0,0.0,0.0,0.0,0.0,0.0,1633.873847639407,1957.2366361786712,3746.716120394451
PINN20260511,1,76,pretrain,4.273472785949707,1.24051034450531,0.6264421343803406,0.9971528053283691,1.9645216464996338,0.01337725855410099,36.695682525634766,0.0,0.0,0.0,0.0,0.0,0.0,0.0,0.0,0.0,0.0,0.0,0.0,0.0,0.0,0.0,0.0,0.0,0.0,1374.0297030996092,1355.3048550049543,2655.320084088623
PINN20260511,1,78,pretrain,3.71097731590271,1.0354169607162476,0.7479629516601562,0.8695979118347168,2.8412747383117676,0.013358225114643574,36.220279693603516,0.0,0.0,0.0,0.0,0.0,0.0,0.0,0.0,0.0,0.0,0.0,0.0,0.0,0.0,0.0,0.0,0.0,0.0,1372.8739927611712,1179.7464770025804,2361.0642075512324
PINN20260511,1,79,pretrain,3.741478204727173,1.0688585042953491,0.6608477234840393,0.8338646292686462,1.8853039741516113,0.01334763877093792,35.937625885009766,0.0,0.0,0.0,0.0,0.0,0.0,0.0,0.0,0.0,0.0,0.0,0.0,0.0,0.0,0.0,0.0,0.0,0.0,1374.1772993322222,1241.7254124805531,2469.944274443932
PINN20260511,1,81,pretrain,3.7257890701293945,1.0766708850860596,0.5937139391899109,0.8583526015281677,1.362450122833252,0.013303599320352077,36.9426155090332,0.0,0.0,0.0,0.0,0.0,0.0,0.0,0.0,0.0,0.0,0.0,0.0,0.0,0.0,0.0,0.0,0.0,0.0,1394.1191215244125,1373.2518887662234,2674.686044946609
PINN20260511,1,83,pretrain,3.5345816612243652,1.0467981100082397,0.4229069650173187,0.764549732208252,1.4912033081054688,0.013274304568767548,36.00299835205078,0.0,0.0,0.0,0.0,0.0,0.0,0.0,0.0,0.0,0.0,0.0,0.0,0.0,0.0,0.0,0.0,0.0,0.0,1337.5195325676557,1333.197706643692,2620.9209637477284
PINN20260511,1,84,pretrain,3.3566014766693115,1.0073003768920898,0.34715408086776733,0.6574665904045105,1.4814934730529785,0.013268837705254555,34.769081115722656,0.0,0.0,0.0,0.0,0.0,0.0,0.0,0.0,0.0,0.0,0.0,0.0,0.0,0.0,0.0,0.0,0.0,0.0,1292.0347808785955,1302.775690592974,2573.644714816322
PINN20260511,1,86,pretrain,2.8619441986083984,0.8606574535369873,0.2624635100364685,0.5549149513244629,1.8878588676452637,0.013237484730780125,34.22673416137695,0.0,0.0,0.0,0.0,0.0,0.0,0.0,0.0,0.0,0.0,0.0,0.0,0.0,0.0,0.0,0.0,0.0,0.0,1176.2310572332292,1225.0424482441415,2415.142688282784
PINN20260511,1,88,pretrain,2.3710405826568604,0.7080913782119751,0.23368066549301147,0.46532711386680603,1.8430194854736328,0.013199903070926666,34.199012756347656,0.0,0.0,0.0,0.0,0.0,0.0,0.0,0.0,0.0,0.0,0.0,0.0,0.0,0.0,0.0,0.0,0.0,0.0,1063.9648725404425,1106.282061682282,2232.5235286871007
PINN20260511,1,89,pretrain,2.175874710083008,0.6390389800071716,0.2951259911060333,0.39638790488243103,1.5958664417266846,0.013188338838517666,33.52226257324219,0.0,0.0,0.0,0.0,0.0,0.0,0.0,0.0,0.0,0.0,0.0,0.0,0.0,0.0,0.0,0.0,0.0,0.0,1028.699300087251,1054.125881951487,2149.9883293643406
PINN20260511,1,91,pretrain,1.9027602672576904,0.5670320987701416,0.2158374935388565,0.3313574194908142,1.3736872673034668,0.013153300620615482,32.561920166015625,0.0,0.0,0.0,0.0,0.0,0.0,0.0,0.0,0.0,0.0,0.0,0.0,0.0,0.0,0.0,0.0,0.0,0.0,965.1878055591046,1036.6990281658414,2104.531011464471
PINN20260511,1,93,pretrain,1.7507812976837158,0.5199483633041382,0.21684274077415466,0.2958919107913971,1.1668285131454468,0.013093165121972561,33.25927734375,0.0,0.0,0.0,0.0,0.0,0.0,0.0,0.0,0.0,0.0,0.0,0.0,0.0,0.0,0.0,0.0,0.0,0.0,928.2901620721831,1013.4578185598057,2081.318804552794
PINN20260511,1,94,pretrain,1.6728038787841797,0.49135398864746094,0.24015100300312042,0.2721382677555084,1.2119426727294922,0.013072120025753975,32.66661071777344,0.0,0.0,0.0,0.0,0.0,0.0,0.0,0.0,0.0,0.0,0.0,0.0,0.0,0.0,0.0,0.0,0.0,0.0,919.6742629866294,973.1757292493479,2015.1261460362193
PINN20260511,1,96,pretrain,1.5518825054168701,0.4570176601409912,0.22271579504013062,0.2392294555902481,1.0812885761260986,0.013020777143537998,32.35688018798828,0.0,0.0,0.0,0.0,0.0,0.0,0.0,0.0,0.0,0.0,0.0,0.0,0.0,0.0,0.0,0.0,0.0,0.0,871.810114073013,994.1413066058567,2043.0763359725665
PINN20260511,1,98,pretrain,1.3452600240707397,0.39642471075057983,0.1930723488330841,0.20051389932632446,0.9673545360565186,0.012976218946278095,32.45030212402344,0.0,0.0,0.0,0.0,0.0,0.0,0.0,0.0,0.0,0.0,0.0,0.0,0.0,0.0,0.0,0.0,0.0,0.0,792.9661878037424,896.7935241737644,1873.3475219833972
PINN20260511,1,99,pretrain,1.2491294145584106,0.36103641986846924,0.2179231196641922,0.18046313524246216,1.0482968091964722,0.012956316582858562,32.33925247192383,0.0,0.0,0.0,0.0,0.0,0.0,0.0,0.0,0.0,0.0,0.0,0.0,0.0,0.0,0.0,0.0,0.0,0.0,757.2280865102667,865.9908342471068,1819.383444056004
PINN20260511,1,101,pretrain,1.0507341623306274,0.2978644371032715,0.21147795021533966,0.14874333143234253,1.0826590061187744,0.012911028228700161,32.777103424072266,0.0,0.0,0.0,0.0,0.0,0.0,0.0,0.0,0.0,0.0,0.0,0.0,0.0,0.0,0.0,0.0,0.0,0.0,693.459894298149,836.0463877680472,1765.5926753269937
PINN20260511,1,103,pretrain,0.8836962580680847,0.25015684962272644,0.17294643819332123,0.1315412074327469,1.0222132205963135,0.012861896306276321,32.89791488647461,0.0,0.0,0.0,0.0,0.0,0.0,0.0,0.0,0.0,0.0,0.0,0.0,0.0,0.0,0.0,0.0,0.0,0.0,643.5573498142959,736.9206198770665,1600.467242016108
PINN20260511,1,104,pretrain,0.8463864326477051,0.2383677214384079,0.17498134076595306,0.11308331042528152,1.0587948560714722,0.012843979522585869,32.365806579589844,0.0,0.0,0.0,0.0,0.0,0.0,0.0,0.0,0.0,0.0,0.0,0.0,0.0,0.0,0.0,0.0,0.0,0.0,619.768832912724,729.0847430168869,1585.9101025278285
PINN20260511,1,106,pretrain,0.7761988639831543,0.21456535160541534,0.17348265647888184,0.1338835209608078,0.9492374062538147,0.01279106829315424,33.49043273925781,0.0,0.0,0.0,0.0,0.0,0.0,0.0,0.0,0.0,0.0,0.0,0.0,0.0,0.0,0.0,0.0,0.0,0.0,595.6889393802776,752.6969841842067,1609.009434938292
PINN20260511,1,108,pretrain,0.7186314463615417,0.1976870596408844,0.1810038685798645,0.090096116065979,0.8524554967880249,0.012766627594828606,32.666141510009766,0.0,0.0,0.0,0.0,0.0,0.0,0.0,0.0,0.0,0.0,0.0,0.0,0.0,0.0,0.0,0.0,0.0,0.0,579.4817458298406,674.0862101764136,1500.1294301696125
PINN20260511,1,109,pretrain,0.7066385746002197,0.1950233280658722,0.17703306674957275,0.08416963368654251,0.8109076023101807,0.012748162262141705,32.59988784790039,0.0,0.0,0.0,0.0,0.0,0.0,0.0,0.0,0.0,0.0,0.0,0.0,0.0,0.0,0.0,0.0,0.0,0.0,544.4888371215703,702.0934544275427,1529.8342555860968
PINN20260511,1,111,pretrain,0.6496047377586365,0.17438989877700806,0.17088323831558228,0.12411574274301529,0.8085126876831055,0.01269383542239666,33.88460159301758,0.0,0.0,0.0,0.0,0.0,0.0,0.0,0.0,0.0,0.0,0.0,0.0,0.0,0.0,0.0,0.0,0.0,0.0,532.7855748328777,721.0443814357061,1564.8444487976856
PINN20260511,1,113,pretrain,0.5842462182044983,0.15655499696731567,0.1702422946691513,0.07422352582216263,0.7307664155960083,0.012670589610934258,32.91587448120117,0.0,0.0,0.0,0.0,0.0,0.0,0.0,0.0,0.0,0.0,0.0,0.0,0.0,0.0,0.0,0.0,0.0,0.0,504.2513324226323,683.6490099093247,1505.5069975183974
PINN20260511,1,114,pretrain,0.5641443729400635,0.1468948870897293,0.1859581619501114,0.07836929708719254,0.7403372526168823,0.012655114755034447,33.08572769165039,0.0,0.0,0.0,0.0,0.0,0.0,0.0,0.0,0.0,0.0,0.0,0.0,0.0,0.0,0.0,0.0,0.0,0.0,504.86243485230705,714.6836494211967,1554.5123333014901
PINN20260511,1,116,pretrain,0.5416510701179504,0.14052489399909973,0.17966988682746887,0.0747050791978836,0.7650209665298462,0.012626311741769314,33.054359436035156,0.0,0.0,0.0,0.0,0.0,0.0,0.0,0.0,0.0,0.0,0.0,0.0,0.0,0.0,0.0,0.0,0.0,0.0,489.04743187650007,684.9682702505278,1518.0121189699355
PINN20260511,1,118,pretrain,0.5404863357543945,0.13696345686912537,0.19735194742679596,0.07974062860012054,0.7485939264297485,0.012591728009283543,33.132965087890625,0.0,0.0,0.0,0.0,0.0,0.0,0.0,0.0,0.0,0.0,0.0,0.0,0.0,0.0,0.0,0.0,0.0,0.0,491.60580308312063,742.3877019455535,1598.3830202439271
PINN20260511,1,119,pretrain,0.5366155505180359,0.13748274743556976,0.185543492436409,0.0860130563378334,0.7096478939056396,0.012576458044350147,33.26675796508789,0.0,0.0,0.0,0.0,0.0,0.0,0.0,0.0,0.0,0.0,0.0,0.0,0.0,0.0,0.0,0.0,0.0,0.0,477.9686509071489,720.7311391913076,1572.5151401319706
PINN20260511,1,121,pretrain,0.5083661079406738,0.13348983228206635,0.16288639605045319,0.06533551961183548,0.6693159937858582,0.012559819035232067,32.678184509277344,0.0,0.0,0.0,0.0,0.0,0.0,0.0,0.0,0.0,0.0,0.0,0.0,0.0,0.0,0.0,0.0,0.0,0.0,465.9828155361526,695.9334783224615,1531.1329052307551
PINN20260511,1,123,pretrain,0.4791664779186249,0.123850017786026,0.15647493302822113,0.08557875454425812,0.6131609678268433,0.012525398284196854,33.33487319946289,0.0,0.0,0.0,0.0,0.0,0.0,0.0,0.0,0.0,0.0,0.0,0.0,0.0,0.0,0.0,0.0,0.0,0.0,451.1219693719205,707.6928624057191,1550.0262331849494
PINN20260511,1,124,pretrain,0.46517300605773926,0.11776508390903473,0.16662955284118652,0.07426458597183228,0.6855027675628662,0.012514174915850163,33.14274215698242,0.0,0.0,0.0,0.0,0.0,0.0,0.0,0.0,0.0,0.0,0.0,0.0,0.0,0.0,0.0,0.0,0.0,0.0,447.122431499472,688.7139282750131,1521.2105826323161
PINN20260511,1,126,pretrain,0.4587191343307495,0.11115515232086182,0.19248665869235992,0.07771114259958267,0.6734053492546082,0.012487475760281086,33.284759521484375,0.0,0.0,0.0,0.0,0.0,0.0,0.0,0.0,0.0,0.0,0.0,0.0,0.0,0.0,0.0,0.0,0.0,0.0,445.0923183733909,725.3692594120597,1562.7766515194612
PINN20260511,1,128,pretrain,0.42834988236427307,0.10714727640151978,0.15635895729064941,0.0791381299495697,0.6450474262237549,0.01246643252670765,33.42817687988281,0.0,0.0,0.0,0.0,0.0,0.0,0.0,0.0,0.0,0.0,0.0,0.0,0.0,0.0,0.0,0.0,0.0,0.0,432.53961162534006,679.5728667700029,1505.3916137089107
PINN20260511,1,129,pretrain,0.43140026926994324,0.10902848839759827,0.15858589112758636,0.06143565475940704,0.6367361545562744,0.012461281381547451,32.95192337036133,0.0,0.0,0.0,0.0,0.0,0.0,0.0,0.0,0.0,0.0,0.0,0.0,0.0,0.0,0.0,0.0,0.0,0.0,425.12542266959287,678.7048557731115,1498.2509729302221
PINN20260511,1,131,pretrain,0.4080013036727905,0.10145904868841171,0.15202027559280396,0.07637378573417664,0.6169627904891968,0.01243267860263586,33.48033905029297,0.0,0.0,0.0,0.0,0.0,0.0,0.0,0.0,0.0,0.0,0.0,0.0,0.0,0.0,0.0,0.0,0.0,0.0,414.470878802118,685.2118741673994,1506.4855654899152
PINN20260511,1,133,pretrain,0.38644930720329285,0.09556455910205841,0.15201514959335327,0.055487919598817825,0.6325236558914185,0.012418913654983044,33.07133865356445,0.0,0.0,0.0,0.0,0.0,0.0,0.0,0.0,0.0,0.0,0.0,0.0,0.0,0.0,0.0,0.0,0.0,0.0,399.435343641496,652.5654181765993,1449.5603026113527
PINN20260511,1,134,pretrain,0.3899904489517212,0.09203033149242401,0.17718291282653809,0.054883621633052826,0.7165640592575073,0.012408928945660591,33.11709213256836,0.0,0.0,0.0,0.0,0.0,0.0,0.0,0.0,0.0,0.0,0.0,0.0,0.0,0.0,0.0,0.0,0.0,0.0,395.18607168016433,650.3530051056887,1443.383994154635
PINN20260511,1,136,pretrain,0.3582742214202881,0.08762402832508087,0.14449599385261536,0.05465494468808174,0.6111574172973633,0.012389874085783958,33.31758117675781,0.0,0.0,0.0,0.0,0.0,0.0,0.0,0.0,0.0,0.0,0.0,0.0,0.0,0.0,0.0,0.0,0.0,0.0,384.5665782735156,625.5721381263714,1413.511966394306
PINN20260511,1,138,pretrain,0.3444850444793701,0.08378720283508301,0.14425496757030487,0.045396920293569565,0.5958266854286194,0.012372697703540325,33.15086364746094,0.0,0.0,0.0,0.0,0.0,0.0,0.0,0.0,0.0,0.0,0.0,0.0,0.0,0.0,0.0,0.0,0.0,0.0,377.2346335505265,619.9801660133976,1397.4771695313163
PINN20260511,1,139,pretrain,0.337634414434433,0.081606924533844,0.14315369725227356,0.047464724630117416,0.5871936678886414,0.012362332083284855,33.31404113769531,0.0,0.0,0.0,0.0,0.0,0.0,0.0,0.0,0.0,0.0,0.0,0.0,0.0,0.0,0.0,0.0,0.0,0.0,369.6501724603953,605.3106124131643,1378.964921502789
PINN20260511,1,141,pretrain,0.32044798135757446,0.07694457471370697,0.13995908200740814,0.04061352089047432,0.5756011009216309,0.012349643744528294,33.181766510009766,0.0,0.0,0.0,0.0,0.0,0.0,0.0,0.0,0.0,0.0,0.0,0.0,0.0,0.0,0.0,0.0,0.0,0.0,359.14626416336284,595.685791756023,1356.1615123993593
PINN20260511,1,143,pretrain,0.3038260340690613,0.07177750766277313,0.13791054487228394,0.04096869006752968,0.5672246813774109,0.012333185411989689,33.26829147338867,0.0,0.0,0.0,0.0,0.0,0.0,0.0,0.0,0.0,0.0,0.0,0.0,0.0,0.0,0.0,0.0,0.0,0.0,345.69827433037614,577.1396873807935,1333.4109192517358
PINN20260511,1,144,pretrain,0.301547110080719,0.06978117674589157,0.14566072821617126,0.036872781813144684,0.5999348759651184,0.012327112257480621,33.15125274658203,0.0,0.0,0.0,0.0,0.0,0.0,0.0,0.0,0.0,0.0,0.0,0.0,0.0,0.0,0.0,0.0,0.0,0.0,340.0951613151825,576.3692663995887,1328.0082420193683
PINN20260511,1,146,pretrain,0.2832441031932831,0.06458438187837601,0.14078736305236816,0.03914207965135574,0.5634427070617676,0.012312015518546104,33.22636413574219,0.0,0.0,0.0,0.0,0.0,0.0,0.0,0.0,0.0,0.0,0.0,0.0,0.0,0.0,0.0,0.0,0.0,0.0,327.5755518769678,566.0201244213848,1313.7042755647974
PINN20260511,1,148,pretrain,0.2649970054626465,0.059920940548181534,0.13455304503440857,0.034731607884168625,0.550566554069519,0.012301189824938774,33.10426330566406,0.0,0.0,0.0,0.0,0.0,0.0,0.0,0.0,0.0,0.0,0.0,0.0,0.0,0.0,0.0,0.0,0.0,0.0,316.6052599452511,565.0039822868508,1304.853482631862
PINN20260511,1,149,pretrain,0.2639172077178955,0.05739981681108475,0.14642618596553802,0.03630200773477554,0.5622115135192871,0.012293386273086071,33.1429328918457,0.0,0.0,0.0,0.0,0.0,0.0,0.0,0.0,0.0,0.0,0.0,0.0,0.0,0.0,0.0,0.0,0.0,0.0,308.3781921196763,556.7044772588056,1295.1654940304413
PINN20260511,1,151,pretrain,0.24765683710575104,0.05321452394127846,0.1412617266178131,0.029192663729190826,0.5771937370300293,0.01228384394198656,32.92826461791992,0.0,0.0,0.0,0.0,0.0,0.0,0.0,0.0,0.0,0.0,0.0,0.0,0.0,0.0,0.0,0.0,0.0,0.0,294.215402596465,545.0704369620499,1277.2451838318461
PINN20260511,1,153,pretrain,0.23050686717033386,0.04809487611055374,0.13868047297000885,0.02966286614537239,0.5474714636802673,0.012272532097995281,32.90932083129883,0.0,0.0,0.0,0.0,0.0,0.0,0.0,0.0,0.0,0.0,0.0,0.0,0.0,0.0,0.0,0.0,0.0,0.0,279.6281710817063,530.8168528315581,1257.0938724006485
PINN20260511,1,154,pretrain,0.21911102533340454,0.0460113063454628,0.1303272396326065,0.025415925309062004,0.5415151119232178,0.012269322760403156,32.75789260864258,0.0,0.0,0.0,0.0,0.0,0.0,0.0,0.0,0.0,0.0,0.0,0.0,0.0,0.0,0.0,0.0,0.0,0.0,272.55892424850083,525.3027995832499,1248.2259033930864
PINN20260511,1,156,pretrain,0.2068326622247696,0.041497744619846344,0.1332348734140396,0.02406764030456543,0.5454236268997192,0.012258394621312618,32.6747932434082,0.0,0.0,0.0,0.0,0.0,0.0,0.0,0.0,0.0,0.0,0.0,0.0,0.0,0.0,0.0,0.0,0.0,0.0,258.07932404592196,512.0970061912099,1228.0603613386938
PINN20260511,1,158,pretrain,0.18925563991069794,0.037296541035175323,0.12567681074142456,0.019783155992627144,0.5285484790802002,0.012251453474164009,32.48405838012695,0.0,0.0,0.0,0.0,0.0,0.0,0.0,0.0,0.0,0.0,0.0,0.0,0.0,0.0,0.0,0.0,0.0,0.0,246.55553697392398,502.41127948126325,1209.0837885738
PINN20260511,1,159,pretrain,0.1845150738954544,0.03523360192775726,0.12832218408584595,0.01998547837138176,0.5328035354614258,0.012246515601873398,32.47395706176758,0.0,0.0,0.0,0.0,0.0,0.0,0.0,0.0,0.0,0.0,0.0,0.0,0.0,0.0,0.0,0.0,0.0,0.0,237.0102598649476,492.04342732628794,1197.094438894289
PINN20260511,1,161,pretrain,0.16865174472332,0.03147426247596741,0.12121988832950592,0.016853725537657738,0.5124139189720154,0.012238947674632072,32.308265686035156,0.0,0.0,0.0,0.0,0.0,0.0,0.0,0.0,0.0,0.0,0.0,0.0,0.0,0.0,0.0,0.0,0.0,0.0,226.1993209815184,480.05453791730787,1174.517120056536
PINN20260511,1,163,pretrain,0.15854844450950623,0.02831694856286049,0.12102410197257996,0.014464215375483036,0.5096352100372314,0.012232723645865917,32.14310836791992,0.0,0.0,0.0,0.0,0.0,0.0,0.0,0.0,0.0,0.0,0.0,0.0,0.0,0.0,0.0,0.0,0.0,0.0,213.6615496819678,462.2475155422688,1147.2796273317633
PINN20260511,1,164,pretrain,0.15152142941951752,0.02663072943687439,0.11722428351640701,0.014876466244459152,0.502090334892273,0.012228172272443771,32.16080856323242,0.0,0.0,0.0,0.0,0.0,0.0,0.0,0.0,0.0,0.0,0.0,0.0,0.0,0.0,0.0,0.0,0.0,0.0,206.98896973933176,451.960935811935,1131.3081457121116
PINN20260511,1,166,pretrain,0.14386528730392456,0.02417895570397377,0.117888905107975,0.012345378287136555,0.49574413895606995,0.012222162447869778,31.972869873046875,0.0,0.0,0.0,0.0,0.0,0.0,0.0,0.0,0.0,0.0,0.0,0.0,0.0,0.0,0.0,0.0,0.0,0.0,199.82318355861514,432.85835948379236,1100.222355793869
PINN20260511,1,168,pretrain,0.1345599889755249,0.02204078435897827,0.11300770193338394,0.01126937661319971,0.4839954376220703,0.01221617590636015,31.840797424316406,0.0,0.0,0.0,0.0,0.0,0.0,0.0,0.0,0.0,0.0,0.0,0.0,0.0,0.0,0.0,0.0,0.0,0.0,188.2952095447465,410.2781830660753,1067.9778343889802
PINN20260511,1,170,pretrain,0.12824076414108276,0.020311400294303894,0.1110289916396141,0.011146705597639084,0.47813624143600464,0.012209419161081314,31.782968521118164,0.0,0.0,0.0,0.0,0.0,0.0,0.0,0.0,0.0,0.0,0.0,0.0,0.0,0.0,0.0,0.0,0.0,0.0,179.23234745714848,390.3821645195897,1040.4064626778988
PINN20260511,1,171,pretrain,0.12547948956489563,0.019856080412864685,0.10901868343353271,0.010203175246715546,0.4680638015270233,0.012208021245896816,31.632877349853516,0.0,0.0,0.0,0.0,0.0,0.0,0.0,0.0,0.0,0.0,0.0,0.0,0.0,0.0,0.0,0.0,0.0,0.0,183.33642871439926,383.9202187629612,1025.7276873542398
PINN20260511,1,173,pretrain,0.12123943120241165,0.018765825778245926,0.10719907283782959,0.010011120699346066,0.46700942516326904,0.012203354388475418,31.505882263183594,0.0,0.0,0.0,0.0,0.0,0.0,0.0,0.0,0.0,0.0,0.0,0.0,0.0,0.0,0.0,0.0,0.0,0.0,175.79475781433302,367.7543762486043,1003.0391040130878
PINN20260511,1,175,pretrain,0.11680007725954056,0.01783333159983158,0.1043163612484932,0.010254914872348309,0.4545462131500244,0.012197494506835938,31.45783042907715,0.0,0.0,0.0,0.0,0.0,0.0,0.0,0.0,0.0,0.0,0.0,0.0,0.0,0.0,0.0,0.0,0.0,0.0,169.83034388213727,354.96009899001325,986.3295438617125
PINN20260511,1,176,pretrain,0.11564933508634567,0.01766953244805336,0.10327896475791931,0.010029274970293045,0.4497697949409485,0.012195914052426815,31.351987838745117,0.0,0.0,0.0,0.0,0.0,0.0,0.0,0.0,0.0,0.0,0.0,0.0,0.0,0.0,0.0,0.0,0.0,0.0,174.49885834153758,349.75163062521955,974.520543439909
PINN20260511,1,178,pretrain,0.11379656940698624,0.017371807247400284,0.1014467403292656,0.010085041634738445,0.447038471698761,0.01219200436025858,31.227031707763672,0.0,0.0,0.0,0.0,0.0,0.0,0.0,0.0,0.0,0.0,0.0,0.0,0.0,0.0,0.0,0.0,0.0,0.0,171.785579011307,339.2275462355615,959.2418579454982
PINN20260511,1,180,pretrain,0.11117373406887054,0.016890695318579674,0.09928631037473679,0.010231909342110157,0.440605491399765,0.012186854146420956,31.16008186340332,0.0,0.0,0.0,0.0,0.0,0.0,0.0,0.0,0.0,0.0,0.0,0.0,0.0,0.0,0.0,0.0,0.0,0.0,167.04831238858716,330.19563329941235,947.8591209916506
PINN20260511,1,181,pretrain,0.11016290634870529,0.016736211255192757,0.0983181968331337,0.010320368222892284,0.43655484914779663,0.01218440942466259,31.130285263061523,0.0,0.0,0.0,0.0,0.0,0.0,0.0,0.0,0.0,0.0,0.0,0.0,0.0,0.0,0.0,0.0,0.0,0.0,168.4480168330871,326.65604521422836,941.3018964938512
PINN20260511,1,183,pretrain,0.1088295429944992,0.01657978445291519,0.09679130464792252,0.010382033884525299,0.4309062957763672,0.0121809933334589,31.00545883178711,0.0,0.0,0.0,0.0,0.0,0.0,0.0,0.0,0.0,0.0,0.0,0.0,0.0,0.0,0.0,0.0,0.0,0.0,168.31832518698016,320.88534751527686,932.1786757207273
PINN20260511,1,185,pretrain,0.10714726150035858,0.0162789486348629,0.09540431201457977,0.010447361506521702,0.4259391725063324,0.012176677584648132,30.931198120117188,0.0,0.0,0.0,0.0,0.0,0.0,0.0,0.0,0.0,0.0,0.0,0.0,0.0,0.0,0.0,0.0,0.0,0.0,165.12863120534246,316.3752469378728,926.305317803482
PINN20260511,1,186,pretrain,0.10623789578676224,0.016069753095507622,0.09492931514978409,0.010535471141338348,0.4228442311286926,0.012173812836408615,30.962650299072266,0.0,0.0,0.0,0.0,0.0,0.0,0.0,0.0,0.0,0.0,0.0,0.0,0.0,0.0,0.0,0.0,0.0,0.0,163.10802114703003,314.573918181403,923.780623758027
PINN20260511,1,188,pretrain,0.10472860932350159,0.015714365988969803,0.0942186638712883,0.010409565642476082,0.4197132885456085,0.012170564383268356,30.869945526123047,0.0,0.0,0.0,0.0,0.0,0.0,0.0,0.0,0.0,0.0,0.0,0.0,0.0,0.0,0.0,0.0,0.0,0.0,162.7516140952986,312.64397933192316,919.4167919687477
PINN20260511,1,190,pretrain,0.10298208892345428,0.015381211414933205,0.09297925233840942,0.010303612798452377,0.41440504789352417,0.012166732922196388,30.809419631958008,0.0,0.0,0.0,0.0,0.0,0.0,0.0,0.0,0.0,0.0,0.0,0.0,0.0,0.0,0.0,0.0,0.0,0.0,160.4288929323518,311.447841239107,917.3663737416512
PINN20260511,1,191,pretrain,0.10159535706043243,0.015209980309009552,0.09140445291996002,0.010319882072508335,0.40996092557907104,0.012164339423179626,30.80601692199707,0.0,0.0,0.0,0.0,0.0,0.0,0.0,0.0,0.0,0.0,0.0,0.0,0.0,0.0,0.0,0.0,0.0,0.0,158.8727256918254,311.05783475505,917.683898149824
PINN20260511,1,193,pretrain,0.09919340908527374,0.014857670292258263,0.08912262320518494,0.010132577270269394,0.40162885189056396,0.012161036022007465,30.731430053710938,0.0,0.0,0.0,0.0,0.0,0.0,0.0,0.0,0.0,0.0,0.0,0.0,0.0,0.0,0.0,0.0,0.0,0.0,158.60536595391406,311.7298885854547,917.1465356040561
PINN20260511,1,195,pretrain,0.09706690162420273,0.01455459650605917,0.08699185401201248,0.009983493015170097,0.39552441239356995,0.012157810851931572,30.670286178588867,0.0,0.0,0.0,0.0,0.0,0.0,0.0,0.0,0.0,0.0,0.0,0.0,0.0,0.0,0.0,0.0,0.0,0.0,157.362458545153,312.302887834871,917.1660785960275
PINN20260511,1,196,pretrain,0.09608457237482071,0.014373671263456345,0.08607989549636841,0.010110695846378803,0.3950738310813904,0.012154868803918362,30.733118057250977,0.0,0.0,0.0,0.0,0.0,0.0,0.0,0.0,0.0,0.0,0.0,0.0,0.0,0.0,0.0,0.0,0.0,0.0,152.7099285103133,310.458330537288,916.1228061147382
PINN20260511,1,198,pretrain,0.09434821456670761,0.013987611047923565,0.08504430204629898,0.009923621080815792,0.39392566680908203,0.012151685543358326,30.68592643737793,0.0,0.0,0.0,0.0,0.0,0.0,0.0,0.0,0.0,0.0,0.0,0.0,0.0,0.0,0.0,0.0,0.0,0.0,151.64714131413754,311.0569180230525,915.5354990346352
PINN20260511,1,200,pretrain,0.09542372822761536,0.013651153072714806,0.08869225531816483,0.009746250696480274,0.408744752407074,0.012148883193731308,30.644445419311523,0.0,0.0,0.0,0.0,0.0,0.0,0.0,0.0,0.0,0.0,0.0,0.0,0.0,0.0,0.0,0.0,0.0,0.0,150.3372250974455,311.46386979471635,914.692028837362
PINN20260511,1,201,pretrain,0.09688892960548401,0.013565454632043839,0.09188400954008102,0.009663630276918411,0.41589197516441345,0.012147648259997368,30.584674835205078,0.0,0.0,0.0,0.0,0.0,0.0,0.0,0.0,0.0,0.0,0.0,0.0,0.0,0.0,0.0,0.0,0.0,0.0,149.96588804833252,312.0025290362243,916.7531613971665
PINN20260511,1,203,pretrain,0.08877908438444138,0.013247698545455933,0.07907386124134064,0.009590518660843372,0.3790474534034729,0.012144559063017368,30.573490142822266,0.0,0.0,0.0,0.0,0.0,0.0,0.0,0.0,0.0,0.0,0.0,0.0,0.0,0.0,0.0,0.0,0.0,0.0,148.36559442598207,311.9347011996261,914.965805141046
PINN20260511,1,205,pretrain,0.09689430892467499,0.013024323619902134,0.09454899281263351,0.009529344737529755,0.43204858899116516,0.012141557410359383,30.567058563232422,0.0,0.0,0.0,0.0,0.0,0.0,0.0,0.0,0.0,0.0,0.0,0.0,0.0,0.0,0.0,0.0,0.0,0.0,146.39123122005975,311.50897860254366,915.204323076764
PINN20260511,1,206,pretrain,0.08627770096063614,0.012902436777949333,0.07648350298404694,0.00941811315715313,0.3722507655620575,0.012140574865043163,30.501588821411133,0.0,0.0,0.0,0.0,0.0,0.0,0.0,0.0,0.0,0.0,0.0,0.0,0.0,0.0,0.0,0.0,0.0,0.0,147.5354300668148,312.8677835763855,914.3466271262098
PINN20260511,1,208,pretrain,0.08815741539001465,0.012672332115471363,0.08087924122810364,0.009423373267054558,0.39080610871315,0.012137791141867638,30.494300842285156,0.0,0.0,0.0,0.0,0.0,0.0,0.0,0.0,0.0,0.0,0.0,0.0,0.0,0.0,0.0,0.0,0.0,0.0,143.56644530930618,310.51820347203477,914.115622851285
PINN20260511,1,210,pretrain,0.08457091450691223,0.012691840529441833,0.07422708719968796,0.009683800861239433,0.37225425243377686,0.012134421616792679,30.490068435668945,0.0,0.0,0.0,0.0,0.0,0.0,0.0,0.0,0.0,0.0,0.0,0.0,0.0,0.0,0.0,0.0,0.0,0.0,141.80649502491062,309.10754853691293,914.8280346425308
PINN20260511,1,211,pretrain,0.08789587020874023,0.012646393850445747,0.08070256561040878,0.009131165221333504,0.3889588713645935,0.01213569100946188,30.3519229888916,0.0,0.0,0.0,0.0,0.0,0.0,0.0,0.0,0.0,0.0,0.0,0.0,0.0,0.0,0.0,0.0,0.0,0.0,147.97070682444212,316.4850287730843,918.2676110089541
PINN20260511,1,213,pretrain,0.08191152662038803,0.012218020856380463,0.07203405350446701,0.009317303076386452,0.3688492774963379,0.012131743133068085,30.404300689697266,0.0,0.0,0.0,0.0,0.0,0.0,0.0,0.0,0.0,0.0,0.0,0.0,0.0,0.0,0.0,0.0,0.0,0.0,140.14194115922257,308.7050068431026,914.0169707904558
PINN20260511,1,215,pretrain,0.08563005924224854,0.0133852269500494,0.07192260771989822,0.010524594224989414,0.37040817737579346,0.012127370573580265,30.49104118347168,0.0,0.0,0.0,0.0,0.0,0.0,0.0,0.0,0.0,0.0,0.0,0.0,0.0,0.0,0.0,0.0,0.0,0.0,143.0708412815134,306.8325327031017,915.7556290248531
PINN20260511,1,216,pretrain,0.09293009340763092,0.013605091720819473,0.08450762182474136,0.00934251956641674,0.39962518215179443,0.012132451869547367,30.148910522460938,0.0,0.0,0.0,0.0,0.0,0.0,0.0,0.0,0.0,0.0,0.0,0.0,0.0,0.0,0.0,0.0,0.0,0.0,138.3261897314641,310.54658215395,916.2184586215084
PINN20260511,1,218,pretrain,0.10436436533927917,0.016447901725769043,0.08852530270814896,0.012688704766333103,0.4110133945941925,0.012122065760195255,30.55674171447754,0.0,0.0,0.0,0.0,0.0,0.0,0.0,0.0,0.0,0.0,0.0,0.0,0.0,0.0,0.0,0.0,0.0,0.0,158.57178727235814,330.15927737608706,937.2999950304901
PINN20260511,1,220,pretrain,0.13379713892936707,0.027197236195206642,0.0832948312163353,0.015195334330201149,0.37594741582870483,0.01213568914681673,29.68499183654785,0.0,0.0,0.0,0.0,0.0,0.0,0.0,0.0,0.0,0.0,0.0,0.0,0.0,0.0,0.0,0.0,0.0,0.0,174.63611721949158,308.1837165150034,926.3910009226973
PINN20260511,1,221,pretrain,0.10873178392648697,0.021327482536435127,0.07033556699752808,0.01259233895689249,0.35315409302711487,0.012132750824093819,29.769729614257812,0.0,0.0,0.0,0.0,0.0,0.0,0.0,0.0,0.0,0.0,0.0,0.0,0.0,0.0,0.0,0.0,0.0,0.0,215.19991613904034,367.66093414993117,983.6146460277045
PINN20260511,1,223,pretrain,0.1477864682674408,0.0340091809630394,0.06826507300138474,0.022636329755187035,0.3549564480781555,0.012111755087971687,30.815725326538086,0.0,0.0,0.0,0.0,0.0,0.0,0.0,0.0,0.0,0.0,0.0,0.0,0.0,0.0,0.0,0.0,0.0,0.0,139.35658510633792,320.72471646257634,930.5271237796436
PINN20260511,1,225,pretrain,0.14300641417503357,0.03215901926159859,0.07017354667186737,0.01757463440299034,0.39638233184814453,0.012133988551795483,29.44228172302246,0.0,0.0,0.0,0.0,0.0,0.0,0.0,0.0,0.0,0.0,0.0,0.0,0.0,0.0,0.0,0.0,0.0,0.0,180.3828664691439,309.32951685864055,929.551566151232
PINN20260511,1,226,pretrain,0.11492383480072021,0.02343621477484703,0.06836854666471481,0.013638789765536785,0.3851582407951355,0.012130402959883213,29.581449508666992,0.0,0.0,0.0,0.0,0.0,0.0,0.0,0.0,0.0,0.0,0.0,0.0,0.0,0.0,0.0,0.0,0.0,0.0,185.03561734839053,356.35745090077745,976.4285861584018
PINN20260511,1,228,pretrain,0.10976915806531906,0.023095186799764633,0.05962424725294113,0.01643451489508152,0.3692286014556885,0.012111324816942215,30.561216354370117,0.0,0.0,0.0,0.0,0.0,0.0,0.0,0.0,0.0,0.0,0.0,0.0,0.0,0.0,0.0,0.0,0.0,0.0,136.4910496722221,312.9646171095065,922.8134475533518
PINN20260511,1,230,pretrain,0.10213001072406769,0.021002013236284256,0.059660229831933975,0.012707574293017387,0.33761709928512573,0.01212663296610117,29.606178283691406,0.0,0.0,0.0,0.0,0.0,0.0,0.0,0.0,0.0,0.0,0.0,0.0,0.0,0.0,0.0,0.0,0.0,0.0,142.42011192682725,332.60727827649833,947.2255936927226
PINN20260511,1,231,pretrain,0.07602455466985703,0.011440392583608627,0.06462644040584564,0.009467697702348232,0.3748304843902588,0.012115909717977047,30.15445899963379,0.0,0.0,0.0,0.0,0.0,0.0,0.0,0.0,0.0,0.0,0.0,0.0,0.0,0.0,0.0,0.0,0.0,0.0,183.20922764356058,361.71497973197074,978.5877061795244
PINN20260511,1,233,pretrain,0.07999301701784134,0.012263817712664604,0.06769314408302307,0.010222386568784714,0.365526020526886,0.012112947180867195,30.190818786621094,0.0,0.0,0.0,0.0,0.0,0.0,0.0,0.0,0.0,0.0,0.0,0.0,0.0,0.0,0.0,0.0,0.0,0.0,146.09541777122922,314.3933766994782,932.6973419074488
PINN20260511,1,235,pretrain,0.11216644197702408,0.016494113951921463,0.1023494303226471,0.011048838496208191,0.4649806618690491,0.012121027335524559,29.6967716217041,0.0,0.0,0.0,0.0,0.0,0.0,0.0,0.0,0.0,0.0,0.0,0.0,0.0,0.0,0.0,0.0,0.0,0.0,133.18508767172472,328.71062026499845,942.6386269502398
PINN20260511,1,236,pretrain,0.0681867003440857,0.010850707069039345,0.05406976491212845,0.008903887122869492,0.3409457802772522,0.012114566750824451,29.963804244995117,0.0,0.0,0.0,0.0,0.0,0.0,0.0,0.0,0.0,0.0,0.0,0.0,0.0,0.0,0.0,0.0,0.0,0.0,185.10582910527157,369.91605889039204,990.3461417594319
PINN20260511,1,238,pretrain,0.08318009227514267,0.015580165199935436,0.05441223457455635,0.012405925430357456,0.3376147449016571,0.0121073042973876,30.28958511352539,0.0,0.0,0.0,0.0,0.0,0.0,0.0,0.0,0.0,0.0,0.0,0.0,0.0,0.0,0.0,0.0,0.0,0.0,173.16320652422095,317.48912382946287,942.325744402184
PINN20260511,1,240,pretrain,0.1364104449748993,0.02965015359222889,0.07345997542142868,0.01750408671796322,0.3614588975906372,0.012122929096221924,29.348588943481445,0.0,0.0,0.0,0.0,0.0,0.0,0.0,0.0,0.0,0.0,0.0,0.0,0.0,0.0,0.0,0.0,0.0,0.0,132.26363794284126,326.9200972714893,944.1744750145392
PINN20260511,1,241,pretrain,0.07064910978078842,0.011801843531429768,0.05343541130423546,0.009177855215966702,0.3345149755477905,0.01211326103657484,29.794479370117188,0.0,0.0,0.0,0.0,0.0,0.0,0.0,0.0,0.0,0.0,0.0,0.0,0.0,0.0,0.0,0.0,0.0,0.0,273.34512010917626,435.88322690830853,1087.3022513682592
PINN20260511,1,243,pretrain,0.14785023033618927,0.037132542580366135,0.04938118904829025,0.024433348327875137,0.34376704692840576,0.012097067199647427,30.676677703857422,0.0,0.0,0.0,0.0,0.0,0.0,0.0,0.0,0.0,0.0,0.0,0.0,0.0,0.0,0.0,0.0,0.0,0.0,131.60320777577954,339.2086263459407,960.2858053993782
PINN20260511,1,245,pretrain,0.12158872932195663,0.028652070090174675,0.05101389437913895,0.01685694232583046,0.3377092182636261,0.012119232676923275,29.33226776123047,0.0,0.0,0.0,0.0,0.0,0.0,0.0,0.0,0.0,0.0,0.0,0.0,0.0,0.0,0.0,0.0,0.0,0.0,159.43585847841757,324.4585513782924,950.5046042833715
PINN20260511,1,246,pretrain,0.08715732395648956,0.018036069348454475,0.04840240627527237,0.01207451056689024,0.32165032625198364,0.012114117853343487,29.550695419311523,0.0,0.0,0.0,0.0,0.0,0.0,0.0,0.0,0.0,0.0,0.0,0.0,0.0,0.0,0.0,0.0,0.0,0.0,225.6628171215852,414.1927578133157,1062.0561854774344
PINN20260511,1,248,pretrain,0.1345069706439972,0.03357058763504028,0.045353058725595474,0.022808976471424103,0.32784396409988403,0.012094473466277122,30.634130477905273,0.0,0.0,0.0,0.0,0.0,0.0,0.0,0.0,0.0,0.0,0.0,0.0,0.0,0.0,0.0,0.0,0.0,0.0,136.91686003739642,355.97109696575086,982.1761729476932
PINN20260511,1,250,pretrain,0.14100152254104614,0.02893405593931675,0.08562331646680832,0.01736009493470192,0.3957839906215668,0.012116282247006893,29.357702255249023,0.0,0.0,0.0,0.0,0.0,0.0,0.0,0.0,0.0,0.0,0.0,0.0,0.0,0.0,0.0,0.0,0.0,0.0,232.4282399338557,335.2739085434475,980.0880025283832
PINN20260511,1,251,pretrain,0.16550549864768982,0.03555406257510185,0.09293811023235321,0.02094998024404049,0.4092130661010742,0.012116983532905579,29.24358367919922,0.0,0.0,0.0,0.0,0.0,0.0,0.0,0.0,0.0,0.0,0.0,0.0,0.0,0.0,0.0,0.0,0.0,0.0,144.7021253407323,333.63992800997306,962.6126371202083
PINN20260511,1,253,pretrain,0.18634143471717834,0.04059024527668953,0.10143881291151047,0.027081428095698357,0.4217497706413269,0.012090104632079601,30.680606842041016,0.0,0.0,0.0,0.0,0.0,0.0,0.0,0.0,0.0,0.0,0.0,0.0,0.0,0.0,0.0,0.0,0.0,0.0,431.0243068841942,572.2501365224826,1290.6823777459904
PINN20260511,1,255,pretrain,0.2596830427646637,0.07399868220090866,0.04371996968984604,0.04620800539851189,0.32927024364471436,0.012085513211786747,31.029541015625,0.0,0.0,0.0,0.0,0.0,0.0,0.0,0.0,0.0,0.0,0.0,0.0,0.0,0.0,0.0,0.0,0.0,0.0,164.84576124365466,390.65741865475945,1034.6109604361038
PINN20260511,1,256,pretrain,0.08030348271131516,0.014003666117787361,0.05660030618309975,0.01160078402608633,0.3836086392402649,0.012099787592887878,30.179548263549805,0.0,0.0,0.0,0.0,0.0,0.0,0.0,0.0,0.0,0.0,0.0,0.0,0.0,0.0,0.0,0.0,0.0,0.0,264.75538533238563,346.8621394012324,1001.082952267983
PINN20260511,1,258,pretrain,0.2745921313762665,0.07736419141292572,0.052967678755521774,0.04164380952715874,0.3843470811843872,0.012121235951781273,28.68852424621582,0.0,0.0,0.0,0.0,0.0,0.0,0.0,0.0,0.0,0.0,0.0,0.0,0.0,0.0,0.0,0.0,0.0,0.0,247.623406733895,344.7028725039871,996.5549184784056
PINN20260511,1,260,pretrain,0.06924638152122498,0.012732470408082008,0.04478823021054268,0.009925995953381062,0.3334827125072479,0.012094746343791485,30.031944274902344,0.0,0.0,0.0,0.0,0.0,0.0,0.0,0.0,0.0,0.0,0.0,0.0,0.0,0.0,0.0,0.0,0.0,0.0,250.63485797320772,456.20210365034484,1121.8285771373571
PINN20260511,1,261,pretrain,0.12376635521650314,0.0304288100451231,0.04376588389277458,0.02203161083161831,0.30953291058540344,0.012091279029846191,30.49212074279785,0.0,0.0,0.0,0.0,0.0,0.0,0.0,0.0,0.0,0.0,0.0,0.0,0.0,0.0,0.0,0.0,0.0,0.0,201.42435188241268,421.16978093756916,1071.1422740046094
PINN20260511,1,263,pretrain,0.08104346692562103,0.016610300168395042,0.04592584818601608,0.010263375006616116,0.30984848737716675,0.012108850292861462,29.557212829589844,0.0,0.0,0.0,0.0,0.0,0.0,0.0,0.0,0.0,0.0,0.0,0.0,0.0,0.0,0.0,0.0,0.0,0.0,156.8061165998476,342.48646186747294,979.108445244826
PINN20260511,1,265,pretrain,0.0739002674818039,0.014500915072858334,0.04427655041217804,0.009604565799236298,0.31691694259643555,0.012091175653040409,29.955007553100586,0.0,0.0,0.0,0.0,0.0,0.0,0.0,0.0,0.0,0.0,0.0,0.0,0.0,0.0,0.0,0.0,0.0,0.0,173.7587846250514,408.498393509693,1060.4972718963982
PINN20260511,1,266,pretrain,0.07780591398477554,0.015318152494728565,0.04503520578145981,0.012299710884690285,0.34369581937789917,0.01209219265729189,30.150150299072266,0.0,0.0,0.0,0.0,0.0,0.0,0.0,0.0,0.0,0.0,0.0,0.0,0.0,0.0,0.0,0.0,0.0,0.0,139.57147026702842,372.43854358806635,1011.4606484282692
PINN20260511,1,268,pretrain,0.07639428973197937,0.013936089351773262,0.051527418196201324,0.009777327999472618,0.3433420658111572,0.012104826979339123,29.551435470581055,0.0,0.0,0.0,0.0,0.0,0.0,0.0,0.0,0.0,0.0,0.0,0.0,0.0,0.0,0.0,0.0,0.0,0.0,125.76564732419978,364.4026576124274,1004.4533820027818
PINN20260511,1,270,pretrain,0.06947749853134155,0.01453854888677597,0.03527481481432915,0.011127671226859093,0.29994553327560425,0.012089954689145088,30.056438446044922,0.0,0.0,0.0,0.0,0.0,0.0,0.0,0.0,0.0,0.0,0.0,0.0,0.0,0.0,0.0,0.0,0.0,0.0,125.37412371951997,374.77753818098546,1016.5003829761902
PINN20260511,1,271,pretrain,0.055568382143974304,0.009668085724115372,0.03760913386940956,0.008801305666565895,0.2999647557735443,0.012097498401999474,29.745954513549805,0.0,0.0,0.0,0.0,0.0,0.0,0.0,0.0,0.0,0.0,0.0,0.0,0.0,0.0,0.0,0.0,0.0,0.0,137.6060386574659,364.35763251920497,1008.6111020785286
PINN20260511,1,273,pretrain,0.0567469596862793,0.010608789511024952,0.03477286547422409,0.008808908052742481,0.2886187434196472,0.012100509367883205,29.70255470275879,0.0,0.0,0.0,0.0,0.0,0.0,0.0,0.0,0.0,0.0,0.0,0.0,0.0,0.0,0.0,0.0,0.0,0.0,158.18207961871028,413.44868182157745,1066.7030436451987
PINN20260511,1,275,pretrain,0.06763249635696411,0.014034336432814598,0.03466404601931572,0.010599476285278797,0.3038784861564636,0.012088559567928314,29.998472213745117,0.0,0.0,0.0,0.0,0.0,0.0,0.0,0.0,0.0,0.0,0.0,0.0,0.0,0.0,0.0,0.0,0.0,0.0,140.5274731258091,364.17689726285494,1010.1466685708951
PINN20260511,1,276,pretrain,0.06650341302156448,0.013987766578793526,0.03356939181685448,0.0106734037399292,0.28103673458099365,0.012099946849048138,29.449853897094727,0.0,0.0,0.0,0.0,0.0,0.0,0.0,0.0,0.0,0.0,0.0,0.0,0.0,0.0,0.0,0.0,0.0,0.0,129.96829541276597,379.1759362420036,1026.4820395370296
PINN20260511,1,278,pretrain,0.07665767520666122,0.016311174258589745,0.03722991421818733,0.013361919671297073,0.3218410313129425,0.012091309763491154,30.110301971435547,0.0,0.0,0.0,0.0,0.0,0.0,0.0,0.0,0.0,0.0,0.0,0.0,0.0,0.0,0.0,0.0,0.0,0.0,165.3859123383851,431.54403019854186,1095.6147740651995
PINN20260511,1,280,pretrain,0.0700002908706665,0.015452715568244457,0.03165249526500702,0.011397268623113632,0.27682220935821533,0.012099429965019226,29.362335205078125,0.0,0.0,0.0,0.0,0.0,0.0,0.0,0.0,0.0,0.0,0.0,0.0,0.0,0.0,0.0,0.0,0.0,0.0,138.48034043682878,373.74809782124646,1026.3601215701606
PINN20260511,1,281,pretrain,0.06804175674915314,0.013461492955684662,0.03924774006009102,0.01056644506752491,0.29600590467453003,0.012098281644284725,29.419260025024414,0.0,0.0,0.0,0.0,0.0,0.0,0.0,0.0,0.0,0.0,0.0,0.0,0.0,0.0,0.0,0.0,0.0,0.0,145.4707471667414,422.9342073538153,1085.46387082598
PINN20260511,1,283,pretrain,0.054943062365055084,0.011044551618397236,0.02852414734661579,0.010181652382016182,0.2755501866340637,0.012092828750610352,29.87494659423828,0.0,0.0,0.0,0.0,0.0,0.0,0.0,0.0,0.0,0.0,0.0,0.0,0.0,0.0,0.0,0.0,0.0,0.0,133.59822726415572,383.4578285157313,1037.7676512683083
PINN20260511,1,285,pretrain,0.050311118364334106,0.00926435086876154,0.030463313683867455,0.00869444478303194,0.27737605571746826,0.012094459496438503,29.601970672607422,0.0,0.0,0.0,0.0,0.0,0.0,0.0,0.0,0.0,0.0,0.0,0.0,0.0,0.0,0.0,0.0,0.0,0.0,155.045255490131,437.1835283951123,1105.5314122791026
PINN20260511,1,286,pretrain,0.06534238159656525,0.012187231332063675,0.041523005813360214,0.010576107539236546,0.29519832134246826,0.012088875286281109,29.869508743286133,0.0,0.0,0.0,0.0,0.0,0.0,0.0,0.0,0.0,0.0,0.0,0.0,0.0,0.0,0.0,0.0,0.0,0.0,147.25234771048645,435.3057474350643,1106.9014947632031
PINN20260511,1,288,pretrain,0.06335916370153427,0.014086496084928513,0.027578050270676613,0.010612319223582745,0.25940924882888794,0.012100460939109325,29.31938362121582,0.0,0.0,0.0,0.0,0.0,0.0,0.0,0.0,0.0,0.0,0.0,0.0,0.0,0.0,0.0,0.0,0.0,0.0,123.96155370466684,401.67510580691953,1063.6733579178
PINN20260511,1,290,pretrain,0.0671941265463829,0.01544753834605217,0.025606287643313408,0.01263093389570713,0.27610886096954346,0.012087377719581127,29.961772918701172,0.0,0.0,0.0,0.0,0.0,0.0,0.0,0.0,0.0,0.0,0.0,0.0,0.0,0.0,0.0,0.0,0.0,0.0,147.51418761215817,444.62754778578443,1120.140757063845
PINN20260511,1,291,pretrain,0.05589320883154869,0.011224038898944855,0.02971457690000534,0.01007056888192892,0.2674843370914459,0.012088976800441742,29.79207420349121,0.0,0.0,0.0,0.0,0.0,0.0,0.0,0.0,0.0,0.0,0.0,0.0,0.0,0.0,0.0,0.0,0.0,0.0,139.2748729468995,395.40455943881074,1061.6725807276723
PINN20260511,1,293,pretrain,0.06750363111495972,0.015808604657649994,0.025498006492853165,0.011593267321586609,0.25050806999206543,0.012100611813366413,29.21004867553711,0.0,0.0,0.0,0.0,0.0,0.0,0.0,0.0,0.0,0.0,0.0,0.0,0.0,0.0,0.0,0.0,0.0,0.0,144.21171773212467,452.6064964458641,1132.9261324098063
PINN20260511,1,295,pretrain,0.0721166655421257,0.01404730323702097,0.04164493456482887,0.011857107281684875,0.3390430510044098,0.012087988667190075,29.886850357055664,0.0,0.0,0.0,0.0,0.0,0.0,0.0,0.0,0.0,0.0,0.0,0.0,0.0,0.0,0.0,0.0,0.0,0.0,124.38461410706108,437.8628316893317,1116.0019463627345
PINN20260511,1,296,pretrain,0.04458346962928772,0.008800129406154156,0.0227651447057724,0.00875930581241846,0.25243234634399414,0.012091764248907566,29.603050231933594,0.0,0.0,0.0,0.0,0.0,0.0,0.0,0.0,0.0,0.0,0.0,0.0,0.0,0.0,0.0,0.0,0.0,0.0,136.6798623266244,406.6877833486027,1074.539733296364
PINN20260511,1,298,pretrain,0.063666433095932,0.014965442009270191,0.02329011633992195,0.011278746649622917,0.24346508085727692,0.012099510990083218,29.17629051208496,0.0,0.0,0.0,0.0,0.0,0.0,0.0,0.0,0.0,0.0,0.0,0.0,0.0,0.0,0.0,0.0,0.0,0.0,146.18019835335085,466.18238450739426,1160.6836936085786
PINN20260511,1,300,pretrain,0.08843924850225449,0.022450698539614677,0.024283375591039658,0.016870353370904922,0.27856993675231934,0.01208443846553564,30.033428192138672,0.0,0.0,0.0,0.0,0.0,0.0,0.0,0.0,0.0,0.0,0.0,0.0,0.0,0.0,0.0,0.0,0.0,0.0,143.43152901515413,467.6025622791218,1152.8270187460191
PINN20260511,1,301,physics,216635.96875,0.010432906448841095,0.07935312390327454,0.010050412267446518,0.38271304965019226,0.012089766561985016,29.680789947509766,0.0,0.0,0.7602004408836365,1593.558837890625,0.0,0.0,1.2618068367942215e-08,0.0010309070348739624,8.002064788570351e-08,2.4098808353301138e-06,8317040.5,5026845.5,1256.718017578125,74.57456970214844,0.010186889208853245,3.872564768858666e-10,0.04608861729502678,50.668304443359375,211.66913856004138,402.39241574612214,1076.3443751488414
PINN20260511,1,303,physics,160519.9375,0.2108900547027588,0.5254709720611572,0.11957858502864838,3.183335304260254,0.012125802226364613,27.335201263427734,0.0,0.0,1.5200096368789673,1168.6998291015625,0.0,0.0,1.2642171753896037e-08,0.0010832678526639938,5.957162585445985e-08,2.2727429040969582e-06,6158216.0,3733137.25,1090.9932861328125,72.52386474609375,0.0077475025318562984,3.779183355145932e-10,0.04085167124867439,48.1800537109375,1034.866295711673,843.9469029506537,1872.5608675960598
PINN20260511,1,305,physics,92072.65625,1.3966306447982788,0.8277482986450195,0.8050950765609741,11.725433349609375,0.012196119874715805,23.641986846923828,0.0,0.0,2.9364137649536133,660.3003540039062,0.0,0.0,1.3054293646064252e-08,0.001177572296001017,4.1200390654694274e-08,2.142918901881785e-06,3526356.25,2152234.25,840.7747802734375,68.8521499633789,0.004660444799810648,3.290242522879794e-10,0.033123988658189774,43.74238967895508,2051.0919043280337,1682.4669387539238,3344.444415871008
PINN20260511,1,306,physics,64008.67578125,2.4447994232177734,0.779050350189209,1.4085391759872437,18.59429931640625,0.0122458441182971,21.58885955810547,0.0,0.0,3.945617914199829,457.61273193359375,0.0,0.0,1.614900035917799e-08,0.0012386698508635163,3.420772287654472e-08,2.080658759950893e-06,2448233.0,1502011.75,709.4133911132812,66.65725708007812,0.003338091541081667,2.9715740978986105e-10,0.028117436915636063,41.014366149902344,2541.717234469641,2098.4744458772902,4081.6854326523103
PINN20260511,1,308,physics,26328.326171875,5.134199619293213,0.46349531412124634,2.9249043464660645,36.639835357666016,0.01238191220909357,17.52442169189453,0.0,0.0,6.478711128234863,189.41488647460938,0.0,0.0,1.8859186923236848e-07,0.0013853844720870256,2.2856500692114423e-08,1.961142288564588e-06,1002588.625,624898.125,469.0279846191406,62.00897216796875,0.0014548355247825384,2.3185502129319246e-10,0.016844935715198517,35.11811447143555,3393.099320680136,2818.6504749613778,5366.205658353398
PINN20260511,1,310,physics,8728.9990234375,7.957551002502441,0.33541548252105713,4.4520673751831055,55.249732971191406,0.012584300711750984,13.89155101776123,0.0,0.0,9.095215797424316,62.13999557495117,0.0,0.0,1.7989214029512368e-06,0.0015600374899804592,1.3550179644994387e-08,1.848017745942343e-06,329284.5625,211049.796875,281.08941650390625,57.61090850830078,0.00048786451225169003,1.7601627100294337e-10,0.006839864421635866,28.920154571533203,4026.6250135814735,3346.509524863182,6315.469532372668
PINN20260511,1,311,physics,4607.87060546875,9.219072341918945,0.4433160126209259,5.105348587036133,61.32304763793945,0.012720352038741112,12.315282821655273,0.0,0.0,10.0156888961792,31.969526290893555,0.0,0.0,3.299163154224516e-06,0.0016558384522795677,9.76521885576176e-09,1.7937542224899516e-06,172198.0,112848.6171875,209.17401123046875,55.7126579284668,0.00025111326249316335,1.5410196729792602e-10,0.0032422677613794804,25.795120239257812,4263.720206580165,3540.24815514393,6666.041283415395
PINN20260511,1,313,physics,1053.8204345703125,11.25131607055664,0.9359208941459656,6.098567485809326,58.55624771118164,0.013089616782963276,9.709259986877441,0.0,0.0,9.967207908630371,5.93576192855835,0.0,0.0,6.61137073620921e-06,0.001857308903709054,4.34568780960376e-09,1.6896350416573114e-06,37424.9375,26555.08984375,105.40460968017578,52.50514221191406,5.3170697356108576e-05,1.2497082535478654e-10,0.001157070742920041,19.597009658813477,4600.109998684814,3808.2003623759083,7153.204422790312
PINN20260511,1,315,physics,199.5576629638672,12.577640533447266,1.5252318382263184,6.679422855377197,34.34586715698242,0.013609882444143295,7.859884738922119,0.0,0.0,6.8649983406066895,0.49005720019340515,0.0,0.0,8.129075467877556e-06,0.002049345290288329,1.5643039086299382e-09,1.5911342643448734e-06,5503.7529296875,4709.26220703125,45.6193962097168,47.96015548706055,1.0037011634267401e-05,1.312223107952093e-10,0.008416998200118542,13.400782585144043,4791.355131901621,3953.1960487686415,7417.890611520977
PINN20260511,1,316,physics,95.6831283569336,13.009273529052734,1.7668379545211792,6.8464884757995605,20.556148529052734,0.013902734033763409,7.203962326049805,0.0,0.0,4.7916646003723145,0.08255524188280106,0.0,0.0,7.594330327265197e-06,0.0020990311168134212,8.580734456309358e-10,1.54391045725788e-06,1735.7119140625,1786.3233642578125,27.93509292602539,42.761512756347656,4.466827704163734e-06,2.6927876595195244e-10,0.01709645614027977,10.14134693145752,4848.407779879906,3994.0499496125485,7492.509828722845
PINN20260511,1,318,physics,48.5856819152832,13.53403091430664,2.08308482170105,7.02055549621582,5.431708812713623,0.013969424180686474,6.305799961090088,0.0,0.0,1.709899663925171,0.004030156414955854,0.0,0.0,4.719571279565571e-06,0.0010861726477742195,1.9199092315957955e-10,1.453371055504249e-06,132.53976440429688,216.54843139648438,8.682317733764648,21.96709442138672,8.338141128660936e-07,1.165264418290235e-08,0.04557162895798683,3.4360337257385254,4913.002544269644,4037.2469580148304,7571.244442261264
PINN20260511,1,320,physics,45.34821319580078,13.76132869720459,2.2147626876831055,7.082840442657471,3.7032294273376465,0.011692272499203682,5.763420104980469,0.0,0.0,0.4159575402736664,0.0003732188488356769,0.0,0.0,2.0813727132917847e-06,0.00017238922009710222,1.969472154805807e-11,1.3678749155587866e-06,53.548072814941406,20.875450134277344,2.323791265487671,7.000864028930664,1.204089699058386e-07,8.249624272593792e-08,0.04400629922747612,1.0330830812454224,4937.179356677251,4053.5345070691083,7600.734223789772
PINN20260511,1,321,physics,44.91121292114258,13.81152057647705,2.236227035522461,7.104799270629883,4.319703578948975,0.010130527429282665,5.610040664672852,0.0,0.0,0.20535588264465332,0.00014754905714653432,0.0,0.0,1.3779949767922517e-06,0.00010942373046418652,5.8323662739667714e-12,1.3269011560623767e-06,33.02141571044922,7.400784015655518,1.4059534072875977,4.43115758895874,5.76812446695385e-08,1.4995312369592284e-07,0.03487396612763405,1.3324193954467773,4943.621344722915,4059.220368494423,7610.980421383124
PINN20260511,1,323,physics,44.5680046081543,13.875314712524414,2.2502152919769287,7.1486616134643555,5.171943664550781,0.007467625662684441,5.479031562805176,0.0,0.0,0.07883152365684509,0.0001797395816538483,0.0,0.0,7.193174269559677e-07,7.818696758477017e-05,9.000631186542596e-13,1.2484086937547545e-06,10.034913063049316,1.8636798858642578,0.7462325096130371,2.4757325649261475,2.2422920409326252e-08,6.26769818268258e-08,0.024600954726338387,6.558657646179199,4951.591259383189,4066.721652633728,7624.478906111066
PINN20260511,1,325,physics,44.49513244628906,13.898542404174805,2.252692699432373,7.158371448516846,5.223201751708984,0.006069651804864407,5.449105262756348,0.0,0.0,0.07001745700836182,0.0005317609175108373,0.0,0.0,4.574014269564941e-07,4.366139182820916e-05,3.290218303971665e-13,1.1744482435460668e-06,4.066637992858887,0.9244375228881836,0.5234816074371338,1.7985608577728271,1.3554596556275555e-08,6.028190391305088e-09,0.021072227507829666,10.235918998718262,4951.958198531162,4065.824270673783,7622.850763964834
PINN20260511,1,326,physics,44.45185470581055,13.894756317138672,2.252546548843384,7.148094654083252,5.165408611297607,0.00584823451936245,5.442537784576416,0.0,0.0,0.09259986877441406,0.0007661588024348021,0.0,0.0,3.8084095876911306e-07,3.391543941688724e-05,2.7305515162313887e-13,1.1390879990358371e-06,3.0527310371398926,0.7425433993339539,0.46124374866485596,1.5338064432144165,1.1576068992269484e-08,4.966754785229455e-10,0.020526206120848656,11.300752639770508,4950.143230251019,4063.228273183775,7618.176748798479
PINN20260511,1,328,physics,44.352264404296875,13.871736526489258,2.2516629695892334,7.114795684814453,5.339173793792725,0.005946373101323843,5.437633514404297,0.0,0.0,0.17626769840717316,0.0009013492381200194,0.0,0.0,2.785262438464997e-07,2.9936281862319447e-05,2.877637906607833e-13,1.0714140898926416e-06,2.394242763519287,0.533531904220581,0.36818957328796387,1.0446362495422363,9.213803053853553e-09,8.793412525909261e-11,0.02096470259130001,11.482062339782715,4945.602895502226,4057.5153727373604,7607.907312425333
PINN20260511,1,330,physics,44.263458251953125,13.848275184631348,2.251441717147827,7.087008953094482,5.418603897094727,0.006366353947669268,5.4424943923950195,0.0,0.0,0.1843249648809433,0.0007463776273652911,0.0,0.0,2.169108483940363e-07,3.364217991475016e-05,3.5223375865339746e-13,1.0075940508613712e-06,2.1703855991363525,0.4043838083744049,0.2836528420448303,0.7007704377174377,7.517566125159192e-09,3.3489325201863096e-10,0.02216430753469467,11.186744689941406,4942.1466995628525,4053.684990228027,7601.038784235111
PINN20260511,1,331,physics,44.229225158691406,13.839679718017578,2.25160551071167,7.078445911407471,5.391034126281738,0.006559292785823345,5.448782920837402,0.0,0.0,0.15866807103157043,0.0005537624820135534,0.0,0.0,1.9607577428359946e-07,3.619875496951863e-05,4.0295916018014133e-13,9.770495807970292e-07,2.0073153972625732,0.3585754930973053,0.24914813041687012,0.608141303062439,6.719372169783355e-09,1.089281331800862e-09,0.02290145307779312,11.200556755065918,4940.964480746648,4052.510579875147,7598.93778990692
PINN20260511,1,333,physics,44.1818962097168,13.827913284301758,2.251811981201172,7.069258213043213,5.432700157165527,0.006716154981404543,5.469067573547363,0.0,0.0,0.12019119411706924,0.0002645804197527468,0.0,0.0,1.6752082387938572e-07,4.253963561495766e-05,5.536771670484886e-13,9.18568218821747e-07,1.6065378189086914,0.30141663551330566,0.22343701124191284,0.5063334107398987,5.4760036505285825e-09,1.8718274930051848e-08,0.024748563766479492,10.189513206481934,4939.354816167795,4051.041224179285,7596.313243806372
PINN20260511,2,1,pretrain,45.79460525512695,14.274768829345703,2.1753921508789062,8.828676223754883,5.843395233154297,0.002597818383947015,4.963170051574707,0.0,0.0,0.0,0.0,0.0,0.0,0.0,0.0,0.0,0.0,0.0,0.0,0.0,0.0,0.0,0.0,0.0,0.0,4396.903000976938,4314.352095042777,7845.441640140642
PINN20260511,2,3,pretrain,45.6925048828125,14.273832321166992,2.175381660461426,8.82784366607666,0.8873987197875977,0.0026194185484200716,4.967379093170166,0.0,0.0,0.0,0.0,0.0,0.0,0.0,0.0,0.0,0.0,0.0,0.0,0.0,0.0,0.0,0.0,0.0,0.0,4396.874344349631,4314.3279893860645,7845.395877418299
PINN20260511,2,5,pretrain,45.68849182128906,14.273550033569336,2.175328254699707,8.827638626098633,0.7323328256607056,0.002646040404215455,4.96425199508667,0.0,0.0,0.0,0.0,0.0,0.0,0.0,0.0,0.0,0.0,0.0,0.0,0.0,0.0,0.0,0.0,0.0,0.0,4396.7963336957055,4314.255439818092,7845.263700441768
PINN20260511,2,7,pretrain,45.68651580810547,14.273077011108398,2.1751749515533447,8.827296257019043,0.7119138836860657,0.002673142356798053,4.958273410797119,0.0,0.0,0.0,0.0,0.0,0.0,0.0,0.0,0.0,0.0,0.0,0.0,0.0,0.0,0.0,0.0,0.0,0.0,4396.732650503099,4314.194015108732,7845.152508794855
PINN20260511,2,9,pretrain,45.68365478515625,14.27270793914795,2.175175189971924,8.827113151550293,0.6259685754776001,0.0027039784472435713,4.954315662384033,0.0,0.0,0.0,0.0,0.0,0.0,0.0,0.0,0.0,0.0,0.0,0.0,0.0,0.0,0.0,0.0,0.0,0.0,4396.677381841883,4314.139311612456,7845.053837161899
PINN20260511,2,12,pretrain,45.68102264404297,14.271952629089355,2.1750223636627197,8.826645851135254,0.6162185072898865,0.0027529820799827576,4.945438861846924,0.0,0.0,0.0,0.0,0.0,0.0,0.0,0.0,0.0,0.0,0.0,0.0,0.0,0.0,0.0,0.0,0.0,0.0,4396.531814965064,4313.995363928895,7844.793511863016
PINN20260511,2,14,pretrain,45.67839050292969,14.271223068237305,2.174917697906494,8.826133728027344,0.6017968654632568,0.002789365593343973,4.941140651702881,0.0,0.0,0.0,0.0,0.0,0.0,0.0,0.0,0.0,0.0,0.0,0.0,0.0,0.0,0.0,0.0,0.0,0.0,4396.42104444058,4313.894528149709,7844.6105381689395
PINN20260511,2,16,pretrain,45.67544937133789,14.270503997802734,2.1747639179229736,8.825685501098633,0.5708577632904053,0.002833114704117179,4.9349212646484375,0.0,0.0,0.0,0.0,0.0,0.0,0.0,0.0,0.0,0.0,0.0,0.0,0.0,0.0,0.0,0.0,0.0,0.0,4396.295940902978,4313.786503757458,7844.4134572796165
PINN20260511,2,18,pretrain,45.67176055908203,14.269493103027344,2.174527168273926,8.82509994506836,0.5499081015586853,0.0028846263885498047,4.927233695983887,0.0,0.0,0.0,0.0,0.0,0.0,0.0,0.0,0.0,0.0,0.0,0.0,0.0,0.0,0.0,0.0,0.0,0.0,4396.096905210348,4313.610784482068,7844.095309538724
PINN20260511,2,20,pretrain,45.66651153564453,14.267926216125488,2.174337148666382,8.824233055114746,0.5357569456100464,0.002946262015029788,4.921420574188232,0.0,0.0,0.0,0.0,0.0,0.0,0.0,0.0,0.0,0.0,0.0,0.0,0.0,0.0,0.0,0.0,0.0,0.0,4395.813917808624,4313.363884487373,7843.648424062967
PINN20260511,2,22,pretrain,45.65982437133789,14.265815734863281,2.1739394664764404,8.823161125183105,0.5386947393417358,0.0030312587041407824,4.9122748374938965,0.0,0.0,0.0,0.0,0.0,0.0,0.0,0.0,0.0,0.0,0.0,0.0,0.0,0.0,0.0,0.0,0.0,0.0,4395.42898930241,4313.0418500172245,7843.064003535766
PINN20260511,2,24,pretrain,45.64970016479492,14.262800216674805,2.1733717918395996,8.821732521057129,0.5133857131004333,0.003155352547764778,4.9012322425842285,0.0,0.0,0.0,0.0,0.0,0.0,0.0,0.0,0.0,0.0,0.0,0.0,0.0,0.0,0.0,0.0,0.0,0.0,4394.846982546719,4312.569071910617,7842.205336604742
PINN20260511,2,26,pretrain,45.63399887084961,14.257993698120117,2.172211170196533,8.819581985473633,0.49982374906539917,0.003353024134412408,4.886219024658203,0.0,0.0,0.0,0.0,0.0,0.0,0.0,0.0,0.0,0.0,0.0,0.0,0.0,0.0,0.0,0.0,0.0,0.0,4393.876193066892,4311.810292672904,7840.8270065944935
PINN20260511,2,28,pretrain,45.60797882080078,14.249716758728027,2.1703665256500244,8.816274642944336,0.5196503400802612,0.003672525519505143,4.87060546875,0.0,0.0,0.0,0.0,0.0,0.0,0.0,0.0,0.0,0.0,0.0,0.0,0.0,0.0,0.0,0.0,0.0,0.0,4392.157328693953,4310.56353624442,7838.5611640369525
PINN20260511,2,30,pretrain,45.56159210205078,14.234808921813965,2.166762351989746,8.811240196228027,0.5768330693244934,0.004154643043875694,4.8568220138549805,0.0,0.0,0.0,0.0,0.0,0.0,0.0,0.0,0.0,0.0,0.0,0.0,0.0,0.0,0.0,0.0,0.0,0.0,4389.048871908354,4308.516450009214,7834.840718660641
PINN20260511,2,33,pretrain,45.41300964355469,14.187189102172852,2.1528759002685547,8.798481941223145,0.7652801871299744,0.005108906887471676,4.857545852661133,0.0,0.0,0.0,0.0,0.0,0.0,0.0,0.0,0.0,0.0,0.0,0.0,0.0,0.0,0.0,0.0,0.0,0.0,4379.257928005612,4302.779101929356,7824.415421208637
PINN20260511,2,35,pretrain,45.21241760253906,14.123579025268555,2.1345341205596924,8.784616470336914,0.8745348453521729,0.005876403767615557,4.869500160217285,0.0,0.0,0.0,0.0,0.0,0.0,0.0,0.0,0.0,0.0,0.0,0.0,0.0,0.0,0.0,0.0,0.0,0.0,4366.137652433785,4295.887568361165,7811.85300634313
PINN20260511,2,37,pretrain,44.85117721557617,14.009489059448242,2.1107215881347656,8.764382362365723,0.7237703800201416,0.006752979476004839,4.8850507736206055,0.0,0.0,0.0,0.0,0.0,0.0,0.0,0.0,0.0,0.0,0.0,0.0,0.0,0.0,0.0,0.0,0.0,0.0,4342.54441543204,4284.529845852401,7791.095410607472
PINN20260511,2,39,pretrain,44.22034454345703,13.808923721313477,2.051300048828125,8.735462188720703,1.0415021181106567,0.007711637765169144,4.9109649658203125,0.0,0.0,0.0,0.0,0.0,0.0,0.0,0.0,0.0,0.0,0.0,0.0,0.0,0.0,0.0,0.0,0.0,0.0,4302.809547260952,4265.3171042725535,7755.986274943854
PINN20260511,2,41,pretrain,43.31142807006836,13.5169677734375,2.009929656982422,8.694124221801758,0.8368074297904968,0.00872939545661211,4.980177879333496,0.0,0.0,0.0,0.0,0.0,0.0,0.0,0.0,0.0,0.0,0.0,0.0,0.0,0.0,0.0,0.0,0.0,0.0,4267.388662871007,4231.0291892162595,7692.688686454574
PINN20260511,2,43,pretrain,43.40098571777344,13.539957046508789,2.0585389137268066,8.635697364807129,1.2351887226104736,0.009792689234018326,5.171159267425537,0.0,0.0,0.0,0.0,0.0,0.0,0.0,0.0,0.0,0.0,0.0,0.0,0.0,0.0,0.0,0.0,0.0,0.0,4301.068239402858,4191.291447752113,7619.984625185531
PINN20260511,2,45,pretrain,43.73406982421875,13.684976577758789,1.7818458080291748,8.571311950683594,3.6975317001342773,0.010868705809116364,5.086510181427002,0.0,0.0,0.0,0.0,0.0,0.0,0.0,0.0,0.0,0.0,0.0,0.0,0.0,0.0,0.0,0.0,0.0,0.0,4281.771362415327,4166.595732729538,7573.140311912887
PINN20260511,2,47,pretrain,42.646427154541016,13.329964637756348,1.71603524684906,8.512900352478027,4.796753406524658,0.011741958558559418,5.039433479309082,0.0,0.0,0.0,0.0,0.0,0.0,0.0,0.0,0.0,0.0,0.0,0.0,0.0,0.0,0.0,0.0,0.0,0.0,4219.924880847999,4158.6420860660755,7560.992127010894
PINN20260511,2,49,pretrain,41.76295471191406,13.04495906829834,1.7438524961471558,8.462059020996094,3.187068462371826,0.012450292706489563,5.008997440338135,0.0,0.0,0.0,0.0,0.0,0.0,0.0,0.0,0.0,0.0,0.0,0.0,0.0,0.0,0.0,0.0,0.0,0.0,4192.583451763364,4154.282368833395,7552.463168031017
PINN20260511,2,52,pretrain,41.13853073120117,12.861139297485352,1.6459214687347412,8.362555503845215,2.9819366931915283,0.013325267471373081,4.908291816711426,0.0,0.0,0.0,0.0,0.0,0.0,0.0,0.0,0.0,0.0,0.0,0.0,0.0,0.0,0.0,0.0,0.0,0.0,4154.124697213602,4110.959498705868,7473.703048764296
PINN20260511,2,54,pretrain,40.33333969116211,12.617469787597656,1.5286046266555786,8.273946762084961,3.092069149017334,0.013654458336532116,4.877704620361328,0.0,0.0,0.0,0.0,0.0,0.0,0.0,0.0,0.0,0.0,0.0,0.0,0.0,0.0,0.0,0.0,0.0,0.0,4101.833980063065,4047.268090947275,7355.290350410773
PINN20260511,2,56,pretrain,39.00569534301758,12.223918914794922,1.1811262369155884,8.152092933654785,5.647761344909668,0.013805435039103031,4.821065425872803,0.0,0.0,0.0,0.0,0.0,0.0,0.0,0.0,0.0,0.0,0.0,0.0,0.0,0.0,0.0,0.0,0.0,0.0,4020.674197196286,3933.9740721057124,7140.970275567595
PINN20260511,2,58,pretrain,37.137535095214844,11.656905174255371,0.8589646816253662,7.96851921081543,7.18170166015625,0.013801301829516888,4.777848243713379,0.0,0.0,0.0,0.0,0.0,0.0,0.0,0.0,0.0,0.0,0.0,0.0,0.0,0.0,0.0,0.0,0.0,0.0,3908.191781374092,3745.2501919097476,6791.795729070428
PINN20260511,2,60,pretrain,34.75581359863281,10.899191856384277,0.9011712670326233,7.6917219161987305,3.4653987884521484,0.013646780513226986,4.866508483886719,0.0,0.0,0.0,0.0,0.0,0.0,0.0,0.0,0.0,0.0,0.0,0.0,0.0,0.0,0.0,0.0,0.0,0.0,3758.205289762655,3478.267384776507,6305.172168348509
PINN20260511,2,62,pretrain,31.930940628051758,10.008155822753906,0.7754272222518921,7.327201843261719,2.665945529937744,0.013447898440063,5.026455879211426,0.0,0.0,0.0,0.0,0.0,0.0,0.0,0.0,0.0,0.0,0.0,0.0,0.0,0.0,0.0,0.0,0.0,0.0,3613.8857203846387,3257.434880392853,5902.946810491531
PINN20260511,2,64,pretrain,30.08284568786621,9.423601150512695,0.5591638088226318,6.975339889526367,6.869683265686035,0.013247276656329632,5.339303016662598,0.0,0.0,0.0,0.0,0.0,0.0,0.0,0.0,0.0,0.0,0.0,0.0,0.0,0.0,0.0,0.0,0.0,0.0,3539.4390798543204,3203.087260753288,5792.744396244205
PINN20260511,2,66,pretrain,28.801345825195312,9.021942138671875,0.4659622311592102,6.690544128417969,8.221491813659668,0.01324489712715149,5.180938720703125,0.0,0.0,0.0,0.0,0.0,0.0,0.0,0.0,0.0,0.0,0.0,0.0,0.0,0.0,0.0,0.0,0.0,0.0,3454.1011855474067,3142.5892190994355,5690.004671780049
PINN20260511,2,68,pretrain,27.4045467376709,8.593000411987305,0.5527476072311401,6.462192058563232,2.83669114112854,0.013364250771701336,4.7185468673706055,0.0,0.0,0.0,0.0,0.0,0.0,0.0,0.0,0.0,0.0,0.0,0.0,0.0,0.0,0.0,0.0,0.0,0.0,3366.019904872816,3067.676319300979,5558.120177912113
PINN20260511,2,70,pretrain,25.7611083984375,8.069587707519531,0.6094515919685364,6.082136154174805,1.5596691370010376,0.013513072393834591,4.2218499183654785,0.0,0.0,0.0,0.0,0.0,0.0,0.0,0.0,0.0,0.0,0.0,0.0,0.0,0.0,0.0,0.0,0.0,0.0,3228.73582071993,2939.231021883105,5326.546275263093
PINN20260511,2,73,pretrain,21.442981719970703,6.704489707946777,0.561776876449585,5.0795183181762695,1.6361128091812134,0.013672503642737865,3.652296781539917,0.0,0.0,0.0,0.0,0.0,0.0,0.0,0.0,0.0,0.0,0.0,0.0,0.0,0.0,0.0,0.0,0.0,0.0,2892.375840031859,2646.6661104113605,4784.147825118747
PINN20260511,2,75,pretrain,17.676265716552734,5.542605876922607,0.37012583017349243,4.109000205993652,2.079334259033203,0.013782038353383541,3.2865378856658936,0.0,0.0,0.0,0.0,0.0,0.0,0.0,0.0,0.0,0.0,0.0,0.0,0.0,0.0,0.0,0.0,0.0,0.0,2588.1234514605367,2401.1377511504834,4330.147148912217
PINN20260511,2,77,pretrain,13.396869659423828,4.209198474884033,0.1609501838684082,3.1353466510772705,3.0864644050598145,0.01392056979238987,2.95853853225708,0.0,0.0,0.0,0.0,0.0,0.0,0.0,0.0,0.0,0.0,0.0,0.0,0.0,0.0,0.0,0.0,0.0,0.0,2182.483676914904,2071.5955203658846,3728.027240762418
PINN20260511,2,79,pretrain,8.67099380493164,2.703183650970459,0.18063148856163025,2.0364761352539062,3.1916065216064453,0.014015507884323597,2.70816969871521,0.0,0.0,0.0,0.0,0.0,0.0,0.0,0.0,0.0,0.0,0.0,0.0,0.0,0.0,0.0,0.0,0.0,0.0,1646.2424639159324,1612.7188223617904,2905.3331179699094
PINN20260511,2,81,pretrain,4.4191694259643555,1.3541359901428223,0.20066338777542114,1.069804310798645,2.123462677001953,0.014080997556447983,2.517155408859253,0.0,0.0,0.0,0.0,0.0,0.0,0.0,0.0,0.0,0.0,0.0,0.0,0.0,0.0,0.0,0.0,0.0,0.0,1124.1596305685416,1188.5737251008034,2153.8280559262244
PINN20260511,2,83,pretrain,2.291996717453003,0.7033700942993164,0.12017427384853363,0.5384324193000793,0.7056397199630737,0.01416181493550539,2.370962142944336,0.0,0.0,0.0,0.0,0.0,0.0,0.0,0.0,0.0,0.0,0.0,0.0,0.0,0.0,0.0,0.0,0.0,0.0,929.834326641042,1186.5391902503684,2172.681363758298
PINN20260511,2,85,pretrain,2.220341444015503,0.6747458577156067,0.17823973298072815,0.45246782898902893,0.8245078325271606,0.014308951795101166,2.2745795249938965,0.0,0.0,0.0,0.0,0.0,0.0,0.0,0.0,0.0,0.0,0.0,0.0,0.0,0.0,0.0,0.0,0.0,0.0,1015.1318879830344,1403.7773149613154,2565.841676733253
PINN20260511,2,87,pretrain,2.7804341316223145,0.861400842666626,0.1717943698167801,0.4050780236721039,1.4659438133239746,0.014543839730322361,2.2421748638153076,0.0,0.0,0.0,0.0,0.0,0.0,0.0,0.0,0.0,0.0,0.0,0.0,0.0,0.0,0.0,0.0,0.0,0.0,1109.6354694222784,1571.1164024349055,2873.6517252316594
PINN20260511,2,89,pretrain,3.0789475440979004,0.9541411399841309,0.11572292447090149,0.551235020160675,2.4207847118377686,0.014637746848165989,2.2110848426818848,0.0,0.0,0.0,0.0,0.0,0.0,0.0,0.0,0.0,0.0,0.0,0.0,0.0,0.0,0.0,0.0,0.0,0.0,1113.642222619096,1571.771134739406,2865.6112347374383
PINN20260511,2,92,pretrain,2.494687795639038,0.7726273536682129,0.10926727950572968,0.3530309796333313,2.578299045562744,0.014839310199022293,2.2096357345581055,0.0,0.0,0.0,0.0,0.0,0.0,0.0,0.0,0.0,0.0,0.0,0.0,0.0,0.0,0.0,0.0,0.0,0.0,938.1171302134932,1446.1822153518553,2635.4053693439173
PINN20260511,2,94,pretrain,1.8367220163345337,0.5569180846214294,0.13361342251300812,0.3454737067222595,1.5033204555511475,0.014784343540668488,2.2162528038024902,0.0,0.0,0.0,0.0,0.0,0.0,0.0,0.0,0.0,0.0,0.0,0.0,0.0,0.0,0.0,0.0,0.0,0.0,806.5094156300967,1345.376016212568,2459.6551172635072
PINN20260511,2,96,pretrain,1.3347207307815552,0.4100610017776489,0.09656684100627899,0.2087145894765854,0.7255690693855286,0.014809434302151203,2.2485673427581787,0.0,0.0,0.0,0.0,0.0,0.0,0.0,0.0,0.0,0.0,0.0,0.0,0.0,0.0,0.0,0.0,0.0,0.0,711.5118147297345,1187.8641546910994,2165.1534233652096
PINN20260511,2,98,pretrain,1.0696414709091187,0.3210843801498413,0.09763588756322861,0.2032652050256729,0.8458701968193054,0.014731699600815773,2.280688762664795,0.0,0.0,0.0,0.0,0.0,0.0,0.0,0.0,0.0,0.0,0.0,0.0,0.0,0.0,0.0,0.0,0.0,0.0,592.1968369976321,1133.696057151122,2076.511937197219
PINN20260511,2,100,pretrain,0.9125238656997681,0.24638548493385315,0.24417762458324432,0.12661944329738617,1.297736406326294,0.014910067431628704,2.295588493347168,0.0,0.0,0.0,0.0,0.0,0.0,0.0,0.0,0.0,0.0,0.0,0.0,0.0,0.0,0.0,0.0,0.0,0.0,578.3657741861979,1092.308564463357,1994.1670115998982
PINN20260511,2,102,pretrain,1.0649060010910034,0.25141245126724243,0.4881713390350342,0.11525296419858932,2.176617383956909,0.0149419279769063,2.3151445388793945,0.0,0.0,0.0,0.0,0.0,0.0,0.0,0.0,0.0,0.0,0.0,0.0,0.0,0.0,0.0,0.0,0.0,0.0,586.5494970588586,1089.7469889841402,2011.4111186836194
PINN20260511,2,104,pretrain,0.9063045382499695,0.25599175691604614,0.18516388535499573,0.11458493024110794,1.1415181159973145,0.015088927932083607,2.3044188022613525,0.0,0.0,0.0,0.0,0.0,0.0,0.0,0.0,0.0,0.0,0.0,0.0,0.0,0.0,0.0,0.0,0.0,0.0,588.7030501449776,1093.1598693695264,1997.6928844928063
PINN20260511,2,106,pretrain,1.2191232442855835,0.2533656358718872,0.7583391666412354,0.11867894977331161,2.806049346923828,0.015290835872292519,2.279352903366089,0.0,0.0,0.0,0.0,0.0,0.0,0.0,0.0,0.0,0.0,0.0,0.0,0.0,0.0,0.0,0.0,0.0,0.0,580.2832282601316,1113.2455928500233,2039.2149263166857
PINN20260511,2,108,pretrain,0.8206430673599243,0.24787193536758423,0.07822537422180176,0.13137006759643555,0.5820282697677612,0.015371095389127731,2.2791359424591064,0.0,0.0,0.0,0.0,0.0,0.0,0.0,0.0,0.0,0.0,0.0,0.0,0.0,0.0,0.0,0.0,0.0,0.0,603.9827967334832,1122.0534189600778,2051.733120750083
PINN20260511,2,110,pretrain,0.986416757106781,0.2601045072078705,0.2923576831817627,0.1356734335422516,1.6394872665405273,0.015317950397729874,2.27421498298645,0.0,0.0,0.0,0.0,0.0,0.0,0.0,0.0,0.0,0.0,0.0,0.0,0.0,0.0,0.0,0.0,0.0,0.0,519.9111702973884,1140.179152589627,2092.558063650307
PINN20260511,2,113,pretrain,0.699177086353302,0.18247827887535095,0.22190947830677032,0.11434248089790344,0.8959498405456543,0.015716927126049995,2.2356650829315186,0.0,0.0,0.0,0.0,0.0,0.0,0.0,0.0,0.0,0.0,0.0,0.0,0.0,0.0,0.0,0.0,0.0,0.0,513.7934896434559,1194.7397729212835,2179.3011406949217
PINN20260511,2,115,pretrain,0.6788280606269836,0.17986705899238586,0.19315239787101746,0.14507313072681427,0.6818004250526428,0.015810616314411163,2.22004771232605,0.0,0.0,0.0,0.0,0.0,0.0,0.0,0.0,0.0,0.0,0.0,0.0,0.0,0.0,0.0,0.0,0.0,0.0,487.54192127446845,1226.8495221501291,2243.203463255963
PINN20260511,2,117,pretrain,0.6286356449127197,0.1696314811706543,0.1567297726869583,0.11586605757474899,0.9101543426513672,0.01595267467200756,2.2139573097229004,0.0,0.0,0.0,0.0,0.0,0.0,0.0,0.0,0.0,0.0,0.0,0.0,0.0,0.0,0.0,0.0,0.0,0.0,506.40435918344934,1233.6813810704934,2248.3127490502807
PINN20260511,2,119,pretrain,0.5783370733261108,0.16589270532131195,0.08128563314676285,0.13704714179039001,0.6303355693817139,0.016051724553108215,2.1972994804382324,0.0,0.0,0.0,0.0,0.0,0.0,0.0,0.0,0.0,0.0,0.0,0.0,0.0,0.0,0.0,0.0,0.0,0.0,527.5153433787495,1245.3031257489079,2272.5832669551683
PINN20260511,2,121,pretrain,0.7816097736358643,0.22675539553165436,0.12138359248638153,0.11689408123493195,0.8636494874954224,0.016216401010751724,2.1899280548095703,0.0,0.0,0.0,0.0,0.0,0.0,0.0,0.0,0.0,0.0,0.0,0.0,0.0,0.0,0.0,0.0,0.0,0.0,450.7146408760204,1195.7314706906395,2180.5890526269336
PINN20260511,2,123,pretrain,0.693015992641449,0.20099228620529175,0.08269443362951279,0.18345610797405243,0.6000330448150635,0.01613069698214531,2.18168568611145,0.0,0.0,0.0,0.0,0.0,0.0,0.0,0.0,0.0,0.0,0.0,0.0,0.0,0.0,0.0,0.0,0.0,0.0,534.2251983012408,1198.4770544319988,2184.2640015799193
PINN20260511,2,125,pretrain,0.5942230820655823,0.14134448766708374,0.2471684068441391,0.10704637318849564,1.25980544090271,0.016186170279979706,2.1840436458587646,0.0,0.0,0.0,0.0,0.0,0.0,0.0,0.0,0.0,0.0,0.0,0.0,0.0,0.0,0.0,0.0,0.0,0.0,495.03775108571267,1195.307805546337,2188.92137531521
PINN20260511,2,127,pretrain,0.6222360134124756,0.18158237636089325,0.09166272729635239,0.10128950327634811,0.56998211145401,0.016304420307278633,2.179840087890625,0.0,0.0,0.0,0.0,0.0,0.0,0.0,0.0,0.0,0.0,0.0,0.0,0.0,0.0,0.0,0.0,0.0,0.0,437.910646565027,1151.1603928210873,2097.930797657833
PINN20260511,2,129,pretrain,0.5512216687202454,0.15313273668289185,0.10810507088899612,0.12946124374866486,0.5939343571662903,0.016284428536891937,2.169491767883301,0.0,0.0,0.0,0.0,0.0,0.0,0.0,0.0,0.0,0.0,0.0,0.0,0.0,0.0,0.0,0.0,0.0,0.0,430.75961248705755,1142.8986175510056,2084.6607594119296
PINN20260511,2,132,pretrain,0.5401760339736938,0.1470920443534851,0.1343173086643219,0.08867892622947693,0.7002731561660767,0.016361594200134277,2.1657583713531494,0.0,0.0,0.0,0.0,0.0,0.0,0.0,0.0,0.0,0.0,0.0,0.0,0.0,0.0,0.0,0.0,0.0,0.0,445.72129043831865,1139.2049310813222,2079.7108355335827
PINN20260511,2,134,pretrain,0.5016424655914307,0.14371322095394135,0.06815892457962036,0.1328212469816208,0.49295544624328613,0.016359843313694,2.156153440475464,0.0,0.0,0.0,0.0,0.0,0.0,0.0,0.0,0.0,0.0,0.0,0.0,0.0,0.0,0.0,0.0,0.0,0.0,421.33469104145695,1149.328989019245,2099.591249882309
PINN20260511,2,136,pretrain,0.46708738803863525,0.13402679562568665,0.07404619455337524,0.08773646503686905,0.5218313336372375,0.01644095964729786,2.1548826694488525,0.0,0.0,0.0,0.0,0.0,0.0,0.0,0.0,0.0,0.0,0.0,0.0,0.0,0.0,0.0,0.0,0.0,0.0,436.2664037030585,1138.5314005331604,2076.024811465504
PINN20260511,2,138,pretrain,0.45567217469215393,0.12768813967704773,0.07685642689466476,0.11435917764902115,0.5653858780860901,0.016412874683737755,2.1536076068878174,0.0,0.0,0.0,0.0,0.0,0.0,0.0,0.0,0.0,0.0,0.0,0.0,0.0,0.0,0.0,0.0,0.0,0.0,438.16146424577323,1159.2702445935547,2122.2716164355716
PINN20260511,2,140,pretrain,0.4909878969192505,0.14325998723506927,0.07020977139472961,0.08126211166381836,0.49253207445144653,0.016478730365633965,2.1526753902435303,0.0,0.0,0.0,0.0,0.0,0.0,0.0,0.0,0.0,0.0,0.0,0.0,0.0,0.0,0.0,0.0,0.0,0.0,410.05698917955294,1121.7978873219542,2046.2332810950948
PINN20260511,2,142,pretrain,0.424772173166275,0.12017345428466797,0.06829854846000671,0.10403052717447281,0.4648211896419525,0.016452599316835403,2.147298574447632,0.0,0.0,0.0,0.0,0.0,0.0,0.0,0.0,0.0,0.0,0.0,0.0,0.0,0.0,0.0,0.0,0.0,0.0,419.30411099821094,1138.1637623821978,2083.222135422943
PINN20260511,2,144,pretrain,0.43871963024139404,0.1249934732913971,0.07644890993833542,0.07678728550672531,0.5078645944595337,0.016478516161441803,2.149667978286743,0.0,0.0,0.0,0.0,0.0,0.0,0.0,0.0,0.0,0.0,0.0,0.0,0.0,0.0,0.0,0.0,0.0,0.0,420.03697753888287,1105.8973731770955,2019.7040085602716
PINN20260511,2,146,pretrain,0.43136271834373474,0.12319605052471161,0.06136232987046242,0.11028695106506348,0.4518013000488281,0.016447581350803375,2.1459157466888428,0.0,0.0,0.0,0.0,0.0,0.0,0.0,0.0,0.0,0.0,0.0,0.0,0.0,0.0,0.0,0.0,0.0,0.0,398.95870322002,1118.9784962187612,2047.8928492608377
PINN20260511,2,148,pretrain,0.40493491291999817,0.1171794980764389,0.0595298670232296,0.07420942187309265,0.4394811987876892,0.016497164964675903,2.1464574337005615,0.0,0.0,0.0,0.0,0.0,0.0,0.0,0.0,0.0,0.0,0.0,0.0,0.0,0.0,0.0,0.0,0.0,0.0,413.7482817184864,1096.4703598365074,2001.9901677566963
PINN20260511,2,150,pretrain,0.4101363718509674,0.11683128029108047,0.05865484103560448,0.10600490123033524,0.45570576190948486,0.01645725406706333,2.1425869464874268,0.0,0.0,0.0,0.0,0.0,0.0,0.0,0.0,0.0,0.0,0.0,0.0,0.0,0.0,0.0,0.0,0.0,0.0,390.8064778442138,1112.7790661222919,2038.3464138933532
PINN20260511,2,153,pretrain,0.3933405876159668,0.11068630963563919,0.06439776718616486,0.1021605059504509,0.43253281712532043,0.01647288165986538,2.138468027114868,0.0,0.0,0.0,0.0,0.0,0.0,0.0,0.0,0.0,0.0,0.0,0.0,0.0,0.0,0.0,0.0,0.0,0.0,385.6446105224342,1086.3741298466196,1984.2067714734596
PINN20260511,2,155,pretrain,0.3967597782611847,0.1139313280582428,0.06470699608325958,0.07015707343816757,0.42904427647590637,0.016509683802723885,2.140523910522461,0.0,0.0,0.0,0.0,0.0,0.0,0.0,0.0,0.0,0.0,0.0,0.0,0.0,0.0,0.0,0.0,0.0,0.0,382.43359309166345,1103.064877965027,2021.2117690660375
PINN20260511,2,157,pretrain,0.36394378542900085,0.10297954827547073,0.055716633796691895,0.09457270801067352,0.41161367297172546,0.016466062515974045,2.1369717121124268,0.0,0.0,0.0,0.0,0.0,0.0,0.0,0.0,0.0,0.0,0.0,0.0,0.0,0.0,0.0,0.0,0.0,0.0,369.7737061366046,1074.4753370831738,1963.6647634390151
PINN20260511,2,159,pretrain,0.4006515443325043,0.1161695346236229,0.060459282249212265,0.06871628761291504,0.408503919839859,0.016502179205417633,2.138916254043579,0.0,0.0,0.0,0.0,0.0,0.0,0.0,0.0,0.0,0.0,0.0,0.0,0.0,0.0,0.0,0.0,0.0,0.0,385.53724690359036,1094.531121074225,2006.1491836534594
PINN20260511,2,161,pretrain,0.33586347103118896,0.09474031627178192,0.054059043526649475,0.08310855180025101,0.3995664119720459,0.01644916459918022,2.135713577270508,0.0,0.0,0.0,0.0,0.0,0.0,0.0,0.0,0.0,0.0,0.0,0.0,0.0,0.0,0.0,0.0,0.0,0.0,356.3439020980996,1061.959038758087,1942.062226777996
PINN20260511,2,163,pretrain,0.4067396819591522,0.11712303012609482,0.06679671257734299,0.06813438981771469,0.4172687530517578,0.016478540375828743,2.139268159866333,0.0,0.0,0.0,0.0,0.0,0.0,0.0,0.0,0.0,0.0,0.0,0.0,0.0,0.0,0.0,0.0,0.0,0.0,387.0421286823955,1091.2813569377972,2000.6824582128525
PINN20260511,2,165,pretrain,0.31241461634635925,0.08764654397964478,0.05276818946003914,0.07670239359140396,0.387520432472229,0.016423434019088745,2.1369190216064453,0.0,0.0,0.0,0.0,0.0,0.0,0.0,0.0,0.0,0.0,0.0,0.0,0.0,0.0,0.0,0.0,0.0,0.0,349.35738998552756,1053.6774292922858,1927.0432637576068
PINN20260511,2,167,pretrain,0.3299804627895355,0.09452924132347107,0.0519954189658165,0.06393402814865112,0.38041117787361145,0.016424909234046936,2.1382522583007812,0.0,0.0,0.0,0.0,0.0,0.0,0.0,0.0,0.0,0.0,0.0,0.0,0.0,0.0,0.0,0.0,0.0,0.0,337.85436257727974,1056.8652941600458,1934.2533099065438
PINN20260511,2,169,pretrain,0.38674360513687134,0.10915891826152802,0.056331831961870193,0.11518437415361404,0.403204083442688,0.01632808893918991,2.1376876831054688,0.0,0.0,0.0,0.0,0.0,0.0,0.0,0.0,0.0,0.0,0.0,0.0,0.0,0.0,0.0,0.0,0.0,0.0,398.12760988155543,1047.5550104887093,1914.5397975904214
PINN20260511,2,172,pretrain,0.408180832862854,0.11244966089725494,0.09186023473739624,0.06498302519321442,0.5952545404434204,0.016380345448851585,2.1440577507019043,0.0,0.0,0.0,0.0,0.0,0.0,0.0,0.0,0.0,0.0,0.0,0.0,0.0,0.0,0.0,0.0,0.0,0.0,370.9750033694993,1070.5806835544904,1964.0126017888135
PINN20260511,2,174,pretrain,0.32203036546707153,0.0801461711525917,0.1137455552816391,0.06400752812623978,0.5958778262138367,0.016311626881361008,2.144930601119995,0.0,0.0,0.0,0.0,0.0,0.0,0.0,0.0,0.0,0.0,0.0,0.0,0.0,0.0,0.0,0.0,0.0,0.0,360.7843993474496,1031.6763058246515,1888.1427940098138
PINN20260511,2,176,pretrain,0.3936411738395691,0.08747176826000214,0.1874198466539383,0.09532377123832703,0.9225603342056274,0.016195330768823624,2.1520256996154785,0.0,0.0,0.0,0.0,0.0,0.0,0.0,0.0,0.0,0.0,0.0,0.0,0.0,0.0,0.0,0.0,0.0,0.0,313.9094216489846,1035.9292326216112,1908.0481018122168
PINN20260511,2,178,pretrain,0.3146916627883911,0.08372726291418076,0.08376555889844894,0.06074044108390808,0.47395116090774536,0.016261588782072067,2.154723882675171,0.0,0.0,0.0,0.0,0.0,0.0,0.0,0.0,0.0,0.0,0.0,0.0,0.0,0.0,0.0,0.0,0.0,0.0,311.26376726580304,1028.4346114362352,1880.913402029791
PINN20260511,2,180,pretrain,0.3336455821990967,0.07674062997102737,0.14916649460792542,0.08426009118556976,0.5994195342063904,0.016233861446380615,2.149968147277832,0.0,0.0,0.0,0.0,0.0,0.0,0.0,0.0,0.0,0.0,0.0,0.0,0.0,0.0,0.0,0.0,0.0,0.0,318.3051307315042,1020.3455909641596,1865.0914773920852
PINN20260511,2,182,pretrain,0.35411885380744934,0.08972690999507904,0.12216950953006744,0.06095677241683006,0.5831021666526794,0.01623917743563652,2.1596484184265137,0.0,0.0,0.0,0.0,0.0,0.0,0.0,0.0,0.0,0.0,0.0,0.0,0.0,0.0,0.0,0.0,0.0,0.0,346.35801564277386,1050.553842028099,1936.1401968731723
PINN20260511,2,184,pretrain,0.3100694417953491,0.06796959042549133,0.15406300127506256,0.064543716609478,0.8110213279724121,0.0161849744617939,2.160059928894043,0.0,0.0,0.0,0.0,0.0,0.0,0.0,0.0,0.0,0.0,0.0,0.0,0.0,0.0,0.0,0.0,0.0,0.0,356.82528112509067,1012.9843903042139,1851.6452501691103
PINN20260511,2,186,pretrain,0.325199156999588,0.07568321377038956,0.14164140820503235,0.08622965216636658,0.5041453838348389,0.016211094334721565,2.1524081230163574,0.0,0.0,0.0,0.0,0.0,0.0,0.0,0.0,0.0,0.0,0.0,0.0,0.0,0.0,0.0,0.0,0.0,0.0,304.75451186159654,1021.0827586439799,1872.126205802629
PINN20260511,2,188,pretrain,0.31659165024757385,0.08989547193050385,0.0544767901301384,0.05961250513792038,0.38721764087677,0.01627291552722454,2.1580679416656494,0.0,0.0,0.0,0.0,0.0,0.0,0.0,0.0,0.0,0.0,0.0,0.0,0.0,0.0,0.0,0.0,0.0,0.0,297.48440085154044,1015.7078812335759,1863.3035991893075
PINN20260511,2,190,pretrain,0.36981603503227234,0.10287105292081833,0.05578363314270973,0.11648362874984741,0.5007179975509644,0.016155075281858444,2.157529830932617,0.0,0.0,0.0,0.0,0.0,0.0,0.0,0.0,0.0,0.0,0.0,0.0,0.0,0.0,0.0,0.0,0.0,0.0,407.10715343137855,1013.187636866933,1849.808520186129
PINN20260511,2,193,pretrain,0.42080599069595337,0.12514106929302216,0.04749882221221924,0.07162275165319443,0.36544209718704224,0.016304314136505127,2.161137580871582,0.0,0.0,0.0,0.0,0.0,0.0,0.0,0.0,0.0,0.0,0.0,0.0,0.0,0.0,0.0,0.0,0.0,0.0,477.2089099650173,1100.9952315973035,2021.0364380293852
PINN20260511,2,195,pretrain,0.45459818840026855,0.13315054774284363,0.061533622443675995,0.07425596565008163,0.47642719745635986,0.016327766701579094,2.1603801250457764,0.0,0.0,0.0,0.0,0.0,0.0,0.0,0.0,0.0,0.0,0.0,0.0,0.0,0.0,0.0,0.0,0.0,0.0,286.66114032948377,999.5601532674259,1827.791879541214
PINN20260511,2,197,pretrain,0.39255470037460327,0.11176062375307083,0.04858887195587158,0.12570367753505707,0.3918823301792145,0.01616620272397995,2.1589767932891846,0.0,0.0,0.0,0.0,0.0,0.0,0.0,0.0,0.0,0.0,0.0,0.0,0.0,0.0,0.0,0.0,0.0,0.0,423.1908922105957,1009.3068785062351,1848.5867312925325
PINN20260511,2,199,pretrain,0.34630078077316284,0.07138236612081528,0.19002138078212738,0.08326314389705658,1.0245177745819092,0.016166092827916145,2.1665735244750977,0.0,0.0,0.0,0.0,0.0,0.0,0.0,0.0,0.0,0.0,0.0,0.0,0.0,0.0,0.0,0.0,0.0,0.0,316.5173770901054,1021.7414973955007,1881.1610594137676
PINN20260511,2,201,pretrain,0.3634360134601593,0.10181756317615509,0.07358210533857346,0.06440380960702896,0.41557469964027405,0.016293130815029144,2.167909860610962,0.0,0.0,0.0,0.0,0.0,0.0,0.0,0.0,0.0,0.0,0.0,0.0,0.0,0.0,0.0,0.0,0.0,0.0,297.0002630470216,1009.6932083558847,1848.2917171997985
PINN20260511,2,203,pretrain,0.3437359631061554,0.07926733046770096,0.1474875956773758,0.09597433358430862,0.6497656106948853,0.01622677408158779,2.1588804721832275,0.0,0.0,0.0,0.0,0.0,0.0,0.0,0.0,0.0,0.0,0.0,0.0,0.0,0.0,0.0,0.0,0.0,0.0,409.5865102453937,1000.2051664533632,1818.6059572391014
PINN20260511,2,205,pretrain,0.2823134958744049,0.07639435678720474,0.05175008624792099,0.09312675148248672,0.4315014183521271,0.016202688217163086,2.1635653972625732,0.0,0.0,0.0,0.0,0.0,0.0,0.0,0.0,0.0,0.0,0.0,0.0,0.0,0.0,0.0,0.0,0.0,0.0,298.55414605226974,1010.6258580701367,1856.3574136110767
PINN20260511,2,207,pretrain,0.3310965597629547,0.08725269138813019,0.09684184938669205,0.05914939567446709,0.45438283681869507,0.016260726377367973,2.1744942665100098,0.0,0.0,0.0,0.0,0.0,0.0,0.0,0.0,0.0,0.0,0.0,0.0,0.0,0.0,0.0,0.0,0.0,0.0,279.78159729957224,998.7689297329988,1836.0668561120256
PINN20260511,2,209,pretrain,0.31331667304039,0.08644868433475494,0.05229175090789795,0.10272219777107239,0.3640141487121582,0.016171379014849663,2.1687703132629395,0.0,0.0,0.0,0.0,0.0,0.0,0.0,0.0,0.0,0.0,0.0,0.0,0.0,0.0,0.0,0.0,0.0,0.0,395.17529733651116,991.6082895982668,1806.4632391582934
PINN20260511,2,212,pretrain,0.28936904668807983,0.08215643465518951,0.047770481556653976,0.05734889954328537,0.3772364854812622,0.01628144644200802,2.1746439933776855,0.0,0.0,0.0,0.0,0.0,0.0,0.0,0.0,0.0,0.0,0.0,0.0,0.0,0.0,0.0,0.0,0.0,0.0,358.7539089508294,1032.528813157289,1897.5240481505682
PINN20260511,2,214,pretrain,0.24268536269664764,0.06354360282421112,0.06577197462320328,0.05281311273574829,0.43029719591140747,0.016237767413258553,2.1784090995788574,0.0,0.0,0.0,0.0,0.0,0.0,0.0,0.0,0.0,0.0,0.0,0.0,0.0,0.0,0.0,0.0,0.0,0.0,334.9571567753106,977.3973091839367,1787.576994442971
PINN20260511,2,216,pretrain,0.3706197738647461,0.10550220310688019,0.044824037700891495,0.11959166079759598,0.38913965225219727,0.016147444024682045,2.173304557800293,0.0,0.0,0.0,0.0,0.0,0.0,0.0,0.0,0.0,0.0,0.0,0.0,0.0,0.0,0.0,0.0,0.0,0.0,305.2296906634412,974.1710257957789,1778.4797429311122
PINN20260511,2,218,pretrain,0.2675277888774872,0.07549142837524414,0.04505564272403717,0.054381441324949265,0.38246944546699524,0.0162739846855402,2.1791439056396484,0.0,0.0,0.0,0.0,0.0,0.0,0.0,0.0,0.0,0.0,0.0,0.0,0.0,0.0,0.0,0.0,0.0,0.0,355.17859724017717,1028.423793968226,1886.1507401169476
PINN20260511,2,220,pretrain,0.23785144090652466,0.06594628840684891,0.04419120028614998,0.05204581096768379,0.37538987398147583,0.01626121811568737,2.1806154251098633,0.0,0.0,0.0,0.0,0.0,0.0,0.0,0.0,0.0,0.0,0.0,0.0,0.0,0.0,0.0,0.0,0.0,0.0,315.76199996991403,971.693881837279,1773.5377505606034
PINN20260511,2,222,pretrain,0.32601845264434814,0.09148852527141571,0.0455634780228138,0.10577518492937088,0.38080722093582153,0.016144758090376854,2.1795594692230225,0.0,0.0,0.0,0.0,0.0,0.0,0.0,0.0,0.0,0.0,0.0,0.0,0.0,0.0,0.0,0.0,0.0,0.0,284.12329519946087,967.6099420737677,1771.4659321871989
PINN20260511,2,224,pretrain,0.2737859785556793,0.07701054215431213,0.04854244366288185,0.05635138973593712,0.3606427311897278,0.016252150759100914,2.1882922649383545,0.0,0.0,0.0,0.0,0.0,0.0,0.0,0.0,0.0,0.0,0.0,0.0,0.0,0.0,0.0,0.0,0.0,0.0,358.59246323298544,1025.1593778530244,1882.2826693813747
PINN20260511,2,226,pretrain,0.2370700091123581,0.0657484233379364,0.04368872940540314,0.05227402225136757,0.37627875804901123,0.016247261315584183,2.188197135925293,0.0,0.0,0.0,0.0,0.0,0.0,0.0,0.0,0.0,0.0,0.0,0.0,0.0,0.0,0.0,0.0,0.0,0.0,305.30375499246645,965.5149856423773,1762.040427184087
PINN20260511,2,228,pretrain,0.3113915026187897,0.08665906637907028,0.04802790284156799,0.1020076647400856,0.3499407172203064,0.016128363087773323,2.1870319843292236,0.0,0.0,0.0,0.0,0.0,0.0,0.0,0.0,0.0,0.0,0.0,0.0,0.0,0.0,0.0,0.0,0.0,0.0,279.72201602662597,963.3734348631376,1762.9393619224234
PINN20260511,2,231,pretrain,0.34525060653686523,0.09926928579807281,0.05438072606921196,0.06529245525598526,0.35969477891921997,0.016240468248724937,2.200613260269165,0.0,0.0,0.0,0.0,0.0,0.0,0.0,0.0,0.0,0.0,0.0,0.0,0.0,0.0,0.0,0.0,0.0,0.0,281.2561527104785,987.3722702203055,1811.0507855493743
PINN20260511,2,233,pretrain,0.22751417756080627,0.06032996624708176,0.04800678417086601,0.07562709599733353,0.3697737455368042,0.0161312073469162,2.1955723762512207,0.0,0.0,0.0,0.0,0.0,0.0,0.0,0.0,0.0,0.0,0.0,0.0,0.0,0.0,0.0,0.0,0.0,0.0,347.4448359991842,966.0108695040651,1760.403609016279
PINN20260511,2,235,pretrain,0.1962847262620926,0.0521487221121788,0.03936999291181564,0.06566688418388367,0.3510094881057739,0.016126658767461777,2.200606107711792,0.0,0.0,0.0,0.0,0.0,0.0,0.0,0.0,0.0,0.0,0.0,0.0,0.0,0.0,0.0,0.0,0.0,0.0,301.94381979517317,993.5850806548979,1824.323671009274
PINN20260511,2,237,pretrain,0.34639862179756165,0.09935744106769562,0.055552467703819275,0.06694486737251282,0.3580542206764221,0.01621471717953682,2.211198091506958,0.0,0.0,0.0,0.0,0.0,0.0,0.0,0.0,0.0,0.0,0.0,0.0,0.0,0.0,0.0,0.0,0.0,0.0,282.43420140804477,984.0200709335151,1806.070233685182
PINN20260511,2,239,pretrain,0.20435097813606262,0.05437270551919937,0.04144307225942612,0.06851553916931152,0.3404102921485901,0.016103150323033333,2.2065541744232178,0.0,0.0,0.0,0.0,0.0,0.0,0.0,0.0,0.0,0.0,0.0,0.0,0.0,0.0,0.0,0.0,0.0,0.0,322.7374005092995,958.055746029426,1747.1662538706278
PINN20260511,2,241,pretrain,0.1760827898979187,0.0457708016037941,0.04064566642045975,0.058253493160009384,0.33984240889549255,0.016111481934785843,2.2103488445281982,0.0,0.0,0.0,0.0,0.0,0.0,0.0,0.0,0.0,0.0,0.0,0.0,0.0,0.0,0.0,0.0,0.0,0.0,315.2572238466551,995.6143831825653,1828.1992698523138
PINN20260511,2,243,pretrain,0.37744444608688354,0.10863080620765686,0.05941328778862953,0.07219608128070831,0.3703076243400574,0.01619458757340908,2.2222366333007812,0.0,0.0,0.0,0.0,0.0,0.0,0.0,0.0,0.0,0.0,0.0,0.0,0.0,0.0,0.0,0.0,0.0,0.0,294.1626224344283,985.5580272109806,1809.624200144958
PINN20260511,2,245,pretrain,0.1777377426624298,0.046637170016765594,0.03795056417584419,0.05984262377023697,0.3441218137741089,0.016080252826213837,2.218181848526001,0.0,0.0,0.0,0.0,0.0,0.0,0.0,0.0,0.0,0.0,0.0,0.0,0.0,0.0,0.0,0.0,0.0,0.0,292.08579112137585,950.1498894911266,1732.986033468745
PINN20260511,2,247,pretrain,0.16139113903045654,0.04099356755614281,0.04198130965232849,0.05187392979860306,0.35224997997283936,0.016091948375105858,2.2219178676605225,0.0,0.0,0.0,0.0,0.0,0.0,0.0,0.0,0.0,0.0,0.0,0.0,0.0,0.0,0.0,0.0,0.0,0.0,302.7580252858708,986.5255635309204,1813.423454824043
PINN20260511,2,249,pretrain,0.3328598439693451,0.08620620518922806,0.1032603532075882,0.062007442116737366,0.5104787349700928,0.01612446829676628,2.237271547317505,0.0,0.0,0.0,0.0,0.0,0.0,0.0,0.0,0.0,0.0,0.0,0.0,0.0,0.0,0.0,0.0,0.0,0.0,251.74491833252563,963.6802828220572,1773.2381321421415
PINN20260511,2,252,pretrain,0.2649870812892914,0.06774407625198364,0.07457032054662704,0.08210178464651108,0.40246766805648804,0.016016310080885887,2.2290918827056885,0.0,0.0,0.0,0.0,0.0,0.0,0.0,0.0,0.0,0.0,0.0,0.0,0.0,0.0,0.0,0.0,0.0,0.0,246.3891500883308,940.9762550139084,1717.8475151403672
PINN20260511,2,254,pretrain,0.20430921018123627,0.05611730366945267,0.03782281279563904,0.0483352392911911,0.3689417839050293,0.016101015731692314,2.240027904510498,0.0,0.0,0.0,0.0,0.0,0.0,0.0,0.0,0.0,0.0,0.0,0.0,0.0,0.0,0.0,0.0,0.0,0.0,272.9131615550998,969.0935842321937,1781.1463405429902
PINN20260511,2,256,pretrain,0.16740459203720093,0.03737563267350197,0.07353849709033966,0.04583574831485748,0.46706458926200867,0.01601625606417656,2.247495412826538,0.0,0.0,0.0,0.0,0.0,0.0,0.0,0.0,0.0,0.0,0.0,0.0,0.0,0.0,0.0,0.0,0.0,0.0,294.58668079191904,941.7777736812437,1719.1863180490534
PINN20260511,2,258,pretrain,0.21768483519554138,0.05305462330579758,0.07407470792531967,0.06760871410369873,0.3980932831764221,0.016013994812965393,2.23899245262146,0.0,0.0,0.0,0.0,0.0,0.0,0.0,0.0,0.0,0.0,0.0,0.0,0.0,0.0,0.0,0.0,0.0,0.0,221.20767603656975,940.894255482517,1721.3465827947412
PINN20260511,2,260,pretrain,0.1895313858985901,0.05068988725543022,0.0424843430519104,0.04660714045166969,0.34490710496902466,0.0160776749253273,2.2498016357421875,0.0,0.0,0.0,0.0,0.0,0.0,0.0,0.0,0.0,0.0,0.0,0.0,0.0,0.0,0.0,0.0,0.0,0.0,222.36004200676433,942.5006631297402,1733.2919740289747
PINN20260511,2,262,pretrain,0.1862654834985733,0.04653157293796539,0.051894817501306534,0.0592288114130497,0.44387978315353394,0.015990223735570908,2.2494263648986816,0.0,0.0,0.0,0.0,0.0,0.0,0.0,0.0,0.0,0.0,0.0,0.0,0.0,0.0,0.0,0.0,0.0,0.0,255.23288232269368,932.9889133853628,1703.5116402551955
PINN20260511,2,264,pretrain,0.1624927967786789,0.04012459143996239,0.051595572382211685,0.04279675707221031,0.38809505105018616,0.01610150747001171,2.245600700378418,0.0,0.0,0.0,0.0,0.0,0.0,0.0,0.0,0.0,0.0,0.0,0.0,0.0,0.0,0.0,0.0,0.0,0.0,231.43288376438642,944.8964890399371,1730.6792108297857
PINN20260511,2,266,pretrain,0.14230118691921234,0.035834360867738724,0.036293815821409225,0.04760303720831871,0.3565295338630676,0.01604369655251503,2.2494118213653564,0.0,0.0,0.0,0.0,0.0,0.0,0.0,0.0,0.0,0.0,0.0,0.0,0.0,0.0,0.0,0.0,0.0,0.0,214.92852191193703,930.0230171882845,1703.5507595827437
PINN20260511,2,268,pretrain,0.1457187533378601,0.037045154720544815,0.038779594004154205,0.041900891810655594,0.3406658172607422,0.016098685562610626,2.249727964401245,0.0,0.0,0.0,0.0,0.0,0.0,0.0,0.0,0.0,0.0,0.0,0.0,0.0,0.0,0.0,0.0,0.0,0.0,220.050633377866,925.9306129511001,1692.3120906206925
PINN20260511,2,271,pretrain,0.13146184384822845,0.033220913261175156,0.03382875397801399,0.041503217071294785,0.32920438051223755,0.016081135720014572,2.253814220428467,0.0,0.0,0.0,0.0,0.0,0.0,0.0,0.0,0.0,0.0,0.0,0.0,0.0,0.0,0.0,0.0,0.0,0.0,220.65498202793881,921.7620693541256,1683.0804487058708
PINN20260511,2,273,pretrain,0.12984144687652588,0.03269485384225845,0.033816080540418625,0.040837373584508896,0.3340687155723572,0.016082437708973885,2.2563087940216064,0.0,0.0,0.0,0.0,0.0,0.0,0.0,0.0,0.0,0.0,0.0,0.0,0.0,0.0,0.0,0.0,0.0,0.0,207.37159053857883,920.2755701419005,1687.114571280194
PINN20260511,2,275,pretrain,0.12778843939304352,0.03185323625802994,0.03465409204363823,0.04182454198598862,0.32683849334716797,0.01606833189725876,2.258272886276245,0.0,0.0,0.0,0.0,0.0,0.0,0.0,0.0,0.0,0.0,0.0,0.0,0.0,0.0,0.0,0.0,0.0,0.0,206.76648400127618,920.696407617625,1685.2087266885455
PINN20260511,2,277,pretrain,0.13501080870628357,0.03365509957075119,0.03670171648263931,0.04454522952437401,0.33927974104881287,0.01603575423359871,2.263321876525879,0.0,0.0,0.0,0.0,0.0,0.0,0.0,0.0,0.0,0.0,0.0,0.0,0.0,0.0,0.0,0.0,0.0,0.0,202.9167586413207,915.6420561551331,1677.529159967442
PINN20260511,2,279,pretrain,0.12880872189998627,0.031085418537259102,0.04144641384482384,0.03924660384654999,0.3489970564842224,0.01606987975537777,2.2642269134521484,0.0,0.0,0.0,0.0,0.0,0.0,0.0,0.0,0.0,0.0,0.0,0.0,0.0,0.0,0.0,0.0,0.0,0.0,210.2813684239524,910.3972347277863,1665.4086766433625
PINN20260511,2,281,pretrain,0.141279935836792,0.0355735719203949,0.03974255919456482,0.03948073834180832,0.3395897150039673,0.016056420281529427,2.2735729217529297,0.0,0.0,0.0,0.0,0.0,0.0,0.0,0.0,0.0,0.0,0.0,0.0,0.0,0.0,0.0,0.0,0.0,0.0,200.10549951837905,910.0149037241093,1666.6592018047609
PINN20260511,2,283,pretrain,0.16258402168750763,0.04160725325345993,0.042199619114398956,0.05159417912364006,0.3171808421611786,0.01600572280585766,2.269256114959717,0.0,0.0,0.0,0.0,0.0,0.0,0.0,0.0,0.0,0.0,0.0,0.0,0.0,0.0,0.0,0.0,0.0,0.0,221.23657268577907,905.271057473948,1653.0485997844432
PINN20260511,2,285,pretrain,0.16637061536312103,0.04446288198232651,0.03605789691209793,0.043093450367450714,0.3167177140712738,0.016076670959591866,2.27687931060791,0.0,0.0,0.0,0.0,0.0,0.0,0.0,0.0,0.0,0.0,0.0,0.0,0.0,0.0,0.0,0.0,0.0,0.0,236.92759145728468,920.0644678499436,1690.0730468609197
PINN20260511,2,287,pretrain,0.12221948802471161,0.02980703115463257,0.03626956045627594,0.03918552026152611,0.34132546186447144,0.016024336218833923,2.275747537612915,0.0,0.0,0.0,0.0,0.0,0.0,0.0,0.0,0.0,0.0,0.0,0.0,0.0,0.0,0.0,0.0,0.0,0.0,215.8256946444283,901.1946238188508,1644.1624277250805
PINN20260511,2,289,pretrain,0.13422292470932007,0.03050350770354271,0.0552954263985157,0.03675683215260506,0.3856665790081024,0.016075951978564262,2.27209734916687,0.0,0.0,0.0,0.0,0.0,0.0,0.0,0.0,0.0,0.0,0.0,0.0,0.0,0.0,0.0,0.0,0.0,0.0,197.70971855854734,902.4943213117742,1654.41506597907
PINN20260511,2,292,pretrain,0.13031814992427826,0.03272726386785507,0.03411629796028137,0.04229411110281944,0.3309694528579712,0.016009286046028137,2.278179168701172,0.0,0.0,0.0,0.0,0.0,0.0,0.0,0.0,0.0,0.0,0.0,0.0,0.0,0.0,0.0,0.0,0.0,0.0,223.22246645723186,909.2473192151847,1666.49491682069
PINN20260511,2,294,pretrain,0.16708669066429138,0.04228908568620682,0.0488702766597271,0.040475230664014816,0.38446301221847534,0.0161103755235672,2.275184154510498,0.0,0.0,0.0,0.0,0.0,0.0,0.0,0.0,0.0,0.0,0.0,0.0,0.0,0.0,0.0,0.0,0.0,0.0,202.6614036545933,893.8545393407139,1633.0799844590736
PINN20260511,2,296,pretrain,0.13549937307834625,0.0318889394402504,0.04767648130655289,0.04109182208776474,0.38879746198654175,0.01601569913327694,2.279101610183716,0.0,0.0,0.0,0.0,0.0,0.0,0.0,0.0,0.0,0.0,0.0,0.0,0.0,0.0,0.0,0.0,0.0,0.0,194.8720633999394,896.2300206978117,1647.3270977502125
PINN20260511,2,298,pretrain,0.11905092746019363,0.029715541750192642,0.03275720775127411,0.035690050572156906,0.31938448548316956,0.01608414761722088,2.276054620742798,0.0,0.0,0.0,0.0,0.0,0.0,0.0,0.0,0.0,0.0,0.0,0.0,0.0,0.0,0.0,0.0,0.0,0.0,249.43772707331183,895.7363939798361,1631.331230294693
PINN20260511,2,300,pretrain,0.1932026445865631,0.0411134734749794,0.1027434766292572,0.0499444454908371,0.4250802993774414,0.016087010502815247,2.2627780437469482,0.0,0.0,0.0,0.0,0.0,0.0,0.0,0.0,0.0,0.0,0.0,0.0,0.0,0.0,0.0,0.0,0.0,0.0,192.98983943461894,889.7712838139922,1626.1062742612512
PINN20260511,2,302,physics,154237.421875,0.09742742776870728,0.03633221238851547,0.07648707181215286,0.30348917841911316,0.01620849035680294,2.2742769718170166,0.0,0.0,0.4433686435222626,711.6298217773438,0.0,0.0,2.567337560321903e-06,0.012909925542771816,1.2014625383471866e-07,4.252262186810185e-08,5523731.5,4353896.0,2278.64599609375,8895.7802734375,0.003704911796376109,2.6925311757963755e-08,0.04468393698334694,78.72201538085938,736.1333523893616,1138.1715600031482,2092.2877867607435
PINN20260511,2,304,physics,84372.7421875,1.1313955783843994,0.21285340189933777,0.8107199668884277,0.4243360459804535,0.016497289761900902,2.302234172821045,0.0,0.0,0.47044047713279724,401.6105041503906,0.0,0.0,2.5014269340317696e-06,0.011648465879261494,7.39983718744952e-08,3.8611684516354217e-08,2993351.25,2434429.0,1831.1629638671875,6056.4560546875,0.002973086666315794,2.7129409829740325e-08,0.028283536434173584,70.58077239990234,1766.5172656954135,1916.9872195713774,3506.050415850355
PINN20260511,2,306,physics,29616.849609375,3.987212657928467,0.6223194599151611,2.836028575897217,0.654426097869873,0.016870753839612007,2.3568637371063232,0.0,0.0,0.4914552569389343,152.9236602783203,0.0,0.0,2.494352429494029e-06,0.010051552206277847,3.4026328421532526e-08,3.503840773078082e-08,1027056.25,897624.5625,1291.5269775390625,3039.85400390625,0.0018816313240677118,2.6984658063611278e-08,0.016700906679034233,58.67223358154297,2850.8076925671435,2871.888577225795,5234.655780423759
PINN20260511,2,308,physics,4710.83935546875,8.266178131103516,1.2084155082702637,5.7483367919921875,0.850251317024231,0.017249226570129395,2.4495246410369873,0.0,0.0,0.4257363975048065,34.88813781738281,0.0,0.0,2.573020992713282e-06,0.00841083936393261,1.190125775707429e-08,3.177905938400727e-08,151632.21875,162041.390625,770.9841918945312,789.579345703125,0.0008466391591355205,2.6850132783806657e-08,0.03765290230512619,44.28208923339844,3769.2154356046035,3710.6585668853986,6752.937452057052
PINN20260511,2,311,physics,131.30528259277344,13.057117462158203,1.9296205043792725,8.303552627563477,2.993945360183716,0.017737729474902153,2.6684377193450928,0.0,0.0,0.16735820472240448,0.0,0.0,0.0,2.9757159154542023e-06,0.006259733811020851,3.0620928015423488e-09,2.7425244297774043e-08,3578.193603515625,1369.23583984375,199.7554168701172,9.850077629089355,3.4362754377070814e-05,2.9541848078906696e-08,0.05661296471953392,21.44648551940918,4262.270287065334,4211.4220876088875,7659.189183937336
PINN20260511,2,313,physics,68.52523040771484,13.551004409790039,2.130927562713623,8.391590118408203,5.844635009765625,0.017948513850569725,2.8765947818756104,0.0,0.0,0.04889236390590668,6.584298535017297e-05,0.0,0.0,2.819007022480946e-06,0.005002632737159729,8.546228169592496e-10,2.4826938727073866e-08,1152.4622802734375,128.5034942626953,28.983203887939453,4.872099876403809,2.0847048745054053e-06,6.39868744656269e-08,0.08812437206506729,10.062328338623047,4299.746969299473,4239.013564498231,7709.6396227214445
PINN20260511,2,315,physics,45.45029830932617,13.72132682800293,2.158017873764038,8.405586242675781,6.464704513549805,0.017906254157423973,3.1061110496520996,0.0,0.0,0.045451439917087555,1.5769441416742247e-13,0.0,0.0,3.05045477944077e-06,0.004076622426509857,1.1731009219584365e-10,2.2437802726926748e-08,57.1220817565918,12.611335754394531,2.3119845390319824,4.098994731903076,5.2080105206187e-07,1.6221966347984562e-07,0.03147102892398834,6.570201396942139,4319.370092964945,4246.047809434086,7722.4291472362975
PINN20260511,2,317,physics,44.39895248413086,13.802677154541016,2.171891212463379,8.406869888305664,7.304006576538086,0.017558902502059937,3.329432487487793,0.0,0.0,0.018316732719540596,2.318328552064486e-05,0.0,0.0,3.94103653889033e-06,0.003435231279581785,6.6702125593731676e-12,2.0258207555912122e-08,0.4585101902484894,0.7960423827171326,0.22180575132369995,2.7924883365631104,6.411537611938911e-08,8.621237412853588e-08,0.005198391620069742,1.1580787897109985,4325.822002810564,4247.263118762481,7724.6451832641815
PINN20260511,2,319,physics,44.42860412597656,13.820077896118164,2.1733474731445312,8.406953811645508,7.479072570800781,0.017368551343679428,3.549619674682617,0.0,0.0,0.02659054473042488,0.00011291573900962248,0.0,0.0,5.939621587458532e-06,0.00296105002053082,7.861801487596409e-13,1.829392815011488e-08,0.08111568540334702,0.12845438718795776,0.11380203813314438,2.272420644760132,1.88254620780981e-08,1.8651140071241446e-26,0.0029622549191117287,0.5097429752349854,4326.753517361487,4247.605443070248,7725.269221406134
PINN20260511,2,321,physics,44.42929458618164,13.820255279541016,2.1729142665863037,8.406978607177734,7.661298751831055,0.017061203718185425,3.7227632999420166,0.0,0.0,0.04461101442575455,7.395517604891211e-05,0.0,0.0,9.773096280696336e-06,0.0016007409431040287,5.493383525845275e-13,1.6525541823853018e-08,0.0925191193819046,0.07804595679044724,0.09880925714969635,2.1396126747131348,1.2678135874466534e-08,7.14495092649009e-29,0.004301924724131823,0.40871894359588623,4326.314366756073,4247.6245125952455,7725.308443112184
PINN20260511,2,323,physics,44.41897201538086,13.8160400390625,2.171799898147583,8.406989097595215,7.767495632171631,0.0137077821418643,3.783726215362549,0.0,0.0,0.06131889671087265,3.1972220313036814e-05,0.0,0.0,1.343664280284429e-05,5.833753675688058e-05,8.741542645990252e-13,1.4929973701782728e-08,0.16001513600349426,0.08512064814567566,0.10868772864341736,2.0990936756134033,1.19421006417042e-08,1.296398552742215e-30,0.006452435627579689,0.5902227759361267,4325.613482501644,4247.505150085165,7725.097296451888
PINN20260511,2,325,physics,44.38375473022461,13.811722755432129,2.1706552505493164,8.406951904296875,7.764083385467529,0.01334737241268158,3.8747332096099854,0.0,0.0,0.07258355617523193,1.6896208762773313e-05,0.0,0.0,6.040806511009578e-06,1.124617483583279e-05,1.4407678609190677e-12,1.3488102190706286e-08,0.286408007144928,0.10840211808681488,0.14879044890403748,0.8399258255958557,1.1330075544435658e-08,1.1156513293214665e-32,0.0089882118627429,0.6357851624488831,4324.9691328378285,4247.340815145401,7724.803496173831
PINN20260511,2,327,physics,44.37113952636719,13.807088851928711,2.169489622116089,8.406925201416016,7.659700870513916,0.009216836653649807,4.12720251083374,0.0,0.0,0.07482333481311798,1.3501186003850307e-05,0.0,0.0,2.654791160239256e-06,2.873284984161728e-06,2.682268252993114e-12,1.2185311426549106e-08,0.37753280997276306,0.17391934990882874,0.20201945304870605,0.8611521124839783,1.4427295802477147e-08,2.9521660723647036e-12,0.01027545053511858,0.8027468323707581,4324.026133131019,4247.128441665027,7724.42241763778
PINN20260511,2,329,physics,44.35188674926758,13.798694610595703,2.1685078144073486,8.40689468383789,7.463215351104736,0.009584279730916023,4.231465816497803,0.0,0.0,0.05068129301071167,4.492053994908929e-05,0.0,0.0,2.236423597423709e-06,2.7938347557210363e-05,7.430289022947179e-12,1.1007273315044586e-08,0.27214059233665466,0.4439030885696411,0.26665645837783813,1.284400224685669,2.67632831452147e-08,1.3459147130134852e-09,0.009606113657355309,1.2881336212158203,4322.377123759564,4246.866138695686,7723.951169122788
PINN20260511,2,332,physics,44.325496673583984,13.780889511108398,2.1680490970611572,8.406828880310059,7.354973316192627,0.010433983989059925,4.285159587860107,0.0,0.0,0.022113436833024025,0.00011109125625807792,0.0,0.0,2.564403303040308e-06,0.0008180254953913391,2.633587098399559e-11,9.447911786253371e-09,0.5216335654258728,1.6758443117141724,0.3915941119194031,1.764662265777588,5.718194628911988e-08,1.5744136661055563e-08,0.006614808924496174,2.195396900177002,4319.532845111841,4246.5275225765345,7723.342166018061
PINN20260511,2,334,physics,44.315616607666016,13.768598556518555,2.1666152477264404,8.406769752502441,7.2702436447143555,0.010658473707735538,4.297357082366943,0.0,0.0,0.018871355801820755,1.1607988881223719e-06,0.0,0.0,3.199195361958118e-06,0.0012780751567333937,4.39510754179917e-11,8.530466999445707e-09,1.1099703311920166,2.876955509185791,0.493025004863739,1.944366455078125,8.26583672619563e-08,2.1206290057307342e-08,0.005966865457594395,2.8007774353027344,4317.651908155635,4246.363620793679,7723.047347113182
PINN20260511,2,336,physics,44.30756759643555,13.757579803466797,2.1644949913024902,8.406707763671875,7.19580078125,0.010748423635959625,4.300633907318115,0.0,0.0,0.020786434412002563,2.6728230739792025e-10,0.0,0.0,4.328543127485318e-06,0.001490503316745162,6.560259280252723e-11,7.699795467885906e-09,1.6992168426513672,4.061524868011475,0.6062700748443604,2.0272648334503174,1.0330629862664864e-07,1.4929863567658685e-08,0.008061278611421585,3.0208451747894287,4316.279648030234,4246.279783528165,7722.896992895897
PINN20260511,2,338,physics,44.294498443603516,13.751874923706055,2.1626389026641846,8.406672477722168,7.176609992980957,0.010740255936980247,4.295378684997559,0.0,0.0,0.024832632392644882,2.3852553265868437e-10,0.0,0.0,5.8451155382499564e-06,0.0015458744019269943,8.353407549011038e-11,6.947561637105082e-09,1.771437168121338,4.52181339263916,0.6849976778030396,1.914974331855774,1.1045433723211318e-07,5.167991368182356e-09,0.00987724307924509,2.999070882797241,4315.952038658446,4246.310869448915,7722.952773445151
PINN20260511,2,340,physics,44.279258728027344,13.753108024597168,2.161677360534668,8.406673431396484,7.208008766174316,0.010660717263817787,4.282847881317139,0.0,0.0,0.030978210270404816,2.1954436879578765e-10,0.0,0.0,7.608719897689298e-06,0.0014973533106967807,8.718559207920862e-11,6.266655194764326e-09,1.2862826585769653,4.002106666564941,0.7046785354614258,1.6856435537338257,1.0414242268552698e-07,1.004736072118817e-09,0.011951491236686707,2.8798868656158447,4316.502982739616,4246.438507737985,7723.182161174737
PINN20260511,2,342,physics,44.272743225097656,13.75686264038086,2.1613011360168457,8.40669059753418,7.247978210449219,0.010531346313655376,4.2678117752075195,0.0,0.0,0.039500024169683456,2.208991323193743e-10,0.0,0.0,9.206713002640754e-06,0.001369057223200798,8.325127393016274e-11,5.650300671788955e-09,0.8856197595596313,3.281061887741089,0.6984378099441528,1.5336687564849854,9.608628204205161e-08,1.614454819831579e-10,0.011439507827162743,2.813542366027832,4316.774953596724,4246.565200253023,7723.410359463106
PINN20260511,2,344,physics,44.2663459777832,13.754972457885742,2.160537004470825,8.406682968139648,7.25262451171875,0.010371088050305843,4.2565531730651855,0.0,0.0,0.042719751596450806,2.5810387160873915e-10,0.0,0.0,1.010095547826495e-05,0.0011771220015361905,9.622402180609058e-11,5.092410493290345e-09,0.8372564911842346,3.332824468612671,0.7145745158195496,1.5186867713928223,1.0415283213660587e-07,4.185698315728459e-11,0.012021519243717194,2.672844409942627,4315.858663116762,4246.606645311053,7723.485119958973
PINN20260511,2,346,physics,44.25615692138672,13.74596118927002,2.158815622329712,8.406643867492676,7.215108871459961,0.010187418200075626,4.250616550445557,0.0,0.0,0.04022439569234848,4.6473780379585605e-10,0.0,0.0,1.0420141734357458e-05,0.000925691332668066,1.3939778498173183e-10,4.587985547033213e-09,1.1324210166931152,4.332330703735352,0.7651772499084473,1.5965498685836792,1.328429561908706e-07,2.2852244402349342e-11,0.01234439667314291,2.6977968215942383,4314.232260785226,4246.587806698456,7723.451588063158
PINN20260511,2,348,physics,44.25136184692383,13.736133575439453,2.1568281650543213,8.406598091125488,7.174600601196289,0.00997104961425066,4.246183395385742,0.0,0.0,0.04094090312719345,1.4447032459230513e-09,0.0,0.0,1.0740393008745741e-05,0.0006255994667299092,1.994464593479961e-10,4.131470277002336e-09,1.6833696365356445,5.632380962371826,0.8222705125808716,1.6637755632400513,1.6704834138181468e-07,1.0815020753951465e-11,0.012820452451705933,2.6005783081054688,4313.060398371439,4246.610177541612,7723.491301689353
PINN20260511,2,351,physics,44.242305755615234,13.732137680053711,2.155104637145996,8.406584739685059,7.157849311828613,0.00958048366010189,4.234572410583496,0.0,0.0,0.046896401792764664,8.495130821017938e-09,0.0,0.0,1.174835688289022e-05,0.00026253340183757246,2.479965677260054e-10,3.5276548349116865e-09,1.7142027616500854,6.050565242767334,0.8514934778213501,1.6022436618804932,1.9643699999960518e-07,0.0,0.014169893227517605,2.2615768909454346,4313.111637785417,4246.776189063888,7723.791881635866
PINN20260511,2,353,physics,44.235328674316406,13.734925270080566,2.1548209190368652,8.406599044799805,7.182742118835449,0.00931913498789072,4.225114822387695,0.0,0.0,0.05300625413656235,2.016183842101782e-08,0.0,0.0,1.303153476328589e-05,0.00015205978706944734,2.443024671450189e-10,3.1734226357826856e-09,1.2979261875152588,5.454960346221924,0.8541039228439331,1.528599739074707,2.047656266768172e-07,0.0,0.014599952846765518,2.0435609817504883,4313.458009532491,4246.8609584021,7723.943607306746
PINN20260511,2,355,physics,44.23039627075195,13.734922409057617,2.1541175842285156,8.406597137451172,7.190420150756836,0.009119655936956406,4.219180583953857,0.0,0.0,0.059970319271087646,3.541377679994184e-08,0.0,0.0,1.4595490029023495e-05,0.00011058049858547747,2.5510699108721724e-10,2.85320544968215e-09,1.1289341449737549,5.315268516540527,0.8804844617843628,1.504851222038269,2.2425105328238715e-07,0.0,0.018933527171611786,1.8976161479949951,4312.984117754203,4246.856719975375,7723.933541391871
PINN20260511,2,357,physics,44.224666595458984,13.729154586791992,2.1524698734283447,8.40656852722168,7.1737189292907715,0.009032401256263256,4.219197750091553,0.0,0.0,0.06322711706161499,4.922519636352263e-08,0.0,0.0,1.5574933058815077e-05,0.00010192235640715808,3.0970670472640904e-10,2.56430943146313e-09,1.2521073818206787,6.112071514129639,0.9335530400276184,1.5670884847640991,2.655526998296409e-07,0.0,0.02088097482919693,1.8948824405670166,4311.88102804333,4246.827757279544,7723.879390747004
PINN20260511,2,359,physics,44.21965408325195,13.72269058227539,2.1505019664764404,8.406538009643555,7.098859786987305,0.00901345070451498,4.22171688079834,0.0,0.0,0.0643385499715805,5.983648776464179e-08,0.0,0.0,1.5760853784740902e-05,0.00010490285785635933,3.8123157408698205e-10,2.3036346163962662e-09,1.490917444229126,7.130824089050293,0.972552478313446,1.6230851411819458,3.1524407972938207e-07,0.0,0.022641092538833618,1.7892909049987793,4311.2239561405295,4246.86755150193,7723.954825520423
PINN20260511,2,361,physics,44.215660095214844,13.720735549926758,2.1495842933654785,8.40653133392334,7.07993221282959,0.009048325940966606,4.224008560180664,0.0,0.0,0.06392602622509003,6.689239739898767e-08,0.0,0.0,1.5695628462708555e-05,0.00011730257392628118,4.1870931721810223e-10,2.0685859691838004e-09,1.4956388473510742,7.403317451477051,0.9741083383560181,1.6165592670440674,3.531479819685046e-07,0.0,0.024335093796253204,1.6855170726776123,4311.095220474723,4246.914880239537,7724.0404475397045
PINN20260511,2,363,physics,44.2092399597168,13.720136642456055,2.1489877700805664,8.40652084350586,7.004707336425781,0.009206155315041542,4.2283735275268555,0.0,0.0,0.06893185526132584,6.38497397176252e-08,0.0,0.0,1.6825821148813702e-05,0.00016516300092916936,4.312154522345679e-10,1.8565283754767847e-09,1.3629158735275269,7.368707656860352,1.0042724609375,1.5950297117233276,4.005021025932365e-07,0.0,0.02599281258881092,1.6489640474319458,4311.079679152312,4246.951377164565,7724.1022565289495
PINN20260511,2,365,physics,44.20465850830078,13.720640182495117,2.148824691772461,8.406522750854492,6.962271690368652,0.009464593604207039,4.2348785400390625,0.0,0.0,0.0715758204460144,5.1751143814726674e-08,0.0,0.0,1.713854908302892e-05,0.000292078620987013,4.3446826691884155e-10,1.665589999255701e-09,1.2179228067398071,7.166430473327637,1.006730318069458,1.5808826684951782,4.4632642470787687e-07,0.0,0.028876088559627533,1.517689824104309,4311.068545036138,4247.05545054453,7724.292696163907
PINN20260511,2,367,physics,44.20030975341797,13.718021392822266,2.1477885246276855,8.406511306762695,6.922786712646484,0.00972788967192173,4.242873191833496,0.0,0.0,0.07397071272134781,3.5653297203452894e-08,0.0,0.0,1.653835533943493e-05,0.0005099497502669692,4.734617142787556e-10,1.4935516157166262e-09,1.2159696817398071,7.572014808654785,1.0102086067199707,1.6169350147247314,5.064782726549311e-07,1.9981376200319917e-16,0.02885512076318264,1.4730290174484253,4310.240132521621,4247.110076275396,7724.388870537369
PINN20260511,2,369,physics,44.196407318115234,13.712903022766113,2.146026134490967,8.406481742858887,6.881205081939697,0.009945780038833618,4.2504167556762695,0.0,0.0,0.08002160489559174,2.189192649382221e-08,0.0,0.0,1.6438089005532674e-05,0.0007619315874762833,5.35119948352758e-10,1.3387110309182049e-09,1.3321675062179565,8.436590194702148,1.0519121885299683,1.6848247051239014,5.988783300381328e-07,1.1408936641287611e-14,0.03205464780330658,1.8122072219848633,4309.9747099026,4247.238632335132,7724.6204794499645
PINN20260511,2,372,physics,44.1901741027832,13.714737892150879,2.146392345428467,8.40649700164795,6.864767551422119,0.0101707698777318,4.255655765533447,0.0,0.0,0.08900949358940125,1.0169147302008241e-08,0.0,0.0,1.5383087884401903e-05,0.0011244999477639794,5.194613628134448e-10,1.135106675320685e-09,1.1166363954544067,7.923584938049316,1.0222737789154053,1.6059414148330688,6.857619041511498e-07,7.492916978882585e-15,0.03239196166396141,1.454397439956665,4310.164730030629,4247.511742185065,7725.108976707973
PINN20260511,2,374,physics,44.186546325683594,13.713678359985352,2.146305799484253,8.406492233276367,6.868754863739014,0.010268431156873703,4.258450984954834,0.0,0.0,0.08356332033872604,6.35777741564425e-09,0.0,0.0,1.4851824744255282e-05,0.0013023288920521736,5.295855975973041e-10,1.0162439778582666e-09,1.0779855251312256,7.990781784057617,1.0287811756134033,1.580086350440979,7.680583848923561e-07,8.70936725245585e-15,0.03609304502606392,1.4369832277297974,4309.937586555054,4247.71609220767,7725.477692696121
PINN20260511,2,376,physics,44.18327331542969,13.711583137512207,2.1458568572998047,8.406492233276367,6.8709330558776855,0.01033621747046709,4.260959148406982,0.0,0.0,0.08757822215557098,4.241765161339117e-09,0.0,0.0,1.305727619183017e-05,0.00143049331381917,5.6184817909255e-10,9.094795472286421e-10,1.1006929874420166,8.321320533752441,1.0110325813293457,1.5693442821502686,8.400220394833013e-07,8.424832791847133e-15,0.0315839909017086,1.3569860458374023,4309.451009119375,4247.913370114791,7725.832243650066
PINN20260511,2,378,physics,44.1798095703125,13.708499908447266,2.1450915336608887,8.406477928161621,6.871614456176758,0.010385994799435139,4.263294696807861,0.0,0.0,0.08583186566829681,3.0026583441866705e-09,0.0,0.0,1.24528360174736e-05,0.0015219282358884811,5.962795812664012e-10,8.134981577256895e-10,1.1458567380905151,8.814577102661133,1.0237997770309448,1.5724226236343384,9.4980572384884e-07,1.0334499064618054e-14,0.032473042607307434,1.3891665935516357,4309.274416882731,4248.101222899473,7726.162662881316
PINN20260511,2,380,physics,44.176361083984375,13.709600448608398,2.145519971847534,8.406488418579102,6.872311592102051,0.010422316379845142,4.264145374298096,0.0,0.0,0.08759282529354095,2.261665521530176e-09,0.0,0.0,1.1907170119229704e-05,0.0015872482908889651,5.749736797788785e-10,7.273164848164981e-10,1.0151609182357788,8.50501537322998,1.0071918964385986,1.5257288217544556,1.0360455462432583e-06,8.10664655927695e-15,0.03006264753639698,1.423588514328003,4309.448688637562,4248.290479710633,7726.506532481441
PINN20260511,2,382,physics,44.172908782958984,13.708257675170898,2.145057201385498,8.40648365020752,6.869450092315674,0.010449330322444439,4.265981197357178,0.0,0.0,0.09173991531133652,1.795800952386628e-09,0.0,0.0,1.1795158570748754e-05,0.0016343563329428434,5.792443746877041e-10,6.499860649711309e-10,0.9803392887115479,8.679200172424316,1.0121153593063354,1.5116379261016846,1.1619733868428739e-06,6.916048578286833e-15,0.035247430205345154,1.204832673072815,4308.855068344722,4248.339440298998,7726.58732938959
PINN20260511,2,384,physics,44.16938781738281,13.70413589477539,2.14373517036438,8.406463623046875,6.870548725128174,0.010469396598637104,4.268786430358887,0.0,0.0,0.09400849789381027,1.4934319336745716e-09,0.0,0.0,1.1885308595083188e-05,0.0016687879106029868,6.14654604991216e-10,5.806714553635572e-10,1.0336562395095825,9.420686721801758,1.0363664627075195,1.5375105142593384,1.3358315982259228e-06,6.448354254262687e-15,0.038580309599637985,1.2516095638275146,4308.470726371482,4248.342735702947,7726.595137856844
PINN20260511,2,386,physics,44.165924072265625,13.70337200164795,2.143470048904419,8.406462669372559,6.872849464416504,0.010484143160283566,4.270482063293457,0.0,0.0,0.10371197760105133,1.2953071948373918e-09,0.0,0.0,1.1837239071610384e-05,0.001693944213911891,6.046690370631325e-10,5.184752072118215e-10,0.9557645320892334,9.506442070007324,1.033362865447998,1.5211938619613647,1.4908443972672103e-06,4.5179720967007675e-15,0.036386072635650635,1.2839877605438232,4308.430804829062,4248.340852615289,7726.586175704591
PINN20260511,2,388,physics,44.16225051879883,13.702095031738281,2.1434507369995117,8.40645694732666,6.86739444732666,0.010495422407984734,4.272160530090332,0.0,0.0,0.0868568941950798,1.1621903439618109e-09,0.0,0.0,1.2141834304202348e-05,0.0017120970878750086,5.948646020215165e-10,4.6271095288652475e-10,0.8852071166038513,9.683426856994629,1.0381994247436523,1.5124783515930176,1.6768905197750428e-06,3.477103071005609e-15,0.03920487314462662,1.2673519849777222,4308.024141065136,4248.335203347307,7726.565771015683
PINN20260511,2,391,physics,44.15688705444336,13.697305679321289,2.1423089504241943,8.406438827514648,6.866726875305176,0.0105057368054986,4.27539587020874,0.0,0.0,0.09334002435207367,1.0429742625106542e-09,0.0,0.0,1.1927576451853383e-05,0.00172949128318578,6.192652501901819e-10,3.8976519234346085e-10,0.8785499930381775,10.644302368164062,1.0393315553665161,1.517120122909546,2.004756652240758e-06,3.2450471719187423e-15,0.039424601942300797,1.1616290807724,4307.354176289663,4248.338734140676,7726.577774189909
PINN20260511,2,393,physics,44.153018951416016,13.69532585144043,2.141907215118408,8.406428337097168,6.867039680480957,0.010511146858334541,4.277499198913574,0.0,0.0,0.08100353926420212,9.972735970364965e-10,0.0,0.0,1.260205954167759e-05,0.0017364671221002936,6.103267335966223e-10,3.474586174334604e-10,0.821792483329773,11.014132499694824,1.0389851331710815,1.50264573097229,2.2757521946914494e-06,2.6294297668431844e-15,0.0387769415974617,1.0967884063720703,4307.121312431309,4248.334261801912,7726.562509593806
PINN20260511,2,395,physics,44.14931106567383,13.6931791305542,2.141111373901367,8.406418800354004,6.863758087158203,0.010514580644667149,4.2797698974609375,0.0,0.0,0.09029757231473923,9.718451599027844e-10,0.0,0.0,1.3071037756162696e-05,0.0017405581893399358,6.04486016797523e-10,3.0964666941635244e-10,0.7708206176757812,11.457255363464355,1.03135085105896,1.4995137453079224,2.5758986339496914e-06,2.177870785189523e-15,0.0379524789750576,1.1276929378509521,4306.548501990893,4248.335438733622,7726.566712522979
PINN20260511,2,397,physics,44.14561080932617,13.688858032226562,2.139845848083496,8.40639877319336,6.866198539733887,0.010517239570617676,4.282680034637451,0.0,0.0,0.08580302447080612,9.603015049819419e-10,0.0,0.0,1.3879371181246825e-05,0.0017424317775294185,6.191967494295625e-10,2.75775347002849e-10,0.7491992712020874,12.397801399230957,1.0450448989868164,1.5296987295150757,2.952547674794914e-06,1.81359770171747e-15,0.04120475798845291,1.0416299104690552,4306.1254045835685,4248.330024845057,7726.548439190598
PINN20260511,2,399,physics,44.141971588134766,13.687894821166992,2.139496326446533,8.406394958496094,6.860689163208008,0.010518863797187805,4.2849907875061035,0.0,0.0,0.0927232876420021,9.614172791216902e-10,0.0,0.0,1.4563561308023054e-05,0.0017426667036488652,5.910161804401071e-10,2.455237402276822e-10,0.673236608505249,12.534855842590332,1.0436501502990723,1.5154167413711548,3.3184553558385232e-06,1.2648680532668607e-15,0.043477777391672134,0.9733086228370667,4305.893867712022,4248.327670978311,7726.540878403292
PINN20260511,2,401,physics,44.138282775878906,13.684694290161133,2.138883590698242,8.406380653381348,6.854447364807129,0.010519812814891338,4.2879638671875,0.0,0.0,0.08488988876342773,9.713293502855436e-10,0.0,0.0,1.531522320874501e-05,0.0017415722832083702,5.837919592188712e-10,2.1846584263851554e-10,0.6367098093032837,13.182562828063965,1.0684555768966675,1.5206016302108765,3.7479026104847435e-06,8.216341878748473e-16,0.04082987457513809,1.0165462493896484,4305.408923667995,4248.327200204805,7726.539112392846
PINN20260511,2,403,physics,44.13463592529297,13.682827949523926,2.1385953426361084,8.40637493133545,6.8413190841674805,0.010519832372665405,4.291037559509277,0.0,0.0,0.08946780860424042,9.894096653084716e-10,0.0,0.0,1.5815678125363775e-05,0.0017394964816048741,5.599085084462274e-10,1.9434218123670632e-10,0.5857598781585693,13.499527931213379,1.089500904083252,1.5101115703582764,4.189880655758316e-06,4.744965809257487e-16,0.0421970970928669,0.8595231771469116,4305.226126465368,4248.315901625019,7726.505637431052
PINN20260511,2,405,physics,44.13106918334961,13.681790351867676,2.1385645866394043,8.406370162963867,6.827759742736816,0.010519555769860744,4.294568061828613,0.0,0.0,0.08913490176200867,1.0133479610985319e-09,0.0,0.0,1.6475480151711963e-05,0.0017367147374898195,5.255392787617552e-10,1.728273357759491e-10,0.5232614278793335,13.587630271911621,1.110464334487915,1.4992468357086182,4.663824711315101e-06,2.5737734024010317e-16,0.043037474155426025,0.9526969790458679,4304.889313327348,4248.314724687897,7726.499906012251
PINN20260511,2,407,physics,44.12753677368164,13.678837776184082,2.137967348098755,8.406356811523438,6.821207046508789,0.010519010946154594,4.299014091491699,0.0,0.0,0.08387041091918945,1.0413166995348888e-09,0.0,0.0,1.7271353499381803e-05,0.0017333723371848464,5.108959921784617e-10,1.5353711357857236e-10,0.47940492630004883,14.161981582641602,1.143139123916626,1.5110418796539307,5.218420483288355e-06,1.4551823540014927e-16,0.05022323876619339,0.9677605032920837,4304.707887882754,4248.3133123629195,7726.493222588945
PINN20260511,2,409,physics,44.124290466308594,13.677577018737793,2.137744665145874,8.406349182128906,6.822976589202881,0.010518417693674564,4.303737163543701,0.0,0.0,0.07909814268350601,1.0718499421358274e-09,0.0,0.0,1.8216129319625907e-05,0.001729712588712573,4.816988474765083e-10,1.3638112861258378e-10,0.43750208616256714,14.305405616760254,1.1610701084136963,1.4940096139907837,5.7858364925778005e-06,8.297841800746506e-17,0.04736439883708954,0.9470081925392151,4304.471163801658,4248.314724687897,7726.494597749881
PINN20260511,2,412,physics,44.11992263793945,13.676252365112305,2.136970043182373,8.406349182128906,6.818926811218262,0.010516170412302017,4.310916423797607,0.0,0.0,0.1079234629869461,1.122039350320847e-09,0.0,0.0,1.875114867289085e-05,0.0017236797139048576,4.4510439778377986e-10,1.140746386241176e-10,0.3838431239128113,14.489407539367676,1.1599797010421753,1.460402250289917,6.636361376877176e-06,4.0802324840513395e-17,0.051577817648649216,1.0248534679412842,4303.961895742108,4248.27706252782,7726.405837868995
PINN20260511,2,414,physics,44.1164665222168,13.673870086669922,2.1366333961486816,8.406338691711426,6.792733669281006,0.010515116155147552,4.316645622253418,0.0,0.0,0.09463759511709213,1.1538879851613615e-09,0.0,0.0,1.9526940377545543e-05,0.0017195866676047444,4.3232578628149554e-10,1.0123980126452992e-10,0.3539753258228302,14.988166809082031,1.1683374643325806,1.4517790079116821,7.268190074682934e-06,2.8517624026749516e-17,0.05066802352666855,1.0618971586227417,4303.734424891945,4248.288596599812,7726.427846464567
PINN20260511,2,416,physics,44.11356735229492,13.671899795532227,2.13634991645813,8.406329154968262,6.7867512702941895,0.010514253750443459,4.323022842407227,0.0,0.0,0.08719567954540253,1.1841133629175715e-09,0.0,0.0,2.0477826183196157e-05,0.0017155607929453254,4.174084411445733e-10,8.974628679103702e-11,0.33528342843055725,15.387116432189941,1.1718660593032837,1.4311918020248413,7.955846740514971e-06,2.130042520574882e-17,0.05336931720376015,0.8333233594894409,4303.617780426138,4248.294481318356,7726.438105626884
PINN20260511,2,418,physics,44.11147689819336,13.668706893920898,2.135897636413574,8.406310081481934,6.816903114318848,0.010513762012124062,4.330273151397705,0.0,0.0,0.07818249613046646,1.211009736934443e-09,0.0,0.0,2.1717209165217355e-05,0.0017116798553615808,4.133151043639316e-10,7.960094389192207e-11,0.31899043917655945,16.11898422241211,1.18192720413208,1.427635669708252,8.735922165215015e-06,1.7156850869982866e-17,0.056354738771915436,0.9620766639709473,4303.541797171256,4248.306721506817,7726.467037517491
PINN20260511,2,420,physics,44.109310150146484,13.666699409484863,2.1354687213897705,8.406299591064453,6.829639434814453,0.01051316224038601,4.337278366088867,0.0,0.0,0.07768657058477402,1.236095115153546e-09,0.0,0.0,2.270702680107206e-05,0.0017079738900065422,4.0681538693299046e-10,7.051235983990267e-11,0.3025282323360443,16.571340560913086,1.179132342338562,1.4114420413970947,9.489082913205493e-06,1.40523791653448e-17,0.053605709224939346,0.8690853714942932,4303.227858247806,4248.2869488771585,7726.41865368698
PINN20260511,3,1,pretrain,49.15458679199219,15.692789077758789,1.416032314300537,6.644260883331299,1.967360019683838,0.0018006142927333713,5.789181709289551,0.0,0.0,0.0,0.0,0.0,0.0,0.0,0.0,0.0,0.0,0.0,0.0,0.0,0.0,0.0,0.0,0.0,0.0,4958.091568335542,3745.3330960009416,6813.598167468442
PINN20260511,3,3,pretrain,82.88481140136719,15.693634033203125,1.4159409999847412,6.644735336303711,1688.349365234375,0.001850434928201139,5.763299942016602,0.0,0.0,0.0,0.0,0.0,0.0,0.0,0.0,0.0,0.0,0.0,0.0,0.0,0.0,0.0,0.0,0.0,0.0,4958.023598168932,3745.272353247491,6813.486403004163
PINN20260511,3,4,pretrain,49.63405990600586,15.69326400756836,1.415910005569458,6.644532203674316,25.87037467956543,0.0018769972957670689,5.754374027252197,0.0,0.0,0.0,0.0,0.0,0.0,0.0,0.0,0.0,0.0,0.0,0.0,0.0,0.0,0.0,0.0,0.0,0.0,4957.941911721032,3745.189848325449,6813.337397251267
PINN20260511,3,6,pretrain,49.199920654296875,15.692169189453125,1.4158767461776733,6.643894195556641,4.334901809692383,0.0019256605301052332,5.743605613708496,0.0,0.0,0.0,0.0,0.0,0.0,0.0,0.0,0.0,0.0,0.0,0.0,0.0,0.0,0.0,0.0,0.0,0.0,4957.75130477518,3744.999465954568,6812.9941675936725
PINN20260511,3,8,pretrain,49.14253616333008,15.690879821777344,1.415903091430664,6.643158435821533,1.6656423807144165,0.001959694316610694,5.747440338134766,0.0,0.0,0.0,0.0,0.0,0.0,0.0,0.0,0.0,0.0,0.0,0.0,0.0,0.0,0.0,0.0,0.0,0.0,4957.548587759882,3744.8023979911145,6812.640091258238
PINN20260511,3,9,pretrain,49.135597229003906,15.690256118774414,1.4159252643585205,6.6428117752075195,1.415008306503296,0.0019764662720263004,5.751079082489014,0.0,0.0,0.0,0.0,0.0,0.0,0.0,0.0,0.0,0.0,0.0,0.0,0.0,0.0,0.0,0.0,0.0,0.0,4957.474558684089,3744.7333683454685,6812.515879120958
PINN20260511,3,11,pretrain,49.13737869262695,15.689489364624023,1.4159420728683472,6.642400741577148,1.6231365203857422,0.0020182940643280745,5.751379489898682,0.0,0.0,0.0,0.0,0.0,0.0,0.0,0.0,0.0,0.0,0.0,0.0,0.0,0.0,0.0,0.0,0.0,0.0,4957.403755999707,3744.674885754436,6812.409980386501
PINN20260511,3,12,pretrain,49.13527297973633,15.689340591430664,1.4159350395202637,6.642329692840576,1.5408763885498047,0.002042921259999275,5.747857570648193,0.0,0.0,0.0,0.0,0.0,0.0,0.0,0.0,0.0,0.0,0.0,0.0,0.0,0.0,0.0,0.0,0.0,0.0,4957.3985113161925,3744.676755075129,6812.412796216651
PINN20260511,3,14,pretrain,49.126773834228516,15.689359664916992,1.4158995151519775,6.642367362976074,1.1137346029281616,0.0020984115544706583,5.736082077026367,0.0,0.0,0.0,0.0,0.0,0.0,0.0,0.0,0.0,0.0,0.0,0.0,0.0,0.0,0.0,0.0,0.0,0.0,4957.4172711201145,3744.710936774693,6812.472350684712
PINN20260511,3,16,pretrain,49.12499237060547,15.68941879272461,1.4158532619476318,6.642429828643799,1.0160690546035767,0.0021570029202848673,5.72228479385376,0.0,0.0,0.0,0.0,0.0,0.0,0.0,0.0,0.0,0.0,0.0,0.0,0.0,0.0,0.0,0.0,0.0,0.0,4957.386811617588,3744.6866357547196,6812.4272740480965
PINN20260511,3,17,pretrain,49.12424087524414,15.689247131347656,1.4158356189727783,6.642348289489746,1.005752682685852,0.0021821458358317614,5.716814994812012,0.0,0.0,0.0,0.0,0.0,0.0,0.0,0.0,0.0,0.0,0.0,0.0,0.0,0.0,0.0,0.0,0.0,0.0,4957.3379953358035,3744.6370985717695,6812.337760086779
PINN20260511,3,19,pretrain,49.12041473388672,15.688543319702148,1.4158169031143188,6.6419806480407715,0.9241784811019897,0.0022213642951101065,5.710309982299805,0.0,0.0,0.0,0.0,0.0,0.0,0.0,0.0,0.0,0.0,0.0,0.0,0.0,0.0,0.0,0.0,0.0,0.0,4957.204454125329,3744.5014354383684,6812.093375866688
PINN20260511,3,21,pretrain,49.11773681640625,15.687637329101562,1.4158114194869995,6.64149808883667,0.9310073852539062,0.002256624633446336,5.707343101501465,0.0,0.0,0.0,0.0,0.0,0.0,0.0,0.0,0.0,0.0,0.0,0.0,0.0,0.0,0.0,0.0,0.0,0.0,4957.059410578009,3744.3572212063314,6811.833470808711
PINN20260511,3,22,pretrain,49.11660385131836,15.687183380126953,1.4158092737197876,6.6412577629089355,0.944893479347229,0.002276664599776268,5.706114292144775,0.0,0.0,0.0,0.0,0.0,0.0,0.0,0.0,0.0,0.0,0.0,0.0,0.0,0.0,0.0,0.0,0.0,0.0,4956.990821052627,3744.290720550422,6811.7134811199285
PINN20260511,3,24,pretrain,49.11381530761719,15.686346054077148,1.4157986640930176,6.6408233642578125,0.9356706142425537,0.0023255906999111176,5.70271635055542,0.0,0.0,0.0,0.0,0.0,0.0,0.0,0.0,0.0,0.0,0.0,0.0,0.0,0.0,0.0,0.0,0.0,0.0,4956.867760995849,3744.175610197791,6811.5053995376875
PINN20260511,3,26,pretrain,49.110015869140625,15.685632705688477,1.4157741069793701,6.6404709815979,0.8567050695419312,0.0023889895528554916,5.6971001625061035,0.0,0.0,0.0,0.0,0.0,0.0,0.0,0.0,0.0,0.0,0.0,0.0,0.0,0.0,0.0,0.0,0.0,0.0,4956.7616444610285,3744.083332405944,6811.33755952338
PINN20260511,3,27,pretrain,49.10793685913086,15.685310363769531,1.4157546758651733,6.640320301055908,0.8031439781188965,0.002426831517368555,5.693304061889648,0.0,0.0,0.0,0.0,0.0,0.0,0.0,0.0,0.0,0.0,0.0,0.0,0.0,0.0,0.0,0.0,0.0,0.0,4956.710199315671,3744.0400638882056,6811.258598078758
PINN20260511,3,29,pretrain,49.104244232177734,15.684633255004883,1.4157017469406128,6.640019416809082,0.7243883609771729,0.0025145222898572683,5.68396520614624,0.0,0.0,0.0,0.0,0.0,0.0,0.0,0.0,0.0,0.0,0.0,0.0,0.0,0.0,0.0,0.0,0.0,0.0,4956.584711270453,3743.9310891094137,6811.059623546106
PINN20260511,3,30,pretrain,49.102657318115234,15.684202194213867,1.4156705141067505,6.639827728271484,0.7126144170761108,0.002562442561611533,5.67888879776001,0.0,0.0,0.0,0.0,0.0,0.0,0.0,0.0,0.0,0.0,0.0,0.0,0.0,0.0,0.0,0.0,0.0,0.0,4956.496343184367,3743.8480204196326,6810.908876589562
PINN20260511,3,32,pretrain,49.09835433959961,15.682947158813477,1.4156090021133423,6.639227867126465,0.6929070353507996,0.0026566588785499334,5.670120716094971,0.0,0.0,0.0,0.0,0.0,0.0,0.0,0.0,0.0,0.0,0.0,0.0,0.0,0.0,0.0,0.0,0.0,0.0,4956.248379570983,3743.6001389037265,6810.460524572088
PINN20260511,3,34,pretrain,49.092315673828125,15.681089401245117,1.415555715560913,6.638284683227539,0.6806561946868896,0.0027496099937707186,5.664373397827148,0.0,0.0,0.0,0.0,0.0,0.0,0.0,0.0,0.0,0.0,0.0,0.0,0.0,0.0,0.0,0.0,0.0,0.0,4955.906778784282,3743.2493905696424,6809.826932511968
PINN20260511,3,35,pretrain,49.08899688720703,15.679943084716797,1.4155290126800537,6.637699127197266,0.6931514739990234,0.002803333569318056,5.6620330810546875,0.0,0.0,0.0,0.0,0.0,0.0,0.0,0.0,0.0,0.0,0.0,0.0,0.0,0.0,0.0,0.0,0.0,0.0,4955.699748774133,3743.0348649191073,6809.439549759907
PINN20260511,3,37,pretrain,49.08086013793945,15.67715835571289,1.4154560565948486,6.63629150390625,0.719814658164978,0.0029458787757903337,5.656242370605469,0.0,0.0,0.0,0.0,0.0,0.0,0.0,0.0,0.0,0.0,0.0,0.0,0.0,0.0,0.0,0.0,0.0,0.0,4955.190813682153,3742.5025050091817,6808.476786582147
PINN20260511,3,39,pretrain,49.06911849975586,15.673408508300781,1.4153190851211548,6.634426593780518,0.7173790335655212,0.0031661817338317633,5.646164894104004,0.0,0.0,0.0,0.0,0.0,0.0,0.0,0.0,0.0,0.0,0.0,0.0,0.0,0.0,0.0,0.0,0.0,0.0,4954.471919387574,3741.7423748836586,6807.100197692523
PINN20260511,3,40,pretrain,49.06102752685547,15.670934677124023,1.415205955505371,6.6332106590271,0.6990197896957397,0.0033206413500010967,5.638668060302734,0.0,0.0,0.0,0.0,0.0,0.0,0.0,0.0,0.0,0.0,0.0,0.0,0.0,0.0,0.0,0.0,0.0,0.0,4953.978199386832,3741.216246088964,6806.146590728469
PINN20260511,3,42,pretrain,49.038124084472656,15.663897514343262,1.4148285388946533,6.629791736602783,0.6530978679656982,0.0037602039519697428,5.61808443069458,0.0,0.0,0.0,0.0,0.0,0.0,0.0,0.0,0.0,0.0,0.0,0.0,0.0,0.0,0.0,0.0,0.0,0.0,4952.5330892382735,3739.662284217654,6803.328408002112
PINN20260511,3,44,pretrain,49.00197219848633,15.652168273925781,1.4141170978546143,6.624107837677002,0.6794844269752502,0.004438804928213358,5.592638969421387,0.0,0.0,0.0,0.0,0.0,0.0,0.0,0.0,0.0,0.0,0.0,0.0,0.0,0.0,0.0,0.0,0.0,0.0,4950.09333245344,3736.9887610213655,6798.478950817332
PINN20260511,3,45,pretrain,48.9759521484375,15.6435546875,1.4135751724243164,6.619898319244385,0.7261857986450195,0.004886407870799303,5.581359386444092,0.0,0.0,0.0,0.0,0.0,0.0,0.0,0.0,0.0,0.0,0.0,0.0,0.0,0.0,0.0,0.0,0.0,0.0,4948.307185290743,3734.9942436367955,6794.861521451852
PINN20260511,3,47,pretrain,48.89876174926758,15.618011474609375,1.4119799137115479,6.607241630554199,0.864327609539032,0.006009635049849749,5.5749382972717285,0.0,0.0,0.0,0.0,0.0,0.0,0.0,0.0,0.0,0.0,0.0,0.0,0.0,0.0,0.0,0.0,0.0,0.0,4943.041573768119,3729.041834037264,6784.067815274978
PINN20260511,3,49,pretrain,48.77449417114258,15.57703971862793,1.4093983173370361,6.58700704574585,1.0637927055358887,0.007402680814266205,5.610348701477051,0.0,0.0,0.0,0.0,0.0,0.0,0.0,0.0,0.0,0.0,0.0,0.0,0.0,0.0,0.0,0.0,0.0,0.0,4934.860281710112,3720.016666629331,6767.687968669887
PINN20260511,3,50,pretrain,48.68560791015625,15.54849624633789,1.4075254201889038,6.5731987953186035,1.0858938694000244,0.008171766996383667,5.651273727416992,0.0,0.0,0.0,0.0,0.0,0.0,0.0,0.0,0.0,0.0,0.0,0.0,0.0,0.0,0.0,0.0,0.0,0.0,4929.05731352355,3713.7464910787867,6756.297750117145
PINN20260511,3,52,pretrain,48.432193756103516,15.466669082641602,1.4024304151535034,6.5346808433532715,1.2018404006958008,0.00973166897892952,5.802814960479736,0.0,0.0,0.0,0.0,0.0,0.0,0.0,0.0,0.0,0.0,0.0,0.0,0.0,0.0,0.0,0.0,0.0,0.0,4912.619667753652,3696.831075394168,6725.5442162241625
PINN20260511,3,53,pretrain,48.25177764892578,15.40943717956543,1.399790644645691,6.508939266204834,1.089376449584961,0.01046181283891201,5.9219584465026855,0.0,0.0,0.0,0.0,0.0,0.0,0.0,0.0,0.0,0.0,0.0,0.0,0.0,0.0,0.0,0.0,0.0,0.0,4901.187407149415,3685.9934888710804,6705.845493946007
PINN20260511,3,55,pretrain,47.74294662475586,15.24643611907959,1.3980494737625122,6.442585468292236,0.8048223257064819,0.0116501459851861,6.2686662673950195,0.0,0.0,0.0,0.0,0.0,0.0,0.0,0.0,0.0,0.0,0.0,0.0,0.0,0.0,0.0,0.0,0.0,0.0,4867.892973350996,3658.5539493083875,6655.932135172175
PINN20260511,3,57,pretrain,46.89676284790039,14.972783088684082,1.3823736906051636,6.352138996124268,0.8400657176971436,0.012185409665107727,6.8605122566223145,0.0,0.0,0.0,0.0,0.0,0.0,0.0,0.0,0.0,0.0,0.0,0.0,0.0,0.0,0.0,0.0,0.0,0.0,4806.847615641669,3617.035941209321,6579.060168405754
PINN20260511,3,58,pretrain,46.22991943359375,14.753368377685547,1.3595584630966187,6.292862415313721,1.5731308460235596,0.01222317386418581,7.2890520095825195,0.0,0.0,0.0,0.0,0.0,0.0,0.0,0.0,0.0,0.0,0.0,0.0,0.0,0.0,0.0,0.0,0.0,0.0,4754.507124823771,3584.5586897134212,6518.977498008571
PINN20260511,3,60,pretrain,43.83324432373047,13.966838836669922,1.290952444076538,6.115936756134033,3.203199625015259,0.012026255019009113,8.549213409423828,0.0,0.0,0.0,0.0,0.0,0.0,0.0,0.0,0.0,0.0,0.0,0.0,0.0,0.0,0.0,0.0,0.0,0.0,4568.177754860246,3466.67621793556,6296.394431201629
PINN20260511,3,62,pretrain,39.67721939086914,12.551515579223633,1.2944554090499878,5.7767744064331055,11.004484176635742,0.011683028191328049,10.699258804321289,0.0,0.0,0.0,0.0,0.0,0.0,0.0,0.0,0.0,0.0,0.0,0.0,0.0,0.0,0.0,0.0,0.0,0.0,4321.150309813349,3201.8313509615086,5778.819370538486
PINN20260511,3,63,pretrain,38.02861404418945,11.933441162109375,1.612829327583313,5.4994354248046875,16.099315643310547,0.011485261842608452,12.132891654968262,0.0,0.0,0.0,0.0,0.0,0.0,0.0,0.0,0.0,0.0,0.0,0.0,0.0,0.0,0.0,0.0,0.0,0.0,4211.288876341779,2994.79765593604,5398.026713419306
PINN20260511,3,65,pretrain,34.31855773925781,10.873913764953613,1.298466682434082,4.81112003326416,4.26792049407959,0.01110637653619051,14.53091049194336,0.0,0.0,0.0,0.0,0.0,0.0,0.0,0.0,0.0,0.0,0.0,0.0,0.0,0.0,0.0,0.0,0.0,0.0,4018.4310371088864,2564.5402122017895,4655.515458567644
PINN20260511,3,67,pretrain,31.866474151611328,10.067305564880371,1.198055386543274,4.28094482421875,10.467087745666504,0.010769261047244072,15.8818941116333,0.0,0.0,0.0,0.0,0.0,0.0,0.0,0.0,0.0,0.0,0.0,0.0,0.0,0.0,0.0,0.0,0.0,0.0,3886.129179530706,2302.5759488016893,4179.01508679251
PINN20260511,3,68,pretrain,30.830642700195312,9.707180976867676,1.243241786956787,4.081534385681152,13.55853271484375,0.010651313699781895,16.192611694335938,0.0,0.0,0.0,0.0,0.0,0.0,0.0,0.0,0.0,0.0,0.0,0.0,0.0,0.0,0.0,0.0,0.0,0.0,3770.644242036101,2224.2479627955154,4036.91612927641
PINN20260511,3,70,pretrain,26.540739059448242,8.403090476989746,0.9962023496627808,3.7223212718963623,4.445204734802246,0.01053235400468111,16.350648880004883,0.0,0.0,0.0,0.0,0.0,0.0,0.0,0.0,0.0,0.0,0.0,0.0,0.0,0.0,0.0,0.0,0.0,0.0,3468.471997868802,2154.9722736035374,3939.672624050416
PINN20260511,3,71,pretrain,28.54133415222168,7.767642974853516,1.0107815265655518,3.588146209716797,200.7693634033203,0.010500955395400524,16.270673751831055,0.0,0.0,0.0,0.0,0.0,0.0,0.0,0.0,0.0,0.0,0.0,0.0,0.0,0.0,0.0,0.0,0.0,0.0,3392.4324606394157,2163.0407994302836,3955.881560300498
PINN20260511,3,73,pretrain,22.459178924560547,7.078646659851074,1.005323886871338,3.385418653488159,2.17465877532959,0.010566426441073418,16.4620418548584,0.0,0.0,0.0,0.0,0.0,0.0,0.0,0.0,0.0,0.0,0.0,0.0,0.0,0.0,0.0,0.0,0.0,0.0,3188.138485072441,2033.473444626214,3717.1778328653595
PINN20260511,3,75,pretrain,18.875328063964844,5.929921627044678,0.9602987766265869,2.8560755252838135,1.7099008560180664,0.010566221550107002,18.36966323852539,0.0,0.0,0.0,0.0,0.0,0.0,0.0,0.0,0.0,0.0,0.0,0.0,0.0,0.0,0.0,0.0,0.0,0.0,2823.809129526994,1751.326497258578,3195.337612863327
PINN20260511,3,76,pretrain,16.540666580200195,5.148200988769531,0.926263689994812,2.4887731075286865,6.758861541748047,0.01054892037063837,19.938749313354492,0.0,0.0,0.0,0.0,0.0,0.0,0.0,0.0,0.0,0.0,0.0,0.0,0.0,0.0,0.0,0.0,0.0,0.0,2608.1462765726924,1650.3065624301444,3015.1740054038587
PINN20260511,3,78,pretrain,11.972723007202148,3.6896533966064453,0.852689802646637,1.8096339702606201,5.774547576904297,0.010640621185302734,23.921846389770508,0.0,0.0,0.0,0.0,0.0,0.0,0.0,0.0,0.0,0.0,0.0,0.0,0.0,0.0,0.0,0.0,0.0,0.0,2204.3141790588747,1889.7953592915821,3459.482062413441
PINN20260511,3,80,pretrain,9.000467300415039,2.736215829849243,0.8261662125587463,1.5794661045074463,3.142143964767456,0.010725495405495167,27.822052001953125,0.0,0.0,0.0,0.0,0.0,0.0,0.0,0.0,0.0,0.0,0.0,0.0,0.0,0.0,0.0,0.0,0.0,0.0,1922.5758762660057,2305.4664387060593,4184.140388129452
PINN20260511,3,81,pretrain,7.858058929443359,2.3608264923095703,0.8386567234992981,1.5709203481674194,2.1033573150634766,0.010778553783893585,28.969640731811523,0.0,0.0,0.0,0.0,0.0,0.0,0.0,0.0,0.0,0.0,0.0,0.0,0.0,0.0,0.0,0.0,0.0,0.0,1783.3955674499139,2289.8936656534947,4136.765571824771
PINN20260511,3,83,pretrain,6.104231357574463,1.7797598838806152,0.8880823850631714,1.350413203239441,2.5413906574249268,0.010906051844358444,29.34846305847168,0.0,0.0,0.0,0.0,0.0,0.0,0.0,0.0,0.0,0.0,0.0,0.0,0.0,0.0,0.0,0.0,0.0,0.0,1634.4157977699556,1832.5376530920175,3317.083105819082
PINN20260511,3,85,pretrain,5.959678649902344,1.748586654663086,0.8924322724342346,1.1035492420196533,2.349647045135498,0.011016277596354485,28.84245491027832,0.0,0.0,0.0,0.0,0.0,0.0,0.0,0.0,0.0,0.0,0.0,0.0,0.0,0.0,0.0,0.0,0.0,0.0,1617.0128323547715,1655.1996858385396,2999.1625159058103
PINN20260511,3,86,pretrain,5.7705888748168945,1.6909360885620117,0.8966681361198425,1.05571448802948,1.915163516998291,0.011036082170903683,29.348045349121094,0.0,0.0,0.0,0.0,0.0,0.0,0.0,0.0,0.0,0.0,0.0,0.0,0.0,0.0,0.0,0.0,0.0,0.0,1590.315456128123,1694.460681160823,3069.814166240581
PINN20260511,3,88,pretrain,5.505552768707275,1.6041533946990967,0.8832210302352905,1.075724720954895,1.8168752193450928,0.011039690114557743,31.3500919342041,0.0,0.0,0.0,0.0,0.0,0.0,0.0,0.0,0.0,0.0,0.0,0.0,0.0,0.0,0.0,0.0,0.0,0.0,1589.4434560562386,1710.8914343113652,3109.850971741534
PINN20260511,3,89,pretrain,5.506718635559082,1.6057974100112915,0.8752507567405701,1.0366379022598267,2.2186875343322754,0.011052822694182396,31.699308395385742,0.0,0.0,0.0,0.0,0.0,0.0,0.0,0.0,0.0,0.0,0.0,0.0,0.0,0.0,0.0,0.0,0.0,0.0,1546.599334022875,1543.2024332536546,2806.338357270527
PINN20260511,3,91,pretrain,4.887662887573242,1.4141700267791748,0.8880026936531067,0.7942743301391602,2.114853620529175,0.011113590560853481,30.6378231048584,0.0,0.0,0.0,0.0,0.0,0.0,0.0,0.0,0.0,0.0,0.0,0.0,0.0,0.0,0.0,0.0,0.0,0.0,1439.888363728244,1130.167520768492,2055.7758685995764
PINN20260511,3,93,pretrain,4.359077453613281,1.2473158836364746,0.8979201912879944,0.6783786416053772,1.6246694326400757,0.011184675619006157,29.303485870361328,0.0,0.0,0.0,0.0,0.0,0.0,0.0,0.0,0.0,0.0,0.0,0.0,0.0,0.0,0.0,0.0,0.0,0.0,1318.7658529852827,1019.8036269302046,1853.2782464864963
PINN20260511,3,94,pretrain,3.9796719551086426,1.1254944801330566,0.8850008249282837,0.6428689956665039,1.6057181358337402,0.011203083209693432,29.407846450805664,0.0,0.0,0.0,0.0,0.0,0.0,0.0,0.0,0.0,0.0,0.0,0.0,0.0,0.0,0.0,0.0,0.0,0.0,1273.6008499526058,1077.59181743367,1948.3761948985348
PINN20260511,3,96,pretrain,3.528620481491089,0.9818390607833862,0.8602645397186279,0.6053420305252075,1.5951273441314697,0.01123031135648489,30.05873680114746,0.0,0.0,0.0,0.0,0.0,0.0,0.0,0.0,0.0,0.0,0.0,0.0,0.0,0.0,0.0,0.0,0.0,0.0,1191.7393276216071,942.2503648181836,1706.2046898634835
PINN20260511,3,98,pretrain,3.183478355407715,0.873977780342102,0.8561303615570068,0.504899799823761,1.624983310699463,0.011279288679361343,29.443424224853516,0.0,0.0,0.0,0.0,0.0,0.0,0.0,0.0,0.0,0.0,0.0,0.0,0.0,0.0,0.0,0.0,0.0,0.0,1113.7121486272833,858.0773566526506,1554.9833003167712
PINN20260511,3,99,pretrain,2.986104965209961,0.8111926913261414,0.853553831577301,0.46873384714126587,1.6001657247543335,0.011290631256997585,29.639780044555664,0.0,0.0,0.0,0.0,0.0,0.0,0.0,0.0,0.0,0.0,0.0,0.0,0.0,0.0,0.0,0.0,0.0,0.0,1083.6373355509675,931.2911400308714,1683.5729797115569
PINN20260511,3,101,pretrain,2.602411985397339,0.6932222843170166,0.8116015791893005,0.39920729398727417,1.8551502227783203,0.011307168751955032,30.064437866210938,0.0,0.0,0.0,0.0,0.0,0.0,0.0,0.0,0.0,0.0,0.0,0.0,0.0,0.0,0.0,0.0,0.0,0.0,977.6676326850552,791.1899661269725,1436.4341277694218
PINN20260511,3,103,pretrain,2.2557530403137207,0.5827575325965881,0.8161683082580566,0.32174524664878845,1.7523632049560547,0.011340620927512646,29.544363021850586,0.0,0.0,0.0,0.0,0.0,0.0,0.0,0.0,0.0,0.0,0.0,0.0,0.0,0.0,0.0,0.0,0.0,0.0,888.3926848528189,841.0860538613157,1524.5451060446505
PINN20260511,3,104,pretrain,2.0691285133361816,0.5228686332702637,0.8098874688148499,0.29425865411758423,1.8363609313964844,0.011344648897647858,29.931785583496094,0.0,0.0,0.0,0.0,0.0,0.0,0.0,0.0,0.0,0.0,0.0,0.0,0.0,0.0,0.0,0.0,0.0,0.0,862.8056342537409,897.2899823914229,1617.1103383745765
PINN20260511,3,106,pretrain,1.8468165397644043,0.44623681902885437,0.8484631776809692,0.24420513212680817,1.7516719102859497,0.01137176901102066,29.853439331054688,0.0,0.0,0.0,0.0,0.0,0.0,0.0,0.0,0.0,0.0,0.0,0.0,0.0,0.0,0.0,0.0,0.0,0.0,787.5651560347245,770.7811378724832,1393.698524463552
PINN20260511,3,107,pretrain,1.7529070377349854,0.4198560118675232,0.8379726409912109,0.2112082690000534,1.6055527925491333,0.011392365209758282,29.522411346435547,0.0,0.0,0.0,0.0,0.0,0.0,0.0,0.0,0.0,0.0,0.0,0.0,0.0,0.0,0.0,0.0,0.0,0.0,755.5026472488365,777.1359276214168,1406.8859871752145
PINN20260511,3,109,pretrain,1.6331086158752441,0.36671674251556396,0.8515615463256836,0.19324390590190887,3.4264469146728516,0.01141348946839571,30.024301528930664,0.0,0.0,0.0,0.0,0.0,0.0,0.0,0.0,0.0,0.0,0.0,0.0,0.0,0.0,0.0,0.0,0.0,0.0,708.0965020743995,790.4641041818408,1459.5789690196486
PINN20260511,3,111,pretrain,1.4140359163284302,0.30877864360809326,0.8255373239517212,0.14387379586696625,2.3078246116638184,0.011458429507911205,29.426088333129883,0.0,0.0,0.0,0.0,0.0,0.0,0.0,0.0,0.0,0.0,0.0,0.0,0.0,0.0,0.0,0.0,0.0,0.0,648.6430065914532,608.6564096434047,1105.3430591051267
PINN20260511,3,112,pretrain,1.3487180471420288,0.2946486175060272,0.8311226963996887,0.12191205471754074,1.2414299249649048,0.011486346833407879,28.872560501098633,0.0,0.0,0.0,0.0,0.0,0.0,0.0,0.0,0.0,0.0,0.0,0.0,0.0,0.0,0.0,0.0,0.0,0.0,615.777328869779,601.0749225346204,1087.1085551213487
PINN20260511,3,114,pretrain,1.271832823753357,0.2591720521450043,0.8672649264335632,0.13132770359516144,1.7209337949752808,0.011511417105793953,29.269977569580078,0.0,0.0,0.0,0.0,0.0,0.0,0.0,0.0,0.0,0.0,0.0,0.0,0.0,0.0,0.0,0.0,0.0,0.0,592.4059788270202,584.5503346590438,1050.0013176039438
PINN20260511,3,116,pretrain,1.135217308998108,0.2242375612258911,0.8462565541267395,0.08254488557577133,1.1433720588684082,0.011547619476914406,28.96649742126465,0.0,0.0,0.0,0.0,0.0,0.0,0.0,0.0,0.0,0.0,0.0,0.0,0.0,0.0,0.0,0.0,0.0,0.0,538.3845918579023,393.40496787661436,717.1650280681285
PINN20260511,3,117,pretrain,1.0852118730545044,0.21215075254440308,0.8272098302841187,0.0750184953212738,1.0075533390045166,0.011559420265257359,29.10211944580078,0.0,0.0,0.0,0.0,0.0,0.0,0.0,0.0,0.0,0.0,0.0,0.0,0.0,0.0,0.0,0.0,0.0,0.0,529.074959244907,412.46605920972456,757.6715902638601
PINN20260511,3,119,pretrain,1.0702769756317139,0.19497650861740112,0.8356320858001709,0.07556502521038055,2.6209163665771484,0.011578863486647606,29.571455001831055,0.0,0.0,0.0,0.0,0.0,0.0,0.0,0.0,0.0,0.0,0.0,0.0,0.0,0.0,0.0,0.0,0.0,0.0,499.7029273728542,308.466912224796,573.882834710285
PINN20260511,3,121,pretrain,0.9844118356704712,0.17945286631584167,0.8284243941307068,0.06399217247962952,0.9521303176879883,0.011619837023317814,28.958263397216797,0.0,0.0,0.0,0.0,0.0,0.0,0.0,0.0,0.0,0.0,0.0,0.0,0.0,0.0,0.0,0.0,0.0,0.0,487.1006537410928,323.33163122404216,589.5581741007478
PINN20260511,3,122,pretrain,0.9787548780441284,0.17500948905944824,0.8406869173049927,0.07380270957946777,0.9311186671257019,0.011635187081992626,28.91088104248047,0.0,0.0,0.0,0.0,0.0,0.0,0.0,0.0,0.0,0.0,0.0,0.0,0.0,0.0,0.0,0.0,0.0,0.0,472.0117351560234,297.7683401152648,548.5364362210743
PINN20260511,3,124,pretrain,0.9570087790489197,0.16420574486255646,0.854539692401886,0.0625794306397438,1.2302894592285156,0.011670244857668877,28.448657989501953,0.0,0.0,0.0,0.0,0.0,0.0,0.0,0.0,0.0,0.0,0.0,0.0,0.0,0.0,0.0,0.0,0.0,0.0,462.4114442247294,300.1717216861042,550.6637538722148
PINN20260511,3,126,pretrain,0.9008951783180237,0.15353268384933472,0.8225835561752319,0.06569038331508636,0.7933642864227295,0.011685757897794247,28.853492736816406,0.0,0.0,0.0,0.0,0.0,0.0,0.0,0.0,0.0,0.0,0.0,0.0,0.0,0.0,0.0,0.0,0.0,0.0,445.36005447839614,280.9765337176754,520.4797152284157
PINN20260511,3,127,pretrain,0.8975406885147095,0.15232744812965393,0.8202409744262695,0.05712538957595825,0.9506365060806274,0.0116971954703331,28.836103439331055,0.0,0.0,0.0,0.0,0.0,0.0,0.0,0.0,0.0,0.0,0.0,0.0,0.0,0.0,0.0,0.0,0.0,0.0,436.8180220354925,282.9026858965818,523.766723539371
PINN20260511,3,129,pretrain,0.8724693059921265,0.14254242181777954,0.8180429935455322,0.05878167599439621,1.2032082080841064,0.011716545559465885,29.034954071044922,0.0,0.0,0.0,0.0,0.0,0.0,0.0,0.0,0.0,0.0,0.0,0.0,0.0,0.0,0.0,0.0,0.0,0.0,417.92979374531313,274.90835120545177,508.9471133906604
PINN20260511,3,130,pretrain,0.8498653769493103,0.13757556676864624,0.8150510787963867,0.05035575106739998,0.9770987033843994,0.0117341885343194,28.70376205444336,0.0,0.0,0.0,0.0,0.0,0.0,0.0,0.0,0.0,0.0,0.0,0.0,0.0,0.0,0.0,0.0,0.0,0.0,409.64479659212077,270.6821821805048,501.41413133840854
PINN20260511,3,132,pretrain,0.8304195404052734,0.13079500198364258,0.817500114440918,0.05205560475587845,0.9436676502227783,0.01175826508551836,28.572280883789062,0.0,0.0,0.0,0.0,0.0,0.0,0.0,0.0,0.0,0.0,0.0,0.0,0.0,0.0,0.0,0.0,0.0,0.0,394.51768417271234,263.49100138809297,493.95753951363554
PINN20260511,3,134,pretrain,0.795091986656189,0.12138223648071289,0.8106310963630676,0.04190581664443016,0.8624292612075806,0.011777294799685478,28.523174285888672,0.0,0.0,0.0,0.0,0.0,0.0,0.0,0.0,0.0,0.0,0.0,0.0,0.0,0.0,0.0,0.0,0.0,0.0,383.42482151003213,258.2008060599347,478.39038479518746
PINN20260511,3,135,pretrain,0.7915921211242676,0.1187140941619873,0.814793050289154,0.04259040206670761,0.9767590165138245,0.011780718341469765,28.779624938964844,0.0,0.0,0.0,0.0,0.0,0.0,0.0,0.0,0.0,0.0,0.0,0.0,0.0,0.0,0.0,0.0,0.0,0.0,373.6972579843208,260.75211228770513,485.3821552670123
PINN20260511,3,137,pretrain,0.7658704519271851,0.11193899810314178,0.8109143972396851,0.03712931275367737,0.8585208654403687,0.011797658167779446,28.78608512878418,0.0,0.0,0.0,0.0,0.0,0.0,0.0,0.0,0.0,0.0,0.0,0.0,0.0,0.0,0.0,0.0,0.0,0.0,369.2719187807272,256.46230534427474,477.2502914418776
PINN20260511,3,139,pretrain,0.7631453275680542,0.1092677116394043,0.8208755254745483,0.03605270013213158,0.8846935033798218,0.011815458536148071,28.78902816772461,0.0,0.0,0.0,0.0,0.0,0.0,0.0,0.0,0.0,0.0,0.0,0.0,0.0,0.0,0.0,0.0,0.0,0.0,356.60247913468015,259.8485436268597,487.27298502619726
PINN20260511,3,140,pretrain,0.7530285716056824,0.10669977217912674,0.8180031776428223,0.036124102771282196,0.8351427316665649,0.011821845546364784,28.92035675048828,0.0,0.0,0.0,0.0,0.0,0.0,0.0,0.0,0.0,0.0,0.0,0.0,0.0,0.0,0.0,0.0,0.0,0.0,354.63649963730467,260.01484332629934,481.8337975677438
PINN20260511,3,142,pretrain,0.7397956252098083,0.10251863300800323,0.8168652057647705,0.032442182302474976,0.865933895111084,0.011834015138447285,29.161453247070312,0.0,0.0,0.0,0.0,0.0,0.0,0.0,0.0,0.0,0.0,0.0,0.0,0.0,0.0,0.0,0.0,0.0,0.0,341.38655692630897,267.17130798890065,496.3428604983174
PINN20260511,3,144,pretrain,0.7242742776870728,0.0985025018453598,0.813578724861145,0.03349870443344116,0.7638839483261108,0.011846916750073433,29.30632209777832,0.0,0.0,0.0,0.0,0.0,0.0,0.0,0.0,0.0,0.0,0.0,0.0,0.0,0.0,0.0,0.0,0.0,0.0,333.7103909080447,272.76847439724406,508.7685718414968
PINN20260511,3,145,pretrain,0.7203963994979858,0.09733448922634125,0.8144932389259338,0.030722346156835556,0.7500929832458496,0.011856616474688053,29.18784523010254,0.0,0.0,0.0,0.0,0.0,0.0,0.0,0.0,0.0,0.0,0.0,0.0,0.0,0.0,0.0,0.0,0.0,0.0,332.6622489477879,272.77619317400115,509.74001902918354
PINN20260511,3,147,pretrain,0.7122208476066589,0.09438543021678925,0.815151035785675,0.03280084207653999,0.7464480996131897,0.011867119930684566,29.45841407775879,0.0,0.0,0.0,0.0,0.0,0.0,0.0,0.0,0.0,0.0,0.0,0.0,0.0,0.0,0.0,0.0,0.0,0.0,323.5786829543936,288.56960003177744,535.479796500338
PINN20260511,3,148,pretrain,0.7026200890541077,0.09224837273359299,0.8123558759689331,0.029987502843141556,0.6849757432937622,0.011872976087033749,29.56686019897461,0.0,0.0,0.0,0.0,0.0,0.0,0.0,0.0,0.0,0.0,0.0,0.0,0.0,0.0,0.0,0.0,0.0,0.0,322.33657438692865,290.5584870125118,536.5566006865496
PINN20260511,3,150,pretrain,0.7016063928604126,0.09023799002170563,0.8175300359725952,0.03099968656897545,0.7963712811470032,0.011881456710398197,29.952560424804688,0.0,0.0,0.0,0.0,0.0,0.0,0.0,0.0,0.0,0.0,0.0,0.0,0.0,0.0,0.0,0.0,0.0,0.0,315.9308048252022,300.84091778297045,555.7306855384668
PINN20260511,3,152,pretrain,0.6886679530143738,0.08743727207183838,0.8123356699943542,0.031796008348464966,0.6914523839950562,0.01189425028860569,30.04024887084961,0.0,0.0,0.0,0.0,0.0,0.0,0.0,0.0,0.0,0.0,0.0,0.0,0.0,0.0,0.0,0.0,0.0,0.0,311.7397878239157,295.4133359591269,549.8774019777258
PINN20260511,3,153,pretrain,0.6892279982566833,0.08663643151521683,0.8160804510116577,0.030243223533034325,0.7614908218383789,0.01190085057169199,30.04977035522461,0.0,0.0,0.0,0.0,0.0,0.0,0.0,0.0,0.0,0.0,0.0,0.0,0.0,0.0,0.0,0.0,0.0,0.0,307.44097502610157,295.0162998674819,549.0593136819978
PINN20260511,3,155,pretrain,0.6757375001907349,0.08381760120391846,0.8097801208496094,0.029210491105914116,0.6776286959648132,0.011909338645637035,30.34756088256836,0.0,0.0,0.0,0.0,0.0,0.0,0.0,0.0,0.0,0.0,0.0,0.0,0.0,0.0,0.0,0.0,0.0,0.0,299.71794032056204,294.4128425782408,543.5022730563181
PINN20260511,3,157,pretrain,0.6698116064071655,0.08148925006389618,0.8111023306846619,0.026291891932487488,0.7267160415649414,0.01191837526857853,30.620145797729492,0.0,0.0,0.0,0.0,0.0,0.0,0.0,0.0,0.0,0.0,0.0,0.0,0.0,0.0,0.0,0.0,0.0,0.0,294.82318588859323,285.7208263760274,527.1511356795162
PINN20260511,3,158,pretrain,0.6622737646102905,0.07997192442417145,0.8073753118515015,0.025657344609498978,0.6769425868988037,0.01192378718405962,30.69896125793457,0.0,0.0,0.0,0.0,0.0,0.0,0.0,0.0,0.0,0.0,0.0,0.0,0.0,0.0,0.0,0.0,0.0,0.0,291.23386489640933,283.5151836762892,525.6249505488482
PINN20260511,3,160,pretrain,0.6596212387084961,0.07871925830841064,0.8085422515869141,0.026406431570649147,0.6955529451370239,0.011933370493352413,30.879629135131836,0.0,0.0,0.0,0.0,0.0,0.0,0.0,0.0,0.0,0.0,0.0,0.0,0.0,0.0,0.0,0.0,0.0,0.0,284.7817009351198,280.5420255950969,522.0468878494768
PINN20260511,3,162,pretrain,0.6517500877380371,0.07686616480350494,0.8055093288421631,0.026485798880457878,0.6549860835075378,0.011940431781113148,31.14664649963379,0.0,0.0,0.0,0.0,0.0,0.0,0.0,0.0,0.0,0.0,0.0,0.0,0.0,0.0,0.0,0.0,0.0,0.0,279.7607934691707,282.8151173912031,523.3042050239221
PINN20260511,3,163,pretrain,0.6497151255607605,0.07627615332603455,0.8068261742591858,0.020620986819267273,0.6674664616584778,0.01194695569574833,31.074064254760742,0.0,0.0,0.0,0.0,0.0,0.0,0.0,0.0,0.0,0.0,0.0,0.0,0.0,0.0,0.0,0.0,0.0,0.0,285.7718577598221,266.49325741939515,490.0174268481357
PINN20260511,3,165,pretrain,0.6404580473899841,0.07380662113428116,0.80491042137146,0.019946591928601265,0.6296820044517517,0.011956033296883106,31.199970245361328,0.0,0.0,0.0,0.0,0.0,0.0,0.0,0.0,0.0,0.0,0.0,0.0,0.0,0.0,0.0,0.0,0.0,0.0,277.08313283200766,262.4555170643208,483.9866324420937
PINN20260511,3,166,pretrain,0.6360863447189331,0.07229748368263245,0.804037868976593,0.023351192474365234,0.6252351403236389,0.011958516202867031,31.395263671875,0.0,0.0,0.0,0.0,0.0,0.0,0.0,0.0,0.0,0.0,0.0,0.0,0.0,0.0,0.0,0.0,0.0,0.0,268.5154208793231,264.39725083669083,489.4344538123801
PINN20260511,3,168,pretrain,0.626504123210907,0.06965016573667526,0.8031600713729858,0.01975548081099987,0.6011282205581665,0.011968748643994331,31.40621566772461,0.0,0.0,0.0,0.0,0.0,0.0,0.0,0.0,0.0,0.0,0.0,0.0,0.0,0.0,0.0,0.0,0.0,0.0,267.17075239909775,257.946275898684,474.88429157828074
PINN20260511,3,170,pretrain,0.6214522123336792,0.06827972829341888,0.8026363253593445,0.018260955810546875,0.5821307897567749,0.011977354064583778,31.47319793701172,0.0,0.0,0.0,0.0,0.0,0.0,0.0,0.0,0.0,0.0,0.0,0.0,0.0,0.0,0.0,0.0,0.0,0.0,264.0478176391541,253.27756976043102,466.0317945039551
PINN20260511,3,171,pretrain,0.6180753111839294,0.06723629683256149,0.8012478947639465,0.02132088504731655,0.5739158987998962,0.011978932656347752,31.676559448242188,0.0,0.0,0.0,0.0,0.0,0.0,0.0,0.0,0.0,0.0,0.0,0.0,0.0,0.0,0.0,0.0,0.0,0.0,253.8227497314809,256.7386651587563,475.05240119386923
PINN20260511,3,173,pretrain,0.6099193096160889,0.06483743339776993,0.8007698059082031,0.019016806036233902,0.560936450958252,0.011987593956291676,31.722585678100586,0.0,0.0,0.0,0.0,0.0,0.0,0.0,0.0,0.0,0.0,0.0,0.0,0.0,0.0,0.0,0.0,0.0,0.0,251.882800747689,246.24359921884263,454.8998160472698
PINN20260511,3,175,pretrain,0.604793131351471,0.0633826032280922,0.8001328110694885,0.017123626545071602,0.5577082633972168,0.01199620496481657,31.777816772460938,0.0,0.0,0.0,0.0,0.0,0.0,0.0,0.0,0.0,0.0,0.0,0.0,0.0,0.0,0.0,0.0,0.0,0.0,248.88074453440547,238.35688348828947,438.88162701199013
PINN20260511,3,176,pretrain,0.6021007299423218,0.06252574175596237,0.7995427250862122,0.01859891787171364,0.5516186356544495,0.011998378671705723,31.938701629638672,0.0,0.0,0.0,0.0,0.0,0.0,0.0,0.0,0.0,0.0,0.0,0.0,0.0,0.0,0.0,0.0,0.0,0.0,239.7367534140312,239.25271844066893,443.6362693586701
PINN20260511,3,178,pretrain,0.5962969660758972,0.06103335693478584,0.7974877953529358,0.017904607579112053,0.5436021685600281,0.012005330063402653,32.06708526611328,0.0,0.0,0.0,0.0,0.0,0.0,0.0,0.0,0.0,0.0,0.0,0.0,0.0,0.0,0.0,0.0,0.0,0.0,234.49440291827864,230.1207223937036,427.29411703932436
PINN20260511,3,180,pretrain,0.5903695821762085,0.059193212538957596,0.7974393963813782,0.016326459124684334,0.5402470827102661,0.012012410908937454,32.16786193847656,0.0,0.0,0.0,0.0,0.0,0.0,0.0,0.0,0.0,0.0,0.0,0.0,0.0,0.0,0.0,0.0,0.0,0.0,229.9727990029473,222.98834225414117,413.35903210818844
PINN20260511,3,181,pretrain,0.587167501449585,0.05838817358016968,0.796714723110199,0.014641609974205494,0.535865843296051,0.012016739696264267,32.16394805908203,0.0,0.0,0.0,0.0,0.0,0.0,0.0,0.0,0.0,0.0,0.0,0.0,0.0,0.0,0.0,0.0,0.0,0.0,230.9645704702347,218.7426784489026,404.3100114754802
PINN20260511,3,183,pretrain,0.5822387933731079,0.05697290971875191,0.7952874302864075,0.01474191714078188,0.5363980531692505,0.01202261820435524,32.339256286621094,0.0,0.0,0.0,0.0,0.0,0.0,0.0,0.0,0.0,0.0,0.0,0.0,0.0,0.0,0.0,0.0,0.0,0.0,223.84033616341358,214.89659577340913,397.58852612712474
PINN20260511,3,184,pretrain,0.5796992182731628,0.056162960827350616,0.7956752777099609,0.014132259413599968,0.5273131132125854,0.012025708332657814,32.40744400024414,0.0,0.0,0.0,0.0,0.0,0.0,0.0,0.0,0.0,0.0,0.0,0.0,0.0,0.0,0.0,0.0,0.0,0.0,223.32553138580013,212.20121457887558,391.63914149965876
PINN20260511,3,186,pretrain,0.5752993822097778,0.05504928156733513,0.7940484881401062,0.013246805407106876,0.5238984227180481,0.01203197706490755,32.525943756103516,0.0,0.0,0.0,0.0,0.0,0.0,0.0,0.0,0.0,0.0,0.0,0.0,0.0,0.0,0.0,0.0,0.0,0.0,222.65791446746283,207.9768053473752,382.5100906252302
PINN20260511,3,188,pretrain,0.5728825330734253,0.05439981818199158,0.7943649888038635,0.011900457553565502,0.5060246586799622,0.012038592249155045,32.608177185058594,0.0,0.0,0.0,0.0,0.0,0.0,0.0,0.0,0.0,0.0,0.0,0.0,0.0,0.0,0.0,0.0,0.0,0.0,228.49112742620883,206.97057837407712,377.24957042220535
PINN20260511,3,189,pretrain,0.57419353723526,0.05483148992061615,0.7930395603179932,0.015914229676127434,0.4998250901699066,0.012038632296025753,32.875518798828125,0.0,0.0,0.0,0.0,0.0,0.0,0.0,0.0,0.0,0.0,0.0,0.0,0.0,0.0,0.0,0.0,0.0,0.0,211.74172615181448,212.66018778499657,401.3427100021214
PINN20260511,3,191,pretrain,0.5706080198287964,0.053931139409542084,0.791351318359375,0.015679290518164635,0.5001541376113892,0.012044452130794525,32.99306106567383,0.0,0.0,0.0,0.0,0.0,0.0,0.0,0.0,0.0,0.0,0.0,0.0,0.0,0.0,0.0,0.0,0.0,0.0,203.77219971085358,200.641656240049,373.2191864110966
PINN20260511,3,193,pretrain,0.5613559484481812,0.051006980240345,0.7925424575805664,0.012019027024507523,0.4829977750778198,0.012051953934133053,32.9608154296875,0.0,0.0,0.0,0.0,0.0,0.0,0.0,0.0,0.0,0.0,0.0,0.0,0.0,0.0,0.0,0.0,0.0,0.0,208.09377581093096,196.29969514112852,360.835661349611
PINN20260511,3,194,pretrain,0.5601815581321716,0.05081675946712494,0.7908206582069397,0.012606006115674973,0.48998498916625977,0.012054290622472763,33.03878402709961,0.0,0.0,0.0,0.0,0.0,0.0,0.0,0.0,0.0,0.0,0.0,0.0,0.0,0.0,0.0,0.0,0.0,0.0,197.4461358510214,195.7219607951545,365.8865339029888
PINN20260511,3,196,pretrain,0.5619691610336304,0.05129986256361008,0.7917405962944031,0.013911698013544083,0.47084689140319824,0.012058903463184834,33.1967658996582,0.0,0.0,0.0,0.0,0.0,0.0,0.0,0.0,0.0,0.0,0.0,0.0,0.0,0.0,0.0,0.0,0.0,0.0,195.1750616433872,197.2091212393585,370.8755270824194
PINN20260511,3,198,pretrain,0.561921238899231,0.05169343948364258,0.7885587215423584,0.014763043262064457,0.4804459810256958,0.012064130045473576,33.30656814575195,0.0,0.0,0.0,0.0,0.0,0.0,0.0,0.0,0.0,0.0,0.0,0.0,0.0,0.0,0.0,0.0,0.0,0.0,190.48039597291896,192.81382698084698,363.37409785328396
PINN20260511,3,199,pretrain,0.557884931564331,0.05045045539736748,0.7897875308990479,0.009433086030185223,0.48765987157821655,0.012071161530911922,33.03473663330078,0.0,0.0,0.0,0.0,0.0,0.0,0.0,0.0,0.0,0.0,0.0,0.0,0.0,0.0,0.0,0.0,0.0,0.0,201.78238006885042,190.6659177396422,348.83911540908093
PINN20260511,3,201,pretrain,0.549126148223877,0.047707539051771164,0.7896266579627991,0.010046144016087055,0.4590490460395813,0.012074622325599194,33.226749420166016,0.0,0.0,0.0,0.0,0.0,0.0,0.0,0.0,0.0,0.0,0.0,0.0,0.0,0.0,0.0,0.0,0.0,0.0,186.86651318521464,187.93533836468862,350.59220882113516
PINN20260511,3,202,pretrain,0.5485593676567078,0.04771753028035164,0.7880495190620422,0.009529385715723038,0.4738079905509949,0.012077707797288895,33.223148345947266,0.0,0.0,0.0,0.0,0.0,0.0,0.0,0.0,0.0,0.0,0.0,0.0,0.0,0.0,0.0,0.0,0.0,0.0,202.07319025231922,190.79877325339385,347.93827418301095
PINN20260511,3,204,pretrain,0.5489757657051086,0.04799811914563179,0.7884834408760071,0.00874821376055479,0.44950199127197266,0.012083880603313446,33.216880798339844,0.0,0.0,0.0,0.0,0.0,0.0,0.0,0.0,0.0,0.0,0.0,0.0,0.0,0.0,0.0,0.0,0.0,0.0,195.77789552194088,189.09944886884256,345.5737923718278
PINN20260511,3,206,pretrain,0.5428510308265686,0.04622795432806015,0.7864466309547424,0.009046020917594433,0.45673298835754395,0.012087658047676086,33.37508010864258,0.0,0.0,0.0,0.0,0.0,0.0,0.0,0.0,0.0,0.0,0.0,0.0,0.0,0.0,0.0,0.0,0.0,0.0,181.598189263412,186.1751737275945,345.40460634586555
PINN20260511,3,207,pretrain,0.5410383343696594,0.045747093856334686,0.7861162424087524,0.00911302212625742,0.445814847946167,0.012089654803276062,33.43818283081055,0.0,0.0,0.0,0.0,0.0,0.0,0.0,0.0,0.0,0.0,0.0,0.0,0.0,0.0,0.0,0.0,0.0,0.0,188.00832137501254,187.5822632040407,343.8149526122978
PINN20260511,3,209,pretrain,0.541013240814209,0.045821405947208405,0.78664231300354,0.00815812312066555,0.4298133850097656,0.012095148675143719,33.447303771972656,0.0,0.0,0.0,0.0,0.0,0.0,0.0,0.0,0.0,0.0,0.0,0.0,0.0,0.0,0.0,0.0,0.0,0.0,189.82010398005792,188.74828227695212,345.16394760442137
PINN20260511,3,211,pretrain,0.5371569991111755,0.04477725923061371,0.7848217487335205,0.00829036720097065,0.4378126859664917,0.012098920531570911,33.580665588378906,0.0,0.0,0.0,0.0,0.0,0.0,0.0,0.0,0.0,0.0,0.0,0.0,0.0,0.0,0.0,0.0,0.0,0.0,176.3941952258492,186.69931122663522,344.67967391732657
PINN20260511,3,212,pretrain,0.5354123711585999,0.04416194185614586,0.7858158349990845,0.008622556924819946,0.41470760107040405,0.012100441381335258,33.66983413696289,0.0,0.0,0.0,0.0,0.0,0.0,0.0,0.0,0.0,0.0,0.0,0.0,0.0,0.0,0.0,0.0,0.0,0.0,178.21052771230998,187.29531536119637,344.3344781800855
PINN20260511,3,214,pretrain,0.5342453122138977,0.04407692700624466,0.7839139699935913,0.007746540475636721,0.4254099130630493,0.012105398811399937,33.69580078125,0.0,0.0,0.0,0.0,0.0,0.0,0.0,0.0,0.0,0.0,0.0,0.0,0.0,0.0,0.0,0.0,0.0,0.0,182.59928805994835,189.22455864329555,346.3259507973373
PINN20260511,3,216,pretrain,0.5319308638572693,0.043490029871463776,0.7837516069412231,0.007455934304744005,0.40468961000442505,0.012109439820051193,33.7865104675293,0.0,0.0,0.0,0.0,0.0,0.0,0.0,0.0,0.0,0.0,0.0,0.0,0.0,0.0,0.0,0.0,0.0,0.0,174.57448826539633,188.89584597073593,347.052746676304
PINN20260511,3,217,pretrain,0.5302364230155945,0.04299436882138252,0.7831223011016846,0.008489125408232212,0.39971494674682617,0.012109998613595963,33.93845748901367,0.0,0.0,0.0,0.0,0.0,0.0,0.0,0.0,0.0,0.0,0.0,0.0,0.0,0.0,0.0,0.0,0.0,0.0,169.68818485128833,188.77288768517582,349.41312868081957
PINN20260511,3,219,pretrain,0.5279595851898193,0.04248504713177681,0.781753659248352,0.007602170575410128,0.40535491704940796,0.012114562094211578,33.97486877441406,0.0,0.0,0.0,0.0,0.0,0.0,0.0,0.0,0.0,0.0,0.0,0.0,0.0,0.0,0.0,0.0,0.0,0.0,172.0597018933399,190.69557095341779,349.9465474054584
PINN20260511,3,221,pretrain,0.5268558263778687,0.042263213545084,0.781598687171936,0.006976539269089699,0.3935771882534027,0.012118786573410034,34.019432067871094,0.0,0.0,0.0,0.0,0.0,0.0,0.0,0.0,0.0,0.0,0.0,0.0,0.0,0.0,0.0,0.0,0.0,0.0,174.4859973787295,192.48295379071882,353.0577773608636
PINN20260511,3,222,pretrain,0.5266634821891785,0.04228779301047325,0.7795714735984802,0.008474137634038925,0.41597849130630493,0.012118909507989883,34.190399169921875,0.0,0.0,0.0,0.0,0.0,0.0,0.0,0.0,0.0,0.0,0.0,0.0,0.0,0.0,0.0,0.0,0.0,0.0,161.47560525896785,191.56284665547753,357.1138502023593
PINN20260511,3,224,pretrain,0.5244700908660889,0.041537925601005554,0.7816092371940613,0.007792525924742222,0.3746603727340698,0.012122808955609798,34.26340103149414,0.0,0.0,0.0,0.0,0.0,0.0,0.0,0.0,0.0,0.0,0.0,0.0,0.0,0.0,0.0,0.0,0.0,0.0,160.40181478867376,193.08361207000453,357.82389569135756
PINN20260511,3,225,pretrain,0.523086428642273,0.041288819164037704,0.7807701826095581,0.006771163549274206,0.3740335702896118,0.012125592678785324,34.227561950683594,0.0,0.0,0.0,0.0,0.0,0.0,0.0,0.0,0.0,0.0,0.0,0.0,0.0,0.0,0.0,0.0,0.0,0.0,165.54860856218332,193.82167021195025,357.8734668840267
PINN20260511,3,227,pretrain,0.5212461948394775,0.04096299409866333,0.7776522636413574,0.0070105139166116714,0.40645021200180054,0.012128464877605438,34.34358596801758,0.0,0.0,0.0,0.0,0.0,0.0,0.0,0.0,0.0,0.0,0.0,0.0,0.0,0.0,0.0,0.0,0.0,0.0,159.84623348510593,195.0980622821508,360.38904381261233
PINN20260511,3,229,pretrain,0.5195626616477966,0.04051691293716431,0.7788100838661194,0.0069646285846829414,0.36069661378860474,0.012131588533520699,34.44429397583008,0.0,0.0,0.0,0.0,0.0,0.0,0.0,0.0,0.0,0.0,0.0,0.0,0.0,0.0,0.0,0.0,0.0,0.0,157.75543522728464,196.31670840761365,365.02926498347284
PINN20260511,3,230,pretrain,0.5189566612243652,0.040495600551366806,0.7763134241104126,0.0065142372623085976,0.400516539812088,0.012133689597249031,34.45033645629883,0.0,0.0,0.0,0.0,0.0,0.0,0.0,0.0,0.0,0.0,0.0,0.0,0.0,0.0,0.0,0.0,0.0,0.0,164.57199459886849,198.19293984965762,364.8554161149198
PINN20260511,3,232,pretrain,0.5179451704025269,0.04029139131307602,0.7771987915039062,0.006081610452383757,0.3627651333808899,0.012137233279645443,34.505733489990234,0.0,0.0,0.0,0.0,0.0,0.0,0.0,0.0,0.0,0.0,0.0,0.0,0.0,0.0,0.0,0.0,0.0,0.0,166.13029642610346,200.58806124119153,366.8252614168187
PINN20260511,3,234,pretrain,0.5181729197502136,0.04057671129703522,0.7746925354003906,0.005767691880464554,0.39714741706848145,0.012140764854848385,34.54582214355469,0.0,0.0,0.0,0.0,0.0,0.0,0.0,0.0,0.0,0.0,0.0,0.0,0.0,0.0,0.0,0.0,0.0,0.0,177.46779527388907,205.51140479301873,373.27354296242095
PINN20260511,3,235,pretrain,0.5197489857673645,0.041255660355091095,0.7734072208404541,0.008760815486311913,0.37631529569625854,0.012139314785599709,34.8094367980957,0.0,0.0,0.0,0.0,0.0,0.0,0.0,0.0,0.0,0.0,0.0,0.0,0.0,0.0,0.0,0.0,0.0,0.0,152.11131948551693,206.21424879539725,389.7097981785017
PINN20260511,3,237,pretrain,0.5282179117202759,0.04406898468732834,0.7732309103012085,0.011233611032366753,0.35743749141693115,0.012141108512878418,34.97651290893555,0.0,0.0,0.0,0.0,0.0,0.0,0.0,0.0,0.0,0.0,0.0,0.0,0.0,0.0,0.0,0.0,0.0,0.0,149.61517041647213,203.2379493660079,381.32497742369094
PINN20260511,3,239,pretrain,0.5128278136253357,0.03928351029753685,0.772584855556488,0.0058840312995016575,0.375402569770813,0.012147761881351471,34.754825592041016,0.0,0.0,0.0,0.0,0.0,0.0,0.0,0.0,0.0,0.0,0.0,0.0,0.0,0.0,0.0,0.0,0.0,0.0,177.4644495649058,210.11473800045536,380.98196351301954
PINN20260511,3,240,pretrain,0.5178265571594238,0.040972813963890076,0.7719845771789551,0.00876425951719284,0.35814809799194336,0.01214681752026081,34.964534759521484,0.0,0.0,0.0,0.0,0.0,0.0,0.0,0.0,0.0,0.0,0.0,0.0,0.0,0.0,0.0,0.0,0.0,0.0,153.82745762298094,213.0659925645104,406.55534124742826
PINN20260511,3,242,pretrain,0.5130119919776917,0.03958668187260628,0.7711071372032166,0.007427338045090437,0.3606472909450531,0.012150775641202927,34.94260025024414,0.0,0.0,0.0,0.0,0.0,0.0,0.0,0.0,0.0,0.0,0.0,0.0,0.0,0.0,0.0,0.0,0.0,0.0,160.78322702866117,207.5882907042206,381.395487910569
PINN20260511,3,243,pretrain,0.5112907290458679,0.03910980746150017,0.7705258727073669,0.006888320669531822,0.36603817343711853,0.012152750976383686,34.93023681640625,0.0,0.0,0.0,0.0,0.0,0.0,0.0,0.0,0.0,0.0,0.0,0.0,0.0,0.0,0.0,0.0,0.0,0.0,147.9073691326771,211.11012380982586,400.7239757073847
PINN20260511,3,245,pretrain,0.5284623503684998,0.04469838738441467,0.7702443599700928,0.011862597428262234,0.34362441301345825,0.012152878567576408,35.183345794677734,0.0,0.0,0.0,0.0,0.0,0.0,0.0,0.0,0.0,0.0,0.0,0.0,0.0,0.0,0.0,0.0,0.0,0.0,153.1189284510573,208.81861709088585,385.98020404794215
PINN20260511,3,247,pretrain,0.5256587862968445,0.04385428503155708,0.7693462371826172,0.005709056742489338,0.41405123472213745,0.012163039296865463,34.66392517089844,0.0,0.0,0.0,0.0,0.0,0.0,0.0,0.0,0.0,0.0,0.0,0.0,0.0,0.0,0.0,0.0,0.0,0.0,179.6764181365351,216.942352653879,393.81373067391684
PINN20260511,3,248,pretrain,0.5154455304145813,0.040828097611665726,0.7672635912895203,0.008966537192463875,0.3768067955970764,0.012158810161054134,35.108028411865234,0.0,0.0,0.0,0.0,0.0,0.0,0.0,0.0,0.0,0.0,0.0,0.0,0.0,0.0,0.0,0.0,0.0,0.0,148.21252688285156,210.1826400716767,391.8021026677606
PINN20260511,3,250,pretrain,0.5096311569213867,0.03898681700229645,0.7680947780609131,0.005204131826758385,0.37912365794181824,0.012165481224656105,34.84940719604492,0.0,0.0,0.0,0.0,0.0,0.0,0.0,0.0,0.0,0.0,0.0,0.0,0.0,0.0,0.0,0.0,0.0,0.0,180.1017236435426,218.97492008218657,397.4004598807414
PINN20260511,3,252,pretrain,0.5151418447494507,0.04082102328538895,0.766588568687439,0.005141028203070164,0.4178157150745392,0.012169592082500458,34.772647857666016,0.0,0.0,0.0,0.0,0.0,0.0,0.0,0.0,0.0,0.0,0.0,0.0,0.0,0.0,0.0,0.0,0.0,0.0,165.98496260956895,215.89797937915029,394.6775651031932
PINN20260511,3,253,pretrain,0.5094895362854004,0.03910866379737854,0.7670390009880066,0.007425323128700256,0.357949823141098,0.012167004868388176,35.08381271362305,0.0,0.0,0.0,0.0,0.0,0.0,0.0,0.0,0.0,0.0,0.0,0.0,0.0,0.0,0.0,0.0,0.0,0.0,150.66887327845788,213.04838248916607,395.2263904343069
PINN20260511,3,255,pretrain,0.5083363652229309,0.03882988914847374,0.764961838722229,0.005073282867670059,0.41755610704421997,0.012172821909189224,34.87056350708008,0.0,0.0,0.0,0.0,0.0,0.0,0.0,0.0,0.0,0.0,0.0,0.0,0.0,0.0,0.0,0.0,0.0,0.0,172.90450760463128,219.29555185297306,400.1192067145055
PINN20260511,3,257,pretrain,0.5081385374069214,0.038909390568733215,0.7654517889022827,0.005002932157367468,0.38419318199157715,0.01217570248991251,34.878665924072266,0.0,0.0,0.0,0.0,0.0,0.0,0.0,0.0,0.0,0.0,0.0,0.0,0.0,0.0,0.0,0.0,0.0,0.0,152.27968204097354,214.9625330726264,398.66534561356895
PINN20260511,3,258,pretrain,0.5046080946922302,0.037884049117565155,0.7641513347625732,0.005982562433928251,0.38418951630592346,0.01217504870146513,35.03764343261719,0.0,0.0,0.0,0.0,0.0,0.0,0.0,0.0,0.0,0.0,0.0,0.0,0.0,0.0,0.0,0.0,0.0,0.0,158.74057550765022,216.69670264565633,400.52445050222207
PINN20260511,3,260,pretrain,0.5073528289794922,0.03879318758845329,0.7607656717300415,0.004944460932165384,0.48007744550704956,0.012179654091596603,34.90826416015625,0.0,0.0,0.0,0.0,0.0,0.0,0.0,0.0,0.0,0.0,0.0,0.0,0.0,0.0,0.0,0.0,0.0,0.0,163.19645824703122,219.10102193394718,402.5776332455481
PINN20260511,3,261,pretrain,0.5060832500457764,0.03854724392294884,0.7629318833351135,0.007111212704330683,0.3776664137840271,0.01217772625386715,35.162010192871094,0.0,0.0,0.0,0.0,0.0,0.0,0.0,0.0,0.0,0.0,0.0,0.0,0.0,0.0,0.0,0.0,0.0,0.0,144.93869258888395,215.93132227053118,406.62532516156017
PINN20260511,3,263,pretrain,0.5027557015419006,0.037554558366537094,0.7604654431343079,0.00520326429978013,0.4409340023994446,0.012182197533547878,35.03579330444336,0.0,0.0,0.0,0.0,0.0,0.0,0.0,0.0,0.0,0.0,0.0,0.0,0.0,0.0,0.0,0.0,0.0,0.0,158.276644182741,218.29695943828443,403.86916464559243
PINN20260511,3,265,pretrain,0.504504919052124,0.03793683275580406,0.7582436800003052,0.004866742063313723,0.5299620628356934,0.012185521423816681,34.99266815185547,0.0,0.0,0.0,0.0,0.0,0.0,0.0,0.0,0.0,0.0,0.0,0.0,0.0,0.0,0.0,0.0,0.0,0.0,151.98404007493681,217.40224994523402,404.23403886530264
PINN20260511,3,266,pretrain,0.5025208592414856,0.03755844756960869,0.7605241537094116,0.0059431432746350765,0.419741153717041,0.01218476053327322,35.152809143066406,0.0,0.0,0.0,0.0,0.0,0.0,0.0,0.0,0.0,0.0,0.0,0.0,0.0,0.0,0.0,0.0,0.0,0.0,147.36058692243662,217.18497300688185,407.2337481174053
PINN20260511,3,268,pretrain,0.5018286108970642,0.037460215389728546,0.7577493786811829,0.005001759622246027,0.47864753007888794,0.012188604101538658,35.05732345581055,0.0,0.0,0.0,0.0,0.0,0.0,0.0,0.0,0.0,0.0,0.0,0.0,0.0,0.0,0.0,0.0,0.0,0.0,156.15595920024955,220.46160734354632,408.0259237843802
PINN20260511,3,270,pretrain,0.502214789390564,0.037425123155117035,0.7559295892715454,0.0050351289100945,0.5483805537223816,0.012190811336040497,35.074344635009766,0.0,0.0,0.0,0.0,0.0,0.0,0.0,0.0,0.0,0.0,0.0,0.0,0.0,0.0,0.0,0.0,0.0,0.0,148.46067582233687,219.73453443871767,408.9718678054373
PINN20260511,3,271,pretrain,0.5007782578468323,0.03720782697200775,0.7601213455200195,0.0056516798213124275,0.3981897532939911,0.012190851382911205,35.162410736083984,0.0,0.0,0.0,0.0,0.0,0.0,0.0,0.0,0.0,0.0,0.0,0.0,0.0,0.0,0.0,0.0,0.0,0.0,148.68216021306995,219.9963245431614,411.0924461797983
PINN20260511,3,273,pretrain,0.5004911422729492,0.03718007355928421,0.7574462294578552,0.00503088254481554,0.4610811471939087,0.012193942442536354,35.11279296875,0.0,0.0,0.0,0.0,0.0,0.0,0.0,0.0,0.0,0.0,0.0,0.0,0.0,0.0,0.0,0.0,0.0,0.0,151.78631026668708,221.34387132920577,410.2189349493362
PINN20260511,3,275,pretrain,0.5003088116645813,0.03701731562614441,0.756256639957428,0.005073552019894123,0.5056925415992737,0.012195751070976257,35.15104675292969,0.0,0.0,0.0,0.0,0.0,0.0,0.0,0.0,0.0,0.0,0.0,0.0,0.0,0.0,0.0,0.0,0.0,0.0,145.8972307932025,221.06341885587946,413.23063090054546
PINN20260511,3,276,pretrain,0.49918004870414734,0.036911990493535995,0.7579377293586731,0.00543799577280879,0.41937965154647827,0.01219605840742588,35.21402359008789,0.0,0.0,0.0,0.0,0.0,0.0,0.0,0.0,0.0,0.0,0.0,0.0,0.0,0.0,0.0,0.0,0.0,0.0,146.54017020726775,221.67787017426886,412.64287021102575
PINN20260511,3,278,pretrain,0.5001859068870544,0.0369328148663044,0.7551009058952332,0.005011186935007572,0.5417386293411255,0.012198787182569504,35.18594741821289,0.0,0.0,0.0,0.0,0.0,0.0,0.0,0.0,0.0,0.0,0.0,0.0,0.0,0.0,0.0,0.0,0.0,0.0,149.93649697455254,223.03320065351258,415.3674468032587
PINN20260511,3,279,pretrain,0.499128520488739,0.036996372044086456,0.757247269153595,0.00582165876403451,0.4175725281238556,0.01219851989299059,35.291114807128906,0.0,0.0,0.0,0.0,0.0,0.0,0.0,0.0,0.0,0.0,0.0,0.0,0.0,0.0,0.0,0.0,0.0,0.0,140.28174078216665,222.1370723365418,416.74709642314275
PINN20260511,3,281,pretrain,0.4990299344062805,0.03678097948431969,0.7540978193283081,0.005510053131729364,0.5268048644065857,0.012200904078781605,35.282318115234375,0.0,0.0,0.0,0.0,0.0,0.0,0.0,0.0,0.0,0.0,0.0,0.0,0.0,0.0,0.0,0.0,0.0,0.0,144.74239644321563,223.5193206833584,418.1463085403875
PINN20260511,3,283,pretrain,0.49854233860969543,0.03679104894399643,0.7592201828956604,0.005025138147175312,0.37770408391952515,0.01220348384231329,35.24915313720703,0.0,0.0,0.0,0.0,0.0,0.0,0.0,0.0,0.0,0.0,0.0,0.0,0.0,0.0,0.0,0.0,0.0,0.0,149.53668028279884,225.33576509566785,423.1318708421143
PINN20260511,3,284,pretrain,0.4993361532688141,0.03684461861848831,0.7531827688217163,0.005796429235488176,0.5525813102722168,0.012203407473862171,35.33469772338867,0.0,0.0,0.0,0.0,0.0,0.0,0.0,0.0,0.0,0.0,0.0,0.0,0.0,0.0,0.0,0.0,0.0,0.0,140.50723541200645,224.61118314489596,421.48928027668586
PINN20260511,3,286,pretrain,0.4978620111942291,0.03666270896792412,0.7588297724723816,0.0054552992805838585,0.36839765310287476,0.012205411680042744,35.333160400390625,0.0,0.0,0.0,0.0,0.0,0.0,0.0,0.0,0.0,0.0,0.0,0.0,0.0,0.0,0.0,0.0,0.0,0.0,142.92896645930452,225.09701033665462,425.21521938901463
PINN20260511,3,288,pretrain,0.49689143896102905,0.03649793565273285,0.7566090822219849,0.005179132800549269,0.4028637409210205,0.01220747735351324,35.32595443725586,0.0,0.0,0.0,0.0,0.0,0.0,0.0,0.0,0.0,0.0,0.0,0.0,0.0,0.0,0.0,0.0,0.0,0.0,143.51265732505965,226.16389936282934,421.14613846687286
PINN20260511,3,289,pretrain,0.4978192150592804,0.03655822202563286,0.7601978182792664,0.005272375885397196,0.34955894947052,0.012208099476993084,35.34967041015625,0.0,0.0,0.0,0.0,0.0,0.0,0.0,0.0,0.0,0.0,0.0,0.0,0.0,0.0,0.0,0.0,0.0,0.0,141.00682192051914,225.84853884849466,427.6946905547046
PINN20260511,3,291,pretrain,0.49664315581321716,0.03645810857415199,0.7551283836364746,0.005476647987961769,0.43046438694000244,0.012209469452500343,35.38847351074219,0.0,0.0,0.0,0.0,0.0,0.0,0.0,0.0,0.0,0.0,0.0,0.0,0.0,0.0,0.0,0.0,0.0,0.0,138.88959053642213,227.00339858414014,424.0069855451248
PINN20260511,3,293,pretrain,0.49770820140838623,0.03649752587080002,0.7523370981216431,0.0055354139767587185,0.5469991564750671,0.012211102992296219,35.40689468383789,0.0,0.0,0.0,0.0,0.0,0.0,0.0,0.0,0.0,0.0,0.0,0.0,0.0,0.0,0.0,0.0,0.0,0.0,140.17362280846564,227.23691003278935,428.62785067999965
PINN20260511,3,294,pretrain,0.4965613782405853,0.03637814521789551,0.7532194256782532,0.005007085856050253,0.4907911717891693,0.012212635949254036,35.36170196533203,0.0,0.0,0.0,0.0,0.0,0.0,0.0,0.0,0.0,0.0,0.0,0.0,0.0,0.0,0.0,0.0,0.0,0.0,142.92942423622927,228.38409943557804,424.5679929481562
PINN20260511,3,296,pretrain,0.49566298723220825,0.03628469258546829,0.7547397613525391,0.005086746532469988,0.42108267545700073,0.012214064598083496,35.38798141479492,0.0,0.0,0.0,0.0,0.0,0.0,0.0,0.0,0.0,0.0,0.0,0.0,0.0,0.0,0.0,0.0,0.0,0.0,143.0433582650729,228.49976066727072,431.15902036741625
PINN20260511,3,298,pretrain,0.4960272014141083,0.03628678247332573,0.758181095123291,0.005208676680922508,0.35172805190086365,0.012215339578688145,35.420936584472656,0.0,0.0,0.0,0.0,0.0,0.0,0.0,0.0,0.0,0.0,0.0,0.0,0.0,0.0,0.0,0.0,0.0,0.0,140.0576820344925,229.3388510343374,428.73321330774786
PINN20260511,3,299,pretrain,0.495649516582489,0.036247242242097855,0.7572789192199707,0.005017396993935108,0.3632428050041199,0.012216334231197834,35.40951156616211,0.0,0.0,0.0,0.0,0.0,0.0,0.0,0.0,0.0,0.0,0.0,0.0,0.0,0.0,0.0,0.0,0.0,0.0,145.09657344334497,229.8423457638953,432.1722155383351
PINN20260511,3,301,physics,204952.15625,0.036180779337882996,0.7544535398483276,0.004887460730969906,0.4203529357910156,0.012217879295349121,35.41361618041992,0.0,0.0,0.7119318842887878,839.1175537109375,0.0,0.0,5.035926278651459e-06,0.0010051530553027987,1.7094205873036117e-07,3.491838995728358e-08,7699243.5,5093812.5,1375.8427734375,57.89415740966797,0.0004262985603418201,4.2717584136653386e-08,0.0784040242433548,11.364070892333984,270.50111194318595,307.5310832867143,592.3780340765334
PINN20260511,3,302,physics,179882.390625,0.08481498807668686,0.7651355862617493,0.023163482546806335,0.34609898924827576,0.012227760627865791,34.62321472167969,0.0,0.0,0.734354555606842,716.5182495117188,0.0,0.0,5.050010258855764e-06,0.0010119025828316808,1.6062725194387895e-07,3.3724457892958526e-08,6747655.0,4490154.0,1299.2598876953125,56.58415985107422,0.00025486128288321197,4.212138904335916e-08,0.08053658902645111,10.977458000183105,725.2571957588563,628.050132354098,1169.8685053219258
PINN20260511,3,304,physics,96198.0390625,1.2299387454986572,0.821287214756012,0.5760880708694458,0.3549637794494629,0.01227138563990593,31.380847930908203,0.0,0.0,0.8003894686698914,333.86383056640625,0.0,0.0,5.136700565344654e-06,0.0010413205018267035,1.1314673997731006e-07,3.144921834064007e-08,3578350.75,2460596.25,991.520263671875,50.547142028808594,5.929675535298884e-05,3.9470556600917917e-08,0.08453825116157532,9.19991683959961,2052.2285447776035,1634.4495250695263,2979.195320889497
PINN20260511,3,306,physics,28728.060546875,4.971107482910156,0.9531184434890747,2.3266916275024414,0.5251892805099487,0.012348730117082596,26.90142822265625,0.0,0.0,0.9116061925888062,79.38221740722656,0.0,0.0,5.611474080069456e-06,0.0010877626482397318,5.220511312131748e-08,2.932405074318467e-08,1041793.8125,786355.75,597.666259765625,40.49799346923828,8.672335388837382e-05,3.589286379224177e-08,0.07806510478258133,6.294231414794922,3431.75814998668,2665.5599786911566,4844.879266181639
PINN20260511,3,307,physics,11470.134765625,7.577495098114014,1.051358699798584,3.492276191711426,0.6358259320259094,0.012402083724737167,24.521881103515625,0.0,0.0,0.9838899970054626,27.6063289642334,0.0,0.0,6.135851435828954e-06,0.0011172182857990265,2.8139712782149218e-08,2.8313142053093543e-08,402296.53125,339125.6875,414.36346435546875,34.55018615722656,8.587745833210647e-05,3.413842009081236e-08,0.07160744071006775,4.65164852142334,3983.411603136186,3068.962202439124,5577.925284500705
PINN20260511,3,309,physics,585.0952758789062,12.38213062286377,1.2592637538909912,5.505729675292969,0.8390196561813354,0.0125446617603302,19.96953010559082,0.0,0.0,1.0207582712173462,0.6355116963386536,0.0,0.0,7.475010534108151e-06,0.0011899347882717848,4.094782735108993e-09,2.6381844264733445e-08,13872.806640625,26540.26171875,143.0792236328125,24.05139923095703,3.476150595815852e-05,3.1615400075679645e-08,0.058075517416000366,1.9105117321014404,4675.055079889434,3557.6575158381956,6470.110228724415
PINN20260511,3,311,physics,199.40267944335938,14.63340950012207,1.3797526359558105,6.290411472320557,2.224127769470215,0.012728700414299965,16.347145080566406,0.0,0.0,0.48126503825187683,0.027260297909379005,0.0,0.0,8.995772077469155e-06,0.0012804040452465415,2.875317206552097e-10,2.457899483943038e-08,7230.94580078125,796.010009765625,28.120012283325195,18.428302764892578,3.9688679862592835e-06,3.482447752389817e-08,0.0415709912776947,1.418485164642334,4824.847562358836,3647.9579219064467,6636.810700582496
PINN20260511,3,312,physics,171.22389221191406,14.867010116577148,1.396213173866272,6.332818031311035,3.046682357788086,0.012819995172321796,15.02463150024414,0.0,0.0,0.28510811924934387,0.015640420839190483,0.0,0.0,1.0166970241698436e-05,0.0013301422586664557,1.2970446938709301e-10,2.37218369392167e-08,6035.96630859375,323.90911865234375,13.851175308227539,18.089019775390625,1.8748763750409125e-06,3.842766460593339e-08,0.03393127769231796,1.5695922374725342,4842.154479154914,3656.360485510147,6652.5649842847715
PINN20260511,3,314,physics,94.13505554199219,15.033543586730957,1.408703327178955,6.350275993347168,4.60584831237793,0.013039438985288143,12.587207794189453,0.0,0.0,0.08960870653390884,0.006105626933276653,0.0,0.0,1.48382914630929e-05,0.0014446378918364644,4.477433007687992e-11,2.209478466852488e-08,2281.09716796875,89.18431854248047,4.596319675445557,18.1070499420166,8.183847057807725e-07,4.5670535797626144e-08,0.02100434899330139,2.249028205871582,4858.499768447046,3663.2332713055553,6665.490352158772
PINN20260511,3,316,physics,55.00862503051758,15.097719192504883,1.4126514196395874,6.354199409484863,5.708605766296387,0.013345005922019482,10.409161567687988,0.0,0.0,0.033111948519945145,0.0029746401123702526,0.0,0.0,2.2449568859883584e-05,0.0015651313588023186,2.163527690335343e-11,2.0568890590766387e-08,345.0972900390625,34.6418571472168,2.3836755752563477,16.402040481567383,4.798701525032811e-07,5.470955599662375e-08,0.015696600079536438,5.0832085609436035,4865.471200202504,3665.3666937974976,6669.4967680893205
PINN20260511,3,317,physics,49.481536865234375,15.114810943603516,1.4134900569915771,6.355231285095215,6.006877899169922,0.013533339835703373,9.482979774475098,0.0,0.0,0.024564145132899284,0.0023821291979402304,0.0,0.0,2.5979301426559687e-05,0.0016187839210033417,1.6875058642118468e-11,1.9846780219268112e-08,72.98668670654297,24.42983055114746,1.8805620670318604,14.874361038208008,4.0570162695985346e-07,6.332595603453228e-08,0.01421433687210083,17.873720169067383,4867.239053097762,3665.949672322303,6670.563579563345
PINN20260511,3,319,physics,47.995670318603516,15.137296676635742,1.4139277935028076,6.358225345611572,6.123946189880371,0.013838032260537148,8.128108024597168,0.0,0.0,0.02546224556863308,0.0019247510936111212,0.0,0.0,2.6692632673075423e-05,0.001599698793143034,1.5090876465118086e-11,1.8464515250116165e-08,4.82651948928833,14.54545783996582,1.3193820714950562,10.713855743408203,3.533629637786362e-07,1.3327348824532237e-07,0.0092629911378026,68.43600463867188,4872.602384763198,3667.8815411624187,6674.056493275204
PINN20260511,3,320,physics,47.9237174987793,15.158647537231445,1.414249062538147,6.361386299133301,6.194602012634277,0.013802132569253445,7.659252166748047,0.0,0.0,0.025862179696559906,0.0011826262343674898,0.0,0.0,2.336253055545967e-05,0.0013711084611713886,1.2537015696423293e-11,1.7812931574212598e-08,4.062331676483154,7.744110107421875,0.9316698312759399,8.355741500854492,2.794019451357599e-07,2.127125640072336e-07,0.006407976616173983,50.82352066040039,4876.462447307475,3669.542069523117,6677.085422697023
PINN20260511,3,322,physics,47.86128234863281,15.20168685913086,1.4151211977005005,6.368788719177246,6.491724014282227,0.012638513930141926,7.0075836181640625,0.0,0.0,0.020571360364556313,0.000245954463025555,0.0,0.0,1.4466447282757144e-05,0.0002610609808471054,3.956461460535854e-12,1.656661474669363e-08,1.803393006324768,0.9052433967590332,0.30764293670654297,4.689333915710449,1.0042563047818476e-07,4.5529762360274617e-07,0.0027904033195227385,30.12786102294922,4881.528858871982,3671.809907933688,6681.222672964746
PINN20260511,3,324,physics,47.85357666015625,15.21988296508789,1.4155951738357544,6.371128559112549,6.737181663513184,0.010155086405575275,6.6117095947265625,0.0,0.0,0.013827785849571228,1.9995746697532013e-05,0.0,0.0,7.854056093492545e-06,0.00024245493113994598,6.651139057914368e-13,1.5402743969161747e-08,1.0047876834869385,0.08684583008289337,0.10943498462438583,2.6999149322509766,2.0922810151091653e-08,6.414878725991002e-07,0.0018024025484919548,12.225518226623535,4882.793872364468,3671.421659248635,6680.539204594713
PINN20260511,3,325,physics,47.845191955566406,15.221672058105469,1.4156996011734009,6.369681358337402,6.814650535583496,0.009236253798007965,6.489076614379883,0.0,0.0,0.01058044470846653,2.0737186787300743e-05,0.0,0.0,5.718083230021875e-06,0.00033801974495872855,2.794397471663629e-13,1.4846939677681803e-08,0.7430105805397034,0.033879052847623825,0.08158502727746964,2.262521982192993,9.300851644411523e-09,6.191623924678424e-07,0.001704870956018567,7.828498840332031,4882.69147090004,3670.5545902492718,6678.980343612603
PINN20260511,3,327,physics,47.823856353759766,15.219305038452148,1.4157936573028564,6.364564418792725,6.9049482345581055,0.008747957646846771,6.363836288452148,0.0,0.0,0.006802787538617849,2.1111176465637982e-05,0.0,0.0,3.0802389119344298e-06,0.0004039646009914577,7.974546858361548e-14,1.3802939236029488e-08,0.3511864244937897,0.009002862498164177,0.06525567173957825,1.9303197860717773,2.3844688445961992e-09,4.008546170553018e-07,0.0015663790982216597,3.4743051528930664,4882.10651256197,3668.721303124564,6675.681789710119
PINN20260511,4,1,pretrain,57.25272750854492,18.30034065246582,1.3247809410095215,7.800948619842529,6.4561591148376465,0.002847754629328847,5.96645450592041,0.0,0.0,0.0,0.0,0.0,0.0,0.0,0.0,0.0,0.0,0.0,0.0,0.0,0.0,0.0,0.0,0.0,0.0,4108.198875419738,4930.216628100636,8979.073146130106
PINN20260511,4,3,pretrain,57.14700698852539,18.298385620117188,1.3248103857040405,7.799861907958984,1.4736227989196777,0.0028786184266209602,5.951992511749268,0.0,0.0,0.0,0.0,0.0,0.0,0.0,0.0,0.0,0.0,0.0,0.0,0.0,0.0,0.0,0.0,0.0,0.0,4108.052336570215,4930.081743744215,8978.824932119463
PINN20260511,4,5,pretrain,57.13492965698242,18.297985076904297,1.3247674703598022,7.799691677093506,0.9327510595321655,0.0029094882775098085,5.967586517333984,0.0,0.0,0.0,0.0,0.0,0.0,0.0,0.0,0.0,0.0,0.0,0.0,0.0,0.0,0.0,0.0,0.0,0.0,4108.028967765442,4930.063691272152,8978.785167575905
PINN20260511,4,7,pretrain,57.1310920715332,18.297534942626953,1.324756383895874,7.799502372741699,0.810513973236084,0.0029479125514626503,5.975850582122803,0.0,0.0,0.0,0.0,0.0,0.0,0.0,0.0,0.0,0.0,0.0,0.0,0.0,0.0,0.0,0.0,0.0,0.0,4107.935004354377,4929.985192675532,8978.637665748753
PINN20260511,4,9,pretrain,57.12518310546875,18.29640007019043,1.3247270584106445,7.79892635345459,0.6917750835418701,0.0029829894192516804,5.982821464538574,0.0,0.0,0.0,0.0,0.0,0.0,0.0,0.0,0.0,0.0,0.0,0.0,0.0,0.0,0.0,0.0,0.0,0.0,4107.786752011355,4929.858821507975,8978.403927879459
PINN20260511,4,12,pretrain,57.119327545166016,18.294178009033203,1.3246804475784302,7.797811031341553,0.7444735765457153,0.0030425358563661575,5.99130392074585,0.0,0.0,0.0,0.0,0.0,0.0,0.0,0.0,0.0,0.0,0.0,0.0,0.0,0.0,0.0,0.0,0.0,0.0,4107.5267497607365,4929.62594929879,8977.97665039714
PINN20260511,4,14,pretrain,57.1142692565918,18.292606353759766,1.3246647119522095,7.797086715698242,0.7351576685905457,0.003092994447797537,5.994792461395264,0.0,0.0,0.0,0.0,0.0,0.0,0.0,0.0,0.0,0.0,0.0,0.0,0.0,0.0,0.0,0.0,0.0,0.0,4107.3504841929425,4929.464473956577,8977.677599550067
PINN20260511,4,16,pretrain,57.10745620727539,18.291013717651367,1.324615240097046,7.796413421630859,0.6411622166633606,0.0031521557830274105,6.00396728515625,0.0,0.0,0.0,0.0,0.0,0.0,0.0,0.0,0.0,0.0,0.0,0.0,0.0,0.0,0.0,0.0,0.0,0.0,4107.157411154338,4929.278649052009,8977.3308852852
PINN20260511,4,18,pretrain,57.10028839111328,18.28901481628418,1.3245428800582886,7.79561710357666,0.5925577878952026,0.0032244964968413115,6.014705657958984,0.0,0.0,0.0,0.0,0.0,0.0,0.0,0.0,0.0,0.0,0.0,0.0,0.0,0.0,0.0,0.0,0.0,0.0,4106.8873858434445,4928.993812128394,8976.804402460442
PINN20260511,4,20,pretrain,57.09098434448242,18.286087036132812,1.324485421180725,7.794458389282227,0.5795475840568542,0.003316829912364483,6.01953125,0.0,0.0,0.0,0.0,0.0,0.0,0.0,0.0,0.0,0.0,0.0,0.0,0.0,0.0,0.0,0.0,0.0,0.0,4106.486576137806,4928.54907655387,8975.986336109825
PINN20260511,4,22,pretrain,57.077781677246094,18.281763076782227,1.3243818283081055,7.7927327156066895,0.5877012610435486,0.003443373367190361,6.022934436798096,0.0,0.0,0.0,0.0,0.0,0.0,0.0,0.0,0.0,0.0,0.0,0.0,0.0,0.0,0.0,0.0,0.0,0.0,4105.895517423696,4927.88108622763,8974.754008440352
PINN20260511,4,24,pretrain,57.05817413330078,18.275287628173828,1.324194073677063,7.790258407592773,0.6080036163330078,0.0036328723654150963,6.024942874908447,0.0,0.0,0.0,0.0,0.0,0.0,0.0,0.0,0.0,0.0,0.0,0.0,0.0,0.0,0.0,0.0,0.0,0.0,4104.9945188757565,4926.8446291719,8972.836508679797
PINN20260511,4,26,pretrain,57.026832580566406,18.265174865722656,1.3239295482635498,7.786691188812256,0.600220799446106,0.003932369407266378,6.020859241485596,0.0,0.0,0.0,0.0,0.0,0.0,0.0,0.0,0.0,0.0,0.0,0.0,0.0,0.0,0.0,0.0,0.0,0.0,4103.534573998372,4925.157256372633,8969.699559964154
PINN20260511,4,28,pretrain,56.974674224853516,18.248035430908203,1.3233051300048828,7.78145694732666,0.6314211487770081,0.004416011273860931,6.017876625061035,0.0,0.0,0.0,0.0,0.0,0.0,0.0,0.0,0.0,0.0,0.0,0.0,0.0,0.0,0.0,0.0,0.0,0.0,4100.973786797473,4922.331561363984,8964.412719578011
PINN20260511,4,30,pretrain,56.88181686401367,18.21719741821289,1.3221535682678223,7.773654937744141,0.7210010886192322,0.005133560858666897,6.0163655281066895,0.0,0.0,0.0,0.0,0.0,0.0,0.0,0.0,0.0,0.0,0.0,0.0,0.0,0.0,0.0,0.0,0.0,0.0,4096.243400971188,4917.642931323908,8955.6088290995
PINN20260511,4,33,pretrain,56.56777572631836,18.112071990966797,1.317879557609558,7.754719257354736,1.0837734937667847,0.006598666310310364,6.038099765777588,0.0,0.0,0.0,0.0,0.0,0.0,0.0,0.0,0.0,0.0,0.0,0.0,0.0,0.0,0.0,0.0,0.0,0.0,4079.8105348165373,4904.753204800421,8931.256533451247
PINN20260511,4,35,pretrain,56.09688949584961,17.955631256103516,1.3118072748184204,7.735381126403809,1.3508102893829346,0.007671401370316744,6.080326080322266,0.0,0.0,0.0,0.0,0.0,0.0,0.0,0.0,0.0,0.0,0.0,0.0,0.0,0.0,0.0,0.0,0.0,0.0,4055.6248593774053,4889.28992799568,8902.06783926161
PINN20260511,4,37,pretrain,55.21206283569336,17.66449737548828,1.301334261894226,7.708839416503906,1.306950330734253,0.008765466511249542,6.168920040130615,0.0,0.0,0.0,0.0,0.0,0.0,0.0,0.0,0.0,0.0,0.0,0.0,0.0,0.0,0.0,0.0,0.0,0.0,4012.25896472299,4862.8578017458,8852.75377700477
PINN20260511,4,39,pretrain,53.8958854675293,17.22702980041504,1.3002532720565796,7.672921657562256,1.50406813621521,0.009899591095745564,6.376771450042725,0.0,0.0,0.0,0.0,0.0,0.0,0.0,0.0,0.0,0.0,0.0,0.0,0.0,0.0,0.0,0.0,0.0,0.0,3977.981397643785,4812.553791907161,8759.116251098829
PINN20260511,4,41,pretrain,54.26605987548828,17.347627639770508,1.333308219909668,7.625450134277344,1.5716297626495361,0.011182168498635292,6.4718499183654785,0.0,0.0,0.0,0.0,0.0,0.0,0.0,0.0,0.0,0.0,0.0,0.0,0.0,0.0,0.0,0.0,0.0,0.0,4019.0960426444153,4759.316757686968,8663.222261731493
PINN20260511,4,43,pretrain,54.71859359741211,17.479455947875977,1.4061896800994873,7.574822902679443,3.108220100402832,0.01235732901841402,6.458763122558594,0.0,0.0,0.0,0.0,0.0,0.0,0.0,0.0,0.0,0.0,0.0,0.0,0.0,0.0,0.0,0.0,0.0,0.0,3989.0495108484174,4734.10519528242,8616.683251638302
PINN20260511,4,45,pretrain,53.160972595214844,16.995695114135742,1.2860534191131592,7.529722213745117,1.2459598779678345,0.013228354044258595,6.472652435302734,0.0,0.0,0.0,0.0,0.0,0.0,0.0,0.0,0.0,0.0,0.0,0.0,0.0,0.0,0.0,0.0,0.0,0.0,3938.5539224441245,4735.195455311216,8616.043679512004
PINN20260511,4,47,pretrain,52.46427917480469,16.766021728515625,1.2852760553359985,7.490579128265381,1.2730083465576172,0.013909135945141315,6.413965225219727,0.0,0.0,0.0,0.0,0.0,0.0,0.0,0.0,0.0,0.0,0.0,0.0,0.0,0.0,0.0,0.0,0.0,0.0,3929.694899098402,4730.7187614568675,8605.72747158689
PINN20260511,4,49,pretrain,52.273040771484375,16.709453582763672,1.271080732345581,7.4439520835876465,1.0174808502197266,0.01437116414308548,6.34807825088501,0.0,0.0,0.0,0.0,0.0,0.0,0.0,0.0,0.0,0.0,0.0,0.0,0.0,0.0,0.0,0.0,0.0,0.0,3916.8994115243754,4690.423648243302,8528.275015015266
PINN20260511,4,52,pretrain,51.26795196533203,16.37339973449707,1.243515133857727,7.347811222076416,2.8215816020965576,0.014532264322042465,6.415073394775391,0.0,0.0,0.0,0.0,0.0,0.0,0.0,0.0,0.0,0.0,0.0,0.0,0.0,0.0,0.0,0.0,0.0,0.0,3865.647164447371,4530.532419043042,8221.742450786505
PINN20260511,4,54,pretrain,50.111385345458984,15.99310302734375,1.219004511833191,7.242112636566162,3.707771062850952,0.014416082762181759,6.563504219055176,0.0,0.0,0.0,0.0,0.0,0.0,0.0,0.0,0.0,0.0,0.0,0.0,0.0,0.0,0.0,0.0,0.0,0.0,3816.927036242637,4295.122815473383,7774.406015130666
PINN20260511,4,56,pretrain,48.68003463745117,15.525293350219727,1.1661404371261597,7.063241481781006,5.421910285949707,0.014140085317194462,6.8787922859191895,0.0,0.0,0.0,0.0,0.0,0.0,0.0,0.0,0.0,0.0,0.0,0.0,0.0,0.0,0.0,0.0,0.0,0.0,3743.4867436655895,3908.2249167620844,7037.856840417377
PINN20260511,4,58,pretrain,46.124080657958984,14.694791793823242,1.1124203205108643,6.783655166625977,6.338219165802002,0.013839224353432655,7.226016998291016,0.0,0.0,0.0,0.0,0.0,0.0,0.0,0.0,0.0,0.0,0.0,0.0,0.0,0.0,0.0,0.0,0.0,0.0,3608.2948881708658,3377.3052867633983,6064.696568949861
PINN20260511,4,60,pretrain,42.211883544921875,13.419843673706055,1.058623194694519,6.349390506744385,7.658276557922363,0.013487061485648155,7.710402011871338,0.0,0.0,0.0,0.0,0.0,0.0,0.0,0.0,0.0,0.0,0.0,0.0,0.0,0.0,0.0,0.0,0.0,0.0,3422.9161543923333,2790.0814504239834,5117.316723005306
PINN20260511,4,62,pretrain,38.106441497802734,12.074233055114746,1.09783935546875,5.6633429527282715,10.107882499694824,0.013085286132991314,8.461118698120117,0.0,0.0,0.0,0.0,0.0,0.0,0.0,0.0,0.0,0.0,0.0,0.0,0.0,0.0,0.0,0.0,0.0,0.0,3261.360605636856,3215.768959362597,6101.908004219166
PINN20260511,4,64,pretrain,35.41954803466797,11.298452377319336,1.004964828491211,4.765344142913818,3.4320812225341797,0.01288487296551466,8.578709602355957,0.0,0.0,0.0,0.0,0.0,0.0,0.0,0.0,0.0,0.0,0.0,0.0,0.0,0.0,0.0,0.0,0.0,0.0,3157.020905854125,4623.600977593114,8494.562228863291
PINN20260511,4,66,pretrain,32.457794189453125,10.357165336608887,1.0823627710342407,3.968168258666992,2.5741302967071533,0.01292102038860321,7.880732536315918,0.0,0.0,0.0,0.0,0.0,0.0,0.0,0.0,0.0,0.0,0.0,0.0,0.0,0.0,0.0,0.0,0.0,0.0,2965.3144858513742,5254.928353460206,9522.65027076893
PINN20260511,4,68,pretrain,27.28395652770996,8.685134887695312,1.0480263233184814,3.3838562965393066,1.388387680053711,0.013171060010790825,6.907377243041992,0.0,0.0,0.0,0.0,0.0,0.0,0.0,0.0,0.0,0.0,0.0,0.0,0.0,0.0,0.0,0.0,0.0,0.0,2668.5109143490495,4912.613764586017,9038.760967435159
PINN20260511,4,70,pretrain,21.893001556396484,6.907799243927002,1.0306720733642578,2.9053995609283447,3.6593644618988037,0.013450517319142818,6.313135623931885,0.0,0.0,0.0,0.0,0.0,0.0,0.0,0.0,0.0,0.0,0.0,0.0,0.0,0.0,0.0,0.0,0.0,0.0,2352.6219415792243,4524.190977401374,8198.134441614233
PINN20260511,4,73,pretrain,14.220708847045898,4.405601501464844,1.0570948123931885,2.1707324981689453,2.060516357421875,0.013251999393105507,6.562559604644775,0.0,0.0,0.0,0.0,0.0,0.0,0.0,0.0,0.0,0.0,0.0,0.0,0.0,0.0,0.0,0.0,0.0,0.0,1836.428803411665,4862.3981737410195,8749.818630662558
PINN20260511,4,75,pretrain,10.483732223510742,3.1893153190612793,0.9356523156166077,2.09881329536438,1.4099177122116089,0.013445761986076832,5.940061569213867,0.0,0.0,0.0,0.0,0.0,0.0,0.0,0.0,0.0,0.0,0.0,0.0,0.0,0.0,0.0,0.0,0.0,0.0,1640.370918420587,4880.607749041096,8789.459394192974
PINN20260511,4,77,pretrain,9.070965766906738,2.625715732574463,1.2152611017227173,2.1953203678131104,7.35622501373291,0.014044113457202911,5.096803665161133,0.0,0.0,0.0,0.0,0.0,0.0,0.0,0.0,0.0,0.0,0.0,0.0,0.0,0.0,0.0,0.0,0.0,0.0,1519.737395078505,3793.445531439723,6835.510256121578
PINN20260511,4,79,pretrain,7.760096073150635,2.2658426761627197,1.042472243309021,1.7875770330429077,4.190830707550049,0.014241525903344154,5.07364559173584,0.0,0.0,0.0,0.0,0.0,0.0,0.0,0.0,0.0,0.0,0.0,0.0,0.0,0.0,0.0,0.0,0.0,0.0,1418.4575689811804,2564.0914570272253,4622.387028829453
PINN20260511,4,81,pretrain,7.2039475440979,2.1381945610046387,0.9707527160644531,1.2807142734527588,2.392228841781616,0.014148599468171597,5.41702127456665,0.0,0.0,0.0,0.0,0.0,0.0,0.0,0.0,0.0,0.0,0.0,0.0,0.0,0.0,0.0,0.0,0.0,0.0,1370.027007033073,2082.984757505441,3793.361021577286
PINN20260511,4,83,pretrain,6.511911392211914,1.9276349544525146,0.9511379599571228,1.0571987628936768,2.099912405014038,0.014079960994422436,5.55450963973999,0.0,0.0,0.0,0.0,0.0,0.0,0.0,0.0,0.0,0.0,0.0,0.0,0.0,0.0,0.0,0.0,0.0,0.0,1273.3768589855872,1975.0715176924607,3599.4887393422496
PINN20260511,4,85,pretrain,5.573523998260498,1.6189792156219482,0.9457850456237793,0.991316020488739,2.2715368270874023,0.014160037972033024,5.389908313751221,0.0,0.0,0.0,0.0,0.0,0.0,0.0,0.0,0.0,0.0,0.0,0.0,0.0,0.0,0.0,0.0,0.0,0.0,1169.602710325177,1872.5138183735787,3409.5470023708253
PINN20260511,4,87,pretrain,4.685328483581543,1.3213169574737549,0.9698619246482849,0.7744430899620056,4.0779008865356445,0.014338728040456772,5.254225730895996,0.0,0.0,0.0,0.0,0.0,0.0,0.0,0.0,0.0,0.0,0.0,0.0,0.0,0.0,0.0,0.0,0.0,0.0,1043.9303137662016,1715.9523594785492,3134.0957506146383
PINN20260511,4,89,pretrain,3.8470754623413086,1.081526517868042,0.9192477464675903,0.5684481263160706,1.459123969078064,0.01392886321991682,5.831007480621338,0.0,0.0,0.0,0.0,0.0,0.0,0.0,0.0,0.0,0.0,0.0,0.0,0.0,0.0,0.0,0.0,0.0,0.0,921.677546650671,1532.0889334500134,2813.763536229025
PINN20260511,4,92,pretrain,2.722970724105835,0.7230156660079956,0.8691019415855408,0.37498733401298523,2.21876859664917,0.013604704290628433,6.436986923217773,0.0,0.0,0.0,0.0,0.0,0.0,0.0,0.0,0.0,0.0,0.0,0.0,0.0,0.0,0.0,0.0,0.0,0.0,750.2697431590855,1194.2073731140667,2194.075095679578
PINN20260511,4,94,pretrain,2.300938844680786,0.5910018682479858,0.8563354015350342,0.26599347591400146,2.328338146209717,0.013605897314846516,6.533498764038086,0.0,0.0,0.0,0.0,0.0,0.0,0.0,0.0,0.0,0.0,0.0,0.0,0.0,0.0,0.0,0.0,0.0,0.0,673.1795822809839,1072.6463186903686,1972.7393397043288
PINN20260511,4,96,pretrain,1.9929313659667969,0.495220422744751,0.8711178302764893,0.19078466296195984,1.6777091026306152,0.013733607716858387,6.380903244018555,0.0,0.0,0.0,0.0,0.0,0.0,0.0,0.0,0.0,0.0,0.0,0.0,0.0,0.0,0.0,0.0,0.0,0.0,599.947289351323,972.0877660993374,1794.9569626528835
PINN20260511,4,98,pretrain,1.6216846704483032,0.3763678967952728,0.8641747832298279,0.1379006952047348,1.6456708908081055,0.013746777549386024,6.402919769287109,0.0,0.0,0.0,0.0,0.0,0.0,0.0,0.0,0.0,0.0,0.0,0.0,0.0,0.0,0.0,0.0,0.0,0.0,507.2244171715317,949.8197197363297,1752.7219721048236
PINN20260511,4,100,pretrain,1.3268287181854248,0.27962079644203186,0.8577200174331665,0.10111665725708008,1.9441499710083008,0.013761495240032673,6.463878631591797,0.0,0.0,0.0,0.0,0.0,0.0,0.0,0.0,0.0,0.0,0.0,0.0,0.0,0.0,0.0,0.0,0.0,0.0,421.31637088416113,1071.7745798441013,1974.7333130622212
PINN20260511,4,102,pretrain,1.1646406650543213,0.22688108682632446,0.8680269718170166,0.09832208603620529,1.5159804821014404,0.013889580965042114,6.253491401672363,0.0,0.0,0.0,0.0,0.0,0.0,0.0,0.0,0.0,0.0,0.0,0.0,0.0,0.0,0.0,0.0,0.0,0.0,389.1173907061981,1262.4466820424536,2322.044431140742
PINN20260511,4,104,pretrain,1.115858554840088,0.2104106992483139,0.87762051820755,0.09176760166883469,1.3731372356414795,0.014095447957515717,5.987918853759766,0.0,0.0,0.0,0.0,0.0,0.0,0.0,0.0,0.0,0.0,0.0,0.0,0.0,0.0,0.0,0.0,0.0,0.0,394.4056644179949,1369.5169768936785,2515.245393475746
PINN20260511,4,106,pretrain,1.108277440071106,0.20791682600975037,0.8766424059867859,0.0889342725276947,1.4209452867507935,0.014226286672055721,5.857211589813232,0.0,0.0,0.0,0.0,0.0,0.0,0.0,0.0,0.0,0.0,0.0,0.0,0.0,0.0,0.0,0.0,0.0,0.0,384.5017067582405,1392.0232577080026,2554.1922646168055
PINN20260511,4,108,pretrain,1.0880677700042725,0.20307493209838867,0.857181966304779,0.09324170649051666,1.5801806449890137,0.014210935682058334,5.922660827636719,0.0,0.0,0.0,0.0,0.0,0.0,0.0,0.0,0.0,0.0,0.0,0.0,0.0,0.0,0.0,0.0,0.0,0.0,366.94616004940013,1341.0260064592335,2460.79795365848
PINN20260511,4,110,pretrain,1.0568338632583618,0.19557106494903564,0.8585536479949951,0.08339066803455353,1.2082867622375488,0.014303910546004772,5.869771480560303,0.0,0.0,0.0,0.0,0.0,0.0,0.0,0.0,0.0,0.0,0.0,0.0,0.0,0.0,0.0,0.0,0.0,0.0,359.9745759251617,1238.3701990923394,2272.550906205397
PINN20260511,4,113,pretrain,1.0267093181610107,0.18707580864429474,0.8417695760726929,0.08291039615869522,1.4007532596588135,0.014315181411802769,5.9395904541015625,0.0,0.0,0.0,0.0,0.0,0.0,0.0,0.0,0.0,0.0,0.0,0.0,0.0,0.0,0.0,0.0,0.0,0.0,349.92427752300927,1139.8156100878773,2092.6026481298727
PINN20260511,4,115,pretrain,0.9903095364570618,0.1759818196296692,0.8442177772521973,0.07942517846822739,1.2185072898864746,0.014370177872478962,5.917806148529053,0.0,0.0,0.0,0.0,0.0,0.0,0.0,0.0,0.0,0.0,0.0,0.0,0.0,0.0,0.0,0.0,0.0,0.0,333.3036340935994,1152.6718960745075,2113.8681241133118
PINN20260511,4,117,pretrain,0.9424965977668762,0.16107133030891418,0.8410495519638062,0.07740359753370285,1.1638574600219727,0.014398130588233471,5.9137444496154785,0.0,0.0,0.0,0.0,0.0,0.0,0.0,0.0,0.0,0.0,0.0,0.0,0.0,0.0,0.0,0.0,0.0,0.0,317.89076592832953,1182.349990485051,2169.1635615805108
PINN20260511,4,119,pretrain,0.9103809595108032,0.15157204866409302,0.8373953700065613,0.071184441447258,1.1365151405334473,0.014431845396757126,5.907658576965332,0.0,0.0,0.0,0.0,0.0,0.0,0.0,0.0,0.0,0.0,0.0,0.0,0.0,0.0,0.0,0.0,0.0,0.0,309.9899443933625,1224.480297922347,2243.272447705636
PINN20260511,4,121,pretrain,0.891855776309967,0.14649158716201782,0.8396574854850769,0.06541996449232101,0.9734140634536743,0.014467241242527962,5.894707679748535,0.0,0.0,0.0,0.0,0.0,0.0,0.0,0.0,0.0,0.0,0.0,0.0,0.0,0.0,0.0,0.0,0.0,0.0,307.23133588551804,1250.3585985628283,2291.4838623007986
PINN20260511,4,123,pretrain,0.8795896172523499,0.1432180255651474,0.8356793522834778,0.06478662043809891,0.9569244980812073,0.01445171982049942,5.938445568084717,0.0,0.0,0.0,0.0,0.0,0.0,0.0,0.0,0.0,0.0,0.0,0.0,0.0,0.0,0.0,0.0,0.0,0.0,301.0440945692176,1240.5763781404191,2272.2405653878586
PINN20260511,4,125,pretrain,0.8683235049247742,0.14027896523475647,0.8364195227622986,0.06296494603157043,0.8341928720474243,0.01443464495241642,5.988423824310303,0.0,0.0,0.0,0.0,0.0,0.0,0.0,0.0,0.0,0.0,0.0,0.0,0.0,0.0,0.0,0.0,0.0,0.0,296.65191618292306,1185.4279817854815,2173.363149819788
PINN20260511,4,127,pretrain,0.8551605343818665,0.1366461217403412,0.8326571583747864,0.05971576273441315,0.8475210666656494,0.01438590046018362,6.091119766235352,0.0,0.0,0.0,0.0,0.0,0.0,0.0,0.0,0.0,0.0,0.0,0.0,0.0,0.0,0.0,0.0,0.0,0.0,292.92859891533294,1124.1041433070159,2061.026730666056
PINN20260511,4,129,pretrain,0.8491754531860352,0.13517525792121887,0.827370822429657,0.05878866836428642,0.9103257656097412,0.014321058988571167,6.216587543487549,0.0,0.0,0.0,0.0,0.0,0.0,0.0,0.0,0.0,0.0,0.0,0.0,0.0,0.0,0.0,0.0,0.0,0.0,290.29101777354396,1071.3294894662426,1967.3214911925159
PINN20260511,4,132,pretrain,0.8430381417274475,0.13404963910579681,0.8257988095283508,0.057793792337179184,0.8215512037277222,0.014247777871787548,6.3709540367126465,0.0,0.0,0.0,0.0,0.0,0.0,0.0,0.0,0.0,0.0,0.0,0.0,0.0,0.0,0.0,0.0,0.0,0.0,287.91267936216354,1041.5049807850176,1914.5388228692773
PINN20260511,4,134,pretrain,0.8348712921142578,0.1317848265171051,0.8262941241264343,0.05750424042344093,0.7434461116790771,0.014205272309482098,6.463432312011719,0.0,0.0,0.0,0.0,0.0,0.0,0.0,0.0,0.0,0.0,0.0,0.0,0.0,0.0,0.0,0.0,0.0,0.0,282.1478585112777,1067.1957411834064,1960.7677074004282
PINN20260511,4,136,pretrain,0.8246230483055115,0.12869314849376678,0.8196575045585632,0.05929009988903999,0.8428409099578857,0.014146068133413792,6.585439205169678,0.0,0.0,0.0,0.0,0.0,0.0,0.0,0.0,0.0,0.0,0.0,0.0,0.0,0.0,0.0,0.0,0.0,0.0,278.01673454578236,1103.6055114940302,2027.3553052932334
PINN20260511,4,138,pretrain,0.8163362741470337,0.126475527882576,0.8224012851715088,0.058310069143772125,0.7023512721061707,0.014125896617770195,6.6407952308654785,0.0,0.0,0.0,0.0,0.0,0.0,0.0,0.0,0.0,0.0,0.0,0.0,0.0,0.0,0.0,0.0,0.0,0.0,276.1400092118127,1134.219941193065,2083.919748032847
PINN20260511,4,140,pretrain,0.8097911477088928,0.12475883960723877,0.8177586793899536,0.05723617225885391,0.7594015598297119,0.014090543612837791,6.729825496673584,0.0,0.0,0.0,0.0,0.0,0.0,0.0,0.0,0.0,0.0,0.0,0.0,0.0,0.0,0.0,0.0,0.0,0.0,273.19092453813323,1157.2106549803282,2124.8840207004378
PINN20260511,4,142,pretrain,0.8029274344444275,0.12289603054523468,0.8157615661621094,0.056924957782030106,0.7486780881881714,0.014064946211874485,6.798332214355469,0.0,0.0,0.0,0.0,0.0,0.0,0.0,0.0,0.0,0.0,0.0,0.0,0.0,0.0,0.0,0.0,0.0,0.0,269.4941007007389,1160.4159814480322,2132.307140164039
PINN20260511,4,144,pretrain,0.7962048053741455,0.12106413394212723,0.8170091509819031,0.055831246078014374,0.6670780777931213,0.01405240036547184,6.840390682220459,0.0,0.0,0.0,0.0,0.0,0.0,0.0,0.0,0.0,0.0,0.0,0.0,0.0,0.0,0.0,0.0,0.0,0.0,265.4149463575855,1151.5646964022474,2117.7470455416346
PINN20260511,4,146,pretrain,0.7894701957702637,0.11938435584306717,0.813787579536438,0.05427270382642746,0.678439736366272,0.014011068269610405,6.9535417556762695,0.0,0.0,0.0,0.0,0.0,0.0,0.0,0.0,0.0,0.0,0.0,0.0,0.0,0.0,0.0,0.0,0.0,0.0,262.17605010755653,1141.9326819037976,2097.4379478484043
PINN20260511,4,148,pretrain,0.7852282524108887,0.11791388690471649,0.8075130581855774,0.051971908658742905,0.8667862415313721,0.013962633907794952,7.093045234680176,0.0,0.0,0.0,0.0,0.0,0.0,0.0,0.0,0.0,0.0,0.0,0.0,0.0,0.0,0.0,0.0,0.0,0.0,261.584728744818,1132.2620610971649,2082.281596545247
PINN20260511,4,150,pretrain,0.7806984186172485,0.11699365824460983,0.8166855573654175,0.04964590445160866,0.5722769498825073,0.01396213099360466,7.110229969024658,0.0,0.0,0.0,0.0,0.0,0.0,0.0,0.0,0.0,0.0,0.0,0.0,0.0,0.0,0.0,0.0,0.0,0.0,258.6303618342208,1141.9754813480017,2098.555111202249
PINN20260511,4,153,pretrain,0.7711808681488037,0.11440058797597885,0.8107907772064209,0.049159467220306396,0.6375901699066162,0.013925833627581596,7.2182745933532715,0.0,0.0,0.0,0.0,0.0,0.0,0.0,0.0,0.0,0.0,0.0,0.0,0.0,0.0,0.0,0.0,0.0,0.0,254.13918738065564,1166.9153246915562,2142.719846622113
PINN20260511,4,155,pretrain,0.7663508057594299,0.11269068717956543,0.8054695725440979,0.048492301255464554,0.7922781109809875,0.013904555700719357,7.288297653198242,0.0,0.0,0.0,0.0,0.0,0.0,0.0,0.0,0.0,0.0,0.0,0.0,0.0,0.0,0.0,0.0,0.0,0.0,252.4445947876484,1175.7341323615642,2160.9746372243294
PINN20260511,4,157,pretrain,0.7611830234527588,0.11115153133869171,0.8138819336891174,0.04767954722046852,0.5625770092010498,0.013920184224843979,7.25343132019043,0.0,0.0,0.0,0.0,0.0,0.0,0.0,0.0,0.0,0.0,0.0,0.0,0.0,0.0,0.0,0.0,0.0,0.0,249.41437659044436,1178.3896851211828,2166.500477764367
PINN20260511,4,159,pretrain,0.7544048428535461,0.10918835550546646,0.8053914904594421,0.04785872995853424,0.7286123037338257,0.013879739679396152,7.3804755210876465,0.0,0.0,0.0,0.0,0.0,0.0,0.0,0.0,0.0,0.0,0.0,0.0,0.0,0.0,0.0,0.0,0.0,0.0,245.5188304259981,1174.7690198502853,2158.059463346444
PINN20260511,4,161,pretrain,0.748422384262085,0.10746560245752335,0.806180477142334,0.047975726425647736,0.6670100688934326,0.013862093910574913,7.4436445236206055,0.0,0.0,0.0,0.0,0.0,0.0,0.0,0.0,0.0,0.0,0.0,0.0,0.0,0.0,0.0,0.0,0.0,0.0,242.0262366330353,1163.7541084782472,2140.7757873926153
PINN20260511,4,163,pretrain,0.7432310581207275,0.10588086396455765,0.8095782399177551,0.04752540588378906,0.5647130012512207,0.013852420262992382,7.483352184295654,0.0,0.0,0.0,0.0,0.0,0.0,0.0,0.0,0.0,0.0,0.0,0.0,0.0,0.0,0.0,0.0,0.0,0.0,238.22556111540592,1153.8404352422392,2122.2485412322335
PINN20260511,4,165,pretrain,0.7378220558166504,0.1042187511920929,0.8044651746749878,0.047229282557964325,0.6743707656860352,0.013825963251292706,7.576906681060791,0.0,0.0,0.0,0.0,0.0,0.0,0.0,0.0,0.0,0.0,0.0,0.0,0.0,0.0,0.0,0.0,0.0,0.0,234.96962070925255,1146.5352153335718,2108.780739758435
PINN20260511,4,167,pretrain,0.7320189476013184,0.10251311957836151,0.8045163154602051,0.046191759407520294,0.6491548418998718,0.013819608837366104,7.608163356781006,0.0,0.0,0.0,0.0,0.0,0.0,0.0,0.0,0.0,0.0,0.0,0.0,0.0,0.0,0.0,0.0,0.0,0.0,232.21077440549567,1140.4065064703902,2098.328689939726
PINN20260511,4,169,pretrain,0.7263252139091492,0.10077956318855286,0.8037163019180298,0.044659532606601715,0.6598225831985474,0.013813589699566364,7.639615058898926,0.0,0.0,0.0,0.0,0.0,0.0,0.0,0.0,0.0,0.0,0.0,0.0,0.0,0.0,0.0,0.0,0.0,0.0,230.10377244571632,1136.1542588926911,2090.4409969355734
PINN20260511,4,172,pretrain,0.7185812592506409,0.09843673557043076,0.8054481744766235,0.04455140233039856,0.5818338990211487,0.013802973553538322,7.6828436851501465,0.0,0.0,0.0,0.0,0.0,0.0,0.0,0.0,0.0,0.0,0.0,0.0,0.0,0.0,0.0,0.0,0.0,0.0,223.97112851046225,1139.8618337324924,2098.287460524269
PINN20260511,4,174,pretrain,0.7133088707923889,0.09672767668962479,0.8019761443138123,0.043780554085969925,0.6690816283226013,0.013779093511402607,7.772907733917236,0.0,0.0,0.0,0.0,0.0,0.0,0.0,0.0,0.0,0.0,0.0,0.0,0.0,0.0,0.0,0.0,0.0,0.0,221.22915685720542,1133.299497043919,2085.131023336028
PINN20260511,4,176,pretrain,0.7076419591903687,0.09510914981365204,0.8030458092689514,0.04255904257297516,0.613994300365448,0.01377183012664318,7.807053089141846,0.0,0.0,0.0,0.0,0.0,0.0,0.0,0.0,0.0,0.0,0.0,0.0,0.0,0.0,0.0,0.0,0.0,0.0,219.17917720155353,1123.1065176553825,2068.6955079033455
PINN20260511,4,178,pretrain,0.7030026316642761,0.09370401501655579,0.8062741756439209,0.04137178510427475,0.5239558219909668,0.013775160536170006,7.801356315612793,0.0,0.0,0.0,0.0,0.0,0.0,0.0,0.0,0.0,0.0,0.0,0.0,0.0,0.0,0.0,0.0,0.0,0.0,216.74542238534127,1113.6155081535098,2051.981226092551
PINN20260511,4,180,pretrain,0.6979852914810181,0.09224376082420349,0.8029314279556274,0.04040846601128578,0.5853281021118164,0.01376442238688469,7.84438419342041,0.0,0.0,0.0,0.0,0.0,0.0,0.0,0.0,0.0,0.0,0.0,0.0,0.0,0.0,0.0,0.0,0.0,0.0,214.28324384736666,1107.0421175366364,2040.0680253654414
PINN20260511,4,182,pretrain,0.6934744119644165,0.09087654203176498,0.8017669320106506,0.039731692522764206,0.6007519364356995,0.013753251172602177,7.887782096862793,0.0,0.0,0.0,0.0,0.0,0.0,0.0,0.0,0.0,0.0,0.0,0.0,0.0,0.0,0.0,0.0,0.0,0.0,211.53153392284094,1104.1488803598907,2035.1629504400098
PINN20260511,4,184,pretrain,0.6891067028045654,0.08960296213626862,0.8028087615966797,0.03915875032544136,0.5530844330787659,0.013742852956056595,7.927828788757324,0.0,0.0,0.0,0.0,0.0,0.0,0.0,0.0,0.0,0.0,0.0,0.0,0.0,0.0,0.0,0.0,0.0,0.0,208.7987031509056,1103.3079239269516,2033.5579618954628
PINN20260511,4,186,pretrain,0.6850405335426331,0.0883738324046135,0.8018198609352112,0.03869250416755676,0.5635285973548889,0.013730180449783802,7.9770026206970215,0.0,0.0,0.0,0.0,0.0,0.0,0.0,0.0,0.0,0.0,0.0,0.0,0.0,0.0,0.0,0.0,0.0,0.0,206.61239941917813,1102.350386673856,2031.6516359503398
PINN20260511,4,188,pretrain,0.681303858757019,0.08727347105741501,0.8015814423561096,0.038238525390625,0.5522521734237671,0.01372548658400774,7.995725631713867,0.0,0.0,0.0,0.0,0.0,0.0,0.0,0.0,0.0,0.0,0.0,0.0,0.0,0.0,0.0,0.0,0.0,0.0,204.78203923623283,1099.2967069904284,2027.1460589841754
PINN20260511,4,190,pretrain,0.6781421899795532,0.0863482877612114,0.8015278577804565,0.03772498667240143,0.5394220352172852,0.013724273070693016,8.00193977355957,0.0,0.0,0.0,0.0,0.0,0.0,0.0,0.0,0.0,0.0,0.0,0.0,0.0,0.0,0.0,0.0,0.0,0.0,203.9814827686572,1093.3459539413864,2016.7154753381524
PINN20260511,4,193,pretrain,0.6752007603645325,0.08556382358074188,0.7997649908065796,0.03964146599173546,0.534923791885376,0.01370452530682087,8.064545631408691,0.0,0.0,0.0,0.0,0.0,0.0,0.0,0.0,0.0,0.0,0.0,0.0,0.0,0.0,0.0,0.0,0.0,0.0,195.460813687808,1109.6572669072193,2045.7573097015368
PINN20260511,4,195,pretrain,0.6749868988990784,0.08559535443782806,0.7986061573028564,0.040129367262125015,0.5435953140258789,0.013694453053176403,8.10307788848877,0.0,0.0,0.0,0.0,0.0,0.0,0.0,0.0,0.0,0.0,0.0,0.0,0.0,0.0,0.0,0.0,0.0,0.0,194.27770877020347,1110.890746203244,2047.7908640175797
PINN20260511,4,197,pretrain,0.6731201410293579,0.08513981103897095,0.7987388968467712,0.0399506650865078,0.517056941986084,0.013694215565919876,8.106695175170898,0.0,0.0,0.0,0.0,0.0,0.0,0.0,0.0,0.0,0.0,0.0,0.0,0.0,0.0,0.0,0.0,0.0,0.0,192.45882270631296,1104.7956258964823,2037.2684125600153
PINN20260511,4,199,pretrain,0.6665810346603394,0.08312536776065826,0.7982914447784424,0.03805079683661461,0.5224529504776001,0.013703382574021816,8.083115577697754,0.0,0.0,0.0,0.0,0.0,0.0,0.0,0.0,0.0,0.0,0.0,0.0,0.0,0.0,0.0,0.0,0.0,0.0,193.3111461316962,1088.7162164678177,2008.949639609363
PINN20260511,4,201,pretrain,0.6641134023666382,0.08241546154022217,0.798575222492218,0.036434829235076904,0.5146245360374451,0.013717218302190304,8.046286582946777,0.0,0.0,0.0,0.0,0.0,0.0,0.0,0.0,0.0,0.0,0.0,0.0,0.0,0.0,0.0,0.0,0.0,0.0,197.9037111987797,1075.107262090625,1985.2692281814968
PINN20260511,4,203,pretrain,0.6641038060188293,0.08252806961536407,0.7991765141487122,0.036076728254556656,0.4858017563819885,0.01372437085956335,8.027810096740723,0.0,0.0,0.0,0.0,0.0,0.0,0.0,0.0,0.0,0.0,0.0,0.0,0.0,0.0,0.0,0.0,0.0,0.0,195.9115313732196,1073.9326096175682,1983.0595010370655
PINN20260511,4,205,pretrain,0.6602621078491211,0.08143004775047302,0.7976472973823547,0.036297861486673355,0.49443960189819336,0.013720073737204075,8.041465759277344,0.0,0.0,0.0,0.0,0.0,0.0,0.0,0.0,0.0,0.0,0.0,0.0,0.0,0.0,0.0,0.0,0.0,0.0,190.0289143295041,1081.97013590949,1997.1025240253823
PINN20260511,4,207,pretrain,0.659331738948822,0.08128472417593002,0.7966092228889465,0.03705800324678421,0.48806890845298767,0.013718128204345703,8.042691230773926,0.0,0.0,0.0,0.0,0.0,0.0,0.0,0.0,0.0,0.0,0.0,0.0,0.0,0.0,0.0,0.0,0.0,0.0,187.75208054772656,1085.5232609207414,2003.7271440021789
PINN20260511,4,209,pretrain,0.6582480072975159,0.08105649799108505,0.7957838177680969,0.03701883926987648,0.4891398251056671,0.013725494034588337,8.01632022857666,0.0,0.0,0.0,0.0,0.0,0.0,0.0,0.0,0.0,0.0,0.0,0.0,0.0,0.0,0.0,0.0,0.0,0.0,187.8281503462673,1077.5450106608075,1989.970383597127
PINN20260511,4,212,pretrain,0.655503511428833,0.08035039156675339,0.7957262396812439,0.03638863563537598,0.4655753970146179,0.013742385432124138,7.960444450378418,0.0,0.0,0.0,0.0,0.0,0.0,0.0,0.0,0.0,0.0,0.0,0.0,0.0,0.0,0.0,0.0,0.0,0.0,186.47180584474427,1075.6473051144599,1987.0210515195945
PINN20260511,4,214,pretrain,0.6548564434051514,0.08026710152626038,0.7946226596832275,0.03651263192296028,0.4720615744590759,0.013746744953095913,7.945261478424072,0.0,0.0,0.0,0.0,0.0,0.0,0.0,0.0,0.0,0.0,0.0,0.0,0.0,0.0,0.0,0.0,0.0,0.0,186.21604136727856,1071.5744841120472,1979.942454890346
PINN20260511,4,216,pretrain,0.6530349850654602,0.07979904860258102,0.7948979735374451,0.035971879959106445,0.44972437620162964,0.013759120367467403,7.907107353210449,0.0,0.0,0.0,0.0,0.0,0.0,0.0,0.0,0.0,0.0,0.0,0.0,0.0,0.0,0.0,0.0,0.0,0.0,187.61568306314373,1061.6050348411127,1962.845151474363
PINN20260511,4,218,pretrain,0.6521904468536377,0.07962242513895035,0.795261561870575,0.035509977489709854,0.42951589822769165,0.013774698600172997,7.8588128089904785,0.0,0.0,0.0,0.0,0.0,0.0,0.0,0.0,0.0,0.0,0.0,0.0,0.0,0.0,0.0,0.0,0.0,0.0,188.92222068552445,1053.6072560494256,1949.109523180476
PINN20260511,4,220,pretrain,0.6513780355453491,0.07946746051311493,0.794632077217102,0.035350169986486435,0.4294816553592682,0.01378738321363926,7.817502975463867,0.0,0.0,0.0,0.0,0.0,0.0,0.0,0.0,0.0,0.0,0.0,0.0,0.0,0.0,0.0,0.0,0.0,0.0,187.70583493527846,1051.3230355128721,1945.2323914390556
PINN20260511,4,222,pretrain,0.6499863266944885,0.07914924621582031,0.7936000227928162,0.035385336726903915,0.4330754578113556,0.013796452432870865,7.785280227661133,0.0,0.0,0.0,0.0,0.0,0.0,0.0,0.0,0.0,0.0,0.0,0.0,0.0,0.0,0.0,0.0,0.0,0.0,185.44221851091515,1052.6996841454832,1947.7131027491762
PINN20260511,4,224,pretrain,0.6491315960884094,0.07901647686958313,0.7929964065551758,0.03552451729774475,0.42395246028900146,0.013805623166263103,7.752325534820557,0.0,0.0,0.0,0.0,0.0,0.0,0.0,0.0,0.0,0.0,0.0,0.0,0.0,0.0,0.0,0.0,0.0,0.0,184.08941865979153,1052.954830465201,1948.307058556642
PINN20260511,4,226,pretrain,0.6484452486038208,0.07889975607395172,0.7922967672348022,0.035514649003744125,0.42473340034484863,0.013817893341183662,7.711217403411865,0.0,0.0,0.0,0.0,0.0,0.0,0.0,0.0,0.0,0.0,0.0,0.0,0.0,0.0,0.0,0.0,0.0,0.0,183.80903600952266,1049.3176354183704,1942.0145847079027
PINN20260511,4,228,pretrain,0.6474674344062805,0.07865499705076218,0.7915234565734863,0.03528384864330292,0.4341968297958374,0.013833372853696346,7.662259578704834,0.0,0.0,0.0,0.0,0.0,0.0,0.0,0.0,0.0,0.0,0.0,0.0,0.0,0.0,0.0,0.0,0.0,0.0,184.20148615035657,1042.4693041044422,1929.9850393625636
PINN20260511,4,231,pretrain,0.6463115811347961,0.07841164618730545,0.7919610738754272,0.035048626363277435,0.4043194055557251,0.013855928555130959,7.591011047363281,0.0,0.0,0.0,0.0,0.0,0.0,0.0,0.0,0.0,0.0,0.0,0.0,0.0,0.0,0.0,0.0,0.0,0.0,183.1987586100135,1036.9371967481927,1920.9846555669726
PINN20260511,4,233,pretrain,0.6457023024559021,0.07830315083265305,0.7912805080413818,0.03499682992696762,0.4076615571975708,0.013865812681615353,7.5602641105651855,0.0,0.0,0.0,0.0,0.0,0.0,0.0,0.0,0.0,0.0,0.0,0.0,0.0,0.0,0.0,0.0,0.0,0.0,182.7169087687289,1032.8265827330356,1913.228901185891
PINN20260511,4,235,pretrain,0.6450631618499756,0.07815760374069214,0.7904945015907288,0.03485681861639023,0.4185866713523865,0.013876553624868393,7.52808952331543,0.0,0.0,0.0,0.0,0.0,0.0,0.0,0.0,0.0,0.0,0.0,0.0,0.0,0.0,0.0,0.0,0.0,0.0,182.61578091035835,1028.0558107418099,1903.8490508046484
PINN20260511,4,237,pretrain,0.6445407867431641,0.07799975574016571,0.7891322374343872,0.034690357744693756,0.4518672823905945,0.013886982575058937,7.497537136077881,0.0,0.0,0.0,0.0,0.0,0.0,0.0,0.0,0.0,0.0,0.0,0.0,0.0,0.0,0.0,0.0,0.0,0.0,182.57225667184485,1023.2880215266863,1895.4895849780594
PINN20260511,4,239,pretrain,0.6438491940498352,0.07788443565368652,0.7911010980606079,0.034534431993961334,0.3869248032569885,0.013901442289352417,7.453657627105713,0.0,0.0,0.0,0.0,0.0,0.0,0.0,0.0,0.0,0.0,0.0,0.0,0.0,0.0,0.0,0.0,0.0,0.0,182.57197852833278,1018.2177443945867,1887.743730851547
PINN20260511,4,241,pretrain,0.6436509490013123,0.07779781520366669,0.792991042137146,0.03438093513250351,0.3442906141281128,0.01391409058123827,7.416174411773682,0.0,0.0,0.0,0.0,0.0,0.0,0.0,0.0,0.0,0.0,0.0,0.0,0.0,0.0,0.0,0.0,0.0,0.0,182.5233075870038,1012.7938153938343,1878.7096560110162
PINN20260511,4,243,pretrain,0.6435202956199646,0.07771765440702438,0.7940956354141235,0.034257672727108,0.32339972257614136,0.01392283197492361,7.390870094299316,0.0,0.0,0.0,0.0,0.0,0.0,0.0,0.0,0.0,0.0,0.0,0.0,0.0,0.0,0.0,0.0,0.0,0.0,182.22555348729222,1008.8652040783248,1871.6872721443713
PINN20260511,4,245,pretrain,0.6429908275604248,0.07762494683265686,0.7936172485351562,0.034207891672849655,0.3232855200767517,0.013926936313509941,7.378880023956299,0.0,0.0,0.0,0.0,0.0,0.0,0.0,0.0,0.0,0.0,0.0,0.0,0.0,0.0,0.0,0.0,0.0,0.0,181.38343148906958,1006.9777182241919,1866.8508810777219
PINN20260511,4,247,pretrain,0.6421383619308472,0.07754402607679367,0.79032963514328,0.03424738347530365,0.37460124492645264,0.013925285078585148,7.383554458618164,0.0,0.0,0.0,0.0,0.0,0.0,0.0,0.0,0.0,0.0,0.0,0.0,0.0,0.0,0.0,0.0,0.0,0.0,180.3474132143985,1006.6872962842036,1863.679284474638
PINN20260511,4,249,pretrain,0.6424349546432495,0.0775768905878067,0.7873511910438538,0.03443404287099838,0.45709478855133057,0.013922616839408875,7.389828681945801,0.0,0.0,0.0,0.0,0.0,0.0,0.0,0.0,0.0,0.0,0.0,0.0,0.0,0.0,0.0,0.0,0.0,0.0,179.45696624643747,1006.7045246744449,1862.1005597398164
PINN20260511,4,252,pretrain,0.6444293856620789,0.07829570025205612,0.7908132672309875,0.03360354155302048,0.3707455098628998,0.01394705194979906,7.334750175476074,0.0,0.0,0.0,0.0,0.0,0.0,0.0,0.0,0.0,0.0,0.0,0.0,0.0,0.0,0.0,0.0,0.0,0.0,192.05853396490872,969.6030760058468,1798.3794351969548
PINN20260511,4,254,pretrain,0.6518867611885071,0.08058378100395203,0.7878530621528625,0.03401120379567146,0.4703314006328583,0.013950400054454803,7.336423397064209,0.0,0.0,0.0,0.0,0.0,0.0,0.0,0.0,0.0,0.0,0.0,0.0,0.0,0.0,0.0,0.0,0.0,0.0,200.34612627275826,956.1039104093237,1770.4296277348083
PINN20260511,4,256,pretrain,0.6441812515258789,0.07800412178039551,0.7864477634429932,0.03343866020441055,0.512863039970398,0.01394468080252409,7.343013763427734,0.0,0.0,0.0,0.0,0.0,0.0,0.0,0.0,0.0,0.0,0.0,0.0,0.0,0.0,0.0,0.0,0.0,0.0,180.65620945770172,984.3407057518245,1822.1708616266337
PINN20260511,4,258,pretrain,0.6423057913780212,0.07778692245483398,0.7876572608947754,0.03458015248179436,0.4100177586078644,0.013937622308731079,7.34147310256958,0.0,0.0,0.0,0.0,0.0,0.0,0.0,0.0,0.0,0.0,0.0,0.0,0.0,0.0,0.0,0.0,0.0,0.0,179.38772276308376,1007.0771134823788,1865.2784567016508
PINN20260511,4,260,pretrain,0.6532621383666992,0.08117283880710602,0.7927452325820923,0.03684931993484497,0.30005526542663574,0.013941675424575806,7.313798427581787,0.0,0.0,0.0,0.0,0.0,0.0,0.0,0.0,0.0,0.0,0.0,0.0,0.0,0.0,0.0,0.0,0.0,0.0,178.3031893818784,996.6864163316363,1849.0054189070872
PINN20260511,4,262,pretrain,0.6405314803123474,0.07703009247779846,0.7932186722755432,0.0336993969976902,0.30460095405578613,0.013960937038064003,7.278164863586426,0.0,0.0,0.0,0.0,0.0,0.0,0.0,0.0,0.0,0.0,0.0,0.0,0.0,0.0,0.0,0.0,0.0,0.0,184.32607401694423,962.6728416237783,1788.8672487173808
PINN20260511,4,264,pretrain,0.6446934342384338,0.07853654026985168,0.7894060015678406,0.03329373151063919,0.38610410690307617,0.013967130333185196,7.280261516571045,0.0,0.0,0.0,0.0,0.0,0.0,0.0,0.0,0.0,0.0,0.0,0.0,0.0,0.0,0.0,0.0,0.0,0.0,193.20518157518447,945.8440014082661,1755.9347849956707
PINN20260511,4,266,pretrain,0.6456335783004761,0.07878898829221725,0.7873911261558533,0.03329801186919212,0.4455721378326416,0.013964656740427017,7.289184093475342,0.0,0.0,0.0,0.0,0.0,0.0,0.0,0.0,0.0,0.0,0.0,0.0,0.0,0.0,0.0,0.0,0.0,0.0,185.830126560523,953.6148659181022,1768.7046577961448
PINN20260511,4,268,pretrain,0.6388696432113647,0.0767025500535965,0.7867942452430725,0.03324492275714874,0.43579524755477905,0.01395479403436184,7.301672458648682,0.0,0.0,0.0,0.0,0.0,0.0,0.0,0.0,0.0,0.0,0.0,0.0,0.0,0.0,0.0,0.0,0.0,0.0,177.69196815521798,975.0858936524515,1807.5419261538473
PINN20260511,4,271,pretrain,0.642802357673645,0.07799145579338074,0.7880857586860657,0.033056944608688354,0.4086856544017792,0.01396632008254528,7.280401229858398,0.0,0.0,0.0,0.0,0.0,0.0,0.0,0.0,0.0,0.0,0.0,0.0,0.0,0.0,0.0,0.0,0.0,0.0,185.3912353814225,944.9852842769563,1754.7977103005687
PINN20260511,4,273,pretrain,0.63834148645401,0.0766463503241539,0.7886254787445068,0.03301825746893883,0.37430083751678467,0.013958415016531944,7.292924404144287,0.0,0.0,0.0,0.0,0.0,0.0,0.0,0.0,0.0,0.0,0.0,0.0,0.0,0.0,0.0,0.0,0.0,0.0,178.0387345934165,961.2047128473725,1783.8958660260312
PINN20260511,4,275,pretrain,0.6395837068557739,0.07713551819324493,0.7880890965461731,0.033907875418663025,0.36755117774009705,0.013947286643087864,7.313395977020264,0.0,0.0,0.0,0.0,0.0,0.0,0.0,0.0,0.0,0.0,0.0,0.0,0.0,0.0,0.0,0.0,0.0,0.0,177.10248180785044,969.0956480141679,1796.7519292061932
PINN20260511,4,277,pretrain,0.639301598072052,0.0770370364189148,0.786402702331543,0.03383186459541321,0.4111390709877014,0.013945035636425018,7.3203840255737305,0.0,0.0,0.0,0.0,0.0,0.0,0.0,0.0,0.0,0.0,0.0,0.0,0.0,0.0,0.0,0.0,0.0,0.0,177.6993433882776,957.1890487254856,1774.066628421579
PINN20260511,4,279,pretrain,0.6378286480903625,0.07637058198451996,0.7852652668952942,0.03297057002782822,0.4745057225227356,0.013949648477137089,7.316479206085205,0.0,0.0,0.0,0.0,0.0,0.0,0.0,0.0,0.0,0.0,0.0,0.0,0.0,0.0,0.0,0.0,0.0,0.0,181.61508489797868,940.8047751792079,1743.9714996572256
PINN20260511,4,281,pretrain,0.6389657855033875,0.07671255618333817,0.785133957862854,0.03270460665225983,0.486014723777771,0.01395139005035162,7.318244934082031,0.0,0.0,0.0,0.0,0.0,0.0,0.0,0.0,0.0,0.0,0.0,0.0,0.0,0.0,0.0,0.0,0.0,0.0,182.55835967574862,935.2766970260726,1734.491504348401
PINN20260511,4,283,pretrain,0.6374356746673584,0.0764424279332161,0.7868461012840271,0.03268468752503395,0.40741845965385437,0.013951117172837257,7.31581449508667,0.0,0.0,0.0,0.0,0.0,0.0,0.0,0.0,0.0,0.0,0.0,0.0,0.0,0.0,0.0,0.0,0.0,0.0,179.00919254503384,941.1463090295791,1746.9431136138737
PINN20260511,4,285,pretrain,0.6368592977523804,0.07632174342870712,0.7887728810310364,0.03299715369939804,0.3454092741012573,0.013948416337370872,7.3155341148376465,0.0,0.0,0.0,0.0,0.0,0.0,0.0,0.0,0.0,0.0,0.0,0.0,0.0,0.0,0.0,0.0,0.0,0.0,177.05840204400073,947.0554366033701,1757.4007531033653
PINN20260511,4,287,pretrain,0.6372155547142029,0.0764671266078949,0.7882201075553894,0.03321991488337517,0.3530057668685913,0.013944488950073719,7.323812961578369,0.0,0.0,0.0,0.0,0.0,0.0,0.0,0.0,0.0,0.0,0.0,0.0,0.0,0.0,0.0,0.0,0.0,0.0,176.90326077230742,943.8106271917052,1750.5754860797542
PINN20260511,4,289,pretrain,0.6362919211387634,0.0762002244591713,0.7873746156692505,0.03288639709353447,0.37133413553237915,0.013944214209914207,7.327845573425293,0.0,0.0,0.0,0.0,0.0,0.0,0.0,0.0,0.0,0.0,0.0,0.0,0.0,0.0,0.0,0.0,0.0,0.0,178.21633623211986,933.7554886050202,1732.2429432624967
PINN20260511,4,292,pretrain,0.6361455917358398,0.07620368897914886,0.787109375,0.032910462468862534,0.3698882460594177,0.01394112128764391,7.3354949951171875,0.0,0.0,0.0,0.0,0.0,0.0,0.0,0.0,0.0,0.0,0.0,0.0,0.0,0.0,0.0,0.0,0.0,0.0,176.60490641188312,937.3758584474,1738.6720362060394
PINN20260511,4,294,pretrain,0.6359617114067078,0.07616399228572845,0.7872098684310913,0.032872822135686874,0.36451220512390137,0.013941675424575806,7.332979202270508,0.0,0.0,0.0,0.0,0.0,0.0,0.0,0.0,0.0,0.0,0.0,0.0,0.0,0.0,0.0,0.0,0.0,0.0,176.94417816786174,933.2085444851006,1731.290357285863
PINN20260511,4,296,pretrain,0.6353493928909302,0.07596688717603683,0.7867664694786072,0.032603926956653595,0.3772342801094055,0.013942613266408443,7.3326849937438965,0.0,0.0,0.0,0.0,0.0,0.0,0.0,0.0,0.0,0.0,0.0,0.0,0.0,0.0,0.0,0.0,0.0,0.0,178.01582180384978,925.8704012981515,1718.2506943176895
PINN20260511,4,298,pretrain,0.6351637244224548,0.07591776549816132,0.7867415547370911,0.03235681727528572,0.37841615080833435,0.013943418860435486,7.333537578582764,0.0,0.0,0.0,0.0,0.0,0.0,0.0,0.0,0.0,0.0,0.0,0.0,0.0,0.0,0.0,0.0,0.0,0.0,179.14809799611325,918.936273633814,1705.935320663593
PINN20260511,4,300,pretrain,0.6352828741073608,0.07596312463283539,0.7875259518623352,0.032222993671894073,0.35929787158966064,0.013944259844720364,7.332773685455322,0.0,0.0,0.0,0.0,0.0,0.0,0.0,0.0,0.0,0.0,0.0,0.0,0.0,0.0,0.0,0.0,0.0,0.0,179.7316902183641,914.1965393174489,1698.567448708686
PINN20260511,4,302,physics,214441.484375,0.10449357330799103,0.785727322101593,0.042657461017370224,0.5219293832778931,0.013981467112898827,7.284358978271484,0.0,0.0,0.9745250940322876,443.77685546875,0.0,0.0,6.090460829000222e-07,0.0028722607530653477,8.326062328478656e-08,1.3046352886902923e-10,8341613.0,4758184.5,1095.2498779296875,237.97727966308594,0.0006821065908297896,1.0189876320509939e-07,1.7485063076019287,53.780731201171875,504.9729726678449,1232.5592277858293,2260.141835139798
PINN20260511,4,304,physics,131493.890625,1.056740641593933,0.8073402047157288,0.47683829069137573,0.8302122354507446,0.014271516352891922,6.8747172355651855,0.0,0.0,1.1312147378921509,272.25762939453125,0.0,0.0,6.382338142429944e-07,0.002833326580002904,5.396821123326845e-08,1.0020022311874044e-10,5108207.5,2930302.25,872.0809326171875,279.85443115234375,0.0006282954709604383,9.465726691360032e-08,1.7831227779388428,50.469512939453125,1474.1845203365826,2060.246344493784,3733.708669899985
PINN20260511,4,306,physics,51197.06640625,4.600884437561035,0.8884353637695312,2.0840725898742676,1.421337366104126,0.01484426949173212,6.344477653503418,0.0,0.0,1.3581788539886475,101.74129486083984,0.0,0.0,8.165083045241772e-07,0.00275820167735219,2.2663384058319025e-08,7.245137823019832e-11,1980250.25,1155846.625,568.16796875,377.2291259765625,0.0004468268889468163,8.493941550113959e-08,1.774964451789856,43.59311294555664,2581.179962730224,3153.9311977276866,5716.104890267933
PINN20260511,4,308,physics,10629.6123046875,10.238630294799805,1.0390454530715942,4.555273056030273,2.4684371948242188,0.0157040823251009,5.91001558303833,0.0,0.0,1.678776741027832,18.44278335571289,0.0,0.0,1.27927432913566e-06,0.0026457058265805244,5.18468645793746e-09,5.0171030524515103e-11,404717.8125,248713.140625,286.50836181640625,509.933349609375,0.00018770628958009183,7.448129224485456e-08,1.6752469539642334,32.34524154663086,3448.7847134896665,4114.866948031248,7477.602080605518
PINN20260511,4,311,physics,108.65131378173828,16.66783332824707,1.2591551542282104,7.183592796325684,3.1861205101013184,0.017010655254125595,5.562492370605469,0.0,0.0,1.6090143918991089,0.03793724626302719,0.0,0.0,2.421736098767724e-06,0.0025114931631833315,9.262859229641762e-11,2.8531043846924398e-11,1600.9591064453125,2274.318115234375,45.38825988769531,42.37968444824219,1.0510262654861435e-05,6.070148117487406e-08,1.3359169960021973,9.462233543395996,4015.2146891542425,4832.656826218887,8799.914242643536
PINN20260511,4,313,physics,62.48603820800781,17.631826400756836,1.3145816326141357,7.4960618019104,4.903301239013672,0.017503146082162857,5.453248977661133,0.0,0.0,0.31999316811561584,0.00013170229794923216,0.0,0.0,3.023732688234304e-06,0.002480075228959322,4.832843326918468e-12,1.985238709534265e-11,353.8421325683594,12.606857299804688,4.581249713897705,2.068887710571289,1.913391685093302e-07,5.362912602890901e-08,0.7147172689437866,2.7535431385040283,4039.8336599419536,4870.916546195387,8872.004909406583
PINN20260511,4,315,physics,56.17708969116211,17.730968475341797,1.3215759992599487,7.502155303955078,6.503748893737793,0.01771678403019905,5.400643825531006,0.0,0.0,0.18943347036838531,5.883110247850709e-07,0.0,0.0,3.1563845368509647e-06,0.002462982200086117,5.164903877849514e-13,1.193551507627788e-11,31.271556854248047,1.1155674457550049,0.6310035586357117,2.1807613372802734,3.0972358899816754e-08,4.7155925386732633e-08,0.08992988616228104,2.2548413276672363,4044.8040743650367,4873.517415583943,8876.91268090132
PINN20260511,4,317,physics,55.617008209228516,17.74030303955078,1.3223466873168945,7.502378940582275,6.590481758117676,0.01784699223935604,5.392947673797607,0.0,0.0,0.17628183960914612,0.0,0.0,0.0,2.808040335366968e-06,0.002406769199296832,3.0742099946419466e-13,6.642584919613892e-12,2.2261147499084473,0.7363520860671997,0.4216356873512268,2.112438678741455,1.9378600057962103e-08,7.402809387713205e-08,0.051820363849401474,1.184565544128418,4043.9567257823123,4873.7864130468415,8877.440891761775
PINN20260511,4,319,physics,55.560543060302734,17.72861099243164,1.3220692873001099,7.502408027648926,6.703932762145996,0.0178673192858696,5.421310901641846,0.0,0.0,0.2258809357881546,0.0,0.0,0.0,1.7954977238332503e-06,0.0022520117927342653,1.2882216994525297e-12,3.776882018940997e-12,0.619106113910675,1.3613567352294922,0.4133809804916382,2.239219903945923,2.7925928236527398e-08,1.8022689118879498e-07,0.0366545245051384,3.3469903469085693,4042.742757089548,4873.699005888649,8877.302724376717
PINN20260511,4,321,physics,55.542877197265625,17.72015380859375,1.3230160474777222,7.502437591552734,6.41123104095459,0.017452377825975418,5.444305419921875,0.0,0.0,0.12533709406852722,1.2729779036435573e-11,0.0,0.0,8.58653777413565e-07,0.0018939110450446606,2.9325975241939473e-12,2.2702933283325066e-12,1.4144117832183838,1.880309820175171,0.4187527298927307,1.8337502479553223,3.2332341248775265e-08,2.862706196538056e-07,0.026632707566022873,4.297165393829346,4041.8949763693763,4873.617342385428,8877.171821476144
PINN20260511,4,323,physics,55.526641845703125,17.713916778564453,1.323405385017395,7.502457141876221,6.523781776428223,0.013195558451116085,5.573690891265869,0.0,0.0,0.04108555242419243,5.058768404175851e-10,0.0,0.0,4.6063689751463244e-07,0.0001797530276235193,5.3610011395421875e-12,1.4423858158210678e-12,1.809627652168274,2.177309274673462,0.420354425907135,1.2923144102096558,3.308000984247883e-08,2.9804644441355777e-07,0.021690532565116882,3.883763313293457,4041.3052346983145,4873.588616204695,8877.122364842267
PINN20260511,4,325,physics,55.51951217651367,17.710163116455078,1.323022723197937,7.502472877502441,6.600293159484863,0.008966648951172829,5.610415458679199,0.0,0.0,0.03992953151464462,2.1311488129782674e-09,0.0,0.0,2.7847383421431005e-07,7.36354777473025e-05,7.820483843845594e-12,9.769656871688737e-13,1.777415156364441,2.214627742767334,0.4057677388191223,1.4597691297531128,3.109440527282459e-08,2.4944645815594413e-07,0.01895447075366974,3.1362645626068115,4040.936896315012,4873.600106697307,8877.139750657694
PINN20260511,4,327,physics,55.503787994384766,17.70647430419922,1.3228378295898438,7.502480506896973,6.402860641479492,0.0064916955307126045,5.573270797729492,0.0,0.0,0.06995104253292084,8.46221581696227e-09,0.0,0.0,1.8624855613325053e-07,1.8978113075718284e-05,7.2388956808000504e-12,6.889143118818386e-13,1.6925052404403687,2.1821367740631104,0.3892982006072998,1.5468072891235352,2.9054277206341794e-08,1.7999401791257696e-07,0.018241263926029205,2.393812656402588,4040.2782082425956,4873.572406356553,8877.08214040651
PINN20260511,4,329,physics,55.48401641845703,17.697011947631836,1.322549819946289,7.502455234527588,6.350708961486816,0.0049178721383214,5.516692161560059,0.0,0.0,0.13851571083068848,1.859488207855975e-08,0.0,0.0,1.7065281099348795e-07,1.18470970846829e-05,5.556309752574595e-12,5.104726862568965e-13,1.9124393463134766,2.5080485343933105,0.4097515940666199,1.63377046585083,3.1457915383725776e-08,1.0009103590391533e-07,0.018637364730238914,2.3042261600494385,4038.7370550705577,4873.413177640492,8876.784809174746
PINN20260511,4,332,physics,55.44859313964844,17.672283172607422,1.321529746055603,7.502344131469727,6.334438800811768,0.003805346554145217,5.439685821533203,0.0,0.0,0.1329173594713211,3.1816480117186074e-08,0.0,0.0,2.2906101548869628e-07,8.185820661310572e-06,1.396522567725933e-11,3.307324574798598e-13,2.9067726135253906,3.9887728691101074,0.5318706035614014,1.7577928304672241,4.3436365615434624e-08,2.297545798057854e-08,0.021454792469739914,2.641486644744873,4036.1282189742187,4873.016109146367,8876.059829583404
PINN20260511,4,334,physics,55.42988586425781,17.662811279296875,1.3211805820465088,7.502287864685059,6.364670753479004,0.0036486834287643433,5.414438724517822,0.0,0.0,0.12845396995544434,3.9077285407529416e-08,0.0,0.0,2.532079008688015e-07,5.889824933547061e-06,3.8254413525784514e-11,2.636808956943404e-13,3.0264081954956055,4.571991443634033,0.5889670848846436,1.7541266679763794,4.7210622966531446e-08,8.642753179799456e-09,0.022026799619197845,2.5719001293182373,4035.5883090325256,4872.876563181136,8875.783670493083
PINN20260511,4,336,physics,55.41384506225586,17.65981674194336,1.3209409713745117,7.502252578735352,6.388840675354004,0.003996765241026878,5.418756484985352,0.0,0.0,0.11426930129528046,4.586635071746059e-08,0.0,0.0,2.647153678481118e-07,4.568168151308782e-06,8.600949119585977e-11,2.127467716968659e-13,2.6317529678344727,4.678679466247559,0.6206194758415222,1.693231463432312,4.7970392103025006e-08,3.1707332315278336e-09,0.021959826350212097,2.24112868309021,4035.3105208893157,4872.774979413681,8875.599390397078
PINN20260511,4,338,physics,55.39949035644531,17.656557083129883,1.3210666179656982,7.502211570739746,6.335870742797852,0.004836488515138626,5.446016311645508,0.0,0.0,0.08120526373386383,5.06816135725785e-08,0.0,0.0,2.783816910323367e-07,3.748297785932664e-06,1.4868979658633208e-10,1.6081397552578786e-13,2.3505868911743164,4.932919025421143,0.6674115657806396,1.6217737197875977,4.9956987879795633e-08,1.0199724398418653e-09,0.0214946698397398,1.9718005657196045,4034.814493877011,4872.644661782757,8875.365811817179
PINN20260511,4,340,physics,55.385623931884766,17.650226593017578,1.3207149505615234,7.502161026000977,6.286230564117432,0.005945700220763683,5.484424591064453,0.0,0.0,0.068290114402771,2.534418490540702e-05,0.0,0.0,2.923544002442213e-07,3.289753522039973e-06,2.465332105128226e-10,1.2896973799244454e-13,2.320631504058838,5.55126953125,0.7344403266906738,1.5907248258590698,5.455500939888225e-08,3.3460006987340307e-10,0.02140202559530735,1.8107919692993164,4033.8239921940076,4872.450923303384,8875.001841157953
PINN20260511,4,342,physics,55.370479583740234,17.63863754272461,1.319529414176941,7.502098083496094,6.342633247375488,0.007027411367744207,5.520053863525391,0.0,0.0,0.06112665683031082,0.00022344308672472835,0.0,0.0,3.0687797902828606e-07,3.0079522730375174e-06,3.897166200861335e-10,9.929221751444131e-14,2.56612491607666,6.750063419342041,0.8284338712692261,1.6070058345794678,6.297872090499368e-08,1.1839310087857768e-10,0.021403679624199867,1.7426152229309082,4032.4214809466534,4872.21920689125,8874.56595504648
PINN20260511,4,344,physics,55.35594177246094,17.62493896484375,1.3184112310409546,7.50203275680542,6.413750171661377,0.007902058772742748,5.546268463134766,0.0,0.0,0.056086305528879166,0.0004657855024561286,0.0,0.0,3.21360630550771e-07,2.7986175155092496e-06,5.245111567298011e-10,8.154840870503235e-14,2.9337093830108643,8.32828426361084,0.9317025542259216,1.6321122646331787,7.44561816645728e-08,4.485575799684227e-11,0.02126096375286579,1.7036728858947754,4031.005705776165,4872.0556236562,8874.288645400695
PINN20260511,4,346,physics,55.340091705322266,17.61453628540039,1.3185009956359863,7.501992702484131,6.288872718811035,0.008537719026207924,5.562994003295898,0.0,0.0,0.0347261019051075,0.0004599653766490519,0.0,0.0,3.4041386243188754e-07,3.396676447664504e-06,5.538846603592162e-10,6.829337984882999e-14,3.119286060333252,9.640832901000977,1.0029871463775635,1.6099944114685059,8.652246208384895e-08,1.848143860172513e-11,0.02099638245999813,1.66262686252594,4030.0880883673003,4872.063833736172,8874.331152733166
PINN20260511,4,348,physics,55.3232536315918,17.607986450195312,1.3181736469268799,7.502007484436035,6.313659191131592,0.008972757495939732,5.576171875,0.0,0.0,0.03962061181664467,0.0001778586592990905,0.0,0.0,3.700110653426236e-07,3.232756716897711e-05,5.153677484770469e-10,5.775554459599291e-14,3.0372982025146484,10.282146453857422,0.9964097738265991,1.501889705657959,9.70840829950248e-08,9.65038639277882e-12,0.021111756563186646,1.5671989917755127,4029.4551740899165,4872.176310438694,8874.541872840795
PINN20260511,4,351,physics,55.2960090637207,17.594663619995117,1.3179500102996826,7.502220153808594,6.419126033782959,0.009362829849123955,5.590331077575684,0.0,0.0,0.05079204961657524,8.728409106595336e-09,0.0,0.0,4.2234893271597684e-07,0.00020709092495962977,4.0675499080045086e-10,4.592262645999011e-14,3.257117748260498,12.01965618133545,0.9452784657478333,0.998286783695221,1.22028140481234e-07,4.402290164351452e-12,0.02198985405266285,1.6426159143447876,4027.538826628491,4872.266413077183,8874.739691357132
PINN20260511,4,353,physics,55.28458023071289,17.58196258544922,1.31808602809906,7.502342224121094,6.452056407928467,0.009505752474069595,5.596982955932617,0.0,0.0,0.047771889716386795,1.4136901427264092e-08,0.0,0.0,4.5722742925136117e-07,0.00032580061815679073,3.664569481198754e-10,3.9622219215459595e-14,3.650310516357422,13.925915718078613,0.9459429979324341,0.9474508762359619,1.472562871640548e-07,2.3046872570098298e-12,0.02299465611577034,1.8208203315734863,4026.276071011525,4872.319776040978,8874.833568893997
PINN20260511,4,355,physics,55.271568298339844,17.574581146240234,1.3177844285964966,7.502308368682861,6.419137954711914,0.009585008025169373,5.604167461395264,0.0,0.0,0.04973099008202553,1.1932224097677135e-08,0.0,0.0,4.951784262630099e-07,0.0004007270035799593,4.603474823561271e-10,3.270579878970892e-14,3.774869203567505,14.801713943481445,0.9534469842910767,0.8745068311691284,1.6656416335081303e-07,1.0062405552888065e-12,0.02416287362575531,1.8955036401748657,4025.877792482032,4872.480477128667,8875.107911679399
PINN20260511,4,357,physics,55.25949478149414,17.573062896728516,1.3171401023864746,7.502252101898193,6.427759170532227,0.0096285967156291,5.6120100021362305,0.0,0.0,0.06105232238769531,9.368276820964638e-09,0.0,0.0,5.30760644323891e-07,0.00044093799078837037,6.298701005214014e-10,2.7388115782451053e-14,3.541898250579834,14.627476692199707,0.9478382468223572,0.8324663043022156,1.7788899242532352e-07,3.4848694568066774e-13,0.025022508576512337,1.851143717765808,4025.6908723845154,4872.612851438127,8875.335359060868
PINN20260511,4,359,physics,55.24911117553711,17.568906784057617,1.3171827793121338,7.502203941345215,6.377194404602051,0.009659037925302982,5.6173787117004395,0.0,0.0,0.048998359590768814,8.693339381693477e-09,0.0,0.0,5.627144901154679e-07,0.00046184673556126654,8.327327716273203e-10,2.247691033405337e-14,3.398808479309082,15.127755165100098,0.9760992527008057,0.8508508205413818,1.9580777177452546e-07,1.460593256584486e-13,0.025438733398914337,1.9477707147598267,4024.8320461852813,4872.593765131667,8875.298472718958
PINN20260511,4,361,physics,55.23736572265625,17.55874252319336,1.3166205883026123,7.502190589904785,6.422941207885742,0.009686190634965897,5.622476577758789,0.0,0.0,0.04696277156472206,8.967908193824314e-09,0.0,0.0,5.94393441133434e-07,0.0004739475843962282,1.0942512451705966e-09,1.578937515130975e-14,3.4414186477661133,16.78387451171875,1.0447235107421875,0.8177503347396851,2.2605841820677597e-07,6.504342962669607e-14,0.02619107998907566,2.1972298622131348,4023.6503327202777,4872.500384812709,8875.121618958083
PINN20260511,4,363,physics,55.22693634033203,17.54934310913086,1.315801978111267,7.502213001251221,6.548179626464844,0.009710662066936493,5.628899574279785,0.0,0.0,0.054709337651729584,9.712214144030895e-09,0.0,0.0,6.235534328880021e-07,0.0004820537578780204,1.3335913484624484e-09,1.2830470532050088e-14,3.427213191986084,18.353275299072266,1.1184675693511963,0.7570760846138,2.593089618585509e-07,2.8879703533116197e-14,0.026637809351086617,2.5313899517059326,4022.9628385059686,4872.485197514714,8875.093776926222
PINN20260511,4,365,physics,55.2181510925293,17.545684814453125,1.3159109354019165,7.50223445892334,6.549965858459473,0.00973175372928381,5.635630130767822,0.0,0.0,0.04567790776491165,1.0262168004260275e-08,0.0,0.0,6.507204943773104e-07,0.00048815872287377715,1.4255970848253696e-09,8.954959373314551e-15,3.215303421020508,18.925325393676758,1.1747634410858154,0.731265127658844,2.8872784696432063e-07,1.2171382337330255e-14,0.026755671948194504,2.756906032562256,4022.631477030925,4872.531580195248,8875.182427137861
PINN20260511,4,367,physics,55.21023941040039,17.541475296020508,1.3158763647079468,7.502208232879639,6.540867328643799,0.009750999510288239,5.644806861877441,0.0,0.0,0.04362206161022186,9.9085681881661e-09,0.0,0.0,6.790430688852211e-07,0.0004940975923091173,1.460677578890568e-09,7.943132778040138e-15,3.077354907989502,19.567310333251953,1.2282521724700928,0.7404166460037231,3.219298321255337e-07,5.1680148265768715e-15,0.027078114449977875,3.3949737548828125,4021.9144695032987,4872.531580195248,8875.177712498778
PINN20260511,4,369,physics,55.202476501464844,17.533538818359375,1.3154280185699463,7.5021443367004395,6.546103477478027,0.00976966880261898,5.657472610473633,0.0,0.0,0.052805181592702866,9.304469195114962e-09,0.0,0.0,7.110655815267819e-07,0.0005013080080971122,1.5053551738475335e-09,6.600865077514666e-15,3.0801920890808105,20.942529678344727,1.2856462001800537,0.8020874261856079,3.643718571311183e-07,2.2716834957461993e-15,0.027776535600423813,4.063027381896973,4021.1102944336158,4872.539789473248,8875.187129083506
PINN20260511,4,372,physics,55.1917610168457,17.528488159179688,1.3157111406326294,7.50211763381958,6.442684173583984,0.009796326979994774,5.681806564331055,0.0,0.0,0.049311161041259766,8.84115269883523e-09,0.0,0.0,7.730051834187179e-07,0.0005156734259799123,1.44255984935171e-09,5.069628138105022e-15,2.8973543643951416,21.801815032958984,1.3199751377105713,0.8394542336463928,4.2113077824978973e-07,6.550188366829862e-16,0.02866867557168007,4.851221561431885,4020.713369540286,4872.680576438394,8875.436936460075
PINN20260511,4,374,physics,55.18492889404297,17.52472686767578,1.315791368484497,7.502140998840332,6.4219255447387695,0.009815962053835392,5.702592372894287,0.0,0.0,0.049193575978279114,8.590920863582596e-09,0.0,0.0,8.19636170490412e-07,0.0005278559401631355,1.4218790589382024e-09,4.565715108772756e-15,2.7911453247070312,22.524581909179688,1.3380157947540283,0.8071944713592529,4.6362060857063625e-07,3.001738122490247e-16,0.02937634475529194,5.248040199279785,4019.930596415814,4872.694531776027,8875.459721931686
PINN20260511,4,376,physics,55.17826461791992,17.516494750976562,1.3157310485839844,7.502147197723389,6.418548583984375,0.009838712401688099,5.726079940795898,0.0,0.0,0.04618273302912712,8.30381985394979e-09,0.0,0.0,8.653771601530025e-07,0.000541591492947191,1.5245559259469132e-09,3.593382271697022e-15,2.779984951019287,24.26176643371582,1.3852535486221313,0.8085263967514038,5.230678539192013e-07,1.4599176652233382e-16,0.029707780107855797,5.173494815826416,4019.167077890642,4872.677087597741,8875.421751892956
PINN20260511,4,378,physics,55.171390533447266,17.512489318847656,1.3152145147323608,7.502146244049072,6.488095283508301,0.009862180799245834,5.753105640411377,0.0,0.0,0.057311683893203735,7.792233525094616e-09,0.0,0.0,9.147178161583724e-07,0.0005563736194744706,1.5942208664299073e-09,3.165455509271755e-15,2.5776233673095703,24.962488174438477,1.421443223953247,0.8251786828041077,5.78248886995425e-07,7.080153853218624e-17,0.029799742624163628,4.971203804016113,4018.9817118270144,4872.6861175331205,8875.435610057859
PINN20260511,4,380,physics,55.16403579711914,17.510526657104492,1.3155300617218018,7.502122402191162,6.430624961853027,0.009886468760669231,5.780247211456299,0.0,0.0,0.04408865422010422,7.036554450223775e-09,0.0,0.0,9.60529405347188e-07,0.000571535259950906,1.6694703397490684e-09,2.666041283680594e-15,2.2896323204040527,25.322690963745117,1.463160514831543,0.8681176900863647,6.390604880834871e-07,3.3440811126763024e-17,0.02958359755575657,5.323302745819092,4018.5474987860975,4872.629064478436,8875.329923412102
PINN20260511,4,382,physics,55.15660095214844,17.505643844604492,1.3151170015335083,7.502077579498291,6.462581634521484,0.009911909699440002,5.8124823570251465,0.0,0.0,0.050113245844841,6.20474116530545e-09,0.0,0.0,1.0119044873135863e-06,0.0005880582029931247,1.776709113165964e-09,2.2641103859230354e-15,2.048666000366211,26.25398063659668,1.5186119079589844,0.926963210105896,7.141392757148424e-07,1.5993662875165898e-17,0.029514577239751816,5.228997707366943,4018.1606488541497,4872.55046151397,8875.176696018169
PINN20260511,4,384,physics,55.149566650390625,17.504411697387695,1.315324068069458,7.502059459686279,6.410786151885986,0.009937015362083912,5.847882270812988,0.0,0.0,0.03783940151333809,5.5137374666003325e-09,0.0,0.0,1.0761158364402945e-06,0.0006056557758711278,1.953650796693296e-09,1.9516642838781576e-15,1.7523289918899536,26.494754791259766,1.556901216506958,0.944449782371521,7.869321621001291e-07,7.373717936507978e-18,0.02909436635673046,4.999621868133545,4017.9227220044936,4872.483966110099,8875.054405571875
PINN20260511,4,386,physics,55.141868591308594,17.49901008605957,1.314849615097046,7.502048015594482,6.45693302154541,0.009962345473468304,5.890111446380615,0.0,0.0,0.04206085577607155,4.990869495458128e-09,0.0,0.0,1.160869032901246e-06,0.0006250823498703539,2.22923746129311e-09,1.5977254258790806e-15,1.5390650033950806,27.637449264526367,1.6025705337524414,0.9320212602615356,8.764940275796107e-07,3.977517827795935e-18,0.029041670262813568,4.064962863922119,4017.093974504455,4872.341942023363,8874.775727407054
PINN20260511,4,388,physics,55.13469314575195,17.492374420166016,1.3140361309051514,7.502038478851318,6.609713554382324,0.0099862702190876,5.936005592346191,0.0,0.0,0.06380937248468399,4.549451926294523e-09,0.0,0.0,1.2605941037691082e-06,0.0006456853006966412,2.3229720369499773e-09,1.266907179208257e-15,1.3376696109771729,29.00109100341797,1.6415961980819702,0.9166258573532104,9.762218269315781e-07,3.016234280745504e-18,0.02869473583996296,3.4628195762634277,4016.813289163438,4872.271338913711,8874.645770531315
PINN20260511,4,391,physics,55.12356185913086,17.491519927978516,1.315064549446106,7.5020222663879395,6.395175933837891,0.010017368011176586,5.99833869934082,0.0,0.0,0.03735112026333809,3.7165286403961773e-09,0.0,0.0,1.401065105710586e-06,0.0006754337809979916,2.0030559433337203e-09,1.0039524711176191e-15,0.9404611587524414,29.304841995239258,1.6581242084503174,0.906133770942688,1.1181365380252828e-06,2.4446609560726406e-18,0.027168048545718193,3.003488063812256,4016.4522902681165,4872.174463214551,8874.477496156807
PINN20260511,4,393,physics,55.117820739746094,17.48834991455078,1.3144561052322388,7.501991271972656,6.480003356933594,0.010037160478532314,6.045387268066406,0.0,0.0,0.05429384112358093,3.063178821705037e-09,0.0,0.0,1.5078614978847327e-06,0.0006970085669308901,1.7683010611335703e-09,8.823482919241739e-16,0.743744432926178,29.9307861328125,1.6698744297027588,0.8974343538284302,1.2260883295311942e-06,3.719377092494674e-18,0.026226971298456192,2.734745979309082,4016.2426470520927,4872.108988928717,8874.360372399582
PINN20260511,4,395,physics,55.11174392700195,17.487060546875,1.315449833869934,7.50197696685791,6.322312355041504,0.01005582045763731,6.089788436889648,0.0,0.0,0.027224263176321983,2.6356072879707426e-09,0.0,0.0,1.6119988686114084e-06,0.0007183998241089284,1.934005178227949e-09,5.958975251514121e-16,0.5821595191955566,30.366405487060547,1.6744141578674316,0.8587335348129272,1.3354751899896655e-06,3.0334661072662087e-18,0.02485882304608822,2.577977418899536,4015.7781313215,4872.013546779196,8874.189401217745
PINN20260511,4,397,physics,55.10494613647461,17.481199264526367,1.3143839836120605,7.501969814300537,6.4413886070251465,0.010074744001030922,6.141372203826904,0.0,0.0,0.04603465273976326,2.4127009279339973e-09,0.0,0.0,1.72804959674977e-06,0.0007425658404827118,2.2293040746745874e-09,5.264094832575111e-16,0.4833356440067291,31.56003761291504,1.6909384727478027,0.7916046380996704,1.4624947652919218e-06,2.448472604335285e-18,0.02403373457491398,2.2857236862182617,4015.3121920966496,4871.904760973885,8873.962742993415
PINN20260511,4,399,physics,55.0997314453125,17.478885650634766,1.3139824867248535,7.501967430114746,6.50771427154541,0.01009282935410738,6.189876556396484,0.0,0.0,0.0522562600672245,2.1908270753101533e-09,0.0,0.0,1.815830387386086e-06,0.0007665535667911172,2.451501668332412e-09,4.739184809392477e-16,0.3702837824821472,31.964929580688477,1.7034307718276978,0.7197057604789734,1.5866575040490716e-06,1.374629214660782e-18,0.022767571732401848,2.1240968704223633,4015.3021056951616,4871.8690458590945,8873.91342352383
PINN20260511,4,401,physics,55.09517288208008,17.479570388793945,1.3145148754119873,7.501954555511475,6.395167827606201,0.01011012401431799,6.234193325042725,0.0,0.0,0.03325284644961357,1.8283493607995638e-09,0.0,0.0,1.8791291722664027e-06,0.0007897482719272375,2.5455080265857077e-09,4.3804965317790264e-16,0.2663232088088989,31.770017623901367,1.7367830276489258,0.6563442945480347,1.7110631915784325e-06,6.290227242746846e-19,0.020925255492329597,2.1935441493988037,4015.0396012990955,4871.830456820106,8873.84291941946
PINN20260511,4,403,physics,55.0897216796875,17.473295211791992,1.313747525215149,7.501924514770508,6.514028072357178,0.010127316229045391,6.283332824707031,0.0,0.0,0.05561356991529465,1.5023328137075964e-09,0.0,0.0,1.9625847471616e-06,0.000815360399428755,2.553740996447118e-09,3.5106463698102673e-16,0.22858840227127075,32.867103576660156,1.8465197086334229,0.6051909923553467,1.8682070503928117e-06,2.901840578703402e-19,0.0200160164386034,1.805389404296875,4014.493865981115,4871.801720103149,8873.78077520321
PINN20260511,4,405,physics,55.08646011352539,17.472148895263672,1.3141932487487793,7.501931667327881,6.42503023147583,0.010141641832888126,6.325996398925781,0.0,0.0,0.04225879907608032,1.3828356237866046e-09,0.0,0.0,2.028466042247601e-06,0.0008392427698709071,2.490779138497601e-09,2.5795565198484104e-16,0.23877155780792236,33.006690979003906,1.9152024984359741,0.5428526997566223,2.0073978248547064e-06,1.5212763948463401e-19,0.01865258440375328,1.6048990488052368,4014.3546181173383,4871.846261942181,8873.886826199683
PINN20260511,4,407,physics,55.08394241333008,17.472152709960938,1.3146295547485352,7.5019450187683105,6.368865013122559,0.010153132490813732,6.3668532371521,0.0,0.0,0.03262852877378464,1.2858633047230228e-09,0.0,0.0,2.076082409985247e-06,0.0008625213522464037,2.4365967021822144e-09,1.7709453841282592e-16,0.21140867471694946,33.02912902832031,1.8981058597564697,0.4947437345981598,2.143105575669324e-06,1.1455142212046127e-19,0.017709605395793915,1.684475302696228,4014.3525007154017,4871.86453013628,8873.909178744734
PINN20260511,4,409,physics,55.08127975463867,17.468738555908203,1.313589096069336,7.501927375793457,6.538057327270508,0.010164115577936172,6.413369178771973,0.0,0.0,0.06704486161470413,1.0591616472765963e-09,0.0,0.0,2.128107780663413e-06,0.0008879367960616946,2.34577024471605e-09,1.5647308456055655e-16,0.16941958665847778,33.719757080078125,1.855946660041809,0.4695296287536621,2.31317767429573e-06,1.195923124721477e-19,0.01734946109354496,1.6130616664886475,4014.314511843834,4871.830456820106,8873.845232006728
PINN20260511,4,412,physics,55.076805114746094,17.4675350189209,1.3144276142120361,7.50191068649292,6.355594635009766,0.010180903598666191,6.478601455688477,0.0,0.0,0.03680901229381561,8.636673043405096e-10,0.0,0.0,2.197156845795689e-06,0.0009242861997336149,2.4901309902958246e-09,1.2997764250753582e-16,0.13018983602523804,34.30992126464844,1.771607756614685,0.4166540205478668,2.6212946977466345e-06,1.4071714822355956e-19,0.015261671505868435,1.5934864282608032,4013.600627865209,4871.654544402753,8873.519558587166
PINN20260511,4,414,physics,55.07452392578125,17.4625301361084,1.3135430812835693,7.501895904541016,6.487420082092285,0.01019217073917389,6.521976947784424,0.0,0.0,0.0634869858622551,7.889087161316866e-10,0.0,0.0,2.2700924091623165e-06,0.000949595239944756,2.5122066649174712e-09,1.2997764250753582e-16,0.1368984431028366,35.44940185546875,1.7594096660614014,0.3796311616897583,2.8661588657996617e-06,1.477064883575088e-19,0.015115205198526382,1.478785514831543,4013.643980225451,4871.601584694709,8873.412350803297
PINN20260511,4,416,physics,55.072021484375,17.463958740234375,1.313971996307373,7.501887321472168,6.395646095275879,0.010201901197433472,6.552776336669922,0.0,0.0,0.052155256271362305,6.478282910116206e-10,0.0,0.0,2.3213990516524063e-06,0.000970233348198235,2.3898203416194974e-09,1.2810296007191504e-16,0.13568098843097687,34.984596252441406,1.7555994987487793,0.35846370458602905,3.0685837373312097e-06,1.2154832320219712e-19,0.013840118423104286,1.5056699514389038,4014.12555857437,4871.6358648815285,8873.491770259845
PINN20260511,4,418,physics,55.07050323486328,17.462928771972656,1.3143539428710938,7.501882076263428,6.333264350891113,0.010210786946117878,6.5794806480407715,0.0,0.0,0.04274711012840271,5.622645682379357e-10,0.0,0.0,2.385355401202105e-06,0.0009893474634736776,2.3056174747182467e-09,1.244785854999527e-16,0.15972059965133667,35.20048904418945,1.7720177173614502,0.3414663076400757,3.292717565273051e-06,9.903123261993341e-20,0.013063725084066391,1.5313565731048584,4014.332198510731,4871.649412673289,8873.511529025323
PINN20260511,4,420,physics,55.070404052734375,17.45611000061035,1.3136109113693237,7.501866340637207,6.4291582107543945,0.010219779796898365,6.609042644500732,0.0,0.0,0.06175388768315315,5.023814697580065e-10,0.0,0.0,2.4690089048817754e-06,0.001009783591143787,2.3138426730184847e-09,1.0510692214391214e-16,0.22442542016506195,36.91536331176758,1.801505208015442,0.3303872346878052,3.5799450870399596e-06,9.225347623938729e-20,0.012639308348298073,1.3938289880752563,4014.437320472198,4871.642844051686,8873.504485996385
PINN20260511,5,1,pretrain,43.477020263671875,13.38955307006836,2.2063426971435547,10.736096382141113,2.898380756378174,0.003154557663947344,5.25391149520874,0.0,0.0,0.0,0.0,0.0,0.0,0.0,0.0,0.0,0.0,0.0,0.0,0.0,0.0,0.0,0.0,0.0,0.0,4837.349067412853,4384.288767861898,8195.436926640277
PINN20260511,5,3,pretrain,264.5778503417969,13.390291213989258,2.2060296535491943,10.736966133117676,11057.8291015625,0.0031627053394913673,5.232509613037109,0.0,0.0,0.0,0.0,0.0,0.0,0.0,0.0,0.0,0.0,0.0,0.0,0.0,0.0,0.0,0.0,0.0,0.0,4837.273612273757,4384.2121299043,8195.298680717568
PINN20260511,5,5,pretrain,43.498321533203125,13.389476776123047,2.205838203430176,10.7360200881958,3.988236904144287,0.003174370154738426,5.220479488372803,0.0,0.0,0.0,0.0,0.0,0.0,0.0,0.0,0.0,0.0,0.0,0.0,0.0,0.0,0.0,0.0,0.0,0.0,4837.091274722858,4384.020072946747,8194.953714357935
PINN20260511,5,7,pretrain,43.43943786621094,13.388368606567383,2.2058801651000977,10.734688758850098,1.222545862197876,0.0031783063896000385,5.220260143280029,0.0,0.0,0.0,0.0,0.0,0.0,0.0,0.0,0.0,0.0,0.0,0.0,0.0,0.0,0.0,0.0,0.0,0.0,4836.908103323858,4383.824585906695,8194.602388495014
PINN20260511,5,9,pretrain,43.43745040893555,13.38769245147705,2.2059531211853027,10.733925819396973,1.2304035425186157,0.0031871884129941463,5.218507766723633,0.0,0.0,0.0,0.0,0.0,0.0,0.0,0.0,0.0,0.0,0.0,0.0,0.0,0.0,0.0,0.0,0.0,0.0,4836.856003645343,4383.76322353295,8194.491632880652
PINN20260511,5,12,pretrain,43.4323844909668,13.387716293334961,2.2057878971099854,10.734071731567383,0.9763001203536987,0.003207895439118147,5.200718402862549,0.0,0.0,0.0,0.0,0.0,0.0,0.0,0.0,0.0,0.0,0.0,0.0,0.0,0.0,0.0,0.0,0.0,0.0,4836.850421503646,4383.751817792609,8194.470545796183
PINN20260511,5,14,pretrain,43.428955078125,13.387378692626953,2.2057135105133057,10.733755111694336,0.8606877326965332,0.0032279358711093664,5.193240165710449,0.0,0.0,0.0,0.0,0.0,0.0,0.0,0.0,0.0,0.0,0.0,0.0,0.0,0.0,0.0,0.0,0.0,0.0,4836.753456607024,4383.65463968137,8194.295979704311
PINN20260511,5,16,pretrain,43.42714309692383,13.38674545288086,2.2056832313537598,10.733064651489258,0.8726465106010437,0.0032476698979735374,5.190747261047363,0.0,0.0,0.0,0.0,0.0,0.0,0.0,0.0,0.0,0.0,0.0,0.0,0.0,0.0,0.0,0.0,0.0,0.0,4836.640569651626,4383.5392093604,8194.088538603488
PINN20260511,5,18,pretrain,43.42655563354492,13.386185646057129,2.2056257724761963,10.732471466064453,0.9344855546951294,0.0032726614736020565,5.187648773193359,0.0,0.0,0.0,0.0,0.0,0.0,0.0,0.0,0.0,0.0,0.0,0.0,0.0,0.0,0.0,0.0,0.0,0.0,4836.555385809203,4383.448642336305,8193.92632550291
PINN20260511,5,20,pretrain,43.423545837402344,13.385801315307617,2.2055246829986572,10.732112884521484,0.8478975296020508,0.0033054999075829983,5.182514190673828,0.0,0.0,0.0,0.0,0.0,0.0,0.0,0.0,0.0,0.0,0.0,0.0,0.0,0.0,0.0,0.0,0.0,0.0,4836.496045692584,4383.382483881597,8193.80731516803
PINN20260511,5,22,pretrain,43.420745849609375,13.385486602783203,2.2053990364074707,10.731878280639648,0.7606461048126221,0.0033470098860561848,5.176625728607178,0.0,0.0,0.0,0.0,0.0,0.0,0.0,0.0,0.0,0.0,0.0,0.0,0.0,0.0,0.0,0.0,0.0,0.0,4836.428227524937,4383.307883322822,8193.672912589474
PINN20260511,5,24,pretrain,43.41908264160156,13.384982109069824,2.2052998542785645,10.731446266174316,0.7599625587463379,0.003393894527107477,5.17282772064209,0.0,0.0,0.0,0.0,0.0,0.0,0.0,0.0,0.0,0.0,0.0,0.0,0.0,0.0,0.0,0.0,0.0,0.0,4836.306235134413,4383.18080849969,8193.444669012577
PINN20260511,5,26,pretrain,43.416229248046875,13.384160995483398,2.205235004425049,10.730633735656738,0.7501128315925598,0.0034415998961776495,5.171688079833984,0.0,0.0,0.0,0.0,0.0,0.0,0.0,0.0,0.0,0.0,0.0,0.0,0.0,0.0,0.0,0.0,0.0,0.0,4836.140610031929,4383.011521773586,8193.140868166667
PINN20260511,5,28,pretrain,43.41338348388672,13.38320255279541,2.205108642578125,10.729698181152344,0.76399827003479,0.0035001919604837894,5.169551849365234,0.0,0.0,0.0,0.0,0.0,0.0,0.0,0.0,0.0,0.0,0.0,0.0,0.0,0.0,0.0,0.0,0.0,0.0,4835.962779013089,4382.829223230127,8192.813347920222
PINN20260511,5,30,pretrain,43.40918731689453,13.38218879699707,2.204850673675537,10.728802680969238,0.7217869758605957,0.0035810344852507114,5.164691925048828,0.0,0.0,0.0,0.0,0.0,0.0,0.0,0.0,0.0,0.0,0.0,0.0,0.0,0.0,0.0,0.0,0.0,0.0,4835.764469036928,4382.624099783143,8192.445238716664
PINN20260511,5,33,pretrain,43.401824951171875,13.380115509033203,2.2042391300201416,10.727140426635742,0.6965580582618713,0.003761084284633398,5.156126976013184,0.0,0.0,0.0,0.0,0.0,0.0,0.0,0.0,0.0,0.0,0.0,0.0,0.0,0.0,0.0,0.0,0.0,0.0,4835.303713315225,4382.16202347654,8191.61563348841
PINN20260511,5,35,pretrain,43.393775939941406,13.377793312072754,2.2037501335144043,10.725212097167969,0.6738015413284302,0.003930807579308748,5.153736591339111,0.0,0.0,0.0,0.0,0.0,0.0,0.0,0.0,0.0,0.0,0.0,0.0,0.0,0.0,0.0,0.0,0.0,0.0,4834.779002188207,4381.65219979861,8190.700593536137
PINN20260511,5,37,pretrain,43.382102966308594,13.374195098876953,2.2029895782470703,10.722148895263672,0.6798495054244995,0.004175393842160702,5.153646945953369,0.0,0.0,0.0,0.0,0.0,0.0,0.0,0.0,0.0,0.0,0.0,0.0,0.0,0.0,0.0,0.0,0.0,0.0,4833.959867437875,4380.864983082679,8189.287565128204
PINN20260511,5,39,pretrain,43.363616943359375,13.368480682373047,2.201336145401001,10.717460632324219,0.7006344795227051,0.004562903195619583,5.153448581695557,0.0,0.0,0.0,0.0,0.0,0.0,0.0,0.0,0.0,0.0,0.0,0.0,0.0,0.0,0.0,0.0,0.0,0.0,4832.619786409851,4379.575550210317,8186.9739948368415
PINN20260511,5,41,pretrain,43.333492279052734,13.358936309814453,2.197826385498047,10.710051536560059,0.7880494594573975,0.005167985800653696,5.155910491943359,0.0,0.0,0.0,0.0,0.0,0.0,0.0,0.0,0.0,0.0,0.0,0.0,0.0,0.0,0.0,0.0,0.0,0.0,4830.364996560819,4377.385064167876,8183.045315959119
PINN20260511,5,43,pretrain,43.28251647949219,13.34309196472168,2.1921510696411133,10.69800853729248,0.8782169818878174,0.005993830971419811,5.177269458770752,0.0,0.0,0.0,0.0,0.0,0.0,0.0,0.0,0.0,0.0,0.0,0.0,0.0,0.0,0.0,0.0,0.0,0.0,4826.665722836004,4373.689060735799,8176.418243557708
PINN20260511,5,45,pretrain,43.19614028930664,13.317028045654297,2.183800458908081,10.678444862365723,0.8734670281410217,0.0071221948601305485,5.237398147583008,0.0,0.0,0.0,0.0,0.0,0.0,0.0,0.0,0.0,0.0,0.0,0.0,0.0,0.0,0.0,0.0,0.0,0.0,4820.552872855976,4367.169334935388,8164.728190699296
PINN20260511,5,47,pretrain,43.05293655395508,13.273941993713379,2.17099666595459,10.647318840026855,0.807396650314331,0.00866358820348978,5.356835842132568,0.0,0.0,0.0,0.0,0.0,0.0,0.0,0.0,0.0,0.0,0.0,0.0,0.0,0.0,0.0,0.0,0.0,0.0,4810.433036640256,4355.049483071346,8142.9730004606245
PINN20260511,5,49,pretrain,42.81412124633789,13.201725006103516,2.1510136127471924,10.599282264709473,0.6790826916694641,0.010577809065580368,5.599185943603516,0.0,0.0,0.0,0.0,0.0,0.0,0.0,0.0,0.0,0.0,0.0,0.0,0.0,0.0,0.0,0.0,0.0,0.0,4793.064572901141,4331.1157915714975,8099.878959167674
PINN20260511,5,52,pretrain,42.05475616455078,12.968406677246094,2.0636463165283203,10.47686767578125,1.1168943643569946,0.013373714871704578,6.48336935043335,0.0,0.0,0.0,0.0,0.0,0.0,0.0,0.0,0.0,0.0,0.0,0.0,0.0,0.0,0.0,0.0,0.0,0.0,4733.542859212325,4239.525209265774,7934.916559625604
PINN20260511,5,54,pretrain,40.87647247314453,12.612581253051758,1.8328696489334106,10.337790489196777,2.7367591857910156,0.014642445370554924,7.770610332489014,0.0,0.0,0.0,0.0,0.0,0.0,0.0,0.0,0.0,0.0,0.0,0.0,0.0,0.0,0.0,0.0,0.0,0.0,4637.135753889464,4132.373168047629,7743.101589583528
PINN20260511,5,56,pretrain,38.439414978027344,11.877077102661133,1.4545009136199951,10.10747241973877,2.971853256225586,0.015290763229131699,10.331799507141113,0.0,0.0,0.0,0.0,0.0,0.0,0.0,0.0,0.0,0.0,0.0,0.0,0.0,0.0,0.0,0.0,0.0,0.0,4451.699001504931,4510.000886917873,8441.379593775868
PINN20260511,5,58,pretrain,35.16946792602539,10.853374481201172,1.2505884170532227,9.72873306274414,1.9151782989501953,0.015518317930400372,15.398791313171387,0.0,0.0,0.0,0.0,0.0,0.0,0.0,0.0,0.0,0.0,0.0,0.0,0.0,0.0,0.0,0.0,0.0,0.0,4325.770682780122,7294.4247202915185,13561.386347545793
PINN20260511,5,60,pretrain,36.44108581542969,11.137673377990723,2.188131332397461,9.379926681518555,2.900712490081787,0.015627363696694374,22.669567108154297,0.0,0.0,0.0,0.0,0.0,0.0,0.0,0.0,0.0,0.0,0.0,0.0,0.0,0.0,0.0,0.0,0.0,0.0,4522.0592654232205,9183.696859108537,17030.48619107433
PINN20260511,5,62,pretrain,39.54591751098633,12.092437744140625,2.5507237911224365,9.337180137634277,6.290388107299805,0.01568438671529293,27.15901756286621,0.0,0.0,0.0,0.0,0.0,0.0,0.0,0.0,0.0,0.0,0.0,0.0,0.0,0.0,0.0,0.0,0.0,0.0,4550.652480688896,7619.7650882425505,14284.787969907477
PINN20260511,5,64,pretrain,36.79704284667969,11.4116792678833,1.3474199771881104,9.172704696655273,2.687584638595581,0.015618965961039066,27.541065216064453,0.0,0.0,0.0,0.0,0.0,0.0,0.0,0.0,0.0,0.0,0.0,0.0,0.0,0.0,0.0,0.0,0.0,0.0,4317.934459900937,5342.366142450365,9904.835633367145
PINN20260511,5,66,pretrain,32.48843765258789,10.049076080322266,1.046034336090088,8.931675910949707,1.5928537845611572,0.015507401898503304,24.926965713500977,0.0,0.0,0.0,0.0,0.0,0.0,0.0,0.0,0.0,0.0,0.0,0.0,0.0,0.0,0.0,0.0,0.0,0.0,4109.4165035926935,4075.9894504279573,7635.251012407185
PINN20260511,5,68,pretrain,31.348434448242188,9.595809936523438,1.208490014076233,8.89333724975586,8.904640197753906,0.015428491868078709,21.432052612304688,0.0,0.0,0.0,0.0,0.0,0.0,0.0,0.0,0.0,0.0,0.0,0.0,0.0,0.0,0.0,0.0,0.0,0.0,4116.863854926466,3842.3011334355356,7218.95821470795
PINN20260511,5,70,pretrain,31.667858123779297,9.751087188720703,1.185774803161621,8.941390991210938,1.6714723110198975,0.015427849255502224,19.678909301757812,0.0,0.0,0.0,0.0,0.0,0.0,0.0,0.0,0.0,0.0,0.0,0.0,0.0,0.0,0.0,0.0,0.0,0.0,4122.860414809116,3808.3999264783106,7157.221031495347
PINN20260511,5,73,pretrain,30.441661834716797,9.386579513549805,0.9917659759521484,8.687172889709473,2.4303693771362305,0.015361107885837555,21.299896240234375,0.0,0.0,0.0,0.0,0.0,0.0,0.0,0.0,0.0,0.0,0.0,0.0,0.0,0.0,0.0,0.0,0.0,0.0,3991.7886968124953,3742.257607380871,7036.019039124327
PINN20260511,5,75,pretrain,28.60518455505371,8.801179885864258,0.9321380853652954,8.29255485534668,3.8533549308776855,0.015260706655681133,24.751649856567383,0.0,0.0,0.0,0.0,0.0,0.0,0.0,0.0,0.0,0.0,0.0,0.0,0.0,0.0,0.0,0.0,0.0,0.0,3852.325531416056,3786.717179827403,7115.7281832863955
PINN20260511,5,77,pretrain,26.89496612548828,8.240161895751953,1.0590500831604004,7.696587085723877,5.281846523284912,0.015143362805247307,30.196231842041016,0.0,0.0,0.0,0.0,0.0,0.0,0.0,0.0,0.0,0.0,0.0,0.0,0.0,0.0,0.0,0.0,0.0,0.0,3731.0231840609085,4029.057458016701,7550.39528409981
PINN20260511,5,79,pretrain,24.886119842529297,7.647078037261963,0.8588416576385498,7.022823810577393,5.545044898986816,0.01503805536776781,34.95043182373047,0.0,0.0,0.0,0.0,0.0,0.0,0.0,0.0,0.0,0.0,0.0,0.0,0.0,0.0,0.0,0.0,0.0,0.0,3543.9695258283473,3990.5961960589298,7477.355888451924
PINN20260511,5,81,pretrain,21.784372329711914,6.704051971435547,0.6142359375953674,6.33965539932251,4.858375549316406,0.014955306425690651,37.737281799316406,0.0,0.0,0.0,0.0,0.0,0.0,0.0,0.0,0.0,0.0,0.0,0.0,0.0,0.0,0.0,0.0,0.0,0.0,3281.4419086736857,3621.044462582585,6804.38002308714
PINN20260511,5,83,pretrain,18.10450553894043,5.576630115509033,0.4107843041419983,5.455234527587891,3.908766269683838,0.014876267872750759,41.29205322265625,0.0,0.0,0.0,0.0,0.0,0.0,0.0,0.0,0.0,0.0,0.0,0.0,0.0,0.0,0.0,0.0,0.0,0.0,2930.563085824975,3156.072559368685,5962.619870237168
PINN20260511,5,85,pretrain,13.600037574768066,4.174372673034668,0.29466551542282104,4.1985344886779785,4.493936538696289,0.014795138500630856,47.73442840576172,0.0,0.0,0.0,0.0,0.0,0.0,0.0,0.0,0.0,0.0,0.0,0.0,0.0,0.0,0.0,0.0,0.0,0.0,2434.9140641919994,2568.5025793251602,4895.086707107646
PINN20260511,5,87,pretrain,8.688764572143555,2.627056121826172,0.34338057041168213,2.705958604812622,4.735696315765381,0.01471064891666174,57.815853118896484,0.0,0.0,0.0,0.0,0.0,0.0,0.0,0.0,0.0,0.0,0.0,0.0,0.0,0.0,0.0,0.0,0.0,0.0,1861.4488308841583,1804.8433450025518,3504.5934117573156
PINN20260511,5,89,pretrain,5.331202983856201,1.5740128755569458,0.43183982372283936,1.7073476314544678,2.588733673095703,0.01462708692997694,70.66937255859375,0.0,0.0,0.0,0.0,0.0,0.0,0.0,0.0,0.0,0.0,0.0,0.0,0.0,0.0,0.0,0.0,0.0,0.0,1543.08019882312,1224.2914787745603,2450.0245083165346
PINN20260511,5,92,pretrain,4.791177272796631,1.3361618518829346,0.8047663569450378,1.7420295476913452,1.595124363899231,0.014513857662677765,81.44637298583984,0.0,0.0,0.0,0.0,0.0,0.0,0.0,0.0,0.0,0.0,0.0,0.0,0.0,0.0,0.0,0.0,0.0,0.0,1507.6365609788056,1214.3818386323142,2405.947006968412
PINN20260511,5,94,pretrain,4.682600498199463,1.3047198057174683,0.8876514434814453,1.4408854246139526,1.821921706199646,0.014446481131017208,79.8817367553711,0.0,0.0,0.0,0.0,0.0,0.0,0.0,0.0,0.0,0.0,0.0,0.0,0.0,0.0,0.0,0.0,0.0,0.0,1548.445591553026,1207.2299905154775,2409.329470405949
PINN20260511,5,96,pretrain,4.839380264282227,1.4129729270935059,0.6787515878677368,1.1746981143951416,1.3073047399520874,0.014393380843102932,75.8936996459961,0.0,0.0,0.0,0.0,0.0,0.0,0.0,0.0,0.0,0.0,0.0,0.0,0.0,0.0,0.0,0.0,0.0,0.0,1584.3414246935538,1199.7416909485141,2385.752334969923
PINN20260511,5,98,pretrain,4.6281585693359375,1.3267461061477661,0.712121844291687,1.045935869216919,4.133615493774414,0.01433190144598484,76.2442855834961,0.0,0.0,0.0,0.0,0.0,0.0,0.0,0.0,0.0,0.0,0.0,0.0,0.0,0.0,0.0,0.0,0.0,0.0,1488.1163428979603,1117.8248409299197,2248.3892085924435
PINN20260511,5,100,pretrain,3.872908592224121,1.1417713165283203,0.4539300799369812,0.9549449682235718,1.4820303916931152,0.014260530471801758,78.6691665649414,0.0,0.0,0.0,0.0,0.0,0.0,0.0,0.0,0.0,0.0,0.0,0.0,0.0,0.0,0.0,0.0,0.0,0.0,1351.9261721706553,1064.052219113329,2158.5461239467168
PINN20260511,5,102,pretrain,3.1933846473693848,0.9330909252166748,0.36721840500831604,0.902012050151825,1.5050039291381836,0.014189465902745724,80.48394775390625,0.0,0.0,0.0,0.0,0.0,0.0,0.0,0.0,0.0,0.0,0.0,0.0,0.0,0.0,0.0,0.0,0.0,0.0,1188.7755254883068,942.0827325665193,1931.8713036086415
PINN20260511,5,104,pretrain,2.273871898651123,0.6641117930412292,0.23360851407051086,0.6270480155944824,1.966134786605835,0.014118227176368237,77.03426361083984,0.0,0.0,0.0,0.0,0.0,0.0,0.0,0.0,0.0,0.0,0.0,0.0,0.0,0.0,0.0,0.0,0.0,0.0,1021.8224221947764,811.3662474493254,1709.6845537874192
PINN20260511,5,106,pretrain,1.7299284934997559,0.5030279159545898,0.20067116618156433,0.4650437831878662,1.3750187158584595,0.014045325107872486,73.32354736328125,0.0,0.0,0.0,0.0,0.0,0.0,0.0,0.0,0.0,0.0,0.0,0.0,0.0,0.0,0.0,0.0,0.0,0.0,878.9771399188946,750.6406014198806,1606.4189968478656
PINN20260511,5,108,pretrain,1.3985975980758667,0.4014688730239868,0.18453067541122437,0.37860172986984253,1.310267448425293,0.013964958488941193,73.90245056152344,0.0,0.0,0.0,0.0,0.0,0.0,0.0,0.0,0.0,0.0,0.0,0.0,0.0,0.0,0.0,0.0,0.0,0.0,803.4007017049462,661.3923996010235,1470.8238900807492
PINN20260511,5,110,pretrain,1.2454490661621094,0.3568483591079712,0.17901480197906494,0.30286186933517456,1.2412066459655762,0.013877767138183117,71.53155517578125,0.0,0.0,0.0,0.0,0.0,0.0,0.0,0.0,0.0,0.0,0.0,0.0,0.0,0.0,0.0,0.0,0.0,0.0,767.3301114904849,620.973404221147,1415.0129879229812
PINN20260511,5,113,pretrain,0.9491369724273682,0.2689673900604248,0.16708147525787354,0.19455966353416443,0.9891054034233093,0.013750734739005566,72.19390869140625,0.0,0.0,0.0,0.0,0.0,0.0,0.0,0.0,0.0,0.0,0.0,0.0,0.0,0.0,0.0,0.0,0.0,0.0,624.5923170356805,632.9283875368524,1435.873890167096
PINN20260511,5,115,pretrain,0.7226133942604065,0.19748690724372864,0.1656460016965866,0.15272057056427002,0.839277982711792,0.01367624569684267,72.10432434082031,0.0,0.0,0.0,0.0,0.0,0.0,0.0,0.0,0.0,0.0,0.0,0.0,0.0,0.0,0.0,0.0,0.0,0.0,562.9299190396616,713.5213074954385,1561.6317644483183
PINN20260511,5,117,pretrain,0.6690455079078674,0.17769643664360046,0.16881665587425232,0.18114672601222992,0.7659254670143127,0.013598708435893059,73.18573760986328,0.0,0.0,0.0,0.0,0.0,0.0,0.0,0.0,0.0,0.0,0.0,0.0,0.0,0.0,0.0,0.0,0.0,0.0,573.800406282533,748.1905255347731,1622.2119429489808
PINN20260511,5,119,pretrain,0.6728880405426025,0.17909950017929077,0.17204564809799194,0.16946250200271606,0.7837122678756714,0.013519514352083206,72.2489242553711,0.0,0.0,0.0,0.0,0.0,0.0,0.0,0.0,0.0,0.0,0.0,0.0,0.0,0.0,0.0,0.0,0.0,0.0,563.6911831845518,742.4444002751991,1614.0804374867262
PINN20260511,5,121,pretrain,0.6412413120269775,0.1682738959789276,0.17346073687076569,0.17186282575130463,0.7658373117446899,0.013443199917674065,71.98735809326172,0.0,0.0,0.0,0.0,0.0,0.0,0.0,0.0,0.0,0.0,0.0,0.0,0.0,0.0,0.0,0.0,0.0,0.0,535.6947883356715,744.7085419813579,1622.5239582108006
PINN20260511,5,123,pretrain,0.5867176055908203,0.15185587108135223,0.17861509323120117,0.13212385773658752,0.7708856463432312,0.013378211297094822,70.43745422363281,0.0,0.0,0.0,0.0,0.0,0.0,0.0,0.0,0.0,0.0,0.0,0.0,0.0,0.0,0.0,0.0,0.0,0.0,503.3782281992339,748.1807936588589,1632.607717822962
PINN20260511,5,125,pretrain,0.5622518062591553,0.14618226885795593,0.16722889244556427,0.12482805550098419,0.7562500238418579,0.013317711651325226,70.05545043945312,0.0,0.0,0.0,0.0,0.0,0.0,0.0,0.0,0.0,0.0,0.0,0.0,0.0,0.0,0.0,0.0,0.0,0.0,502.4808143103575,748.335820337367,1640.887515374989
PINN20260511,5,127,pretrain,0.5580640435218811,0.1443149447441101,0.17581568658351898,0.10934791713953018,0.7670878767967224,0.013259241357445717,69.1202163696289,0.0,0.0,0.0,0.0,0.0,0.0,0.0,0.0,0.0,0.0,0.0,0.0,0.0,0.0,0.0,0.0,0.0,0.0,487.122915058407,705.2898118858658,1565.1708697764734
PINN20260511,5,129,pretrain,0.5149511098861694,0.13291947543621063,0.16205081343650818,0.10167791694402695,0.7415873408317566,0.013200591318309307,69.1579818725586,0.0,0.0,0.0,0.0,0.0,0.0,0.0,0.0,0.0,0.0,0.0,0.0,0.0,0.0,0.0,0.0,0.0,0.0,461.5590089576846,650.3014204966802,1464.6120893394964
PINN20260511,5,132,pretrain,0.4434290826320648,0.11107005178928375,0.1557009220123291,0.08973389863967896,0.7210838794708252,0.013122630305588245,69.38912963867188,0.0,0.0,0.0,0.0,0.0,0.0,0.0,0.0,0.0,0.0,0.0,0.0,0.0,0.0,0.0,0.0,0.0,0.0,432.9039298735922,600.9339085956125,1371.79392665287
PINN20260511,5,134,pretrain,0.43764498829841614,0.10541606694459915,0.17288421094417572,0.0915810763835907,0.8319231271743774,0.013075063936412334,69.99057006835938,0.0,0.0,0.0,0.0,0.0,0.0,0.0,0.0,0.0,0.0,0.0,0.0,0.0,0.0,0.0,0.0,0.0,0.0,432.91878207696186,603.7721269237261,1375.6060179214396
PINN20260511,5,136,pretrain,0.4471094012260437,0.10213474184274673,0.21199257671833038,0.08614511787891388,0.8739928603172302,0.01303071528673172,70.1124267578125,0.0,0.0,0.0,0.0,0.0,0.0,0.0,0.0,0.0,0.0,0.0,0.0,0.0,0.0,0.0,0.0,0.0,0.0,424.3515089227326,592.3138684430747,1350.9257644884058
PINN20260511,5,138,pretrain,0.4409533143043518,0.09653286635875702,0.23249313235282898,0.07800464332103729,0.9753619432449341,0.012985564768314362,70.06847381591797,0.0,0.0,0.0,0.0,0.0,0.0,0.0,0.0,0.0,0.0,0.0,0.0,0.0,0.0,0.0,0.0,0.0,0.0,405.91166680695443,564.5897016861005,1313.6033085826343
PINN20260511,5,140,pretrain,0.3848675489425659,0.09125757217407227,0.16199252009391785,0.07933879643678665,0.7115391492843628,0.012941461987793446,70.61063385009766,0.0,0.0,0.0,0.0,0.0,0.0,0.0,0.0,0.0,0.0,0.0,0.0,0.0,0.0,0.0,0.0,0.0,0.0,394.49881178528284,543.6296705938704,1262.6327813784892
PINN20260511,5,142,pretrain,0.5595190525054932,0.08962556719779968,0.477830171585083,0.06555706262588501,1.9307935237884521,0.012902963906526566,69.97919464111328,0.0,0.0,0.0,0.0,0.0,0.0,0.0,0.0,0.0,0.0,0.0,0.0,0.0,0.0,0.0,0.0,0.0,0.0,412.2501137052602,566.3096822852316,1301.8407265517737
PINN20260511,5,144,pretrain,0.3920822739601135,0.09582888334989548,0.15720736980438232,0.062439385801553726,0.6752033233642578,0.0128650963306427,69.28239440917969,0.0,0.0,0.0,0.0,0.0,0.0,0.0,0.0,0.0,0.0,0.0,0.0,0.0,0.0,0.0,0.0,0.0,0.0,387.8025834751491,530.2784645825247,1252.938929464095
PINN20260511,5,146,pretrain,0.4218639135360718,0.0985027402639389,0.1858311891555786,0.08461829274892807,0.8258230686187744,0.01282227411866188,71.4177474975586,0.0,0.0,0.0,0.0,0.0,0.0,0.0,0.0,0.0,0.0,0.0,0.0,0.0,0.0,0.0,0.0,0.0,0.0,389.1611170196735,518.2234677241083,1223.3324396928258
PINN20260511,5,148,pretrain,0.3677078187465668,0.08627423644065857,0.16440963745117188,0.06027621403336525,0.7312518954277039,0.01279276330024004,69.71327209472656,0.0,0.0,0.0,0.0,0.0,0.0,0.0,0.0,0.0,0.0,0.0,0.0,0.0,0.0,0.0,0.0,0.0,0.0,434.4233066664357,613.9806593045093,1389.6499796136136
PINN20260511,5,150,pretrain,0.3555961847305298,0.08563745021820068,0.14671237766742706,0.059531260281801224,0.6710690855979919,0.012759506702423096,69.54977416992188,0.0,0.0,0.0,0.0,0.0,0.0,0.0,0.0,0.0,0.0,0.0,0.0,0.0,0.0,0.0,0.0,0.0,0.0,375.69198653950554,534.7791308100943,1248.7260473672704
PINN20260511,5,153,pretrain,0.3385028839111328,0.07668136805295944,0.15755411982536316,0.0708150565624237,0.7759358882904053,0.012707441113889217,70.6540298461914,0.0,0.0,0.0,0.0,0.0,0.0,0.0,0.0,0.0,0.0,0.0,0.0,0.0,0.0,0.0,0.0,0.0,0.0,400.63539378092895,594.2584139076198,1356.3325869190696
PINN20260511,5,155,pretrain,0.34728243947029114,0.0792088583111763,0.16604042053222656,0.05720038339495659,0.7597787976264954,0.012681476771831512,69.32926177978516,0.0,0.0,0.0,0.0,0.0,0.0,0.0,0.0,0.0,0.0,0.0,0.0,0.0,0.0,0.0,0.0,0.0,0.0,358.13326779287064,556.6002268235254,1288.7690104960966
PINN20260511,5,157,pretrain,0.3321285843849182,0.0733819305896759,0.16488993167877197,0.07166045904159546,0.7602871060371399,0.012649324722588062,70.57502746582031,0.0,0.0,0.0,0.0,0.0,0.0,0.0,0.0,0.0,0.0,0.0,0.0,0.0,0.0,0.0,0.0,0.0,0.0,346.6008714104741,544.6893036401577,1269.3220867666673
PINN20260511,5,159,pretrain,0.3042474091053009,0.06780055165290833,0.15469637513160706,0.05506407469511032,0.6242364645004272,0.01262662559747696,69.42906951904297,0.0,0.0,0.0,0.0,0.0,0.0,0.0,0.0,0.0,0.0,0.0,0.0,0.0,0.0,0.0,0.0,0.0,0.0,368.6857994959936,594.1040260341618,1352.9679239423099
PINN20260511,5,161,pretrain,0.29591625928878784,0.06666342914104462,0.14733684062957764,0.05130084231495857,0.5998698472976685,0.012602700851857662,68.95138549804688,0.0,0.0,0.0,0.0,0.0,0.0,0.0,0.0,0.0,0.0,0.0,0.0,0.0,0.0,0.0,0.0,0.0,0.0,332.51332210153623,544.2275776272276,1267.3553956036621
PINN20260511,5,163,pretrain,0.2813662588596344,0.06297338008880615,0.1395096331834793,0.05615600198507309,0.5730053782463074,0.01257611345499754,69.60291290283203,0.0,0.0,0.0,0.0,0.0,0.0,0.0,0.0,0.0,0.0,0.0,0.0,0.0,0.0,0.0,0.0,0.0,0.0,348.25725719286885,586.7939640538236,1345.3674527180642
PINN20260511,5,165,pretrain,0.2737983167171478,0.06059149652719498,0.1414882242679596,0.04761418700218201,0.5878443717956543,0.012556653469800949,68.6165771484375,0.0,0.0,0.0,0.0,0.0,0.0,0.0,0.0,0.0,0.0,0.0,0.0,0.0,0.0,0.0,0.0,0.0,0.0,314.3098342002681,552.361521107327,1283.6977756565975
PINN20260511,5,167,pretrain,0.2653042674064636,0.056178122758865356,0.1458142101764679,0.05504131689667702,0.6427256464958191,0.012532670982182026,69.47830200195312,0.0,0.0,0.0,0.0,0.0,0.0,0.0,0.0,0.0,0.0,0.0,0.0,0.0,0.0,0.0,0.0,0.0,0.0,313.0794253260664,576.0470900889961,1325.6142032194018
PINN20260511,5,169,pretrain,0.25125807523727417,0.05318989232182503,0.14370517432689667,0.043116308748722076,0.5606271028518677,0.012516938149929047,68.33378601074219,0.0,0.0,0.0,0.0,0.0,0.0,0.0,0.0,0.0,0.0,0.0,0.0,0.0,0.0,0.0,0.0,0.0,0.0,299.35585794752706,569.0293819303182,1314.23658129173
PINN20260511,5,172,pretrain,0.22382697463035583,0.04595760256052017,0.13602247834205627,0.0397888645529747,0.4992571175098419,0.012488551437854767,68.3692398071289,0.0,0.0,0.0,0.0,0.0,0.0,0.0,0.0,0.0,0.0,0.0,0.0,0.0,0.0,0.0,0.0,0.0,0.0,295.01253945807116,575.191598513052,1325.0342198273356
PINN20260511,5,174,pretrain,0.21160221099853516,0.04215475916862488,0.1366598755121231,0.03531822934746742,0.4872181713581085,0.012472633272409439,68.00812530517578,0.0,0.0,0.0,0.0,0.0,0.0,0.0,0.0,0.0,0.0,0.0,0.0,0.0,0.0,0.0,0.0,0.0,0.0,262.7868670615029,547.7083507670848,1276.4208184879874
PINN20260511,5,176,pretrain,0.19677339494228363,0.03791060298681259,0.1327022761106491,0.03291049972176552,0.5054177641868591,0.012456873431801796,67.91847229003906,0.0,0.0,0.0,0.0,0.0,0.0,0.0,0.0,0.0,0.0,0.0,0.0,0.0,0.0,0.0,0.0,0.0,0.0,261.2879607588149,570.1139140557789,1314.945502872622
PINN20260511,5,178,pretrain,0.18347439169883728,0.03403247520327568,0.13102994859218597,0.028873367235064507,0.5043659210205078,0.012443172745406628,67.47686767578125,0.0,0.0,0.0,0.0,0.0,0.0,0.0,0.0,0.0,0.0,0.0,0.0,0.0,0.0,0.0,0.0,0.0,0.0,235.19899320841066,548.479232742681,1278.1642271107457
PINN20260511,5,180,pretrain,0.16872714459896088,0.02993793413043022,0.12762288749217987,0.02723480761051178,0.48274704813957214,0.012428324669599533,67.5149917602539,0.0,0.0,0.0,0.0,0.0,0.0,0.0,0.0,0.0,0.0,0.0,0.0,0.0,0.0,0.0,0.0,0.0,0.0,233.46754324745012,566.1124005001127,1310.0876016109016
PINN20260511,5,182,pretrain,0.15605701506137848,0.026084670796990395,0.12781491875648499,0.022769639268517494,0.4670807123184204,0.012417209334671497,66.90056610107422,0.0,0.0,0.0,0.0,0.0,0.0,0.0,0.0,0.0,0.0,0.0,0.0,0.0,0.0,0.0,0.0,0.0,0.0,205.070129010785,551.8732304614892,1285.047485105636
PINN20260511,5,184,pretrain,0.14233393967151642,0.02261124923825264,0.12276074290275574,0.020429300144314766,0.4516982436180115,0.01240505464375019,66.74651336669922,0.0,0.0,0.0,0.0,0.0,0.0,0.0,0.0,0.0,0.0,0.0,0.0,0.0,0.0,0.0,0.0,0.0,0.0,198.97383229334454,566.5143974339928,1309.8799162747794
PINN20260511,5,186,pretrain,0.13152019679546356,0.019427303224802017,0.12154842913150787,0.01781122386455536,0.4450918436050415,0.01239542756229639,66.1076889038086,0.0,0.0,0.0,0.0,0.0,0.0,0.0,0.0,0.0,0.0,0.0,0.0,0.0,0.0,0.0,0.0,0.0,0.0,174.14992754987009,552.3916749010615,1286.1365309019677
PINN20260511,5,188,pretrain,0.1202765554189682,0.016317933797836304,0.11865336447954178,0.01607944816350937,0.4390096366405487,0.012383881956338882,66.07776641845703,0.0,0.0,0.0,0.0,0.0,0.0,0.0,0.0,0.0,0.0,0.0,0.0,0.0,0.0,0.0,0.0,0.0,0.0,170.1208497381347,569.2420124604297,1317.1068793571862
PINN20260511,5,190,pretrain,0.11060336977243423,0.013891279697418213,0.11511106789112091,0.014686510898172855,0.421834796667099,0.012375421822071075,65.57394409179688,0.0,0.0,0.0,0.0,0.0,0.0,0.0,0.0,0.0,0.0,0.0,0.0,0.0,0.0,0.0,0.0,0.0,0.0,148.82833415339636,564.5851076232883,1311.5849776634595
PINN20260511,5,193,pretrain,0.10101790726184845,0.01121487282216549,0.1127839908003807,0.013781728222966194,0.41124749183654785,0.012363191694021225,64.9397201538086,0.0,0.0,0.0,0.0,0.0,0.0,0.0,0.0,0.0,0.0,0.0,0.0,0.0,0.0,0.0,0.0,0.0,0.0,136.82082261118006,567.8699785162092,1318.6910288272354
PINN20260511,5,195,pretrain,0.09865617752075195,0.009770628996193409,0.11676820367574692,0.012890994548797607,0.41909974813461304,0.012354366481304169,64.81430053710938,0.0,0.0,0.0,0.0,0.0,0.0,0.0,0.0,0.0,0.0,0.0,0.0,0.0,0.0,0.0,0.0,0.0,0.0,124.4593463997381,563.1907980427237,1312.4062799602325
PINN20260511,5,197,pretrain,0.08915162086486816,0.008969470858573914,0.1045769676566124,0.013538483530282974,0.36235108971595764,0.012347890064120293,64.40240478515625,0.0,0.0,0.0,0.0,0.0,0.0,0.0,0.0,0.0,0.0,0.0,0.0,0.0,0.0,0.0,0.0,0.0,0.0,126.9622814005699,574.5363891869687,1334.0796511096544
PINN20260511,5,199,pretrain,0.08536746352910995,0.008501267991960049,0.10060854256153107,0.01269540935754776,0.3510151505470276,0.012339776381850243,64.4305648803711,0.0,0.0,0.0,0.0,0.0,0.0,0.0,0.0,0.0,0.0,0.0,0.0,0.0,0.0,0.0,0.0,0.0,0.0,118.95074315394166,563.2607355834418,1317.8052526059707
PINN20260511,5,201,pretrain,0.08534564077854156,0.008042776957154274,0.10221876204013824,0.013797658495604992,0.36741966009140015,0.01233422290533781,64.02134704589844,0.0,0.0,0.0,0.0,0.0,0.0,0.0,0.0,0.0,0.0,0.0,0.0,0.0,0.0,0.0,0.0,0.0,0.0,123.40490471538196,562.98592899823,1322.7569440214218
PINN20260511,5,203,pretrain,0.08146494626998901,0.007763739209622145,0.09705878049135208,0.013664738275110722,0.34556931257247925,0.012327799573540688,63.93595504760742,0.0,0.0,0.0,0.0,0.0,0.0,0.0,0.0,0.0,0.0,0.0,0.0,0.0,0.0,0.0,0.0,0.0,0.0,111.26885373948993,543.8838628328662,1282.666069491333
PINN20260511,5,205,pretrain,0.14175644516944885,0.008699504658579826,0.1968967169523239,0.013450933620333672,0.7259696125984192,0.01232165191322565,63.92349624633789,0.0,0.0,0.0,0.0,0.0,0.0,0.0,0.0,0.0,0.0,0.0,0.0,0.0,0.0,0.0,0.0,0.0,0.0,117.38397695969837,549.4013218950242,1297.9577649839655
PINN20260511,5,207,pretrain,0.09199123084545135,0.007710615172982216,0.11604490131139755,0.014836907386779785,0.3934776782989502,0.012317553162574768,63.558006286621094,0.0,0.0,0.0,0.0,0.0,0.0,0.0,0.0,0.0,0.0,0.0,0.0,0.0,0.0,0.0,0.0,0.0,0.0,113.74100239139797,532.9308116444386,1269.136960980165
PINN20260511,5,209,pretrain,0.07522571831941605,0.007621418219059706,0.08687988668680191,0.014424286782741547,0.3018330931663513,0.01231192797422409,63.565696716308594,0.0,0.0,0.0,0.0,0.0,0.0,0.0,0.0,0.0,0.0,0.0,0.0,0.0,0.0,0.0,0.0,0.0,0.0,119.21478122489677,530.4543158934613,1269.1797402487412
PINN20260511,5,212,pretrain,0.07249261438846588,0.007469682954251766,0.08256063610315323,0.013749132864177227,0.30267134308815,0.012304446659982204,63.61058807373047,0.0,0.0,0.0,0.0,0.0,0.0,0.0,0.0,0.0,0.0,0.0,0.0,0.0,0.0,0.0,0.0,0.0,0.0,117.45338586674502,518.5477015183849,1250.5405495433001
PINN20260511,5,214,pretrain,0.07758709043264389,0.0073943426832556725,0.0916881337761879,0.013825533911585808,0.3397446274757385,0.012300275266170502,63.536277770996094,0.0,0.0,0.0,0.0,0.0,0.0,0.0,0.0,0.0,0.0,0.0,0.0,0.0,0.0,0.0,0.0,0.0,0.0,113.69127948637926,504.5900563824063,1225.2409134847514
PINN20260511,5,216,pretrain,0.07020975649356842,0.007137065287679434,0.08059243857860565,0.01337419357150793,0.29137492179870605,0.012296006083488464,63.53515625,0.0,0.0,0.0,0.0,0.0,0.0,0.0,0.0,0.0,0.0,0.0,0.0,0.0,0.0,0.0,0.0,0.0,0.0,109.59782659227326,490.8539433986448,1199.4507669845193
PINN20260511,5,218,pretrain,0.06720276176929474,0.006971639581024647,0.07618796825408936,0.01334601640701294,0.2762325406074524,0.012292453087866306,63.46752166748047,0.0,0.0,0.0,0.0,0.0,0.0,0.0,0.0,0.0,0.0,0.0,0.0,0.0,0.0,0.0,0.0,0.0,0.0,112.31506935708805,488.73240057827144,1199.7757522132401
PINN20260511,5,220,pretrain,0.08123727887868881,0.007275132462382317,0.09928140044212341,0.012003995478153229,0.36851924657821655,0.01228761114180088,63.702415466308594,0.0,0.0,0.0,0.0,0.0,0.0,0.0,0.0,0.0,0.0,0.0,0.0,0.0,0.0,0.0,0.0,0.0,0.0,107.31166733078236,476.45289313320364,1176.7016233702432
PINN20260511,5,222,pretrain,0.1184510886669159,0.007402109447866678,0.16409988701343536,0.013562912121415138,0.5741116404533386,0.012286229059100151,63.31595230102539,0.0,0.0,0.0,0.0,0.0,0.0,0.0,0.0,0.0,0.0,0.0,0.0,0.0,0.0,0.0,0.0,0.0,0.0,123.50119005626019,487.5945581371884,1203.8414021316112
PINN20260511,5,224,pretrain,0.06433838605880737,0.006591005250811577,0.07291307300329208,0.012408734299242496,0.28135403990745544,0.01228218711912632,63.475189208984375,0.0,0.0,0.0,0.0,0.0,0.0,0.0,0.0,0.0,0.0,0.0,0.0,0.0,0.0,0.0,0.0,0.0,0.0,102.53945982065879,451.5737758107749,1130.387154367151
PINN20260511,5,226,pretrain,0.3239697515964508,0.012451007030904293,0.5009490847587585,0.010543877258896828,1.7016711235046387,0.01227518543601036,64.24211883544922,0.0,0.0,0.0,0.0,0.0,0.0,0.0,0.0,0.0,0.0,0.0,0.0,0.0,0.0,0.0,0.0,0.0,0.0,104.67035773829427,440.2751625404277,1110.8867499763358
PINN20260511,5,228,pretrain,0.06369484215974808,0.006817124783992767,0.07167751342058182,0.010537372902035713,0.26486197113990784,0.012274390086531639,63.85160446166992,0.0,0.0,0.0,0.0,0.0,0.0,0.0,0.0,0.0,0.0,0.0,0.0,0.0,0.0,0.0,0.0,0.0,0.0,136.47040659058652,484.5260570908442,1194.8607198958434
PINN20260511,5,231,pretrain,0.07356306165456772,0.006715151946991682,0.08887137472629547,0.011880406178534031,0.3302921652793884,0.012272554449737072,63.517486572265625,0.0,0.0,0.0,0.0,0.0,0.0,0.0,0.0,0.0,0.0,0.0,0.0,0.0,0.0,0.0,0.0,0.0,0.0,101.20055698648599,445.1425509036403,1119.7011803162952
PINN20260511,5,233,pretrain,0.06680145114660263,0.007554760202765465,0.07279694825410843,0.009815742261707783,0.2887771427631378,0.012266725301742554,64.17915344238281,0.0,0.0,0.0,0.0,0.0,0.0,0.0,0.0,0.0,0.0,0.0,0.0,0.0,0.0,0.0,0.0,0.0,0.0,126.21667258131946,470.18256095372146,1166.8031754552267
PINN20260511,5,235,pretrain,0.07904033362865448,0.006658224388957024,0.09879973530769348,0.011434272862970829,0.36894720792770386,0.012267359532415867,63.61213302612305,0.0,0.0,0.0,0.0,0.0,0.0,0.0,0.0,0.0,0.0,0.0,0.0,0.0,0.0,0.0,0.0,0.0,0.0,107.66901230594391,452.4737043464515,1133.8275841075997
PINN20260511,5,237,pretrain,0.07473285496234894,0.006240945775061846,0.09354802966117859,0.010089699178934097,0.36090320348739624,0.012264148332178593,63.85686111450195,0.0,0.0,0.0,0.0,0.0,0.0,0.0,0.0,0.0,0.0,0.0,0.0,0.0,0.0,0.0,0.0,0.0,0.0,101.89107426867675,444.96053195761084,1125.8082820731356
PINN20260511,5,239,pretrain,0.06028318032622337,0.006719463970512152,0.06589805334806442,0.00959187000989914,0.26286929845809937,0.01226136926561594,64.03433227539062,0.0,0.0,0.0,0.0,0.0,0.0,0.0,0.0,0.0,0.0,0.0,0.0,0.0,0.0,0.0,0.0,0.0,0.0,122.99049998246815,463.66264338956614,1152.8718573891322
PINN20260511,5,241,pretrain,0.06671684980392456,0.006495173089206219,0.0779675766825676,0.011088065803050995,0.30149659514427185,0.012261688709259033,63.605045318603516,0.0,0.0,0.0,0.0,0.0,0.0,0.0,0.0,0.0,0.0,0.0,0.0,0.0,0.0,0.0,0.0,0.0,0.0,100.31031929093835,434.74372839064625,1105.848756864854
PINN20260511,5,243,pretrain,0.07328812777996063,0.006735265254974365,0.08899467438459396,0.009549246169626713,0.33375707268714905,0.012258060276508331,63.97612380981445,0.0,0.0,0.0,0.0,0.0,0.0,0.0,0.0,0.0,0.0,0.0,0.0,0.0,0.0,0.0,0.0,0.0,0.0,116.5118732214125,455.4992796371911,1139.2997234094712
PINN20260511,5,245,pretrain,0.07895074784755707,0.0071266284212470055,0.09566602855920792,0.011916154995560646,0.3677307963371277,0.01225934736430645,63.45167541503906,0.0,0.0,0.0,0.0,0.0,0.0,0.0,0.0,0.0,0.0,0.0,0.0,0.0,0.0,0.0,0.0,0.0,0.0,107.7334175537586,447.0870475925242,1130.6126343535093
PINN20260511,5,247,pretrain,0.0555516816675663,0.007136734202504158,0.05462809279561043,0.009242909960448742,0.24894258379936218,0.012254193425178528,64.145263671875,0.0,0.0,0.0,0.0,0.0,0.0,0.0,0.0,0.0,0.0,0.0,0.0,0.0,0.0,0.0,0.0,0.0,0.0,110.03163607572142,446.35091646035636,1123.843277433733
PINN20260511,5,249,pretrain,0.05872901901602745,0.007901427336037159,0.05448274686932564,0.013575773686170578,0.2534104585647583,0.012257409282028675,63.254486083984375,0.0,0.0,0.0,0.0,0.0,0.0,0.0,0.0,0.0,0.0,0.0,0.0,0.0,0.0,0.0,0.0,0.0,0.0,99.35696082339928,430.79943854420236,1102.4336768353053
PINN20260511,5,252,pretrain,0.06504158675670624,0.007082674652338028,0.07201215624809265,0.00913798063993454,0.29799431562423706,0.01225125603377819,64.07422637939453,0.0,0.0,0.0,0.0,0.0,0.0,0.0,0.0,0.0,0.0,0.0,0.0,0.0,0.0,0.0,0.0,0.0,0.0,137.2433257712374,464.2514135681226,1155.2400616233826
PINN20260511,5,254,pretrain,0.07232321053743362,0.00978531688451767,0.06860397756099701,0.015300014056265354,0.2802632749080658,0.01225549727678299,63.064510345458984,0.0,0.0,0.0,0.0,0.0,0.0,0.0,0.0,0.0,0.0,0.0,0.0,0.0,0.0,0.0,0.0,0.0,0.0,104.8377094012455,437.30354517771747,1113.2837940357726
PINN20260511,5,256,pretrain,0.0732802227139473,0.010781306773424149,0.06672684103250504,0.00978364609181881,0.28080761432647705,0.012246821075677872,64.48081970214844,0.0,0.0,0.0,0.0,0.0,0.0,0.0,0.0,0.0,0.0,0.0,0.0,0.0,0.0,0.0,0.0,0.0,0.0,103.53399954845752,409.3775381600705,1063.2111310568137
PINN20260511,5,258,pretrain,0.05491713806986809,0.006158503238111734,0.05783962458372116,0.010787397623062134,0.2682168483734131,0.012250754982233047,63.55353927612305,0.0,0.0,0.0,0.0,0.0,0.0,0.0,0.0,0.0,0.0,0.0,0.0,0.0,0.0,0.0,0.0,0.0,0.0,135.99649581882616,459.176725918246,1150.8497733180623
PINN20260511,5,260,pretrain,0.06959613412618637,0.006592259742319584,0.08219394832849503,0.00908181257545948,0.34530073404312134,0.012247638776898384,63.9710693359375,0.0,0.0,0.0,0.0,0.0,0.0,0.0,0.0,0.0,0.0,0.0,0.0,0.0,0.0,0.0,0.0,0.0,0.0,103.17928022227863,408.16950369913724,1062.0711170352174
PINN20260511,5,262,pretrain,0.05637668818235397,0.0065421247854828835,0.05860273912549019,0.008919786661863327,0.2832493484020233,0.01224619708955288,64.09004974365234,0.0,0.0,0.0,0.0,0.0,0.0,0.0,0.0,0.0,0.0,0.0,0.0,0.0,0.0,0.0,0.0,0.0,0.0,118.31271873328961,444.79166471506636,1127.4462748785288
PINN20260511,5,264,pretrain,0.05766131356358528,0.006661071442067623,0.05887873098254204,0.01171230897307396,0.2948136329650879,0.012248871847987175,63.42374038696289,0.0,0.0,0.0,0.0,0.0,0.0,0.0,0.0,0.0,0.0,0.0,0.0,0.0,0.0,0.0,0.0,0.0,0.0,106.37183272311802,432.95133603558725,1104.7189247200147
PINN20260511,5,266,pretrain,0.060004789382219315,0.0059889196418225765,0.06825913488864899,0.008958029560744762,0.30584287643432617,0.01224532537162304,63.962501525878906,0.0,0.0,0.0,0.0,0.0,0.0,0.0,0.0,0.0,0.0,0.0,0.0,0.0,0.0,0.0,0.0,0.0,0.0,96.40676154645482,414.2387407944844,1076.2793191745834
PINN20260511,5,268,pretrain,0.049990035593509674,0.006133338436484337,0.049472127109766006,0.008964693173766136,0.25305089354515076,0.01224472001194954,63.94942092895508,0.0,0.0,0.0,0.0,0.0,0.0,0.0,0.0,0.0,0.0,0.0,0.0,0.0,0.0,0.0,0.0,0.0,0.0,120.16073219858474,442.6255648118396,1122.4255364088096
PINN20260511,5,271,pretrain,0.054784923791885376,0.005975076928734779,0.05862891674041748,0.008823919110000134,0.2890223264694214,0.012243525125086308,64.00068664550781,0.0,0.0,0.0,0.0,0.0,0.0,0.0,0.0,0.0,0.0,0.0,0.0,0.0,0.0,0.0,0.0,0.0,0.0,97.43543535336617,406.38490067914677,1061.151395055738
PINN20260511,5,273,pretrain,0.051892705261707306,0.005861682817339897,0.05402415990829468,0.009118339978158474,0.2735954821109772,0.012243707664310932,63.860931396484375,0.0,0.0,0.0,0.0,0.0,0.0,0.0,0.0,0.0,0.0,0.0,0.0,0.0,0.0,0.0,0.0,0.0,0.0,126.63108481184626,445.198638952322,1129.4401210738815
PINN20260511,5,275,pretrain,0.048761457204818726,0.006021473091095686,0.047596003860235214,0.010344618931412697,0.24150580167770386,0.01224477868527174,63.580265045166016,0.0,0.0,0.0,0.0,0.0,0.0,0.0,0.0,0.0,0.0,0.0,0.0,0.0,0.0,0.0,0.0,0.0,0.0,97.04925859454053,404.78721261917354,1057.9971016050529
PINN20260511,5,277,pretrain,0.059906382113695145,0.008136926218867302,0.05667166784405708,0.00883182231336832,0.26967015862464905,0.012240443378686905,64.29058837890625,0.0,0.0,0.0,0.0,0.0,0.0,0.0,0.0,0.0,0.0,0.0,0.0,0.0,0.0,0.0,0.0,0.0,0.0,101.90550252715748,421.6375257552392,1089.3241316715814
PINN20260511,5,279,pretrain,0.04588516801595688,0.00653360690921545,0.039032675325870514,0.011187806725502014,0.22652238607406616,0.012244459241628647,63.466827392578125,0.0,0.0,0.0,0.0,0.0,0.0,0.0,0.0,0.0,0.0,0.0,0.0,0.0,0.0,0.0,0.0,0.0,0.0,96.66871686493258,412.88192546416946,1072.7009085855618
PINN20260511,5,281,pretrain,0.05931779742240906,0.007176517508924007,0.06052672117948532,0.008630399592220783,0.28994035720825195,0.012240158393979073,64.19964599609375,0.0,0.0,0.0,0.0,0.0,0.0,0.0,0.0,0.0,0.0,0.0,0.0,0.0,0.0,0.0,0.0,0.0,0.0,96.49682738469954,412.6573184859321,1074.5561231139366
PINN20260511,5,283,pretrain,0.04494178295135498,0.005926485173404217,0.04103873297572136,0.0101379519328475,0.2307685911655426,0.012242952361702919,63.61388397216797,0.0,0.0,0.0,0.0,0.0,0.0,0.0,0.0,0.0,0.0,0.0,0.0,0.0,0.0,0.0,0.0,0.0,0.0,103.4319390499134,419.82228382971766,1084.6266229092287
PINN20260511,5,285,pretrain,0.04784533381462097,0.005703356117010117,0.04735170304775238,0.008959798142313957,0.26337283849716187,0.01224116887897253,63.86465835571289,0.0,0.0,0.0,0.0,0.0,0.0,0.0,0.0,0.0,0.0,0.0,0.0,0.0,0.0,0.0,0.0,0.0,0.0,100.19744667561395,415.23664186822435,1079.123233513945
PINN20260511,5,287,pretrain,0.04701419919729233,0.0055392892099916935,0.04761270061135292,0.008878008462488651,0.24071896076202393,0.01224089041352272,63.87642288208008,0.0,0.0,0.0,0.0,0.0,0.0,0.0,0.0,0.0,0.0,0.0,0.0,0.0,0.0,0.0,0.0,0.0,0.0,96.559132222825,408.6785296843963,1065.9519428111691
PINN20260511,5,289,pretrain,0.04355083405971527,0.005580648314207792,0.04000774025917053,0.009300146251916885,0.24724936485290527,0.012241204269230366,63.76604080200195,0.0,0.0,0.0,0.0,0.0,0.0,0.0,0.0,0.0,0.0,0.0,0.0,0.0,0.0,0.0,0.0,0.0,0.0,110.73281733947483,424.09547126796815,1095.0652758029246
PINN20260511,5,292,pretrain,0.045872438699007034,0.006441898178309202,0.040025655180215836,0.008459445089101791,0.24210146069526672,0.012238763272762299,64.14262390136719,0.0,0.0,0.0,0.0,0.0,0.0,0.0,0.0,0.0,0.0,0.0,0.0,0.0,0.0,0.0,0.0,0.0,0.0,97.48959279392339,407.101799308232,1064.0472949945558
PINN20260511,5,294,pretrain,0.0521065816283226,0.006471357308328152,0.051211509853601456,0.010674498975276947,0.24759261310100555,0.012241954915225506,63.52293395996094,0.0,0.0,0.0,0.0,0.0,0.0,0.0,0.0,0.0,0.0,0.0,0.0,0.0,0.0,0.0,0.0,0.0,0.0,110.46983733552567,420.913441220401,1089.4567315558804
PINN20260511,5,296,pretrain,0.04306073486804962,0.00616653636097908,0.03647565841674805,0.008410902693867683,0.2320558726787567,0.01223857793956995,64.10548400878906,0.0,0.0,0.0,0.0,0.0,0.0,0.0,0.0,0.0,0.0,0.0,0.0,0.0,0.0,0.0,0.0,0.0,0.0,95.00476961710922,398.81032067262254,1049.797308166046
PINN20260511,5,298,pretrain,0.050611138343811035,0.00614957045763731,0.05045430362224579,0.01020079106092453,0.24475577473640442,0.012241187505424023,63.58967971801758,0.0,0.0,0.0,0.0,0.0,0.0,0.0,0.0,0.0,0.0,0.0,0.0,0.0,0.0,0.0,0.0,0.0,0.0,114.82315716733711,421.39836037293736,1090.844379541213
PINN20260511,5,300,pretrain,0.04204145446419716,0.005757507868111134,0.036608804017305374,0.008448272943496704,0.23874376714229584,0.01223865058273077,64.01871490478516,0.0,0.0,0.0,0.0,0.0,0.0,0.0,0.0,0.0,0.0,0.0,0.0,0.0,0.0,0.0,0.0,0.0,0.0,94.71810045966663,394.59482779808457,1043.3442159717438
PINN20260511,5,302,physics,202576.125,0.01867038384079933,0.02692701853811741,0.02660738117992878,0.22819283604621887,0.012245945632457733,62.41055679321289,0.0,0.0,0.5119573473930359,1108.718994140625,0.0,0.0,4.925295016278142e-08,0.00031049581593833864,3.3908541752225574e-08,2.732130496951868e-06,7777421.0,4700285.5,1194.7099609375,43.881080627441406,0.001974424347281456,2.0934567412922434e-09,0.13687342405319214,24.50875473022461,532.1503546931074,672.5292976889557,1522.3583379294578
PINN20260511,5,304,physics,134327.46875,0.5105241537094116,0.04520479962229729,0.4906502962112427,0.2880093455314636,0.012285564094781876,54.9820556640625,0.0,0.0,0.5393558144569397,696.5844116210938,0.0,0.0,4.194027170001391e-08,0.000347205059370026,2.4534790199481904e-08,2.5758772608241998e-06,5148673.5,3133183.5,983.32763671875,42.39878845214844,0.0011259387247264385,2.0115882293225695e-09,0.13012389838695526,22.439788818359375,1472.3195984568024,1426.450139331901,2852.4004881213527
PINN20260511,5,306,physics,68241.4140625,2.1954641342163086,0.17254650592803955,1.9688464403152466,0.4980812668800354,0.012359133921563625,44.709716796875,0.0,0.0,0.6051037311553955,327.4280090332031,0.0,0.0,3.3213755301630954e-08,0.00041819806210696697,1.420556561271269e-08,2.427979779895395e-06,2606602.25,1608720.75,713.7842407226562,40.44618225097656,0.0005342141957953572,1.912459968167468e-09,0.11598299443721771,19.327970504760742,2471.1696623259195,2270.81461154362,4366.121064356893
PINN20260511,5,308,physics,27905.9765625,4.7961835861206055,0.4446217715740204,4.142559051513672,0.9660207033157349,0.012474795803427696,34.12051773071289,0.0,0.0,0.7147325277328491,123.7388687133789,0.0,0.0,5.858344209741517e-08,0.0005359418573789299,6.8195702418449855e-09,2.2880321921547875e-06,1058858.0,670320.0625,468.8443298339844,38.99951171875,0.00023523290292359889,1.8281008928866527e-09,0.09799824655056,15.873023986816406,3299.6739232839354,2979.737572337537,5645.53290684674
PINN20260511,5,311,physics,5201.52783203125,8.620431900024414,1.0183645486831665,7.170874118804932,2.1268787384033203,0.01276539545506239,20.87821388244629,0.0,0.0,0.9332416653633118,20.599288940429688,0.0,0.0,5.43761075277871e-07,0.0008375113247893751,1.699563600965348e-09,2.092210706905462e-06,192389.828125,132075.859375,215.85235595703125,40.43006134033203,6.354544893838465e-05,1.7949590702670548e-09,0.07170191407203674,10.914227485656738,4106.17486232625,3679.870785774957,6915.200620910133
PINN20260511,5,313,physics,1389.6539306640625,10.423978805541992,1.3999593257904053,8.518550872802734,2.6800878047943115,0.013082817196846008,14.643798828125,0.0,0.0,1.0122495889663696,4.891653537750244,0.0,0.0,1.6580344208705355e-06,0.0011298147728666663,5.702615046843107e-10,1.9704511942109093e-06,48802.0625,37657.234375,119.26266479492188,46.29328536987305,2.369632238696795e-05,1.8949135593970823e-09,0.05640122666954994,8.065260887145996,4404.269292402543,3945.781164737852,7399.331102905132
PINN20260511,5,315,physics,332.1333923339844,11.583209037780762,1.7144984006881714,9.340213775634766,2.402817964553833,0.013547269627451897,10.440814971923828,0.0,0.0,0.9186074137687683,0.8774615526199341,0.0,0.0,2.8177616968605435e-06,0.0014635355910286307,1.7156441545207457e-10,1.8554438838691567e-06,9809.0048828125,9598.5810546875,63.027198791503906,59.19569778442383,7.745003131276462e-06,2.1776247471905208e-09,0.04306475818157196,5.629345417022705,4575.595261821133,4104.486082325046,7688.700025230774
PINN20260511,5,317,physics,91.36747741699219,12.252540588378906,1.9344004392623901,9.785164833068848,1.6737531423568726,0.014168167486786842,7.883570194244385,0.0,0.0,0.6783462166786194,0.0981726199388504,0.0,0.0,3.1057795695232926e-06,0.0017737899906933308,4.949976886714502e-11,1.74676733877277e-06,1352.570068359375,2233.13427734375,32.33009338378906,81.13755798339844,2.2141209683468333e-06,2.8305220389768238e-09,0.032129865139722824,3.482822895050049,4667.490760569323,4195.187242543531,7853.935533131153
PINN20260511,5,319,physics,51.6738166809082,12.610427856445312,2.06571364402771,10.006255149841309,1.558396577835083,0.014860833063721657,6.452539443969727,0.0,0.0,0.4146568179130554,0.007514002732932568,0.0,0.0,2.5129577352345223e-06,0.001986635848879814,1.4723675403893743e-11,1.6441620118712308e-06,193.7252655029297,476.0441589355469,16.20398712158203,90.90858459472656,5.400110580922046e-07,4.446802481794521e-09,0.021395651623606682,1.6030452251434326,4715.306352719832,4247.543760810476,7949.028432895739
PINN20260511,5,321,physics,47.72264862060547,12.791247367858887,2.133084774017334,10.110345840454102,2.3476362228393555,0.015383527614176273,5.729228973388672,0.0,0.0,0.24576173722743988,0.0031364234164357185,0.0,0.0,1.6189217149076285e-06,0.0020437906496226788,4.500284693509382e-12,1.5471401866307133e-06,178.93032836914062,96.16130065917969,8.107587814331055,75.54576873779297,1.1897390095327864e-07,1.0644740200405067e-08,0.01358235813677311,1.0896645784378052,4736.5443099373615,4274.531787225356,7997.81146890512
PINN20260511,5,323,physics,44.560218811035156,12.865266799926758,2.1585376262664795,10.1539306640625,3.0324223041534424,0.015425552614033222,5.453649520874023,0.0,0.0,0.1895233541727066,0.003855169750750065,0.0,0.0,9.326548706667381e-07,0.0019109154818579555,1.8189737910345727e-12,1.4553644405168598e-06,75.53741455078125,30.570581436157227,4.927102565765381,43.93292999267578,4.0251304511684793e-08,3.2750762102295994e-08,0.009438872337341309,1.894840121269226,4745.719966453984,4288.422087434958,8022.774174567783
PINN20260511,5,325,physics,42.902095794677734,12.903094291687012,2.167395830154419,10.185986518859863,3.129187822341919,0.014865321107208729,5.378860950469971,0.0,0.0,0.17665506899356842,0.005409815814346075,0.0,0.0,5.953340860287426e-07,0.0011998345144093037,1.0004563366985963e-12,1.3686970987691893e-06,16.53803253173828,15.750000953674316,3.57999324798584,22.472057342529297,2.584490843560161e-08,9.072839191048843e-08,0.006868391763418913,5.469967842102051,4751.6641295445115,4297.968589927106,8039.846933732952
PINN20260511,5,327,physics,42.49626159667969,12.931570053100586,2.171377182006836,10.216069221496582,2.962523937225342,0.013441720046103,5.378058910369873,0.0,0.0,0.15675781667232513,0.005420010536909103,0.0,0.0,4.809973006558721e-07,0.0003049548831768334,7.086019054511339e-13,1.2869795682490803e-06,7.145354747772217,8.591166496276855,2.596343994140625,11.632472038269043,1.7890329218062107e-08,5.24812229230065e-08,0.004882239270955324,11.685495376586914,4755.95584504314,4304.045538792544,8050.738735884728
PINN20260511,5,329,physics,42.33559036254883,12.948617935180664,2.1746764183044434,10.228781700134277,3.0141208171844482,0.01079791970551014,5.363727569580078,0.0,0.0,0.125849649310112,0.003998254891484976,0.0,0.0,4.4085024342166435e-07,9.674183093011379e-05,5.293894662916632e-13,1.2099657169528655e-06,4.6512346267700195,4.081582546234131,1.7572705745697021,6.36834192276001,9.175511905823441e-09,2.64971333763242e-08,0.003410395933315158,15.134345054626465,4757.866748869707,4306.605623922394,8055.366841790961
PINN20260511,5,332,physics,42.1927490234375,12.95242977142334,2.179701805114746,10.213254928588867,3.4638469219207764,0.005602329969406128,5.277988433837891,0.0,0.0,0.0846024751663208,0.0025747069157660007,0.0,0.0,4.111196858502808e-07,0.00019272802455816418,3.44494208550164e-13,1.1025775847883779e-06,2.6627767086029053,1.1555685997009277,0.9117921590805054,2.5311684608459473,2.3600159604342252e-09,1.8736434626021037e-08,0.002118766540661454,14.373725891113281,4757.531292592829,4306.032744882463,8054.425485201436
PINN20260511,5,334,physics,42.14077377319336,12.948312759399414,2.1824355125427246,10.19803237915039,3.8122520446777344,0.004015728831291199,5.2852654457092285,0.0,0.0,0.06618005782365799,0.0019368360517546535,0.0,0.0,3.9058568290784024e-07,0.00018790748436003923,2.72531969864806e-13,1.0360481610405259e-06,2.044013500213623,0.5518872737884521,0.6308504343032837,1.4872376918792725,9.820475543875773e-10,1.76741963286986e-08,0.0016597912181168795,12.919929504394531,4756.682457343563,4304.294134930837,8051.362983080869
PINN20260511,5,336,physics,42.10628890991211,12.943876266479492,2.184000015258789,10.189094543457031,4.035109519958496,0.0035202493891119957,5.350584983825684,0.0,0.0,0.05761439725756645,0.0012344599235802889,0.0,0.0,3.6920687307429034e-07,0.00019658319070003927,2.388927814248043e-13,9.733030310599133e-07,1.50257408618927,0.3232351839542389,0.48845723271369934,1.054032802581787,6.261908769289448e-10,1.4096456446566208e-08,0.0013689406914636493,12.437188148498535,4755.928510816789,4302.147835674641,8047.557563352473
PINN20260511,5,338,physics,42.08293914794922,12.940309524536133,2.1843225955963135,10.185371398925781,4.109456539154053,0.003370738122612238,5.4421000480651855,0.0,0.0,0.056280020624399185,0.000593900098465383,0.0,0.0,3.504085270833457e-07,0.0002204749034717679,2.5251892590838487e-13,9.14159727471997e-07,1.1134541034698486,0.24289968609809875,0.4244065284729004,0.8693130016326904,6.231696825231836e-10,7.428378800966584e-09,0.0011416173074394464,12.264106750488281,4755.365180509274,4300.009767430767,8043.758633901765
PINN20260511,5,340,physics,42.066165924072266,12.937783241271973,2.1837270259857178,10.184001922607422,4.07849645614624,0.0033382431138306856,5.542248725891113,0.0,0.0,0.059315696358680725,0.00022334237291943282,0.0,0.0,3.353909505676711e-07,0.00025181466480717063,3.4722368751939625e-13,8.58410373894003e-07,0.9335407018661499,0.22688573598861694,0.4066481590270996,0.6752313375473022,6.262679264068538e-10,1.7142511854473241e-09,0.0009833774529397488,12.770025253295898,4754.981387976192,4298.314786052785,8040.748467778803
PINN20260511,5,342,physics,42.0533447265625,12.936092376708984,2.182598829269409,10.183452606201172,3.990187168121338,0.003393343649804592,5.635359764099121,0.0,0.0,0.06539513170719147,7.570447633042932e-05,0.0,0.0,3.2252896176032664e-07,0.00028688248130492866,5.629037275363402e-13,8.058888170126011e-07,0.9175459742546082,0.24024072289466858,0.42437809705734253,0.4011518657207489,5.242356548862404e-10,5.250179735405425e-10,0.0009218986378982663,13.682279586791992,4754.724597702794,4297.173489632459,8038.724479729246
PINN20260511,5,344,physics,42.046722412109375,12.934918403625488,2.181098461151123,10.183140754699707,3.8721203804016113,0.003516334341838956,5.712413311004639,0.0,0.0,0.07499968260526657,2.6679304937715642e-05,0.0,0.0,3.1129948752095515e-07,0.00032252143137156963,9.260792003043528e-13,7.564104862467502e-07,1.0042812824249268,0.26824453473091125,0.4701823890209198,0.258197158575058,3.7855740764314305e-10,6.012489706108681e-08,0.0009782839333638549,14.9902982711792,4754.525423215234,4296.419672238735,8037.386764866446
PINN20260511,5,346,physics,42.04309844970703,12.93382453918457,2.1789674758911133,10.182796478271484,3.7200639247894287,0.0036188140511512756,5.765010356903076,0.0,0.0,0.09046580642461777,1.0271087376167998e-05,0.0,0.0,3.022610144398641e-07,0.0003495095297694206,1.456776864937337e-12,7.09813036792184e-07,1.1365141868591309,0.30379459261894226,0.5057706832885742,0.2639729678630829,2.6571023159505103e-10,5.672494580721832e-07,0.0011010703165084124,16.59713363647461,4754.319088996867,4295.833562883925,8036.338539672332
PINN20260511,5,348,physics,42.037967681884766,12.932672500610352,2.1764073371887207,10.18240737915039,3.5687880516052246,0.003631574334576726,5.789457321166992,0.0,0.0,0.11018890142440796,4.404443643579725e-06,0.0,0.0,2.9610933438561915e-07,0.0003601694479584694,2.106833804638164e-12,6.659324185420701e-07,1.2624653577804565,0.34137141704559326,0.5182743668556213,0.24237997829914093,1.9824936137169402e-10,6.345973133647931e-07,0.0012811674969270825,18.200071334838867,4754.112325134945,4295.323969155295,8035.419514144819
PINN20260511,5,351,physics,42.03023910522461,12.930948257446289,2.173034191131592,10.181816101074219,3.326228618621826,0.003575168317183852,5.788301467895508,0.0,0.0,0.12852424383163452,1.0881892649194924e-06,0.0,0.0,2.9291513214957376e-07,0.0003558983444236219,2.8301592840118683e-12,6.048899763300142e-07,1.39784836769104,0.4027402698993683,0.5405615568161011,0.25894975662231445,1.3088476136235982e-10,2.933752512035426e-07,0.0016344927717000246,20.419313430786133,4753.8127855438315,4294.640380753667,8034.166212301906
PINN20260511,5,353,physics,42.02424240112305,12.929825782775879,2.1714279651641846,10.181413650512695,3.1238601207733154,0.003550205146893859,5.773167133331299,0.0,0.0,0.1275748610496521,2.479899023910548e-07,0.0,0.0,2.9475077667484584e-07,0.000348266534274444,2.907462898910085e-12,5.671683993568877e-07,1.4408557415008545,0.44855982065200806,0.5743238925933838,0.2747094929218292,8.821035568651325e-11,1.7442575028780993e-07,0.0019240815890952945,21.62923812866211,4753.630191758715,4294.239630016005,8033.419079756138
PINN20260511,5,355,physics,42.018070220947266,12.928811073303223,2.1701714992523193,10.181073188781738,2.954622745513916,0.0035516247153282166,5.751667022705078,0.0,0.0,0.12419954687356949,4.5100883028226235e-08,0.0,0.0,2.9940807166894956e-07,0.00034016091376543045,2.800050556001077e-12,5.316821898304624e-07,1.4327268600463867,0.4936194121837616,0.6102129220962524,0.27188658714294434,6.472836155957395e-11,1.2494709267230064e-07,0.0022639811504632235,22.60948371887207,4753.469469766267,4293.887515992938,8032.760079431158
PINN20260511,5,357,physics,42.01175308227539,12.927919387817383,2.1688966751098633,10.18081283569336,2.832212448120117,0.003578833770006895,5.726531028747559,0.0,0.0,0.12524159252643585,3.7527129848058394e-08,0.0,0.0,3.0637568215752253e-07,0.0003326221776660532,2.746113666324268e-12,4.983124881619005e-07,1.3810938596725464,0.5369346737861633,0.642149031162262,0.24434444308280945,5.861506419124751e-11,1.1446412173654608e-07,0.0026471680030226707,23.417659759521484,4753.3249415540695,4293.568445943304,8032.1659794915895
PINN20260511,5,359,physics,42.00503921508789,12.927114486694336,2.1673552989959717,10.180615425109863,2.730233907699585,0.003624306060373783,5.700411796569824,0.0,0.0,0.13239501416683197,1.4842519213686955e-08,0.0,0.0,3.1558283808408305e-07,0.00032601499697193503,2.874064918348407e-12,4.669173279125971e-07,1.3080506324768066,0.5804166197776794,0.6687489748001099,0.19700756669044495,6.443336142414324e-11,1.2603621257767372e-07,0.003036301350221038,24.20645523071289,4753.187772432308,4293.260765432261,8031.599366713416
PINN20260511,5,361,physics,41.998443603515625,12.926326751708984,2.165461301803589,10.180451393127441,2.635930299758911,0.003671202575787902,5.676040172576904,0.0,0.0,0.14535987377166748,7.920523265037005e-11,0.0,0.0,3.253544491599314e-07,0.00032009551068767905,3.200921082011088e-12,4.3739822785937577e-07,1.2390131950378418,0.6266979575157166,0.6891047358512878,0.15418565273284912,8.250902044926178e-11,1.2959598905126768e-07,0.003488278016448021,24.95538902282715,4753.042814871333,4292.941182918769,8031.014464014186
PINN20260511,5,363,physics,41.99243927001953,12.925430297851562,2.1631698608398438,10.180234909057617,2.542250633239746,0.0036939422134310007,5.656005859375,0.0,0.0,0.16297978162765503,0.0,0.0,0.0,3.342834133945871e-07,0.0003141282359138131,3.652410839050102e-12,4.096546604159812e-07,1.1941308975219727,0.6788043975830078,0.706281304359436,0.14335982501506805,1.1534449090300214e-10,8.091790704156665e-08,0.004006301984190941,25.79253387451172,4752.863557898543,4292.57871214961,8030.346746391437
PINN20260511,5,365,physics,41.986270904541016,12.924278259277344,2.1605358123779297,10.179862022399902,2.4260997772216797,0.0036843102425336838,5.643614768981934,0.0,0.0,0.18179333209991455,0.0,0.0,0.0,3.4182812669314444e-07,0.00030873718787916005,4.048846327653344e-12,3.835809820884606e-07,1.182619571685791,0.7405198812484741,0.7275845408439636,0.1526924967765808,1.5597714786430572e-10,2.0645112286388212e-08,0.004642374813556671,26.832027435302734,4752.645579043318,4292.174507169996,8029.591593532521
PINN20260511,5,367,physics,41.98038101196289,12.922945022583008,2.157927989959717,10.179374694824219,2.2877249717712402,0.0036701804492622614,5.642673492431641,0.0,0.0,0.1969340443611145,0.0,0.0,0.0,3.480835175651009e-07,0.0003067921206820756,4.212767721473165e-12,3.5909420148527715e-07,1.2035977840423584,0.8156408667564392,0.7523202896118164,0.18367189168930054,2.1845787678831385e-10,3.5354259519948528e-09,0.00539528438821435,28.268400192260742,4752.410125399532,4291.755351834491,8028.801464829272
PINN20260511,5,369,physics,41.97412109375,12.921529769897461,2.1553995609283447,10.178851127624512,2.1527843475341797,0.0036692956928163767,5.654283046722412,0.0,0.0,0.20979182422161102,0.0,0.0,0.0,3.528803631525079e-07,0.0003097235457971692,4.196713723064738e-12,3.360748337399855e-07,1.2541022300720215,0.9077521562576294,0.7651036381721497,0.1767861247062683,3.7523573137576705e-10,2.5225581623544713e-09,0.006305013783276081,30.120731353759766,4752.159929968688,4291.327533526193,8027.990775013601
PINN20260511,5,372,physics,41.96553039550781,12.918994903564453,2.1506032943725586,10.177755355834961,1.9490492343902588,0.003654428059235215,5.691369533538818,0.0,0.0,0.24043649435043335,0.0,0.0,0.0,3.544405160482711e-07,0.00032003805972635746,4.334680184236994e-12,3.041721470253833e-07,1.3790298700332642,1.0855669975280762,0.8038501739501953,0.20941004157066345,8.029462650327446e-10,3.430920436642282e-09,0.007907659746706486,33.83171844482422,4751.694645071377,4290.601589520985,8026.607770517962
PINN20260511,5,374,physics,41.960365295410156,12.917167663574219,2.146757125854492,10.176910400390625,1.8339483737945557,0.003637528046965599,5.727970123291016,0.0,0.0,0.27060869336128235,0.0,0.0,0.0,3.506034431666194e-07,0.0003308679151814431,4.690553934844077e-12,2.845157780484442e-07,1.4763522148132324,1.2274092435836792,0.8382114768028259,0.24216118454933167,1.270287652843649e-09,4.816987697608965e-09,0.00908400397747755,36.77774429321289,4751.399793744997,4290.13053414462,8025.718296332472
PINN20260511,5,376,physics,41.955711364746094,12.915477752685547,2.1429779529571533,10.176188468933105,1.7672810554504395,0.0036194236017763615,5.774521827697754,0.0,0.0,0.3032316565513611,0.0,0.0,0.0,3.444812648467632e-07,0.00034556270111352205,5.155054768474221e-12,2.660775919594016e-07,1.5567550659179688,1.3759262561798096,0.8637901544570923,0.25118908286094666,2.112313213231687e-09,5.677590841912661e-09,0.010306475684046745,39.58883285522461,4751.094821196479,4289.648237326693,8024.804589318871
PINN20260511,5,378,physics,41.95143127441406,12.913761138916016,2.139343738555908,10.175378799438477,1.7118748426437378,0.0035893251188099384,5.8322577476501465,0.0,0.0,0.33543699979782104,0.0,0.0,0.0,3.380613122772047e-07,0.00036389497108757496,5.532068293040426e-12,2.4876828774722526e-07,1.598663091659546,1.5192456245422363,0.9088963866233826,0.2903064489364624,2.7885658226978194e-09,8.655592687034641e-09,0.011611776426434517,41.50476837158203,4750.842241118937,4289.21880999326,8023.992945509244
PINN20260511,5,380,physics,41.94724655151367,12.912449836730957,2.1367766857147217,10.174914360046387,1.6982747316360474,0.0035575798247009516,5.902055263519287,0.0,0.0,0.35697758197784424,0.0,0.0,0.0,3.329695346110384e-07,0.00038713286630809307,5.62377878640663e-12,2.325392358670797e-07,1.5890305042266846,1.6430412530899048,0.9323526620864868,0.2844321131706238,4.021156740918741e-09,9.376035947639139e-09,0.012926585972309113,42.64240264892578,4750.610908083297,4288.813355696421,8023.222025454723
PINN20260511,5,382,physics,41.943382263183594,12.9111328125,2.1344661712646484,10.174355506896973,1.6792421340942383,0.0035183646250516176,5.984585285186768,0.0,0.0,0.37613001465797424,0.0,0.0,0.0,3.284724812147033e-07,0.0004150891909375787,5.577468174811084e-12,2.173186146592343e-07,1.553645133972168,1.7521331310272217,0.9774761199951172,0.3068951666355133,4.760695393457581e-09,1.219104639460511e-08,0.01424909196794033,43.194007873535156,4750.426086152694,4288.4570651925615,8022.548775428958
PINN20260511,5,384,physics,41.94007873535156,12.910057067871094,2.132486343383789,10.173995971679688,1.686247706413269,0.003480000188574195,6.079450607299805,0.0,0.0,0.39355531334877014,0.0,0.0,0.0,3.22953525255798e-07,0.00044859261834062636,5.567921124161046e-12,2.0304258896430838e-07,1.5217667818069458,1.8553794622421265,1.0084997415542603,0.29853516817092896,5.982303541429701e-09,1.1292947021956934e-08,0.015623552724719048,43.83406448364258,4750.213258370618,4288.075092626061,8021.824035170271
PINN20260511,5,386,physics,41.93722152709961,12.908855438232422,2.1300692558288574,10.17348575592041,1.6916913986206055,0.003443274414166808,6.187326431274414,0.0,0.0,0.4172426164150238,0.0,0.0,0.0,3.1558229807160387e-07,0.000488184712594375,5.729097751761003e-12,1.8966960624311469e-07,1.5102579593658447,1.971691608428955,1.0523386001586914,0.30531078577041626,7.0332069057599256e-09,9.811387258196191e-09,0.016960324719548225,44.477760314941406,4750.020631534141,4287.715009186129,8021.1469709723915
PINN20260511,5,388,physics,41.93457794189453,12.907550811767578,2.1273632049560547,10.172859191894531,1.7021780014038086,0.0034131782595068216,6.309178829193115,0.0,0.0,0.44522273540496826,3.899828460163235e-09,0.0,0.0,3.0708577014593175e-07,0.0005352199077606201,5.974806153302703e-12,1.7712592637053604e-07,1.5088542699813843,2.105504035949707,1.0999791622161865,0.31910717487335205,8.087639002951619e-09,7.04610814139528e-09,0.01832451857626438,45.77792739868164,4749.787995268842,4287.325040161989,8020.404020000429
PINN20260511,5,391,physics,41.93074417114258,12.905759811401367,2.1239306926727295,10.17197036743164,1.7247246503829956,0.0033859238028526306,6.519709587097168,0.0,0.0,0.4808785617351532,2.6119704443772207e-07,0.0,0.0,2.9432433734655206e-07,0.0006226599216461182,6.123530935792099e-12,1.5979425427303795e-07,1.493910551071167,2.3068408966064453,1.1651289463043213,0.31717097759246826,9.972942471847546e-09,1.999034493493923e-09,0.020277632400393486,48.61811065673828,4749.501236972152,4286.83029755086,8019.456654578367
PINN20260511,5,393,physics,41.928367614746094,12.904926300048828,2.1225762367248535,10.171573638916016,1.733891487121582,0.0033802201505750418,6.678107738494873,0.0,0.0,0.494697242975235,5.712361144105671e-07,0.0,0.0,2.862141457171674e-07,0.0006935377605259418,6.0236199708740834e-12,1.4913395318671974e-07,1.4547373056411743,2.407376289367676,1.2039490938186646,0.30214089155197144,1.1083562512226308e-08,3.982190133200447e-10,0.02148950658738613,50.480445861816406,4749.385855034312,4286.597251900393,8019.010947020145
PINN20260511,5,395,physics,41.925960540771484,12.904257774353027,2.1215667724609375,10.171223640441895,1.7383201122283936,0.003383691655471921,6.849749565124512,0.0,0.0,0.505932629108429,8.586563922108326e-07,0.0,0.0,2.7819348247248854e-07,0.0007750362856313586,5.929933627468742e-12,1.3917488672632317e-07,1.3887063264846802,2.4689671993255615,1.2325148582458496,0.3127627372741699,1.1251743536888625e-08,5.006354705794358e-12,0.022416431456804276,52.14582443237305,4749.318477423893,4286.426250386212,8018.6876829178345
PINN20260511,5,397,physics,41.923545837402344,12.904012680053711,2.121210813522339,10.171148300170898,1.7340788841247559,0.003395180916413665,7.033019542694092,0.0,0.0,0.5110650062561035,1.0345443115511443e-06,0.0,0.0,2.7022869630854984e-07,0.0008672190015204251,5.861258093459165e-12,1.2984449426767242e-07,1.30892813205719,2.499364137649536,1.2552809715270996,0.2844339609146118,1.1885570749825547e-08,0.0,0.023246176540851593,53.580970764160156,4749.260784585324,4286.27623934809,8018.405165698405
PINN20260511,5,399,physics,41.921207427978516,12.903769493103027,2.1208348274230957,10.171040534973145,1.7281489372253418,0.003413453698158264,7.227632522583008,0.0,0.0,0.5172257423400879,1.1892459497175878e-06,0.0,0.0,2.624224180181045e-07,0.0009703761897981167,5.8331876655326464e-12,1.2110058378311805e-07,1.2321834564208984,2.5214810371398926,1.2714920043945312,0.2698461413383484,1.2259597781394405e-08,0.0,0.023853333666920662,55.19906997680664,4749.23299070492,4286.1581865348835,8018.1857008693005
PINN20260511,5,401,physics,41.91892623901367,12.903451919555664,2.120429515838623,10.170860290527344,1.7216798067092896,0.003437551436945796,7.4330830574035645,0.0,0.0,0.5236339569091797,1.3796491202811012e-06,0.0,0.0,2.550157205405412e-07,0.0010847127996385098,5.772142312732154e-12,1.1291471935237496e-07,1.1643977165222168,2.547675371170044,1.2835578918457031,0.26367461681365967,1.2642804136930863e-08,0.0,0.024329110980033875,56.94434356689453,4749.182034835051,4286.022631764793,8017.92655684982
PINN20260511,5,403,physics,41.91664123535156,12.903255462646484,2.1204304695129395,10.170760154724121,1.7066526412963867,0.003466613357886672,7.648225784301758,0.0,0.0,0.5250678658485413,1.5714522305643186e-06,0.0,0.0,2.4824939259815437e-07,0.0012101441388949752,5.6225657810160534e-12,1.0527146798722242e-07,1.1044270992279053,2.574070692062378,1.2954158782958984,0.22974932193756104,1.3820605992975743e-08,0.0,0.02484397031366825,58.63965606689453,4749.132131242507,4285.89173918334,8017.674284916673
PINN20260511,5,405,physics,41.91447830200195,12.903011322021484,2.1204030513763428,10.170623779296875,1.6938223838806152,0.003500057151541114,7.871791839599609,0.0,0.0,0.5268495082855225,1.7117142760980641e-06,0.0,0.0,2.422065961127373e-07,0.0013465017545968294,5.4841916598269425e-12,9.815092028020445e-08,1.0473544597625732,2.59234356880188,1.299997091293335,0.21623125672340393,1.4636666989531477e-08,0.0,0.025170300155878067,60.38674545288086,4749.117812815344,4285.796542067764,8017.494229185528
PINN20260511,5,407,physics,41.9124755859375,12.902844429016113,2.1204612255096436,10.170546531677246,1.6816425323486328,0.00353710213676095,8.101999282836914,0.0,0.0,0.5281482338905334,1.7249636812266544e-06,0.0,0.0,2.3696649975590844e-07,0.001493174466304481,5.391308059710109e-12,9.145016122147354e-08,0.9875497221946716,2.596727132797241,1.3003449440002441,0.2096559703350067,1.5276997444857443e-08,0.0,0.025515243411064148,61.558746337890625,4749.103283778949,4285.706242849596,8017.325664589434
PINN20260511,5,409,physics,41.91057205200195,12.902847290039062,2.1207752227783203,10.170591354370117,1.6653612852096558,0.003577017690986395,8.337441444396973,0.0,0.0,0.5270447731018066,1.651480943110073e-06,0.0,0.0,2.325677570524931e-07,0.0016494260635226965,5.323046690930422e-12,8.519387506567e-08,0.9267410039901733,2.59232234954834,1.3016308546066284,0.183833047747612,1.6398377766790873e-08,0.0,0.025759011507034302,62.20713424682617,4749.082016558568,4285.612441647051,8017.151114460864
PINN20260511,5,412,physics,41.907989501953125,12.90263557434082,2.1207950115203857,10.170536994934082,1.6543869972229004,0.0036411008331924677,8.698884963989258,0.0,0.0,0.5299965143203735,1.50658922848379e-06,0.0,0.0,2.2744742977920396e-07,0.001900521107017994,5.296569606516588e-12,7.660432288503216e-08,0.8485423922538757,2.59710431098938,1.3043371438980103,0.17006325721740723,1.7650009453973325e-08,4.62880222432821e-13,0.02630283683538437,63.014686584472656,4749.043903776844,4285.473369419065,8016.8893066965375
PINN20260511,5,414,physics,41.90636444091797,12.902423858642578,2.1207025051116943,10.17046070098877,1.6503808498382568,0.0036858245730400085,8.943855285644531,0.0,0.0,0.5324461460113525,1.4703163060403313e-06,0.0,0.0,2.2491093432108755e-07,0.0020778151229023933,5.29621528924662e-12,7.134070756364963e-08,0.8092555999755859,2.6185801029205322,1.3106486797332764,0.14977146685123444,1.9103238102502473e-08,4.12914813452403e-10,0.02670065313577652,63.50852966308594,4748.9857864600945,4285.35132748763,8016.65400936045
PINN20260511,5,416,physics,41.90479278564453,12.902057647705078,2.120267868041992,10.170295715332031,1.6552340984344482,0.0037316819652915,9.190704345703125,0.0,0.0,0.5383092761039734,1.4865817092868383e-06,0.0,0.0,2.2300774560335412e-07,0.002262022579088807,5.352735182179158e-12,6.640416927439219e-08,0.7775887250900269,2.6527793407440186,1.31863272190094,0.1401650756597519,2.050327552183262e-08,1.8755270669856827e-09,0.02715710923075676,63.83711242675781,4748.920298341508,4285.205245959638,8016.3756630970465
PINN20260511,5,418,physics,41.90324401855469,12.901569366455078,2.1195664405822754,10.170092582702637,1.6671652793884277,0.0037782734725624323,9.438268661499023,0.0,0.0,0.547170102596283,1.5501583447985468e-06,0.0,0.0,2.217333019416401e-07,0.002452234970405698,5.472902079445285e-12,6.1779431348441e-08,0.7481709122657776,2.6911487579345703,1.3290175199508667,0.1428264081478119,2.136614440928497e-08,2.3396355963711812e-09,0.02774699777364731,64.0353012084961,4748.843648721234,4285.005484243865,8016.0017138708945
PINN20260511,5,420,physics,41.90169143676758,12.901033401489258,2.118809938430786,10.169901847839355,1.680619239807129,0.00382527569308877,9.68583869934082,0.0,0.0,0.556744396686554,1.6744388631195761e-06,0.0,0.0,2.2106372910002392e-07,0.0026477251667529345,5.629544573559908e-12,5.749498654950003e-08,0.7175850868225098,2.727262258529663,1.3411883115768433,0.1532086282968521,2.1590306431562567e-08,1.4573726669908638e-09,0.028315452858805656,63.93463134765625,4748.760259267676,4284.77117241983,8015.5657889969025
PINN20260511,6,1,pretrain,41.23807907104492,12.746488571166992,2.3520333766937256,8.389291763305664,7.236978054046631,0.0016426313668489456,5.63474702835083,0.0,0.0,0.0,0.0,0.0,0.0,0.0,0.0,0.0,0.0,0.0,0.0,0.0,0.0,0.0,0.0,0.0,0.0,4562.562218753844,4157.981000437592,7566.799791874893
PINN20260511,6,3,pretrain,42.612403869628906,12.747284889221191,2.3517799377441406,8.389995574951172,75.83293914794922,0.0016702759312465787,5.617566108703613,0.0,0.0,0.0,0.0,0.0,0.0,0.0,0.0,0.0,0.0,0.0,0.0,0.0,0.0,0.0,0.0,0.0,0.0,4562.492301363368,4157.912938001468,7566.675529876144
PINN20260511,6,4,pretrain,41.78401184082031,12.746952056884766,2.3516666889190674,8.389735221862793,34.468727111816406,0.0016889350954443216,5.6125383377075195,0.0,0.0,0.0,0.0,0.0,0.0,0.0,0.0,0.0,0.0,0.0,0.0,0.0,0.0,0.0,0.0,0.0,0.0,4562.403314044036,4157.822747544681,7566.512108529285
PINN20260511,6,6,pretrain,41.120357513427734,12.745906829833984,2.3515384197235107,8.388714790344238,1.4563446044921875,0.001725778914988041,5.605384349822998,0.0,0.0,0.0,0.0,0.0,0.0,0.0,0.0,0.0,0.0,0.0,0.0,0.0,0.0,0.0,0.0,0.0,0.0,4562.256020873883,4157.672906807365,7566.241354192592
PINN20260511,6,7,pretrain,41.11640930175781,12.745635986328125,2.3515002727508545,8.388460159301758,1.302978515625,0.0017442107200622559,5.601432800292969,0.0,0.0,0.0,0.0,0.0,0.0,0.0,0.0,0.0,0.0,0.0,0.0,0.0,0.0,0.0,0.0,0.0,0.0,4562.242869466728,4157.658716152638,7566.214775296388
PINN20260511,6,9,pretrain,41.1098518371582,12.745567321777344,2.3513901233673096,8.388427734375,0.9885327816009521,0.0017847439739853144,5.591840744018555,0.0,0.0,0.0,0.0,0.0,0.0,0.0,0.0,0.0,0.0,0.0,0.0,0.0,0.0,0.0,0.0,0.0,0.0,4562.22314228491,4157.637069297896,7566.174401579308
PINN20260511,6,10,pretrain,41.11041259765625,12.745450019836426,2.351350784301758,8.38833236694336,1.0361003875732422,0.0018041047733277082,5.588346004486084,0.0,0.0,0.0,0.0,0.0,0.0,0.0,0.0,0.0,0.0,0.0,0.0,0.0,0.0,0.0,0.0,0.0,0.0,4562.183468472087,4157.596902057726,7566.10165118001
PINN20260511,6,12,pretrain,41.10650634765625,12.74493408203125,2.351311683654785,8.387862205505371,0.923635721206665,0.0018370416946709156,5.584993839263916,0.0,0.0,0.0,0.0,0.0,0.0,0.0,0.0,0.0,0.0,0.0,0.0,0.0,0.0,0.0,0.0,0.0,0.0,4562.079569669955,4157.489867696613,7565.908852162192
PINN20260511,6,13,pretrain,41.10580825805664,12.744649887084961,2.3512792587280273,8.38761043548584,0.9350044131278992,0.0018542967736721039,5.583846569061279,0.0,0.0,0.0,0.0,0.0,0.0,0.0,0.0,0.0,0.0,0.0,0.0,0.0,0.0,0.0,0.0,0.0,0.0,4562.039237007942,4157.447774777213,7565.832801637865
PINN20260511,6,15,pretrain,41.104427337646484,12.744266510009766,2.3511781692504883,8.38731861114502,0.9287635087966919,0.0018960029119625688,5.580296039581299,0.0,0.0,0.0,0.0,0.0,0.0,0.0,0.0,0.0,0.0,0.0,0.0,0.0,0.0,0.0,0.0,0.0,0.0,4561.990135894641,4157.39461682434,7565.73603060402
PINN20260511,6,16,pretrain,41.1026725769043,12.744153022766113,2.3511404991149902,8.387269973754883,0.8593174815177917,0.0019200711976736784,5.578099727630615,0.0,0.0,0.0,0.0,0.0,0.0,0.0,0.0,0.0,0.0,0.0,0.0,0.0,0.0,0.0,0.0,0.0,0.0,4561.975010891664,4157.376336104298,7565.702795273396
PINN20260511,6,18,pretrain,41.09944152832031,12.743977546691895,2.35107684135437,8.3872652053833,0.7259383797645569,0.0019723025616258383,5.573800086975098,0.0,0.0,0.0,0.0,0.0,0.0,0.0,0.0,0.0,0.0,0.0,0.0,0.0,0.0,0.0,0.0,0.0,0.0,4561.935334920915,4157.330393413543,7565.619145878323
PINN20260511,6,19,pretrain,41.099056243896484,12.743846893310547,2.3510279655456543,8.387240409851074,0.7276089191436768,0.001998914871364832,5.572091102600098,0.0,0.0,0.0,0.0,0.0,0.0,0.0,0.0,0.0,0.0,0.0,0.0,0.0,0.0,0.0,0.0,0.0,0.0,4561.897850675747,4157.2890205036265,7565.544362989436
PINN20260511,6,21,pretrain,41.09577941894531,12.743353843688965,2.3509340286254883,8.386956214904785,0.6430307626724243,0.0020497171208262444,5.570390224456787,0.0,0.0,0.0,0.0,0.0,0.0,0.0,0.0,0.0,0.0,0.0,0.0,0.0,0.0,0.0,0.0,0.0,0.0,4561.786930578849,4157.169950819908,7565.329009140355
PINN20260511,6,22,pretrain,41.0944938659668,12.743021011352539,2.350883960723877,8.386735916137695,0.6318860054016113,0.0020755785517394543,5.570073127746582,0.0,0.0,0.0,0.0,0.0,0.0,0.0,0.0,0.0,0.0,0.0,0.0,0.0,0.0,0.0,0.0,0.0,0.0,4561.724893064026,4157.102837313506,7565.207674884071
PINN20260511,6,24,pretrain,41.09206771850586,12.742340087890625,2.3507697582244873,8.386369705200195,0.6195437908172607,0.002134484937414527,5.569405555725098,0.0,0.0,0.0,0.0,0.0,0.0,0.0,0.0,0.0,0.0,0.0,0.0,0.0,0.0,0.0,0.0,0.0,0.0,4561.609365125427,4156.973418245539,7564.973759830403
PINN20260511,6,25,pretrain,41.090274810791016,12.74203109741211,2.3506834506988525,8.386275291442871,0.5792356133460999,0.0021698891650885344,5.568475723266602,0.0,0.0,0.0,0.0,0.0,0.0,0.0,0.0,0.0,0.0,0.0,0.0,0.0,0.0,0.0,0.0,0.0,0.0,4561.555217247732,4156.910391143884,7564.859008347856
PINN20260511,6,27,pretrain,41.087074279785156,12.741374969482422,2.3504154682159424,8.386160850524902,0.5254148244857788,0.002256670966744423,5.565100193023682,0.0,0.0,0.0,0.0,0.0,0.0,0.0,0.0,0.0,0.0,0.0,0.0,0.0,0.0,0.0,0.0,0.0,0.0,4561.399127460784,4156.731167636416,7564.533418548072
PINN20260511,6,28,pretrain,41.085182189941406,12.740865707397461,2.350267171859741,8.385979652404785,0.5129246711730957,0.0023061439860612154,5.563899517059326,0.0,0.0,0.0,0.0,0.0,0.0,0.0,0.0,0.0,0.0,0.0,0.0,0.0,0.0,0.0,0.0,0.0,0.0,4561.275041038416,4156.592594902705,7564.282304145517
PINN20260511,6,30,pretrain,41.08005905151367,12.739322662353516,2.3499820232391357,8.385308265686035,0.5018361806869507,0.0024200205225497484,5.564237594604492,0.0,0.0,0.0,0.0,0.0,0.0,0.0,0.0,0.0,0.0,0.0,0.0,0.0,0.0,0.0,0.0,0.0,0.0,4560.943323480352,4156.218232961306,7563.605631209065
PINN20260511,6,31,pretrain,41.077110290527344,12.73832893371582,2.3497660160064697,8.384939193725586,0.5125786066055298,0.002494974760338664,5.56447696685791,0.0,0.0,0.0,0.0,0.0,0.0,0.0,0.0,0.0,0.0,0.0,0.0,0.0,0.0,0.0,0.0,0.0,0.0,4560.734370690755,4155.978585122883,7563.170996878684
PINN20260511,6,33,pretrain,41.067604064941406,12.73572826385498,2.348928689956665,8.384267807006836,0.4550812840461731,0.002709359861910343,5.5632171630859375,0.0,0.0,0.0,0.0,0.0,0.0,0.0,0.0,0.0,0.0,0.0,0.0,0.0,0.0,0.0,0.0,0.0,0.0,4560.1285069611795,4155.27881134347,7561.898281219178
PINN20260511,6,34,pretrain,41.06100845336914,12.733808517456055,2.3482284545898438,8.383879661560059,0.4346674084663391,0.0028554785531014204,5.563040733337402,0.0,0.0,0.0,0.0,0.0,0.0,0.0,0.0,0.0,0.0,0.0,0.0,0.0,0.0,0.0,0.0,0.0,0.0,4559.646477524327,4154.723336156091,7560.888467427282
PINN20260511,6,36,pretrain,41.040103912353516,12.727346420288086,2.3460097312927246,8.38255500793457,0.42764589190483093,0.0032267323695123196,5.570025444030762,0.0,0.0,0.0,0.0,0.0,0.0,0.0,0.0,0.0,0.0,0.0,0.0,0.0,0.0,0.0,0.0,0.0,0.0,4557.991004817803,4152.82530333266,7557.4370675600985
PINN20260511,6,37,pretrain,41.02299880981445,12.721946716308594,2.3441758155822754,8.381511688232422,0.4383489787578583,0.003450969699770212,5.578451633453369,0.0,0.0,0.0,0.0,0.0,0.0,0.0,0.0,0.0,0.0,0.0,0.0,0.0,0.0,0.0,0.0,0.0,0.0,4556.602242899856,4151.232347147049,7554.538103350097
PINN20260511,6,39,pretrain,40.96436309814453,12.703285217285156,2.3376684188842773,8.378544807434082,0.49814149737358093,0.003932581748813391,5.6082658767700195,0.0,0.0,0.0,0.0,0.0,0.0,0.0,0.0,0.0,0.0,0.0,0.0,0.0,0.0,0.0,0.0,0.0,0.0,4551.829522291009,4145.744806425017,7544.544564502129
PINN20260511,6,40,pretrain,40.91511154174805,12.687768936157227,2.3323416709899902,8.376493453979492,0.5166140794754028,0.004173182882368565,5.630700588226318,0.0,0.0,0.0,0.0,0.0,0.0,0.0,0.0,0.0,0.0,0.0,0.0,0.0,0.0,0.0,0.0,0.0,0.0,4547.891599411754,4141.242325679578,7536.340783462828
PINN20260511,6,42,pretrain,40.74924087524414,12.635297775268555,2.3155148029327393,8.370479583740234,0.5748935341835022,0.004611360840499401,5.697630405426025,0.0,0.0,0.0,0.0,0.0,0.0,0.0,0.0,0.0,0.0,0.0,0.0,0.0,0.0,0.0,0.0,0.0,0.0,4534.640228287135,4126.377830494925,7509.24054620734
PINN20260511,6,43,pretrain,40.61378479003906,12.592524528503418,2.301142930984497,8.366047859191895,0.621593713760376,0.004802034702152014,5.745586395263672,0.0,0.0,0.0,0.0,0.0,0.0,0.0,0.0,0.0,0.0,0.0,0.0,0.0,0.0,0.0,0.0,0.0,0.0,4523.951370207244,4114.5361828522055,7487.588355289982
PINN20260511,6,45,pretrain,40.17256164550781,12.454156875610352,2.248521566390991,8.353178024291992,0.7596920132637024,0.005170324817299843,5.906347274780273,0.0,0.0,0.0,0.0,0.0,0.0,0.0,0.0,0.0,0.0,0.0,0.0,0.0,0.0,0.0,0.0,0.0,0.0,4491.104318539038,4077.050527035445,7418.9281921226675
PINN20260511,6,46,pretrain,39.855743408203125,12.353913307189941,2.2024056911468506,8.344298362731934,1.1967887878417969,0.005378792993724346,6.049135208129883,0.0,0.0,0.0,0.0,0.0,0.0,0.0,0.0,0.0,0.0,0.0,0.0,0.0,0.0,0.0,0.0,0.0,0.0,4471.247029632785,4051.5210723875052,7372.149179130222
PINN20260511,6,48,pretrain,39.3692512512207,12.196643829345703,2.162374973297119,8.319892883300781,1.707597017288208,0.005927359685301781,6.386547088623047,0.0,0.0,0.0,0.0,0.0,0.0,0.0,0.0,0.0,0.0,0.0,0.0,0.0,0.0,0.0,0.0,0.0,0.0,4474.551821132481,4032.150790831117,7336.317393780581
PINN20260511,6,49,pretrain,39.63249969482422,12.260196685791016,2.3362045288085938,8.30472469329834,1.1431125402450562,0.006300380919128656,6.710366725921631,0.0,0.0,0.0,0.0,0.0,0.0,0.0,0.0,0.0,0.0,0.0,0.0,0.0,0.0,0.0,0.0,0.0,0.0,4485.006800440775,4038.353129680464,7346.796020846112
PINN20260511,6,51,pretrain,39.50611877441406,12.258563995361328,2.0546152591705322,8.275296211242676,2.402817964553833,0.007202750537544489,6.61395263671875,0.0,0.0,0.0,0.0,0.0,0.0,0.0,0.0,0.0,0.0,0.0,0.0,0.0,0.0,0.0,0.0,0.0,0.0,4451.479304680636,4014.75777600592,7300.609521653535
PINN20260511,6,52,pretrain,39.113731384277344,12.130025863647461,2.012549638748169,8.261451721191406,3.254472017288208,0.00767376646399498,6.528317451477051,0.0,0.0,0.0,0.0,0.0,0.0,0.0,0.0,0.0,0.0,0.0,0.0,0.0,0.0,0.0,0.0,0.0,0.0,4432.001579422101,4001.2926661267857,7278.57086619928
PINN20260511,6,54,pretrain,38.61027526855469,11.974020004272461,1.9819856882095337,8.230718612670898,2.5540080070495605,0.008644423447549343,6.480415344238281,0.0,0.0,0.0,0.0,0.0,0.0,0.0,0.0,0.0,0.0,0.0,0.0,0.0,0.0,0.0,0.0,0.0,0.0,4415.440634863071,3990.680894283581,7258.368535174687
PINN20260511,6,55,pretrain,38.50503921508789,11.94025707244873,1.970115065574646,8.20930290222168,2.867577075958252,0.009144891053438187,6.460074424743652,0.0,0.0,0.0,0.0,0.0,0.0,0.0,0.0,0.0,0.0,0.0,0.0,0.0,0.0,0.0,0.0,0.0,0.0,4406.98037209153,3982.5892331497107,7244.140817859993
PINN20260511,6,57,pretrain,38.11968994140625,11.82506275177002,1.934328317642212,8.148880958557129,2.378038167953491,0.010004190728068352,6.60922908782959,0.0,0.0,0.0,0.0,0.0,0.0,0.0,0.0,0.0,0.0,0.0,0.0,0.0,0.0,0.0,0.0,0.0,0.0,4377.25781740121,3951.6268801596134,7185.18004335732
PINN20260511,6,58,pretrain,37.813690185546875,11.732823371887207,1.8505423069000244,8.10970687866211,3.4003992080688477,0.010319064371287823,6.697739601135254,0.0,0.0,0.0,0.0,0.0,0.0,0.0,0.0,0.0,0.0,0.0,0.0,0.0,0.0,0.0,0.0,0.0,0.0,4356.570210612931,3930.613946955361,7146.104268310799
PINN20260511,6,60,pretrain,37.001590728759766,11.495138168334961,1.72943913936615,8.013016700744629,2.4427647590637207,0.010712327435612679,7.124146461486816,0.0,0.0,0.0,0.0,0.0,0.0,0.0,0.0,0.0,0.0,0.0,0.0,0.0,0.0,0.0,0.0,0.0,0.0,4307.297760777632,3887.604017901,7064.531541431529
PINN20260511,6,61,pretrain,36.52470016479492,11.359504699707031,1.5887607336044312,7.953633785247803,3.0539956092834473,0.010834564454853535,7.352136611938477,0.0,0.0,0.0,0.0,0.0,0.0,0.0,0.0,0.0,0.0,0.0,0.0,0.0,0.0,0.0,0.0,0.0,0.0,4279.133557158505,3869.3941386217043,7029.540161356306
PINN20260511,6,63,pretrain,35.39042282104492,11.035228729248047,1.2219473123550415,7.818594932556152,5.502196311950684,0.010995452292263508,7.709238052368164,0.0,0.0,0.0,0.0,0.0,0.0,0.0,0.0,0.0,0.0,0.0,0.0,0.0,0.0,0.0,0.0,0.0,0.0,4201.407145231226,3812.94322013848,6925.240230142336
PINN20260511,6,64,pretrain,34.8154296875,10.825050354003906,1.4650928974151611,7.75001335144043,2.886427402496338,0.0110344048589468,8.115828514099121,0.0,0.0,0.0,0.0,0.0,0.0,0.0,0.0,0.0,0.0,0.0,0.0,0.0,0.0,0.0,0.0,0.0,0.0,4154.868710320459,3769.994164451717,6844.740242601725
PINN20260511,6,66,pretrain,33.097537994384766,10.325663566589355,0.9891039133071899,7.60769510269165,5.222858428955078,0.011149094440042973,8.249823570251465,0.0,0.0,0.0,0.0,0.0,0.0,0.0,0.0,0.0,0.0,0.0,0.0,0.0,0.0,0.0,0.0,0.0,0.0,4038.9922010323316,3688.8411459427202,6689.839828037522
PINN20260511,6,67,pretrain,32.20943069458008,9.998077392578125,1.1063227653503418,7.497861862182617,8.123300552368164,0.011204052716493607,8.294693946838379,0.0,0.0,0.0,0.0,0.0,0.0,0.0,0.0,0.0,0.0,0.0,0.0,0.0,0.0,0.0,0.0,0.0,0.0,3976.5402047508587,3659.0050560227432,6636.594038455959
PINN20260511,6,69,pretrain,30.320697784423828,9.449615478515625,0.9094288945198059,7.2803730964660645,3.0531816482543945,0.011239484883844852,9.538002967834473,0.0,0.0,0.0,0.0,0.0,0.0,0.0,0.0,0.0,0.0,0.0,0.0,0.0,0.0,0.0,0.0,0.0,0.0,3883.3932327283055,3592.169121853814,6533.199037762739
PINN20260511,6,70,pretrain,29.838069915771484,9.248358726501465,1.2284886837005615,7.182860374450684,2.108917713165283,0.011257164180278778,10.448498725891113,0.0,0.0,0.0,0.0,0.0,0.0,0.0,0.0,0.0,0.0,0.0,0.0,0.0,0.0,0.0,0.0,0.0,0.0,3854.5285055373506,3551.912864922224,6465.347575588161
PINN20260511,6,72,pretrain,28.96319580078125,8.989739418029785,1.0601452589035034,6.996134281158447,3.233816623687744,0.011323594488203526,11.73116397857666,0.0,0.0,0.0,0.0,0.0,0.0,0.0,0.0,0.0,0.0,0.0,0.0,0.0,0.0,0.0,0.0,0.0,0.0,3801.5740161149038,3448.6704684559236,6256.243956927801
PINN20260511,6,73,pretrain,28.453041076660156,8.856474876403809,0.7826200127601624,6.9057440757751465,5.557939052581787,0.011362978257238865,12.09680461883545,0.0,0.0,0.0,0.0,0.0,0.0,0.0,0.0,0.0,0.0,0.0,0.0,0.0,0.0,0.0,0.0,0.0,0.0,3769.420379846217,3391.038484004568,6146.364489180247
PINN20260511,6,75,pretrain,27.465717315673828,8.52799129486084,0.6821625232696533,6.668929576873779,10.343807220458984,0.011388075537979603,12.794102668762207,0.0,0.0,0.0,0.0,0.0,0.0,0.0,0.0,0.0,0.0,0.0,0.0,0.0,0.0,0.0,0.0,0.0,0.0,3678.5119273967293,3296.971185800689,5972.429176318347
PINN20260511,6,76,pretrain,26.705493927001953,8.292455673217773,0.6787315011024475,6.490900993347168,9.529130935668945,0.011358202435076237,13.366195678710938,0.0,0.0,0.0,0.0,0.0,0.0,0.0,0.0,0.0,0.0,0.0,0.0,0.0,0.0,0.0,0.0,0.0,0.0,3618.761528479046,3249.16050696176,5885.547589952034
PINN20260511,6,78,pretrain,24.69584083557129,7.700584411621094,0.617825448513031,6.030242919921875,3.9563326835632324,0.01125471293926239,14.687231063842773,0.0,0.0,0.0,0.0,0.0,0.0,0.0,0.0,0.0,0.0,0.0,0.0,0.0,0.0,0.0,0.0,0.0,0.0,3445.5877582786948,3064.671271115387,5564.603576192047
PINN20260511,6,79,pretrain,23.38409423828125,7.271448135375977,0.721684992313385,5.765108585357666,2.7943897247314453,0.011201455257833004,15.11570930480957,0.0,0.0,0.0,0.0,0.0,0.0,0.0,0.0,0.0,0.0,0.0,0.0,0.0,0.0,0.0,0.0,0.0,0.0,3331.275581515285,2943.976902083303,5351.9407594475115
PINN20260511,6,81,pretrain,20.25020408630371,6.280941963195801,0.6892170906066895,5.068629741668701,2.4521360397338867,0.011098808608949184,15.754413604736328,0.0,0.0,0.0,0.0,0.0,0.0,0.0,0.0,0.0,0.0,0.0,0.0,0.0,0.0,0.0,0.0,0.0,0.0,3050.7397463566112,2693.7804290624726,4890.872665987112
PINN20260511,6,82,pretrain,18.316347122192383,5.702535629272461,0.47160467505455017,4.6251373291015625,2.3954973220825195,0.011052326299250126,15.981552124023438,0.0,0.0,0.0,0.0,0.0,0.0,0.0,0.0,0.0,0.0,0.0,0.0,0.0,0.0,0.0,0.0,0.0,0.0,2852.6363245250873,2496.266712512908,4522.707549478252
PINN20260511,6,84,pretrain,13.39040756225586,4.159153938293457,0.18199853599071503,3.5741806030273438,5.355515480041504,0.010979201644659042,16.144412994384766,0.0,0.0,0.0,0.0,0.0,0.0,0.0,0.0,0.0,0.0,0.0,0.0,0.0,0.0,0.0,0.0,0.0,0.0,2309.0038977879617,2005.5521683566349,3638.33320885975
PINN20260511,6,85,pretrain,10.668976783752441,3.2665109634399414,0.2798197865486145,2.909388780593872,7.382801055908203,0.010935790836811066,16.663005828857422,0.0,0.0,0.0,0.0,0.0,0.0,0.0,0.0,0.0,0.0,0.0,0.0,0.0,0.0,0.0,0.0,0.0,0.0,1983.846075178213,1779.7331962965684,3247.2329325441237
PINN20260511,6,87,pretrain,5.907303333282471,1.7106263637542725,0.6326683163642883,1.7341951131820679,5.612566947937012,0.010842269286513329,18.87078857421875,0.0,0.0,0.0,0.0,0.0,0.0,0.0,0.0,0.0,0.0,0.0,0.0,0.0,0.0,0.0,0.0,0.0,0.0,1432.3935388014008,1392.6828425740011,2581.66438214605
PINN20260511,6,88,pretrain,4.4482831954956055,1.2640502452850342,0.6344373226165771,1.39778733253479,2.9678406715393066,0.010802200995385647,20.347776412963867,0.0,0.0,0.0,0.0,0.0,0.0,0.0,0.0,0.0,0.0,0.0,0.0,0.0,0.0,0.0,0.0,0.0,0.0,1391.7436904832728,1543.2942849631759,2855.465565460392
PINN20260511,6,90,pretrain,4.537552833557129,1.253184199333191,0.9226858019828796,1.2859588861465454,2.9732909202575684,0.0107489712536335,23.374814987182617,0.0,0.0,0.0,0.0,0.0,0.0,0.0,0.0,0.0,0.0,0.0,0.0,0.0,0.0,0.0,0.0,0.0,0.0,1537.6861675907735,1636.6727681488442,3019.60413354928
PINN20260511,6,91,pretrain,5.127867221832275,1.4461872577667236,1.0092828273773193,1.1273691654205322,2.959500312805176,0.010750873014330864,24.02335548400879,0.0,0.0,0.0,0.0,0.0,0.0,0.0,0.0,0.0,0.0,0.0,0.0,0.0,0.0,0.0,0.0,0.0,0.0,1501.5728420559556,1637.2929640110226,3008.8580423101616
PINN20260511,6,93,pretrain,3.9185659885406494,1.1318575143814087,0.5814608335494995,1.0018631219863892,1.5945065021514893,0.010744168423116207,25.947975158691406,0.0,0.0,0.0,0.0,0.0,0.0,0.0,0.0,0.0,0.0,0.0,0.0,0.0,0.0,0.0,0.0,0.0,0.0,1184.270028329688,1299.7985901669535,2380.7758549798596
PINN20260511,6,94,pretrain,2.9467363357543945,0.8562105894088745,0.3983530104160309,0.7796348929405212,1.1500643491744995,0.010745983570814133,26.387163162231445,0.0,0.0,0.0,0.0,0.0,0.0,0.0,0.0,0.0,0.0,0.0,0.0,0.0,0.0,0.0,0.0,0.0,0.0,1100.3995297163663,898.2324309442406,1656.0336080769837
PINN20260511,6,96,pretrain,2.2278482913970947,0.6324535012245178,0.3696891963481903,0.5456205010414124,1.825952172279358,0.010743234306573868,26.692344665527344,0.0,0.0,0.0,0.0,0.0,0.0,0.0,0.0,0.0,0.0,0.0,0.0,0.0,0.0,0.0,0.0,0.0,0.0,1045.8292762205504,903.5202681733266,1658.6639307009787
PINN20260511,6,97,pretrain,2.3265695571899414,0.6668529510498047,0.37296628952026367,0.5213703513145447,1.762681484222412,0.010731014423072338,27.2801456451416,0.0,0.0,0.0,0.0,0.0,0.0,0.0,0.0,0.0,0.0,0.0,0.0,0.0,0.0,0.0,0.0,0.0,0.0,993.1708375199103,623.1740577479136,1154.623469500678
PINN20260511,6,99,pretrain,1.7148841619491577,0.5094344019889832,0.16555869579315186,0.4085598886013031,1.1044771671295166,0.01072747353464365,27.51243019104004,0.0,0.0,0.0,0.0,0.0,0.0,0.0,0.0,0.0,0.0,0.0,0.0,0.0,0.0,0.0,0.0,0.0,0.0,911.3611043379018,1047.2312901169446,1905.129845967818
PINN20260511,6,100,pretrain,1.6811598539352417,0.5040650367736816,0.15450532734394073,0.34725287556648254,1.1130776405334473,0.01071820966899395,28.2670955657959,0.0,0.0,0.0,0.0,0.0,0.0,0.0,0.0,0.0,0.0,0.0,0.0,0.0,0.0,0.0,0.0,0.0,0.0,749.976791307571,873.8565028080983,1604.909601865694
PINN20260511,6,102,pretrain,1.3653476238250732,0.3781058192253113,0.3332229256629944,0.2089378833770752,1.1315559148788452,0.0107489712536335,27.15008544921875,0.0,0.0,0.0,0.0,0.0,0.0,0.0,0.0,0.0,0.0,0.0,0.0,0.0,0.0,0.0,0.0,0.0,0.0,729.1243892505586,1108.8051564634789,2017.6513825891948
PINN20260511,6,104,pretrain,1.0196805000305176,0.27744537591934204,0.22539091110229492,0.260772705078125,1.124717116355896,0.010782946832478046,26.95877456665039,0.0,0.0,0.0,0.0,0.0,0.0,0.0,0.0,0.0,0.0,0.0,0.0,0.0,0.0,0.0,0.0,0.0,0.0,658.4926204977547,793.3505294004663,1453.5505866870853
PINN20260511,6,105,pretrain,0.9594594240188599,0.2683032751083374,0.19924324750900269,0.18151062726974487,0.9312906265258789,0.010818774811923504,26.210193634033203,0.0,0.0,0.0,0.0,0.0,0.0,0.0,0.0,0.0,0.0,0.0,0.0,0.0,0.0,0.0,0.0,0.0,0.0,574.0945860657458,961.2904087735402,1749.1144172706693
PINN20260511,6,107,pretrain,0.6999666690826416,0.19004587829113007,0.15853382647037506,0.16299335658550262,0.8981732130050659,0.010879023931920528,25.426288604736328,0.0,0.0,0.0,0.0,0.0,0.0,0.0,0.0,0.0,0.0,0.0,0.0,0.0,0.0,0.0,0.0,0.0,0.0,578.7595841539041,960.4980153545347,1740.7073806820438
PINN20260511,6,108,pretrain,0.771430492401123,0.20358698070049286,0.2092852145433426,0.17781804502010345,1.0231677293777466,0.010906010866165161,24.614206314086914,0.0,0.0,0.0,0.0,0.0,0.0,0.0,0.0,0.0,0.0,0.0,0.0,0.0,0.0,0.0,0.0,0.0,0.0,578.2956369799101,713.2534393537826,1299.3564880160036
PINN20260511,6,110,pretrain,0.6515094041824341,0.17772147059440613,0.15291990339756012,0.12492211908102036,0.8450342416763306,0.010952395386993885,23.811458587646484,0.0,0.0,0.0,0.0,0.0,0.0,0.0,0.0,0.0,0.0,0.0,0.0,0.0,0.0,0.0,0.0,0.0,0.0,543.7624423863789,1009.6844804195022,1835.24623216198
PINN20260511,6,111,pretrain,0.6869210600852966,0.18122267723083496,0.18654312193393707,0.15117482841014862,0.9873231053352356,0.010950478725135326,25.080976486206055,0.0,0.0,0.0,0.0,0.0,0.0,0.0,0.0,0.0,0.0,0.0,0.0,0.0,0.0,0.0,0.0,0.0,0.0,490.8416878179766,774.503268230677,1427.0215606994125
PINN20260511,6,113,pretrain,0.6236733198165894,0.15699248015880585,0.22858352959156036,0.10071077197790146,0.9130988121032715,0.010979008860886097,25.4527645111084,0.0,0.0,0.0,0.0,0.0,0.0,0.0,0.0,0.0,0.0,0.0,0.0,0.0,0.0,0.0,0.0,0.0,0.0,593.4772531445498,1188.8829315790517,2156.4142412728106
PINN20260511,6,114,pretrain,0.7931053042411804,0.21744243800640106,0.17794828116893768,0.175627201795578,0.8339224457740784,0.010991583578288555,25.63227081298828,0.0,0.0,0.0,0.0,0.0,0.0,0.0,0.0,0.0,0.0,0.0,0.0,0.0,0.0,0.0,0.0,0.0,0.0,517.4597810458316,1067.9808050709526,1946.7434839560683
PINN20260511,6,116,pretrain,0.8408265709877014,0.22674554586410522,0.2328520566225052,0.09180149435997009,1.2901792526245117,0.011049014516174793,24.606367111206055,0.0,0.0,0.0,0.0,0.0,0.0,0.0,0.0,0.0,0.0,0.0,0.0,0.0,0.0,0.0,0.0,0.0,0.0,510.96876433398546,873.4685168911356,1598.5854618725448
PINN20260511,6,117,pretrain,0.6146790385246277,0.16184161603450775,0.18639154732227325,0.08185683935880661,0.9793508052825928,0.01106687169522047,24.941354751586914,0.0,0.0,0.0,0.0,0.0,0.0,0.0,0.0,0.0,0.0,0.0,0.0,0.0,0.0,0.0,0.0,0.0,0.0,650.3440195388899,1387.8806234687477,2518.3142473602766
PINN20260511,6,119,pretrain,1.0403547286987305,0.30128878355026245,0.14415070414543152,0.23352880775928497,0.8853597640991211,0.011094450950622559,26.237064361572266,0.0,0.0,0.0,0.0,0.0,0.0,0.0,0.0,0.0,0.0,0.0,0.0,0.0,0.0,0.0,0.0,0.0,0.0,415.38389623335183,1045.5805205721842,1915.8333236632645
PINN20260511,6,120,pretrain,0.4976968765258789,0.10795489698648453,0.27113115787506104,0.08182034641504288,1.0951259136199951,0.011126800440251827,25.619951248168945,0.0,0.0,0.0,0.0,0.0,0.0,0.0,0.0,0.0,0.0,0.0,0.0,0.0,0.0,0.0,0.0,0.0,0.0,629.53733010839,804.2396253605016,1480.4302257422291
PINN20260511,6,122,pretrain,0.7487959265708923,0.21080465614795685,0.16642636060714722,0.09045013040304184,0.7539370656013489,0.011187313124537468,23.90609359741211,0.0,0.0,0.0,0.0,0.0,0.0,0.0,0.0,0.0,0.0,0.0,0.0,0.0,0.0,0.0,0.0,0.0,0.0,463.18280678367154,1166.26840821485,2119.8477849599767
PINN20260511,6,123,pretrain,0.5498083829879761,0.1315266340970993,0.23634222149848938,0.09054091572761536,0.9474613666534424,0.011198913678526878,23.985111236572266,0.0,0.0,0.0,0.0,0.0,0.0,0.0,0.0,0.0,0.0,0.0,0.0,0.0,0.0,0.0,0.0,0.0,0.0,514.0434988889559,1248.9012170704295,2268.8292063993786
PINN20260511,6,125,pretrain,0.4336657226085663,0.1082596480846405,0.1570584774017334,0.06606721878051758,0.8572043180465698,0.011237806640565395,23.58222198486328,0.0,0.0,0.0,0.0,0.0,0.0,0.0,0.0,0.0,0.0,0.0,0.0,0.0,0.0,0.0,0.0,0.0,0.0,400.87326550918806,966.3176561048649,1760.7768235761337
PINN20260511,6,126,pretrain,0.40250295400619507,0.09886619448661804,0.15469299256801605,0.06508238613605499,0.7770693302154541,0.011245030909776688,24.163747787475586,0.0,0.0,0.0,0.0,0.0,0.0,0.0,0.0,0.0,0.0,0.0,0.0,0.0,0.0,0.0,0.0,0.0,0.0,490.2777433506441,1259.998214284449,2285.4429256243952
PINN20260511,6,128,pretrain,0.4054725170135498,0.09668384492397308,0.16504842042922974,0.07658836245536804,0.8789561986923218,0.011262309737503529,24.639862060546875,0.0,0.0,0.0,0.0,0.0,0.0,0.0,0.0,0.0,0.0,0.0,0.0,0.0,0.0,0.0,0.0,0.0,0.0,571.5918561351273,838.8062201724543,1533.84200014555
PINN20260511,6,129,pretrain,0.7210261821746826,0.2008574903011322,0.17015475034713745,0.09223517775535583,0.7464646100997925,0.011290783062577248,23.626279830932617,0.0,0.0,0.0,0.0,0.0,0.0,0.0,0.0,0.0,0.0,0.0,0.0,0.0,0.0,0.0,0.0,0.0,0.0,564.3513422505523,862.0725027513637,1572.9590221567653
PINN20260511,6,131,pretrain,0.47512370347976685,0.10419309139251709,0.25032031536102295,0.07684207707643509,1.100793719291687,0.011313985101878643,23.570932388305664,0.0,0.0,0.0,0.0,0.0,0.0,0.0,0.0,0.0,0.0,0.0,0.0,0.0,0.0,0.0,0.0,0.0,0.0,492.99149016489116,1303.0554957483585,2361.283141299803
PINN20260511,6,132,pretrain,0.6101652979850769,0.14859215915203094,0.2459682822227478,0.11227346211671829,0.947500467300415,0.011324316263198853,23.929000854492188,0.0,0.0,0.0,0.0,0.0,0.0,0.0,0.0,0.0,0.0,0.0,0.0,0.0,0.0,0.0,0.0,0.0,0.0,374.9625606310582,1091.5437462603136,1980.7005321976592
PINN20260511,6,134,pretrain,0.7004801034927368,0.17729653418064117,0.2669498324394226,0.08726280927658081,0.8831539154052734,0.011367972008883953,23.98982810974121,0.0,0.0,0.0,0.0,0.0,0.0,0.0,0.0,0.0,0.0,0.0,0.0,0.0,0.0,0.0,0.0,0.0,0.0,484.6648004033303,893.0570390518178,1644.926164477957
PINN20260511,6,135,pretrain,0.6702623963356018,0.14307476580142975,0.3984275460243225,0.07751750946044922,1.3160386085510254,0.011384030804038048,24.399208068847656,0.0,0.0,0.0,0.0,0.0,0.0,0.0,0.0,0.0,0.0,0.0,0.0,0.0,0.0,0.0,0.0,0.0,0.0,422.89703977445856,1182.3256742539256,2164.722387279967
PINN20260511,6,137,pretrain,0.5753077268600464,0.12820379436016083,0.29278668761253357,0.08365436643362045,1.3786091804504395,0.011413861997425556,24.63642120361328,0.0,0.0,0.0,0.0,0.0,0.0,0.0,0.0,0.0,0.0,0.0,0.0,0.0,0.0,0.0,0.0,0.0,0.0,446.14384241520133,993.1136641895529,1811.7708953541737
PINN20260511,6,138,pretrain,0.4924680292606354,0.12169445306062698,0.1931590437889099,0.06626532971858978,0.8776034116744995,0.011442963033914566,23.489606857299805,0.0,0.0,0.0,0.0,0.0,0.0,0.0,0.0,0.0,0.0,0.0,0.0,0.0,0.0,0.0,0.0,0.0,0.0,416.1736416449269,1037.048998360251,1885.7210519982013
PINN20260511,6,140,pretrain,0.5178396701812744,0.11012344062328339,0.3004848062992096,0.08179375529289246,1.0434108972549438,0.011466121301054955,22.92732048034668,0.0,0.0,0.0,0.0,0.0,0.0,0.0,0.0,0.0,0.0,0.0,0.0,0.0,0.0,0.0,0.0,0.0,0.0,352.0775726846287,1104.6919253801034,2007.5920368683662
PINN20260511,6,141,pretrain,0.3601321280002594,0.07601197808980942,0.20203688740730286,0.06459066271781921,0.9079817533493042,0.011471938341856003,23.21250343322754,0.0,0.0,0.0,0.0,0.0,0.0,0.0,0.0,0.0,0.0,0.0,0.0,0.0,0.0,0.0,0.0,0.0,0.0,446.63136715304717,918.3515122217636,1676.8215623864596
PINN20260511,6,143,pretrain,0.37158069014549255,0.07986131310462952,0.20743946731090546,0.05586773902177811,0.8551729917526245,0.011472140438854694,24.72385025024414,0.0,0.0,0.0,0.0,0.0,0.0,0.0,0.0,0.0,0.0,0.0,0.0,0.0,0.0,0.0,0.0,0.0,0.0,525.3632374367281,1384.8404240200384,2512.141872533375
PINN20260511,6,144,pretrain,0.6459552645683289,0.17128384113311768,0.1749441772699356,0.1306469440460205,0.9251150488853455,0.01146615855395794,25.756250381469727,0.0,0.0,0.0,0.0,0.0,0.0,0.0,0.0,0.0,0.0,0.0,0.0,0.0,0.0,0.0,0.0,0.0,0.0,539.1277677879335,1398.6081027221314,2536.036920577338
PINN20260511,6,146,pretrain,0.39544016122817993,0.09304101765155792,0.18024370074272156,0.054407525807619095,0.7656853199005127,0.011492121033370495,25.396455764770508,0.0,0.0,0.0,0.0,0.0,0.0,0.0,0.0,0.0,0.0,0.0,0.0,0.0,0.0,0.0,0.0,0.0,0.0,375.4755110190277,1045.781466177327,1904.575853885865
PINN20260511,6,147,pretrain,0.3715720474720001,0.0874895229935646,0.1640307605266571,0.05352461338043213,0.8191565871238708,0.011509102769196033,25.033611297607422,0.0,0.0,0.0,0.0,0.0,0.0,0.0,0.0,0.0,0.0,0.0,0.0,0.0,0.0,0.0,0.0,0.0,0.0,449.0485601524628,1305.0413786543322,2367.894813707578
PINN20260511,6,149,pretrain,0.4511481523513794,0.10253201425075531,0.21756069362163544,0.0867675319314003,0.8709139823913574,0.011535565368831158,25.165321350097656,0.0,0.0,0.0,0.0,0.0,0.0,0.0,0.0,0.0,0.0,0.0,0.0,0.0,0.0,0.0,0.0,0.0,0.0,378.3974225268983,957.1511440206295,1743.8681223442304
PINN20260511,6,150,pretrain,0.3630588948726654,0.08819955587387085,0.14274893701076508,0.05997717007994652,0.7545162439346313,0.011559175327420235,24.644468307495117,0.0,0.0,0.0,0.0,0.0,0.0,0.0,0.0,0.0,0.0,0.0,0.0,0.0,0.0,0.0,0.0,0.0,0.0,368.4237963948583,981.8850811067454,1789.013872402885
PINN20260511,6,152,pretrain,0.5333542823791504,0.14062121510505676,0.15365497767925262,0.09898407012224197,0.7433175444602966,0.011574309319257736,25.311203002929688,0.0,0.0,0.0,0.0,0.0,0.0,0.0,0.0,0.0,0.0,0.0,0.0,0.0,0.0,0.0,0.0,0.0,0.0,447.6610918150024,1273.1267120754321,2309.052268086199
PINN20260511,6,153,pretrain,0.4809313118457794,0.12199297547340393,0.162973091006279,0.08804482966661453,0.7928427457809448,0.01158737763762474,25.119426727294922,0.0,0.0,0.0,0.0,0.0,0.0,0.0,0.0,0.0,0.0,0.0,0.0,0.0,0.0,0.0,0.0,0.0,0.0,412.6437060285786,955.390463370867,1744.6936326227305
PINN20260511,6,155,pretrain,0.4547562599182129,0.1153794676065445,0.1630953997373581,0.06533615291118622,0.7001457810401917,0.011623039841651917,23.802125930786133,0.0,0.0,0.0,0.0,0.0,0.0,0.0,0.0,0.0,0.0,0.0,0.0,0.0,0.0,0.0,0.0,0.0,0.0,343.09583209360034,1163.83890637837,2109.729371955407
PINN20260511,6,156,pretrain,0.32027825713157654,0.07191860675811768,0.15482139587402344,0.06289757043123245,0.7266119122505188,0.011626954190433025,23.84014892578125,0.0,0.0,0.0,0.0,0.0,0.0,0.0,0.0,0.0,0.0,0.0,0.0,0.0,0.0,0.0,0.0,0.0,0.0,315.09543445200853,1127.395394260594,2044.256206621833
PINN20260511,6,158,pretrain,0.4432218670845032,0.11305119842290878,0.15589535236358643,0.06260275095701218,0.6800025701522827,0.01164730079472065,23.328815460205078,0.0,0.0,0.0,0.0,0.0,0.0,0.0,0.0,0.0,0.0,0.0,0.0,0.0,0.0,0.0,0.0,0.0,0.0,358.3484032683835,1008.8797933847223,1838.5451503064642
PINN20260511,6,159,pretrain,0.35060352087020874,0.08009901642799377,0.17142055928707123,0.05163547769188881,0.7134535908699036,0.0116494782269001,23.542016983032227,0.0,0.0,0.0,0.0,0.0,0.0,0.0,0.0,0.0,0.0,0.0,0.0,0.0,0.0,0.0,0.0,0.0,0.0,457.5794329949719,1353.6823851997187,2448.9673854921157
PINN20260511,6,161,pretrain,0.5364745259284973,0.14203514158725739,0.1486085057258606,0.10848492383956909,0.7183905243873596,0.011655750684440136,23.771886825561523,0.0,0.0,0.0,0.0,0.0,0.0,0.0,0.0,0.0,0.0,0.0,0.0,0.0,0.0,0.0,0.0,0.0,0.0,338.2612364172105,1094.4499189090382,1987.2051057523286
PINN20260511,6,162,pretrain,0.3120412230491638,0.0716111809015274,0.1460845023393631,0.04892605543136597,0.7190101146697998,0.011674841865897179,23.02550506591797,0.0,0.0,0.0,0.0,0.0,0.0,0.0,0.0,0.0,0.0,0.0,0.0,0.0,0.0,0.0,0.0,0.0,0.0,309.56369245681896,1120.5039602785882,2030.6685204052305
PINN20260511,6,164,pretrain,0.2567720115184784,0.0549517385661602,0.13703913986682892,0.05010436102747917,0.6688186526298523,0.01170189306139946,22.863698959350586,0.0,0.0,0.0,0.0,0.0,0.0,0.0,0.0,0.0,0.0,0.0,0.0,0.0,0.0,0.0,0.0,0.0,0.0,401.7896876787656,1269.3185179457519,2297.546495228282
PINN20260511,6,165,pretrain,0.39700207114219666,0.09792977571487427,0.14789412915706635,0.07932907342910767,0.6699934005737305,0.01171073317527771,23.052270889282227,0.0,0.0,0.0,0.0,0.0,0.0,0.0,0.0,0.0,0.0,0.0,0.0,0.0,0.0,0.0,0.0,0.0,0.0,335.0011660427468,1134.3986843257533,2058.6872955356457
PINN20260511,6,167,pretrain,0.851298987865448,0.240498349070549,0.1847958117723465,0.11800581961870193,0.6902427077293396,0.011750033125281334,21.953989028930664,0.0,0.0,0.0,0.0,0.0,0.0,0.0,0.0,0.0,0.0,0.0,0.0,0.0,0.0,0.0,0.0,0.0,0.0,731.5621555958181,870.7536606296869,1595.5219510292611
PINN20260511,6,168,pretrain,1.1319873332977295,0.32865920662879944,0.20205464959144592,0.1546887308359146,0.7022243738174438,0.011761417612433434,21.6932430267334,0.0,0.0,0.0,0.0,0.0,0.0,0.0,0.0,0.0,0.0,0.0,0.0,0.0,0.0,0.0,0.0,0.0,0.0,495.78652790288686,920.315944390838,1680.844246239976
PINN20260511,6,170,pretrain,0.4452105760574341,0.10962224751710892,0.1693989634513855,0.08922069519758224,0.6900106072425842,0.011755572631955147,22.511035919189453,0.0,0.0,0.0,0.0,0.0,0.0,0.0,0.0,0.0,0.0,0.0,0.0,0.0,0.0,0.0,0.0,0.0,0.0,593.2209221698101,1488.7184085648971,2693.49330630218
PINN20260511,6,171,pretrain,0.7787714004516602,0.21429264545440674,0.1844014972448349,0.15157450735569,0.6688900589942932,0.011756851337850094,22.716745376586914,0.0,0.0,0.0,0.0,0.0,0.0,0.0,0.0,0.0,0.0,0.0,0.0,0.0,0.0,0.0,0.0,0.0,0.0,396.3072908110574,1301.395068762749,2358.7224816592234
PINN20260511,6,173,pretrain,0.48069509863853455,0.12227626144886017,0.17604660987854004,0.06485763937234879,0.6435744166374207,0.011785033158957958,21.789514541625977,0.0,0.0,0.0,0.0,0.0,0.0,0.0,0.0,0.0,0.0,0.0,0.0,0.0,0.0,0.0,0.0,0.0,0.0,551.7425803760301,914.015932574482,1672.7706318387418
PINN20260511,6,174,pretrain,0.6914623975753784,0.18728302419185638,0.1980387568473816,0.08898571133613586,0.6398449540138245,0.011794890277087688,21.490285873413086,0.0,0.0,0.0,0.0,0.0,0.0,0.0,0.0,0.0,0.0,0.0,0.0,0.0,0.0,0.0,0.0,0.0,0.0,351.8749888987565,1008.5193044756257,1838.088784002792
PINN20260511,6,176,pretrain,0.6549103260040283,0.17806890606880188,0.16193145513534546,0.1339256465435028,0.6476340889930725,0.011792110279202461,21.865463256835938,0.0,0.0,0.0,0.0,0.0,0.0,0.0,0.0,0.0,0.0,0.0,0.0,0.0,0.0,0.0,0.0,0.0,0.0,721.6478105696712,1616.8357987130296,2919.8633802916206
PINN20260511,6,177,pretrain,1.1144691705703735,0.3170504868030548,0.21755288541316986,0.2065422534942627,0.6616392135620117,0.011797063983976841,21.76860809326172,0.0,0.0,0.0,0.0,0.0,0.0,0.0,0.0,0.0,0.0,0.0,0.0,0.0,0.0,0.0,0.0,0.0,0.0,504.7759713476861,1412.539424228577,2552.8031050404734
PINN20260511,6,179,pretrain,0.31212660670280457,0.0726952850818634,0.14071297645568848,0.05035635828971863,0.6806496381759644,0.011828778311610222,20.742431640625,0.0,0.0,0.0,0.0,0.0,0.0,0.0,0.0,0.0,0.0,0.0,0.0,0.0,0.0,0.0,0.0,0.0,0.0,413.53406374203325,954.4943032831574,1739.4366979914707
PINN20260511,6,180,pretrain,0.41999298334121704,0.10592354089021683,0.15271994471549988,0.06258643418550491,0.6672568917274475,0.011837453581392765,20.6571044921875,0.0,0.0,0.0,0.0,0.0,0.0,0.0,0.0,0.0,0.0,0.0,0.0,0.0,0.0,0.0,0.0,0.0,0.0,281.7015403090654,1091.2177257541227,1981.1576626651604
PINN20260511,6,182,pretrain,0.6707057952880859,0.17886175215244293,0.19083689153194427,0.1276599019765854,0.6585043668746948,0.011839554645121098,21.161087036132812,0.0,0.0,0.0,0.0,0.0,0.0,0.0,0.0,0.0,0.0,0.0,0.0,0.0,0.0,0.0,0.0,0.0,0.0,577.3955803866185,1462.2455334176952,2643.9868524968874
PINN20260511,6,183,pretrain,0.7602370977401733,0.20208358764648438,0.22505542635917664,0.13935981690883636,0.67933189868927,0.01184841524809599,21.121671676635742,0.0,0.0,0.0,0.0,0.0,0.0,0.0,0.0,0.0,0.0,0.0,0.0,0.0,0.0,0.0,0.0,0.0,0.0,318.35931940183565,1183.6483852901588,2145.815393304852
PINN20260511,6,185,pretrain,0.7248207926750183,0.19964566826820374,0.1851523369550705,0.10235143452882767,0.6418673992156982,0.011877934448421001,20.719682693481445,0.0,0.0,0.0,0.0,0.0,0.0,0.0,0.0,0.0,0.0,0.0,0.0,0.0,0.0,0.0,0.0,0.0,0.0,732.7107205439265,869.7016370572152,1596.9915263319651
PINN20260511,6,186,pretrain,1.1596866846084595,0.3283993601799011,0.2604038715362549,0.15722033381462097,0.642126739025116,0.011883672326803207,20.90399742126465,0.0,0.0,0.0,0.0,0.0,0.0,0.0,0.0,0.0,0.0,0.0,0.0,0.0,0.0,0.0,0.0,0.0,0.0,574.4560742563351,887.5505267307321,1628.8793812273286
PINN20260511,6,188,pretrain,0.27602148056030273,0.05528348684310913,0.17186230421066284,0.051155079156160355,0.7004432678222656,0.011873006820678711,22.09369659423828,0.0,0.0,0.0,0.0,0.0,0.0,0.0,0.0,0.0,0.0,0.0,0.0,0.0,0.0,0.0,0.0,0.0,0.0,519.4332548557129,1405.4616679226795,2546.1976391686644
PINN20260511,6,189,pretrain,0.6260940432548523,0.16436339914798737,0.19015714526176453,0.1218673437833786,0.6775899529457092,0.011876335367560387,21.772415161132812,0.0,0.0,0.0,0.0,0.0,0.0,0.0,0.0,0.0,0.0,0.0,0.0,0.0,0.0,0.0,0.0,0.0,0.0,492.4957645756966,1385.4908877361843,2513.435032056789
PINN20260511,6,191,pretrain,0.29643791913986206,0.046684712171554565,0.24997617304325104,0.05114087089896202,1.0583758354187012,0.011900192126631737,20.579580307006836,0.0,0.0,0.0,0.0,0.0,0.0,0.0,0.0,0.0,0.0,0.0,0.0,0.0,0.0,0.0,0.0,0.0,0.0,453.60996461718076,924.2165601199754,1686.1724737253192
PINN20260511,6,192,pretrain,0.48710787296295166,0.12747624516487122,0.15070605278015137,0.07034484297037125,0.7628580331802368,0.011905642226338387,20.64410400390625,0.0,0.0,0.0,0.0,0.0,0.0,0.0,0.0,0.0,0.0,0.0,0.0,0.0,0.0,0.0,0.0,0.0,0.0,451.37435959522554,928.2550161458865,1696.8252641344156
PINN20260511,6,194,pretrain,0.25492197275161743,0.04696562886238098,0.18042676150798798,0.047988247126340866,0.7107033729553223,0.011889856308698654,22.006637573242188,0.0,0.0,0.0,0.0,0.0,0.0,0.0,0.0,0.0,0.0,0.0,0.0,0.0,0.0,0.0,0.0,0.0,0.0,462.1282965800731,1362.2792022929807,2467.311015616147
PINN20260511,6,195,pretrain,0.4957336187362671,0.13126379251480103,0.13630156219005585,0.1034524217247963,0.6550493240356445,0.011890430003404617,22.03243637084961,0.0,0.0,0.0,0.0,0.0,0.0,0.0,0.0,0.0,0.0,0.0,0.0,0.0,0.0,0.0,0.0,0.0,0.0,418.36093866421135,1316.7201676893994,2382.8927115400006
PINN20260511,6,197,pretrain,0.25460711121559143,0.05326610803604126,0.14217261970043182,0.04678162932395935,0.7183079719543457,0.011920910328626633,20.693239212036133,0.0,0.0,0.0,0.0,0.0,0.0,0.0,0.0,0.0,0.0,0.0,0.0,0.0,0.0,0.0,0.0,0.0,0.0,300.6723975109787,1012.2434551529587,1839.6314780591101
PINN20260511,6,198,pretrain,0.25981777906417847,0.05631742998957634,0.1359308362007141,0.04813726618885994,0.66363126039505,0.011926401406526566,20.72072982788086,0.0,0.0,0.0,0.0,0.0,0.0,0.0,0.0,0.0,0.0,0.0,0.0,0.0,0.0,0.0,0.0,0.0,0.0,337.4914003534016,1224.381221270565,2217.857048154913
PINN20260511,6,200,pretrain,0.26179778575897217,0.05547367036342621,0.14150051772594452,0.058717671781778336,0.6441503763198853,0.011927192099392414,21.356948852539062,0.0,0.0,0.0,0.0,0.0,0.0,0.0,0.0,0.0,0.0,0.0,0.0,0.0,0.0,0.0,0.0,0.0,0.0,372.4283488135671,944.8896430271633,1723.2224017139065
PINN20260511,6,202,pretrain,0.3675301671028137,0.09070421755313873,0.1415642350912094,0.059614360332489014,0.6356257796287537,0.011952637694776058,20.53973388671875,0.0,0.0,0.0,0.0,0.0,0.0,0.0,0.0,0.0,0.0,0.0,0.0,0.0,0.0,0.0,0.0,0.0,0.0,277.3300436754013,1126.0749308993607,2041.9183788214798
PINN20260511,6,203,pretrain,0.2426392138004303,0.047397710382938385,0.1531272679567337,0.05200996622443199,0.6740230917930603,0.011951261200010777,20.73192024230957,0.0,0.0,0.0,0.0,0.0,0.0,0.0,0.0,0.0,0.0,0.0,0.0,0.0,0.0,0.0,0.0,0.0,0.0,296.56303345579,1168.533910504954,2119.2827171758827
PINN20260511,6,205,pretrain,0.2872968018054962,0.061543334275484085,0.16105787456035614,0.04884229227900505,0.6184701919555664,0.011951547116041183,21.317930221557617,0.0,0.0,0.0,0.0,0.0,0.0,0.0,0.0,0.0,0.0,0.0,0.0,0.0,0.0,0.0,0.0,0.0,0.0,287.51001341257665,1019.614265298402,1858.9854040568666
PINN20260511,6,206,pretrain,0.25607791543006897,0.05133002996444702,0.1607118397951126,0.04626194387674332,0.6239758729934692,0.011950375512242317,21.54575538635254,0.0,0.0,0.0,0.0,0.0,0.0,0.0,0.0,0.0,0.0,0.0,0.0,0.0,0.0,0.0,0.0,0.0,0.0,342.6673747054131,1239.8786230917929,2247.9410657371614
PINN20260511,6,208,pretrain,0.2802927792072296,0.060168780386447906,0.148289754986763,0.06296573579311371,0.6524211168289185,0.011953429318964481,21.457380294799805,0.0,0.0,0.0,0.0,0.0,0.0,0.0,0.0,0.0,0.0,0.0,0.0,0.0,0.0,0.0,0.0,0.0,0.0,325.00266825827754,986.8629590779057,1796.7045370867604
PINN20260511,6,209,pretrain,0.2904592454433441,0.06573722511529922,0.13956521451473236,0.04981757327914238,0.6750715970993042,0.011965923942625523,20.9679012298584,0.0,0.0,0.0,0.0,0.0,0.0,0.0,0.0,0.0,0.0,0.0,0.0,0.0,0.0,0.0,0.0,0.0,0.0,309.5278536537544,999.2651362376254,1818.9428608175494
PINN20260511,6,211,pretrain,0.30795931816101074,0.07164110988378525,0.13426032662391663,0.06853538751602173,0.6099393367767334,0.011961800046265125,21.475116729736328,0.0,0.0,0.0,0.0,0.0,0.0,0.0,0.0,0.0,0.0,0.0,0.0,0.0,0.0,0.0,0.0,0.0,0.0,335.4757698962773,1228.7253558057635,2227.9179985785045
PINN20260511,6,212,pretrain,0.3007408380508423,0.06941872835159302,0.13351939618587494,0.06701801717281342,0.6160675287246704,0.011965857818722725,21.454992294311523,0.0,0.0,0.0,0.0,0.0,0.0,0.0,0.0,0.0,0.0,0.0,0.0,0.0,0.0,0.0,0.0,0.0,0.0,295.0937218706965,1002.5528976069044,1826.098204132558
PINN20260511,6,214,pretrain,0.250350683927536,0.05400647222995758,0.13322965800762177,0.04784659668803215,0.6073562502861023,0.011989636346697807,20.543373107910156,0.0,0.0,0.0,0.0,0.0,0.0,0.0,0.0,0.0,0.0,0.0,0.0,0.0,0.0,0.0,0.0,0.0,0.0,324.59700976749616,1213.8917270498223,2198.104016589997
PINN20260511,6,215,pretrain,0.29820477962493896,0.06447984278202057,0.1581897884607315,0.06468035280704498,0.6367141008377075,0.011989310383796692,20.62665557861328,0.0,0.0,0.0,0.0,0.0,0.0,0.0,0.0,0.0,0.0,0.0,0.0,0.0,0.0,0.0,0.0,0.0,0.0,317.8627479943191,1206.0829677099332,2184.5592553353536
PINN20260511,6,217,pretrain,0.24691952764987946,0.052789829671382904,0.13445913791656494,0.04711209237575531,0.5949030518531799,0.01200076099485159,20.574481964111328,0.0,0.0,0.0,0.0,0.0,0.0,0.0,0.0,0.0,0.0,0.0,0.0,0.0,0.0,0.0,0.0,0.0,0.0,272.5368237734123,1025.7669082203813,1867.673624786594
PINN20260511,6,218,pretrain,0.22950950264930725,0.0461154505610466,0.1405259072780609,0.045361217111349106,0.5913978815078735,0.011999629437923431,20.852346420288086,0.0,0.0,0.0,0.0,0.0,0.0,0.0,0.0,0.0,0.0,0.0,0.0,0.0,0.0,0.0,0.0,0.0,0.0,354.74735728402544,1249.8350891217608,2265.292487595732
PINN20260511,6,220,pretrain,0.28989705443382263,0.0658179223537445,0.13462139666080475,0.06657423824071884,0.5908883213996887,0.011998931877315044,21.076520919799805,0.0,0.0,0.0,0.0,0.0,0.0,0.0,0.0,0.0,0.0,0.0,0.0,0.0,0.0,0.0,0.0,0.0,0.0,300.5558652314075,995.2387276427702,1812.2521000992465
PINN20260511,6,221,pretrain,0.25551655888557434,0.05605386942625046,0.13184873759746552,0.047365546226501465,0.5978726744651794,0.012010576203465462,20.653501510620117,0.0,0.0,0.0,0.0,0.0,0.0,0.0,0.0,0.0,0.0,0.0,0.0,0.0,0.0,0.0,0.0,0.0,0.0,292.7278226014739,1001.8908061760023,1824.1001531372053
PINN20260511,6,223,pretrain,0.2860473394393921,0.06535086780786514,0.13030019402503967,0.0658569484949112,0.5836636424064636,0.012006335891783237,21.031028747558594,0.0,0.0,0.0,0.0,0.0,0.0,0.0,0.0,0.0,0.0,0.0,0.0,0.0,0.0,0.0,0.0,0.0,0.0,315.60992538258364,1210.3142670397635,2194.8938185145867
PINN20260511,6,224,pretrain,0.27193212509155273,0.06161775067448616,0.12580329179763794,0.06316796690225601,0.5771814584732056,0.012009000405669212,21.016664505004883,0.0,0.0,0.0,0.0,0.0,0.0,0.0,0.0,0.0,0.0,0.0,0.0,0.0,0.0,0.0,0.0,0.0,0.0,296.6032703798122,994.2157399176499,1811.1450870115282
PINN20260511,6,226,pretrain,0.2423185408115387,0.05261031165719032,0.1272943764925003,0.04706209525465965,0.571398913860321,0.012025753036141396,20.420692443847656,0.0,0.0,0.0,0.0,0.0,0.0,0.0,0.0,0.0,0.0,0.0,0.0,0.0,0.0,0.0,0.0,0.0,0.0,313.35364656008073,1204.2703184916581,2182.2559936981856
PINN20260511,6,227,pretrain,0.27337846159935,0.06060830503702164,0.13521718978881836,0.06194630265235901,0.5777833461761475,0.012022849172353745,20.593854904174805,0.0,0.0,0.0,0.0,0.0,0.0,0.0,0.0,0.0,0.0,0.0,0.0,0.0,0.0,0.0,0.0,0.0,0.0,303.7369210147163,1192.338144152069,2161.026614614691
PINN20260511,6,229,pretrain,0.24266166985034943,0.05310487002134323,0.12535642087459564,0.04745679721236229,0.5588744878768921,0.012034584768116474,20.411251068115234,0.0,0.0,0.0,0.0,0.0,0.0,0.0,0.0,0.0,0.0,0.0,0.0,0.0,0.0,0.0,0.0,0.0,0.0,279.9747896016711,1001.6959368990173,1823.7226846025155
PINN20260511,6,230,pretrain,0.2281053364276886,0.04836011677980423,0.1254488080739975,0.04597153887152672,0.5553126335144043,0.012035036459565163,20.561357498168945,0.0,0.0,0.0,0.0,0.0,0.0,0.0,0.0,0.0,0.0,0.0,0.0,0.0,0.0,0.0,0.0,0.0,0.0,322.04482170576813,1212.7376055849838,2198.7975867819996
PINN20260511,6,232,pretrain,0.26276254653930664,0.05866248160600662,0.12685734033584595,0.06136111542582512,0.5537101030349731,0.012031018733978271,21.018760681152344,0.0,0.0,0.0,0.0,0.0,0.0,0.0,0.0,0.0,0.0,0.0,0.0,0.0,0.0,0.0,0.0,0.0,0.0,290.2092456314926,990.9249151676428,1804.924056715646
PINN20260511,6,233,pretrain,0.23696181178092957,0.05179016292095184,0.12273051589727402,0.04651794955134392,0.5461238622665405,0.012039386667311192,20.82378387451172,0.0,0.0,0.0,0.0,0.0,0.0,0.0,0.0,0.0,0.0,0.0,0.0,0.0,0.0,0.0,0.0,0.0,0.0,278.09744245497836,1002.1093690311452,1825.1664760837948
PINN20260511,6,235,pretrain,0.28224068880081177,0.0653807744383812,0.12403582036495209,0.06569178402423859,0.5471056699752808,0.012033089064061642,21.34965705871582,0.0,0.0,0.0,0.0,0.0,0.0,0.0,0.0,0.0,0.0,0.0,0.0,0.0,0.0,0.0,0.0,0.0,0.0,314.0053243975331,1204.8423133339898,2185.782384115704
PINN20260511,6,236,pretrain,0.26918041706085205,0.061531055718660355,0.12200047075748444,0.06332941353321075,0.5460563898086548,0.012035188265144825,21.35302734375,0.0,0.0,0.0,0.0,0.0,0.0,0.0,0.0,0.0,0.0,0.0,0.0,0.0,0.0,0.0,0.0,0.0,0.0,278.94583927708976,997.96038874296,1817.832227995871
PINN20260511,6,238,pretrain,0.21483445167541504,0.04503583908081055,0.11986049264669418,0.04464535415172577,0.5433802008628845,0.01204802468419075,20.924072265625,0.0,0.0,0.0,0.0,0.0,0.0,0.0,0.0,0.0,0.0,0.0,0.0,0.0,0.0,0.0,0.0,0.0,0.0,326.74774052393997,1216.1157942400057,2205.210759971684
PINN20260511,6,239,pretrain,0.2888822555541992,0.0665622279047966,0.12995238602161407,0.06587069481611252,0.5522624850273132,0.01204383559525013,21.14579200744629,0.0,0.0,0.0,0.0,0.0,0.0,0.0,0.0,0.0,0.0,0.0,0.0,0.0,0.0,0.0,0.0,0.0,0.0,319.7647328505756,1207.7003456983855,2190.1780810355044
PINN20260511,6,241,pretrain,0.2130328267812729,0.04411746561527252,0.12204223871231079,0.04457526654005051,0.5372132658958435,0.012057310901582241,20.70833396911621,0.0,0.0,0.0,0.0,0.0,0.0,0.0,0.0,0.0,0.0,0.0,0.0,0.0,0.0,0.0,0.0,0.0,0.0,263.4938032952578,1006.4723046363472,1832.227346174672
PINN20260511,6,242,pretrain,0.2067299336194992,0.042788080871105194,0.11761026084423065,0.044246211647987366,0.5355656743049622,0.012061594054102898,20.557523727416992,0.0,0.0,0.0,0.0,0.0,0.0,0.0,0.0,0.0,0.0,0.0,0.0,0.0,0.0,0.0,0.0,0.0,0.0,323.99289874548174,1210.0362081359383,2194.4136858608563
PINN20260511,6,244,pretrain,0.26724305748939514,0.06064511835575104,0.12399935722351074,0.062494345009326935,0.5404577255249023,0.012062553316354752,20.59255027770996,0.0,0.0,0.0,0.0,0.0,0.0,0.0,0.0,0.0,0.0,0.0,0.0,0.0,0.0,0.0,0.0,0.0,0.0,269.44040679248536,996.269510473948,1815.0217140714185
PINN20260511,6,245,pretrain,0.2137785255908966,0.04471525549888611,0.1203065887093544,0.04454159736633301,0.5285578966140747,0.012072618119418621,20.26559829711914,0.0,0.0,0.0,0.0,0.0,0.0,0.0,0.0,0.0,0.0,0.0,0.0,0.0,0.0,0.0,0.0,0.0,0.0,262.0642216137106,1003.782097867859,1828.3922175311125
PINN20260511,6,247,pretrain,0.2723861634731293,0.06250894069671631,0.12267521768808365,0.06399285048246384,0.536159336566925,0.012073913589119911,20.224876403808594,0.0,0.0,0.0,0.0,0.0,0.0,0.0,0.0,0.0,0.0,0.0,0.0,0.0,0.0,0.0,0.0,0.0,0.0,301.7043901942761,1185.0168775169407,2149.671737866715
PINN20260511,6,248,pretrain,0.25354692339897156,0.056540347635746,0.1221405565738678,0.060466449707746506,0.5381147265434265,0.012078442610800266,20.060474395751953,0.0,0.0,0.0,0.0,0.0,0.0,0.0,0.0,0.0,0.0,0.0,0.0,0.0,0.0,0.0,0.0,0.0,0.0,273.64147392162613,988.3277227215677,1800.2194558647268
PINN20260511,6,250,pretrain,0.20543020963668823,0.04250899702310562,0.11736354976892471,0.04377414658665657,0.5233303308486938,0.012090401723980904,19.709070205688477,0.0,0.0,0.0,0.0,0.0,0.0,0.0,0.0,0.0,0.0,0.0,0.0,0.0,0.0,0.0,0.0,0.0,0.0,315.9597853168976,1198.8559650767058,2174.287306783653
PINN20260511,6,251,pretrain,0.26766881346702576,0.06193418800830841,0.11728403717279434,0.06357261538505554,0.5254854559898376,0.012086767703294754,19.84589385986328,0.0,0.0,0.0,0.0,0.0,0.0,0.0,0.0,0.0,0.0,0.0,0.0,0.0,0.0,0.0,0.0,0.0,0.0,301.61909443037587,1182.8068312281596,2145.4520434652663
PINN20260511,6,253,pretrain,0.2136252522468567,0.04561430215835571,0.11492013186216354,0.044675715267658234,0.5193566083908081,0.01210012473165989,19.442035675048828,0.0,0.0,0.0,0.0,0.0,0.0,0.0,0.0,0.0,0.0,0.0,0.0,0.0,0.0,0.0,0.0,0.0,0.0,263.20076106462915,992.2844539243774,1807.0127354444621
PINN20260511,6,254,pretrain,0.20409969985485077,0.04275631904602051,0.11342698335647583,0.043914660811424255,0.5167158842086792,0.012101948261260986,19.42863655090332,0.0,0.0,0.0,0.0,0.0,0.0,0.0,0.0,0.0,0.0,0.0,0.0,0.0,0.0,0.0,0.0,0.0,0.0,311.24459081645097,1191.117070232813,2160.57110540901
PINN20260511,6,256,pretrain,0.2471410185098648,0.056146420538425446,0.11294229328632355,0.0598713718354702,0.5128169059753418,0.012098686769604683,19.664167404174805,0.0,0.0,0.0,0.0,0.0,0.0,0.0,0.0,0.0,0.0,0.0,0.0,0.0,0.0,0.0,0.0,0.0,0.0,268.14128738409534,983.5026690355243,1792.2102191361903
PINN20260511,6,257,pretrain,0.20939867198467255,0.044269055128097534,0.11514727771282196,0.0443030521273613,0.5078624486923218,0.012107349932193756,19.439767837524414,0.0,0.0,0.0,0.0,0.0,0.0,0.0,0.0,0.0,0.0,0.0,0.0,0.0,0.0,0.0,0.0,0.0,0.0,263.8725574259286,986.7694132876231,1797.425840583973
PINN20260511,6,259,pretrain,0.2517377436161041,0.056856706738471985,0.11756541579961777,0.060388945043087006,0.5153560042381287,0.012104423716664314,19.633464813232422,0.0,0.0,0.0,0.0,0.0,0.0,0.0,0.0,0.0,0.0,0.0,0.0,0.0,0.0,0.0,0.0,0.0,0.0,295.56877107959156,1171.8427262222522,2127.1044568082784
PINN20260511,6,260,pretrain,0.24026459455490112,0.0543854758143425,0.1104612797498703,0.058924272656440735,0.504633903503418,0.012105239555239677,19.69523048400879,0.0,0.0,0.0,0.0,0.0,0.0,0.0,0.0,0.0,0.0,0.0,0.0,0.0,0.0,0.0,0.0,0.0,0.0,264.6672881893416,982.6814081888392,1791.542737031012
PINN20260511,6,262,pretrain,0.2000989019870758,0.042180679738521576,0.10976634174585342,0.04362889751791954,0.49739640951156616,0.012115645222365856,19.44163703918457,0.0,0.0,0.0,0.0,0.0,0.0,0.0,0.0,0.0,0.0,0.0,0.0,0.0,0.0,0.0,0.0,0.0,0.0,295.79119271455664,1170.2177681953046,2123.8223373974733
PINN20260511,6,263,pretrain,0.2441149652004242,0.05443768948316574,0.11748670041561127,0.05890928953886032,0.5138347744941711,0.012111582793295383,19.59193229675293,0.0,0.0,0.0,0.0,0.0,0.0,0.0,0.0,0.0,0.0,0.0,0.0,0.0,0.0,0.0,0.0,0.0,0.0,289.45716975918907,1162.465859713738,2110.072988998257
PINN20260511,6,265,pretrain,0.2026171088218689,0.04231194779276848,0.11407475173473358,0.043704625219106674,0.4951474070549011,0.01211993582546711,19.459381103515625,0.0,0.0,0.0,0.0,0.0,0.0,0.0,0.0,0.0,0.0,0.0,0.0,0.0,0.0,0.0,0.0,0.0,0.0,257.38087353667134,983.4264398011678,1792.1432725962907
PINN20260511,6,266,pretrain,0.19529831409454346,0.04076454043388367,0.10906223952770233,0.04328648000955582,0.4908139109611511,0.012122263200581074,19.400814056396484,0.0,0.0,0.0,0.0,0.0,0.0,0.0,0.0,0.0,0.0,0.0,0.0,0.0,0.0,0.0,0.0,0.0,0.0,292.16439079737285,1162.9749567381061,2110.704245432874
PINN20260511,6,268,pretrain,0.22764673829078674,0.05018500238656998,0.11166860163211823,0.05615750327706337,0.5012966990470886,0.012120861560106277,19.4872989654541,0.0,0.0,0.0,0.0,0.0,0.0,0.0,0.0,0.0,0.0,0.0,0.0,0.0,0.0,0.0,0.0,0.0,0.0,260.5331522810485,975.8766571652383,1779.3667669207973
PINN20260511,6,269,pretrain,0.19914959371089935,0.041716352105140686,0.11113528907299042,0.04353034123778343,0.4863421320915222,0.012127193622291088,19.377761840820312,0.0,0.0,0.0,0.0,0.0,0.0,0.0,0.0,0.0,0.0,0.0,0.0,0.0,0.0,0.0,0.0,0.0,0.0,253.34620735517237,982.1871003021777,1790.4559226897145
PINN20260511,6,271,pretrain,0.23613929748535156,0.05278491973876953,0.11246734112501144,0.05775241181254387,0.5000192523002625,0.012126222252845764,19.41983985900879,0.0,0.0,0.0,0.0,0.0,0.0,0.0,0.0,0.0,0.0,0.0,0.0,0.0,0.0,0.0,0.0,0.0,0.0,280.0309134720665,1145.6027343717367,2080.0274397139083
PINN20260511,6,272,pretrain,0.22241823375225067,0.048776544630527496,0.11008647084236145,0.05536409839987755,0.4986274838447571,0.012128625996410847,19.370851516723633,0.0,0.0,0.0,0.0,0.0,0.0,0.0,0.0,0.0,0.0,0.0,0.0,0.0,0.0,0.0,0.0,0.0,0.0,260.3776554113275,970.7657415669344,1770.1534236469467
PINN20260511,6,274,pretrain,0.18645846843719482,0.038450684398412704,0.10614442825317383,0.042495954781770706,0.47675052285194397,0.012136422097682953,19.23853302001953,0.0,0.0,0.0,0.0,0.0,0.0,0.0,0.0,0.0,0.0,0.0,0.0,0.0,0.0,0.0,0.0,0.0,0.0,293.4057157972557,1157.8892973855488,2101.9893142191977
PINN20260511,6,275,pretrain,0.23541288077831268,0.05348200350999832,0.10718510299921036,0.058213651180267334,0.4865798354148865,0.012133942916989326,19.278940200805664,0.0,0.0,0.0,0.0,0.0,0.0,0.0,0.0,0.0,0.0,0.0,0.0,0.0,0.0,0.0,0.0,0.0,0.0,280.16977274948846,1142.5035557931537,2074.354968350223
PINN20260511,6,277,pretrain,0.19278810918331146,0.041198261082172394,0.10236982256174088,0.04316818714141846,0.46873828768730164,0.012143990956246853,19.03201675415039,0.0,0.0,0.0,0.0,0.0,0.0,0.0,0.0,0.0,0.0,0.0,0.0,0.0,0.0,0.0,0.0,0.0,0.0,248.74838253242976,975.7608249463594,1778.8167946907286
PINN20260511,6,278,pretrain,0.18269476294517517,0.038110531866550446,0.10110626369714737,0.04232453182339668,0.46725648641586304,0.0121449651196599,19.03620147705078,0.0,0.0,0.0,0.0,0.0,0.0,0.0,0.0,0.0,0.0,0.0,0.0,0.0,0.0,0.0,0.0,0.0,0.0,293.1892786665297,1153.8348560344327,2094.712434528094
PINN20260511,6,280,pretrain,0.22044041752815247,0.04968346282839775,0.10148171335458755,0.0558173805475235,0.47428497672080994,0.012143509462475777,19.09605598449707,0.0,0.0,0.0,0.0,0.0,0.0,0.0,0.0,0.0,0.0,0.0,0.0,0.0,0.0,0.0,0.0,0.0,0.0,253.73401273528546,965.7027557690824,1761.0670598083873
PINN20260511,6,281,pretrain,0.18601089715957642,0.03957656770944595,0.09909351915121078,0.04268606752157211,0.45986121892929077,0.012150058522820473,18.9710636138916,0.0,0.0,0.0,0.0,0.0,0.0,0.0,0.0,0.0,0.0,0.0,0.0,0.0,0.0,0.0,0.0,0.0,0.0,246.3069731047012,972.3696570749213,1772.7509249809743
PINN20260511,6,283,pretrain,0.23317675292491913,0.05350670963525772,0.10337000340223312,0.05802798271179199,0.46830129623413086,0.01214749924838543,19.069107055664062,0.0,0.0,0.0,0.0,0.0,0.0,0.0,0.0,0.0,0.0,0.0,0.0,0.0,0.0,0.0,0.0,0.0,0.0,288.16289067556914,1143.8063647313736,2077.3815917663505
PINN20260511,6,284,pretrain,0.22414234280586243,0.05166001617908478,0.09731009602546692,0.05692698806524277,0.45609259605407715,0.012148179113864899,19.105077743530273,0.0,0.0,0.0,0.0,0.0,0.0,0.0,0.0,0.0,0.0,0.0,0.0,0.0,0.0,0.0,0.0,0.0,0.0,243.40595110072803,971.4477597894804,1771.8431305365873
PINN20260511,6,286,pretrain,0.16475316882133484,0.03557833284139633,0.08194860816001892,0.0415755957365036,0.4364369213581085,0.01215527206659317,19.00255012512207,0.0,0.0,0.0,0.0,0.0,0.0,0.0,0.0,0.0,0.0,0.0,0.0,0.0,0.0,0.0,0.0,0.0,0.0,304.18782746027165,1157.8929678515194,2101.700332640905
PINN20260511,6,287,pretrain,0.26042604446411133,0.05775737017393112,0.1305564045906067,0.060307394713163376,0.4907124638557434,0.012148529291152954,19.27957534790039,0.0,0.0,0.0,0.0,0.0,0.0,0.0,0.0,0.0,0.0,0.0,0.0,0.0,0.0,0.0,0.0,0.0,0.0,321.514057332646,1174.2221893662204,2132.4305326635204
PINN20260511,6,289,pretrain,0.16324950754642487,0.031234629452228546,0.10382068902254105,0.04086911678314209,0.4730726182460785,0.012147773057222366,19.62896728515625,0.0,0.0,0.0,0.0,0.0,0.0,0.0,0.0,0.0,0.0,0.0,0.0,0.0,0.0,0.0,0.0,0.0,0.0,274.37965542747514,936.7082323221036,1708.6194996276452
PINN20260511,6,290,pretrain,0.19687113165855408,0.04612572491168976,0.08109146356582642,0.0446469821035862,0.4509413242340088,0.01215757243335247,19.183631896972656,0.0,0.0,0.0,0.0,0.0,0.0,0.0,0.0,0.0,0.0,0.0,0.0,0.0,0.0,0.0,0.0,0.0,0.0,220.71538516832032,1035.5884800440763,1884.7784143539182
PINN20260511,6,292,pretrain,0.1773090362548828,0.040597882121801376,0.07383719086647034,0.050066664814949036,0.42917346954345703,0.012146471999585629,19.80495834350586,0.0,0.0,0.0,0.0,0.0,0.0,0.0,0.0,0.0,0.0,0.0,0.0,0.0,0.0,0.0,0.0,0.0,0.0,232.44945687181118,974.6022586163034,1782.2945966111247
PINN20260511,6,293,pretrain,0.17828573286533356,0.03323635458946228,0.1207118108868599,0.04096419736742973,0.501396656036377,0.012150191701948643,19.77570343017578,0.0,0.0,0.0,0.0,0.0,0.0,0.0,0.0,0.0,0.0,0.0,0.0,0.0,0.0,0.0,0.0,0.0,0.0,243.81173897599763,958.4408236818797,1748.1907837058918
PINN20260511,6,295,pretrain,0.22683553397655487,0.04288610816001892,0.15282635390758514,0.05152928829193115,0.5729085803031921,0.01215801015496254,19.27492904663086,0.0,0.0,0.0,0.0,0.0,0.0,0.0,0.0,0.0,0.0,0.0,0.0,0.0,0.0,0.0,0.0,0.0,0.0,289.60841018520165,1135.1416211204662,2061.462040047374
PINN20260511,6,296,pretrain,0.23814301192760468,0.05221583694219589,0.12088219076395035,0.05709363520145416,0.4817845821380615,0.012155812233686447,19.439210891723633,0.0,0.0,0.0,0.0,0.0,0.0,0.0,0.0,0.0,0.0,0.0,0.0,0.0,0.0,0.0,0.0,0.0,0.0,217.39472128768443,1007.6774347478463,1838.105406364312
PINN20260511,6,298,pretrain,0.18076983094215393,0.04194556921720505,0.07589466869831085,0.04331571236252785,0.41613245010375977,0.012163623236119747,19.303150177001953,0.0,0.0,0.0,0.0,0.0,0.0,0.0,0.0,0.0,0.0,0.0,0.0,0.0,0.0,0.0,0.0,0.0,0.0,217.45362292912023,1023.8492015428834,1862.8166502475349
PINN20260511,6,299,pretrain,0.15104396641254425,0.029461581259965897,0.08947284519672394,0.04178910329937935,0.4782487750053406,0.01216292567551136,19.29058837890625,0.0,0.0,0.0,0.0,0.0,0.0,0.0,0.0,0.0,0.0,0.0,0.0,0.0,0.0,0.0,0.0,0.0,0.0,235.21350009087487,1066.5408454438113,1942.5447463954017
PINN20260511,6,301,physics,180862.0,0.03798862546682358,0.08723325282335281,0.04212575778365135,0.41976553201675415,0.012162338942289352,19.535938262939453,0.0,0.0,0.6284949779510498,48.87406921386719,0.0,0.0,3.737961264960177e-07,0.0033171616960316896,1.373217628497514e-07,4.139395670677004e-08,6753033.5,4577111.5,1408.327880859375,93.47753143310547,0.0011418464127928019,2.8106545979511566e-09,2.0879435539245605,24.19098472595215,594.1891533846776,820.3149166631069,1504.748132037945
PINN20260511,7,1,pretrain,50.72285842895508,16.049453735351562,2.063150405883789,7.359434604644775,3.5518627166748047,0.0026344377547502518,5.822393417358398,0.0,0.0,0.0,0.0,0.0,0.0,0.0,0.0,0.0,0.0,0.0,0.0,0.0,0.0,0.0,0.0,0.0,0.0,4389.515463009557,5424.206485745173,10030.98181991116
PINN20260511,7,3,pretrain,85.86910247802734,16.05030059814453,2.062839984893799,7.360000133514404,1760.7388916015625,0.0026199009735137224,5.842267990112305,0.0,0.0,0.0,0.0,0.0,0.0,0.0,0.0,0.0,0.0,0.0,0.0,0.0,0.0,0.0,0.0,0.0,0.0,4389.447117804246,5424.138456934889,10030.853585667142
PINN20260511,7,5,pretrain,50.71662521362305,16.049306869506836,2.062650203704834,7.359396457672119,3.2751753330230713,0.002626023255288601,5.852872848510742,0.0,0.0,0.0,0.0,0.0,0.0,0.0,0.0,0.0,0.0,0.0,0.0,0.0,0.0,0.0,0.0,0.0,0.0,4389.282401486603,5423.975663662218,10030.557822073994
PINN20260511,7,7,pretrain,50.66408920288086,16.047998428344727,2.0626204013824463,7.358554363250732,0.8536319732666016,0.0026396894827485085,5.85231876373291,0.0,0.0,0.0,0.0,0.0,0.0,0.0,0.0,0.0,0.0,0.0,0.0,0.0,0.0,0.0,0.0,0.0,0.0,4389.101274748625,5423.796825103242,10030.23952309471
PINN20260511,7,9,pretrain,50.661739349365234,16.046844482421875,2.062670946121216,7.357816696166992,0.9153680801391602,0.0026569764595478773,5.8480401039123535,0.0,0.0,0.0,0.0,0.0,0.0,0.0,0.0,0.0,0.0,0.0,0.0,0.0,0.0,0.0,0.0,0.0,0.0,4388.988493947097,5423.684540973968,10030.039412192964
PINN20260511,7,11,pretrain,50.65816116333008,16.046308517456055,2.062561273574829,7.357501029968262,0.8228758573532104,0.0026728527154773474,5.854058265686035,0.0,0.0,0.0,0.0,0.0,0.0,0.0,0.0,0.0,0.0,0.0,0.0,0.0,0.0,0.0,0.0,0.0,0.0,4388.939507443683,5423.633468441613,10029.945550572425
PINN20260511,7,13,pretrain,50.652557373046875,16.04595184326172,2.0623860359191895,7.357332706451416,0.6021595597267151,0.002692415611818433,5.865268707275391,0.0,0.0,0.0,0.0,0.0,0.0,0.0,0.0,0.0,0.0,0.0,0.0,0.0,0.0,0.0,0.0,0.0,0.0,4388.873431758998,5423.569120053694,10029.82520970414
PINN20260511,7,15,pretrain,50.649452209472656,16.045284271240234,2.062284469604492,7.356996536254883,0.5528380870819092,0.0027156162541359663,5.8739213943481445,0.0,0.0,0.0,0.0,0.0,0.0,0.0,0.0,0.0,0.0,0.0,0.0,0.0,0.0,0.0,0.0,0.0,0.0,4388.761100811937,5423.459228204818,10029.625980969638
PINN20260511,7,17,pretrain,50.64732360839844,16.044353485107422,2.0622475147247314,7.356507301330566,0.5918624401092529,0.0027412748895585537,5.878631114959717,0.0,0.0,0.0,0.0,0.0,0.0,0.0,0.0,0.0,0.0,0.0,0.0,0.0,0.0,0.0,0.0,0.0,0.0,4388.626208735485,5423.326101203947,10029.385672616769
PINN20260511,7,19,pretrain,50.64377212524414,16.043338775634766,2.0621838569641113,7.355958461761475,0.5734719634056091,0.0027717205230146646,5.882850646972656,0.0,0.0,0.0,0.0,0.0,0.0,0.0,0.0,0.0,0.0,0.0,0.0,0.0,0.0,0.0,0.0,0.0,0.0,4388.487666611358,5423.1852264144545,10029.131957361238
PINN20260511,7,21,pretrain,50.638973236083984,16.04230499267578,2.0620248317718506,7.355387210845947,0.49838030338287354,0.002809789264574647,5.889317512512207,0.0,0.0,0.0,0.0,0.0,0.0,0.0,0.0,0.0,0.0,0.0,0.0,0.0,0.0,0.0,0.0,0.0,0.0,4388.340005058861,5423.0330996592675,10028.856317779253
PINN20260511,7,23,pretrain,50.63421630859375,16.04109764099121,2.0617477893829346,7.354719638824463,0.4555128812789917,0.002857792191207409,5.898387432098389,0.0,0.0,0.0,0.0,0.0,0.0,0.0,0.0,0.0,0.0,0.0,0.0,0.0,0.0,0.0,0.0,0.0,0.0,4388.148812426488,5422.835236294756,10028.496215130217
PINN20260511,7,25,pretrain,50.628929138183594,16.039409637451172,2.06141996383667,7.353801727294922,0.46156883239746094,0.0029140145052224398,5.9079270362854,0.0,0.0,0.0,0.0,0.0,0.0,0.0,0.0,0.0,0.0,0.0,0.0,0.0,0.0,0.0,0.0,0.0,0.0,4387.876023772777,5422.558252338097,10027.993145784883
PINN20260511,7,27,pretrain,50.62143325805664,16.03705406188965,2.061124801635742,7.352538108825684,0.46004319190979004,0.0029781379271298647,5.916568279266357,0.0,0.0,0.0,0.0,0.0,0.0,0.0,0.0,0.0,0.0,0.0,0.0,0.0,0.0,0.0,0.0,0.0,0.0,4387.503846152161,5422.188303627973,10027.322477905604
PINN20260511,7,29,pretrain,50.61177062988281,16.033885955810547,2.0607714653015137,7.3508429527282715,0.4780447483062744,0.003065334167331457,5.927923202514648,0.0,0.0,0.0,0.0,0.0,0.0,0.0,0.0,0.0,0.0,0.0,0.0,0.0,0.0,0.0,0.0,0.0,0.0,4387.000569865475,5421.692540157547,10026.425237061112
PINN20260511,7,31,pretrain,50.59775924682617,16.029489517211914,2.060124635696411,7.348506927490234,0.47619563341140747,0.003199008759111166,5.947702884674072,0.0,0.0,0.0,0.0,0.0,0.0,0.0,0.0,0.0,0.0,0.0,0.0,0.0,0.0,0.0,0.0,0.0,0.0,4386.2760971010475,5420.987179472019,10025.144651697397
PINN20260511,7,33,pretrain,50.575927734375,16.022872924804688,2.0588223934173584,7.345038890838623,0.44435298442840576,0.0034153673332184553,5.9808173179626465,0.0,0.0,0.0,0.0,0.0,0.0,0.0,0.0,0.0,0.0,0.0,0.0,0.0,0.0,0.0,0.0,0.0,0.0,4385.144695446206,5419.89667798197,10023.159142936169
PINN20260511,7,35,pretrain,50.54230499267578,16.01226043701172,2.0563161373138428,7.3395490646362305,0.4727811813354492,0.0037742643617093563,6.031096458435059,0.0,0.0,0.0,0.0,0.0,0.0,0.0,0.0,0.0,0.0,0.0,0.0,0.0,0.0,0.0,0.0,0.0,0.0,4383.312446084582,5418.158912398196,10019.992097604329
PINN20260511,7,37,pretrain,50.48929214477539,15.995071411132812,2.0519518852233887,7.330633640289307,0.5989136695861816,0.004348154179751873,6.0961103439331055,0.0,0.0,0.0,0.0,0.0,0.0,0.0,0.0,0.0,0.0,0.0,0.0,0.0,0.0,0.0,0.0,0.0,0.0,4380.371902019279,5415.420389960506,10015.002545910369
PINN20260511,7,39,pretrain,50.40342712402344,15.967830657958984,2.045279026031494,7.316333293914795,0.7013046741485596,0.005157040897756815,6.158764362335205,0.0,0.0,0.0,0.0,0.0,0.0,0.0,0.0,0.0,0.0,0.0,0.0,0.0,0.0,0.0,0.0,0.0,0.0,4375.750906987279,5411.122249589266,10007.173427139054
PINN20260511,7,41,pretrain,50.2681999206543,15.925250053405762,2.034499168395996,7.29399299621582,0.8200774192810059,0.006278104614466429,6.213625431060791,0.0,0.0,0.0,0.0,0.0,0.0,0.0,0.0,0.0,0.0,0.0,0.0,0.0,0.0,0.0,0.0,0.0,0.0,4368.58741471428,5404.321789086953,9994.76140342024
PINN20260511,7,43,pretrain,50.0646858215332,15.860212326049805,2.014986515045166,7.260117053985596,1.2268013954162598,0.007811081130057573,6.277677059173584,0.0,0.0,0.0,0.0,0.0,0.0,0.0,0.0,0.0,0.0,0.0,0.0,0.0,0.0,0.0,0.0,0.0,0.0,4357.906837003287,5393.763806471322,9975.428297009566
PINN20260511,7,45,pretrain,49.76152038574219,15.764774322509766,1.9865437746047974,7.2112627029418945,1.5836454629898071,0.009555631317198277,6.357499122619629,0.0,0.0,0.0,0.0,0.0,0.0,0.0,0.0,0.0,0.0,0.0,0.0,0.0,0.0,0.0,0.0,0.0,0.0,4342.431346607566,5377.722008434426,9946.01361986942
PINN20260511,7,47,pretrain,49.303279876708984,15.625510215759277,1.9674046039581299,7.145936489105225,0.6929184198379517,0.01127605140209198,6.457409858703613,0.0,0.0,0.0,0.0,0.0,0.0,0.0,0.0,0.0,0.0,0.0,0.0,0.0,0.0,0.0,0.0,0.0,0.0,4319.121901498035,5352.875302115677,9900.710947885842
PINN20260511,7,49,pretrain,48.59920883178711,15.40640640258789,1.898864507675171,7.064353942871094,0.8843163251876831,0.0127590112388134,6.765291213989258,0.0,0.0,0.0,0.0,0.0,0.0,0.0,0.0,0.0,0.0,0.0,0.0,0.0,0.0,0.0,0.0,0.0,0.0,4279.240586833136,5310.154423366613,9821.441468442756
PINN20260511,7,51,pretrain,47.28837585449219,14.990589141845703,1.6320315599441528,6.958434104919434,5.445322036743164,0.013713066466152668,7.375079154968262,0.0,0.0,0.0,0.0,0.0,0.0,0.0,0.0,0.0,0.0,0.0,0.0,0.0,0.0,0.0,0.0,0.0,0.0,4198.53950797179,5224.875309516965,9661.507591687738
PINN20260511,7,53,pretrain,44.5557861328125,14.117681503295898,1.0789703130722046,6.795248031616211,15.210307121276855,0.01407720148563385,8.503074645996094,0.0,0.0,0.0,0.0,0.0,0.0,0.0,0.0,0.0,0.0,0.0,0.0,0.0,0.0,0.0,0.0,0.0,0.0,4023.312689811718,5061.294893601834,9366.518421894012
PINN20260511,7,55,pretrain,39.39508056640625,12.43910026550293,0.6838876605033875,6.508979320526123,21.701984405517578,0.014047082513570786,10.575235366821289,0.0,0.0,0.0,0.0,0.0,0.0,0.0,0.0,0.0,0.0,0.0,0.0,0.0,0.0,0.0,0.0,0.0,0.0,3719.3754852125376,5030.046123048973,9389.147499172142
PINN20260511,7,57,pretrain,35.55843734741211,10.979339599609375,2.275984048843384,6.087387561798096,13.247501373291016,0.01385723426938057,14.21252155303955,0.0,0.0,0.0,0.0,0.0,0.0,0.0,0.0,0.0,0.0,0.0,0.0,0.0,0.0,0.0,0.0,0.0,0.0,3720.7304390401623,5788.804021557476,10767.182040955251
PINN20260511,7,59,pretrain,43.531620025634766,13.233230590820312,4.466936111450195,5.899853229522705,20.92453384399414,0.013707330450415611,17.226316452026367,0.0,0.0,0.0,0.0,0.0,0.0,0.0,0.0,0.0,0.0,0.0,0.0,0.0,0.0,0.0,0.0,0.0,0.0,4197.971653072469,5979.755178935004,11243.745782392143
PINN20260511,7,61,pretrain,53.01685333251953,15.630146026611328,8.267308235168457,5.851739406585693,41.120574951171875,0.013639035634696484,18.21535873413086,0.0,0.0,0.0,0.0,0.0,0.0,0.0,0.0,0.0,0.0,0.0,0.0,0.0,0.0,0.0,0.0,0.0,0.0,4234.52807287896,5286.218118844511,9939.614893576849
PINN20260511,7,63,pretrain,45.175289154052734,13.737427711486816,4.178964138031006,5.592635631561279,37.74983215332031,0.013622336089611053,17.437101364135742,0.0,0.0,0.0,0.0,0.0,0.0,0.0,0.0,0.0,0.0,0.0,0.0,0.0,0.0,0.0,0.0,0.0,0.0,3781.1142537617134,4583.893977831512,8577.679535659421
PINN20260511,7,65,pretrain,33.83113479614258,10.607244491577148,0.9845110774040222,5.356051921844482,22.296945571899414,0.013640317134559155,15.761130332946777,0.0,0.0,0.0,0.0,0.0,0.0,0.0,0.0,0.0,0.0,0.0,0.0,0.0,0.0,0.0,0.0,0.0,0.0,3426.97286245456,4362.806665439119,8126.686022436413
PINN20260511,7,67,pretrain,30.385780334472656,9.6389741897583,0.45690762996673584,5.379868984222412,8.221458435058594,0.013667869381606579,14.324049949645996,0.0,0.0,0.0,0.0,0.0,0.0,0.0,0.0,0.0,0.0,0.0,0.0,0.0,0.0,0.0,0.0,0.0,0.0,3414.9878477089783,4421.28329786726,8222.045664140762
PINN20260511,7,69,pretrain,30.680694580078125,9.742072105407715,0.6528831720352173,5.33864688873291,3.015423059463501,0.013621890917420387,14.620183944702148,0.0,0.0,0.0,0.0,0.0,0.0,0.0,0.0,0.0,0.0,0.0,0.0,0.0,0.0,0.0,0.0,0.0,0.0,3402.27864820035,4388.358007273336,8154.620722091453
PINN20260511,7,71,pretrain,29.362977981567383,9.345277786254883,0.44480305910110474,5.084196090698242,4.395185470581055,0.013518606312572956,16.390214920043945,0.0,0.0,0.0,0.0,0.0,0.0,0.0,0.0,0.0,0.0,0.0,0.0,0.0,0.0,0.0,0.0,0.0,0.0,3283.8230768419908,4220.383157960898,7835.401642998611
PINN20260511,7,73,pretrain,26.25563621520996,8.345534324645996,0.20022298395633698,4.5717058181762695,10.229135513305664,0.013394699431955814,19.659862518310547,0.0,0.0,0.0,0.0,0.0,0.0,0.0,0.0,0.0,0.0,0.0,0.0,0.0,0.0,0.0,0.0,0.0,0.0,3052.8770037458107,3888.364309063645,7219.070771619509
PINN20260511,7,75,pretrain,22.190147399902344,6.954618453979492,0.3939090073108673,3.7716126441955566,18.75076675415039,0.01327526941895485,24.770875930786133,0.0,0.0,0.0,0.0,0.0,0.0,0.0,0.0,0.0,0.0,0.0,0.0,0.0,0.0,0.0,0.0,0.0,0.0,2751.8287555732823,3372.5313934787914,6286.077729512289
PINN20260511,7,77,pretrain,18.35626983642578,5.640427589416504,1.0510998964309692,2.741669178009033,18.055086135864258,0.013175872154533863,32.06703186035156,0.0,0.0,0.0,0.0,0.0,0.0,0.0,0.0,0.0,0.0,0.0,0.0,0.0,0.0,0.0,0.0,0.0,0.0,2447.2575467244965,2723.6207518668966,5128.169694041696
PINN20260511,7,79,pretrain,13.96166706085205,4.325638771057129,0.8172899484634399,1.8867946863174438,9.937355041503906,0.013114492408931255,39.52916717529297,0.0,0.0,0.0,0.0,0.0,0.0,0.0,0.0,0.0,0.0,0.0,0.0,0.0,0.0,0.0,0.0,0.0,0.0,2067.1176792819515,2063.301238307194,3938.1818328958752
PINN20260511,7,81,pretrain,9.340147972106934,2.928546667098999,0.35281914472579956,1.4848840236663818,4.056082725524902,0.013087778352200985,44.88026809692383,0.0,0.0,0.0,0.0,0.0,0.0,0.0,0.0,0.0,0.0,0.0,0.0,0.0,0.0,0.0,0.0,0.0,0.0,1731.566848262001,1567.9501745910168,3055.2845551591545
PINN20260511,7,83,pretrain,7.603769779205322,2.3217153549194336,0.5540727972984314,1.553331732749939,2.5460519790649414,0.013084507547318935,49.588844299316406,0.0,0.0,0.0,0.0,0.0,0.0,0.0,0.0,0.0,0.0,0.0,0.0,0.0,0.0,0.0,0.0,0.0,0.0,1648.4959811901272,1358.3152708410519,2655.503126064011
PINN20260511,7,85,pretrain,7.4264326095581055,2.2149465084075928,0.8102478384971619,1.5541657209396362,3.2818338871002197,0.013094701804220676,49.69102096557617,0.0,0.0,0.0,0.0,0.0,0.0,0.0,0.0,0.0,0.0,0.0,0.0,0.0,0.0,0.0,0.0,0.0,0.0,1596.314505352877,1389.3188978776616,2707.220185232947
PINN20260511,7,87,pretrain,6.59869384765625,1.9748260974884033,0.7509315609931946,1.1947869062423706,2.98960018157959,0.013076938688755035,45.28474807739258,0.0,0.0,0.0,0.0,0.0,0.0,0.0,0.0,0.0,0.0,0.0,0.0,0.0,0.0,0.0,0.0,0.0,0.0,1464.8250748809567,1319.114191417862,2584.205000459317
PINN20260511,7,89,pretrain,5.233097553253174,1.5504417419433594,0.6687062978744507,1.0020545721054077,2.3504369258880615,0.013022655621170998,43.44029235839844,0.0,0.0,0.0,0.0,0.0,0.0,0.0,0.0,0.0,0.0,0.0,0.0,0.0,0.0,0.0,0.0,0.0,0.0,1264.6050272713612,1050.6798394373045,2103.4009153400843
PINN20260511,7,91,pretrain,3.8883044719696045,1.1445786952972412,0.5328542590141296,0.7718044519424438,1.6890194416046143,0.012972796335816383,40.80615234375,0.0,0.0,0.0,0.0,0.0,0.0,0.0,0.0,0.0,0.0,0.0,0.0,0.0,0.0,0.0,0.0,0.0,0.0,1094.8983971127184,975.9184776404226,1992.787769426
PINN20260511,7,93,pretrain,3.100334644317627,0.908385157585144,0.48324838280677795,0.5164941549301147,1.5128118991851807,0.012950429692864418,35.86237716674805,0.0,0.0,0.0,0.0,0.0,0.0,0.0,0.0,0.0,0.0,0.0,0.0,0.0,0.0,0.0,0.0,0.0,0.0,999.958405384944,875.3115159758838,1826.0884674361428
PINN20260511,7,95,pretrain,2.5948870182037354,0.7638026475906372,0.38984596729278564,0.38878166675567627,1.539980173110962,0.012919791042804718,33.35398864746094,0.0,0.0,0.0,0.0,0.0,0.0,0.0,0.0,0.0,0.0,0.0,0.0,0.0,0.0,0.0,0.0,0.0,0.0,886.0879612092696,920.6535043109324,1907.842398115773
PINN20260511,7,97,pretrain,1.9269014596939087,0.5521679520606995,0.3485526144504547,0.2825043499469757,1.9810130596160889,0.012910615652799606,29.901138305664062,0.0,0.0,0.0,0.0,0.0,0.0,0.0,0.0,0.0,0.0,0.0,0.0,0.0,0.0,0.0,0.0,0.0,0.0,725.9900997947561,751.8122272216647,1600.9420334877768
PINN20260511,7,99,pretrain,1.3828537464141846,0.35942918062210083,0.42122769355773926,0.2155965119600296,2.541646718978882,0.012897057458758354,28.138395309448242,0.0,0.0,0.0,0.0,0.0,0.0,0.0,0.0,0.0,0.0,0.0,0.0,0.0,0.0,0.0,0.0,0.0,0.0,609.6729656135328,906.9423562167553,1873.530662596272
PINN20260511,7,101,pretrain,1.0942096710205078,0.2680757939815521,0.4364287555217743,0.1710050255060196,1.8783445358276367,0.012894579209387302,26.24798011779785,0.0,0.0,0.0,0.0,0.0,0.0,0.0,0.0,0.0,0.0,0.0,0.0,0.0,0.0,0.0,0.0,0.0,0.0,547.304074532613,768.115266415139,1622.9574612108456
PINN20260511,7,103,pretrain,1.00083589553833,0.24057242274284363,0.42341870069503784,0.19804860651493073,1.389978289604187,0.012871213257312775,25.725276947021484,0.0,0.0,0.0,0.0,0.0,0.0,0.0,0.0,0.0,0.0,0.0,0.0,0.0,0.0,0.0,0.0,0.0,0.0,506.70288384811863,833.347654043617,1748.613106196945
PINN20260511,7,105,pretrain,0.8201314210891724,0.19211895763874054,0.3908425569534302,0.12028715759515762,1.2147910594940186,0.012903816998004913,21.97623634338379,0.0,0.0,0.0,0.0,0.0,0.0,0.0,0.0,0.0,0.0,0.0,0.0,0.0,0.0,0.0,0.0,0.0,0.0,436.38429165129213,707.394691809318,1532.005551383482
PINN20260511,7,107,pretrain,0.5941168665885925,0.13420096039772034,0.2988632917404175,0.1039576381444931,1.0645419359207153,0.012949842028319836,18.5380916595459,0.0,0.0,0.0,0.0,0.0,0.0,0.0,0.0,0.0,0.0,0.0,0.0,0.0,0.0,0.0,0.0,0.0,0.0,377.6981888691022,763.2287091691454,1641.9192734508413
PINN20260511,7,109,pretrain,0.4729059338569641,0.11242187023162842,0.19938401877880096,0.08448193222284317,0.952595591545105,0.013059379532933235,14.285717964172363,0.0,0.0,0.0,0.0,0.0,0.0,0.0,0.0,0.0,0.0,0.0,0.0,0.0,0.0,0.0,0.0,0.0,0.0,353.43128310182163,754.2016888737388,1631.0442630622554
PINN20260511,7,111,pretrain,0.4103693664073944,0.10665956139564514,0.12222892045974731,0.07028535008430481,0.7609573602676392,0.013212711550295353,10.92507266998291,0.0,0.0,0.0,0.0,0.0,0.0,0.0,0.0,0.0,0.0,0.0,0.0,0.0,0.0,0.0,0.0,0.0,0.0,340.1102073225677,833.2519501927374,1769.226170641526
PINN20260511,7,113,pretrain,0.35867223143577576,0.09198366105556488,0.10820946842432022,0.06750526279211044,0.7557740211486816,0.013319535180926323,9.340300559997559,0.0,0.0,0.0,0.0,0.0,0.0,0.0,0.0,0.0,0.0,0.0,0.0,0.0,0.0,0.0,0.0,0.0,0.0,316.63621427041477,856.5766165381822,1815.2994690242526
PINN20260511,7,115,pretrain,0.33227184414863586,0.0810999795794487,0.11357820779085159,0.0713408961892128,0.8957306146621704,0.01339330431073904,8.421314239501953,0.0,0.0,0.0,0.0,0.0,0.0,0.0,0.0,0.0,0.0,0.0,0.0,0.0,0.0,0.0,0.0,0.0,0.0,310.14618529009834,831.9353190002213,1769.7995730441346
PINN20260511,7,117,pretrain,0.302764892578125,0.07732928544282913,0.08206387609243393,0.06775438040494919,0.8097107410430908,0.01349378190934658,7.483335494995117,0.0,0.0,0.0,0.0,0.0,0.0,0.0,0.0,0.0,0.0,0.0,0.0,0.0,0.0,0.0,0.0,0.0,0.0,297.10852657320356,789.1184163355966,1689.700910506809
PINN20260511,7,119,pretrain,0.27034077048301697,0.06812737137079239,0.08351516723632812,0.06050233542919159,0.6050300598144531,0.013452905230224133,7.713921070098877,0.0,0.0,0.0,0.0,0.0,0.0,0.0,0.0,0.0,0.0,0.0,0.0,0.0,0.0,0.0,0.0,0.0,0.0,273.6744330632659,683.2494282836979,1505.7729895620312
PINN20260511,7,121,pretrain,0.24176901578903198,0.06112337484955788,0.07182502746582031,0.05401046946644783,0.5842143893241882,0.013453585095703602,7.610461711883545,0.0,0.0,0.0,0.0,0.0,0.0,0.0,0.0,0.0,0.0,0.0,0.0,0.0,0.0,0.0,0.0,0.0,0.0,266.82354597654984,595.7672574084614,1364.5127228380775
PINN20260511,7,123,pretrain,0.23893320560455322,0.06241076439619064,0.05439072847366333,0.05091417580842972,0.7161362767219543,0.013538237661123276,6.949517726898193,0.0,0.0,0.0,0.0,0.0,0.0,0.0,0.0,0.0,0.0,0.0,0.0,0.0,0.0,0.0,0.0,0.0,0.0,270.31434247926984,589.7097538196227,1360.8259967920487
PINN20260511,7,125,pretrain,0.23708821833133698,0.0616983100771904,0.05605095252394676,0.04879425838589668,0.7104487419128418,0.013478570617735386,7.240960121154785,0.0,0.0,0.0,0.0,0.0,0.0,0.0,0.0,0.0,0.0,0.0,0.0,0.0,0.0,0.0,0.0,0.0,0.0,264.71742009168946,602.6703597324163,1383.1525967401262
PINN20260511,7,127,pretrain,0.22029078006744385,0.057575374841690063,0.04653116688132286,0.04793159291148186,0.7356374859809875,0.013522273860871792,6.894500255584717,0.0,0.0,0.0,0.0,0.0,0.0,0.0,0.0,0.0,0.0,0.0,0.0,0.0,0.0,0.0,0.0,0.0,0.0,260.60392600649743,616.1910975906744,1400.9775056945384
PINN20260511,7,129,pretrain,0.21487563848495483,0.057020507752895355,0.04561313986778259,0.04835698381066322,0.5668083429336548,0.01345765870064497,7.234344005584717,0.0,0.0,0.0,0.0,0.0,0.0,0.0,0.0,0.0,0.0,0.0,0.0,0.0,0.0,0.0,0.0,0.0,0.0,260.49034291121046,628.8487745475854,1418.6837601483603
PINN20260511,7,131,pretrain,0.20952185988426208,0.05555972456932068,0.043043818324804306,0.047391828149557114,0.592120885848999,0.013484622351825237,6.9906907081604,0.0,0.0,0.0,0.0,0.0,0.0,0.0,0.0,0.0,0.0,0.0,0.0,0.0,0.0,0.0,0.0,0.0,0.0,253.69612266696154,605.9370326197269,1381.2731874981616
PINN20260511,7,133,pretrain,0.19715085625648499,0.053296949714422226,0.03453303873538971,0.04596392810344696,0.5400349497795105,0.013458277098834515,7.082857608795166,0.0,0.0,0.0,0.0,0.0,0.0,0.0,0.0,0.0,0.0,0.0,0.0,0.0,0.0,0.0,0.0,0.0,0.0,249.15516626190998,572.3828209773595,1328.6801257484756
PINN20260511,7,135,pretrain,0.19492441415786743,0.05254806578159332,0.03272663429379463,0.04486384615302086,0.5972065925598145,0.013466392643749714,6.9611945152282715,0.0,0.0,0.0,0.0,0.0,0.0,0.0,0.0,0.0,0.0,0.0,0.0,0.0,0.0,0.0,0.0,0.0,0.0,246.94202412965274,544.826807343398,1285.4173028138568
PINN20260511,7,137,pretrain,0.192014679312706,0.05185897648334503,0.03246345371007919,0.04420320317149162,0.5682691335678101,0.013437786139547825,7.066551685333252,0.0,0.0,0.0,0.0,0.0,0.0,0.0,0.0,0.0,0.0,0.0,0.0,0.0,0.0,0.0,0.0,0.0,0.0,243.48170330386225,535.8451268790265,1268.8214231285199
PINN20260511,7,139,pretrain,0.18456736207008362,0.05002961307764053,0.030376845970749855,0.043814510107040405,0.5263599157333374,0.013424930162727833,7.080255508422852,0.0,0.0,0.0,0.0,0.0,0.0,0.0,0.0,0.0,0.0,0.0,0.0,0.0,0.0,0.0,0.0,0.0,0.0,239.63848097185894,524.3905986952856,1246.0228963739576
PINN20260511,7,141,pretrain,0.1831229031085968,0.049136847257614136,0.03316507861018181,0.043738216161727905,0.5191096663475037,0.013408416882157326,7.121595859527588,0.0,0.0,0.0,0.0,0.0,0.0,0.0,0.0,0.0,0.0,0.0,0.0,0.0,0.0,0.0,0.0,0.0,0.0,238.2787151504515,524.6452074974096,1245.2857499572945
PINN20260511,7,143,pretrain,0.1824749857187271,0.04909603297710419,0.03249836340546608,0.04352354258298874,0.5116503238677979,0.013384459540247917,7.215599060058594,0.0,0.0,0.0,0.0,0.0,0.0,0.0,0.0,0.0,0.0,0.0,0.0,0.0,0.0,0.0,0.0,0.0,0.0,237.3310912522841,513.3711194155744,1227.5367429606606
PINN20260511,7,145,pretrain,0.1798846572637558,0.04866553097963333,0.029324304312467575,0.042981214821338654,0.5314835906028748,0.013376298360526562,7.207806587219238,0.0,0.0,0.0,0.0,0.0,0.0,0.0,0.0,0.0,0.0,0.0,0.0,0.0,0.0,0.0,0.0,0.0,0.0,233.83785949082326,509.11422772792355,1222.2313497349776
PINN20260511,7,147,pretrain,0.17431508004665375,0.0468071848154068,0.030929358676075935,0.04214929789304733,0.49994927644729614,0.01335063949227333,7.30836296081543,0.0,0.0,0.0,0.0,0.0,0.0,0.0,0.0,0.0,0.0,0.0,0.0,0.0,0.0,0.0,0.0,0.0,0.0,230.77563678007695,520.9385460397416,1242.147091987519
PINN20260511,7,149,pretrain,0.16894344985485077,0.045300133526325226,0.02923727035522461,0.04167849197983742,0.504435658454895,0.013356052339076996,7.196805000305176,0.0,0.0,0.0,0.0,0.0,0.0,0.0,0.0,0.0,0.0,0.0,0.0,0.0,0.0,0.0,0.0,0.0,0.0,230.98263259929305,547.1552282031124,1285.3792385866996
PINN20260511,7,151,pretrain,0.16706092655658722,0.04496942460536957,0.029132317751646042,0.042312197387218475,0.4562027156352997,0.013320482335984707,7.368361473083496,0.0,0.0,0.0,0.0,0.0,0.0,0.0,0.0,0.0,0.0,0.0,0.0,0.0,0.0,0.0,0.0,0.0,0.0,232.31898195154008,564.7076677361482,1314.32989704365
PINN20260511,7,153,pretrain,0.1657750904560089,0.044427648186683655,0.028123054653406143,0.04291307553648949,0.4923996329307556,0.013317810371518135,7.331126689910889,0.0,0.0,0.0,0.0,0.0,0.0,0.0,0.0,0.0,0.0,0.0,0.0,0.0,0.0,0.0,0.0,0.0,0.0,230.55986546339759,564.7492253204072,1314.2172974817836
PINN20260511,7,155,pretrain,0.16220952570438385,0.04344766587018967,0.02765713632106781,0.04256368800997734,0.47626158595085144,0.013292578049004078,7.464035511016846,0.0,0.0,0.0,0.0,0.0,0.0,0.0,0.0,0.0,0.0,0.0,0.0,0.0,0.0,0.0,0.0,0.0,0.0,226.24418155501812,548.1172604926796,1285.5485066034967
PINN20260511,7,157,pretrain,0.1587158441543579,0.042502261698246,0.02673756144940853,0.04137818142771721,0.47823113203048706,0.013296946883201599,7.396904468536377,0.0,0.0,0.0,0.0,0.0,0.0,0.0,0.0,0.0,0.0,0.0,0.0,0.0,0.0,0.0,0.0,0.0,0.0,222.76306429141255,523.1014182259497,1242.5676361227397
PINN20260511,7,159,pretrain,0.1578129529953003,0.042266204953193665,0.027513084933161736,0.04060680419206619,0.45682185888290405,0.013283101841807365,7.458937168121338,0.0,0.0,0.0,0.0,0.0,0.0,0.0,0.0,0.0,0.0,0.0,0.0,0.0,0.0,0.0,0.0,0.0,0.0,221.10802294919105,508.6273347206184,1217.8770173809241
PINN20260511,7,161,pretrain,0.15642407536506653,0.04196260869503021,0.02688637748360634,0.04015938565135002,0.4530590772628784,0.013271310366690159,7.504141330718994,0.0,0.0,0.0,0.0,0.0,0.0,0.0,0.0,0.0,0.0,0.0,0.0,0.0,0.0,0.0,0.0,0.0,0.0,219.62053566891234,504.3089176040812,1210.822949027365
PINN20260511,7,163,pretrain,0.15355879068374634,0.04112030193209648,0.02632729709148407,0.039857167750597,0.4531395435333252,0.013247668743133545,7.634802341461182,0.0,0.0,0.0,0.0,0.0,0.0,0.0,0.0,0.0,0.0,0.0,0.0,0.0,0.0,0.0,0.0,0.0,0.0,218.2568727440215,512.2428318190505,1224.4925788681169
PINN20260511,7,165,pretrain,0.1509951651096344,0.04032011330127716,0.026015687733888626,0.03980474919080734,0.4533018171787262,0.013223156332969666,7.775681972503662,0.0,0.0,0.0,0.0,0.0,0.0,0.0,0.0,0.0,0.0,0.0,0.0,0.0,0.0,0.0,0.0,0.0,0.0,217.71048543593392,522.0086505509272,1240.8962534367797
PINN20260511,7,167,pretrain,0.14921535551548004,0.039862241595983505,0.025474825873970985,0.0398603156208992,0.4459584355354309,0.013205049559473991,7.871711254119873,0.0,0.0,0.0,0.0,0.0,0.0,0.0,0.0,0.0,0.0,0.0,0.0,0.0,0.0,0.0,0.0,0.0,0.0,217.84406155837712,530.5330161733575,1255.1256745686387
PINN20260511,7,169,pretrain,0.14855197072029114,0.039703067392110825,0.02554009109735489,0.04000084474682808,0.4336284399032593,0.013180265203118324,8.026761054992676,0.0,0.0,0.0,0.0,0.0,0.0,0.0,0.0,0.0,0.0,0.0,0.0,0.0,0.0,0.0,0.0,0.0,0.0,219.72254343546544,542.1711272744059,1275.3287840770686
PINN20260511,7,171,pretrain,0.15199510753154755,0.04085621237754822,0.025092486292123795,0.04092875495553017,0.43472427129745483,0.013157244771718979,8.168375015258789,0.0,0.0,0.0,0.0,0.0,0.0,0.0,0.0,0.0,0.0,0.0,0.0,0.0,0.0,0.0,0.0,0.0,0.0,233.57738446016128,579.3436210488557,1339.1832000822076
PINN20260511,7,173,pretrain,0.14559750258922577,0.03887548670172691,0.025095785036683083,0.039073579013347626,0.4304213225841522,0.013154804706573486,8.170677185058594,0.0,0.0,0.0,0.0,0.0,0.0,0.0,0.0,0.0,0.0,0.0,0.0,0.0,0.0,0.0,0.0,0.0,0.0,212.2504785035831,486.30004562512636,1180.5632597131794
PINN20260511,7,175,pretrain,0.16276851296424866,0.04372299835085869,0.027582071721553802,0.03927849233150482,0.49763911962509155,0.013192868791520596,7.884186267852783,0.0,0.0,0.0,0.0,0.0,0.0,0.0,0.0,0.0,0.0,0.0,0.0,0.0,0.0,0.0,0.0,0.0,0.0,210.80389287202453,492.67192430663226,1191.6052747595331
PINN20260511,7,177,pretrain,0.1508873552083969,0.038723476231098175,0.03791942819952965,0.0389481820166111,0.3983790874481201,0.013121524825692177,8.394669532775879,0.0,0.0,0.0,0.0,0.0,0.0,0.0,0.0,0.0,0.0,0.0,0.0,0.0,0.0,0.0,0.0,0.0,0.0,230.4591883609764,571.3723063817497,1326.1318766435106
PINN20260511,7,179,pretrain,0.14729680120944977,0.03794362396001816,0.03187388926744461,0.038457151502370834,0.4918780028820038,0.013192283920943737,7.765875816345215,0.0,0.0,0.0,0.0,0.0,0.0,0.0,0.0,0.0,0.0,0.0,0.0,0.0,0.0,0.0,0.0,0.0,0.0,208.92269241575937,492.9024212509003,1192.1997899760693
PINN20260511,7,181,pretrain,0.149712473154068,0.03888368606567383,0.03538501635193825,0.037283387035131454,0.39561134576797485,0.013163699768483639,8.016959190368652,0.0,0.0,0.0,0.0,0.0,0.0,0.0,0.0,0.0,0.0,0.0,0.0,0.0,0.0,0.0,0.0,0.0,0.0,210.3413984603364,464.180275458792,1143.744289771117
PINN20260511,7,183,pretrain,0.145277738571167,0.038314882665872574,0.027191393077373505,0.03698144480586052,0.4670543670654297,0.013214283622801304,7.601365566253662,0.0,0.0,0.0,0.0,0.0,0.0,0.0,0.0,0.0,0.0,0.0,0.0,0.0,0.0,0.0,0.0,0.0,0.0,206.99879226700816,479.1034922122777,1169.3421268583957
PINN20260511,7,185,pretrain,0.13899928331375122,0.03632630407810211,0.02973906882107258,0.03664887323975563,0.3910534381866455,0.013168436475098133,7.908484935760498,0.0,0.0,0.0,0.0,0.0,0.0,0.0,0.0,0.0,0.0,0.0,0.0,0.0,0.0,0.0,0.0,0.0,0.0,208.84523463859549,513.3521573929538,1227.7506191086584
PINN20260511,7,187,pretrain,0.14021486043930054,0.036619529128074646,0.02788330242037773,0.037133678793907166,0.4493945240974426,0.013194158673286438,7.671894073486328,0.0,0.0,0.0,0.0,0.0,0.0,0.0,0.0,0.0,0.0,0.0,0.0,0.0,0.0,0.0,0.0,0.0,0.0,211.74382001017173,528.189034579477,1252.9889465574704
PINN20260511,7,189,pretrain,0.13927119970321655,0.036793362349271774,0.02746650017797947,0.03725915029644966,0.3853018879890442,0.013153305277228355,7.970754146575928,0.0,0.0,0.0,0.0,0.0,0.0,0.0,0.0,0.0,0.0,0.0,0.0,0.0,0.0,0.0,0.0,0.0,0.0,208.2076131082867,517.7866054177146,1235.2447662173888
PINN20260511,7,191,pretrain,0.13492240011692047,0.035276155918836594,0.026262987405061722,0.035954490303993225,0.4385780096054077,0.013177393935620785,7.7827959060668945,0.0,0.0,0.0,0.0,0.0,0.0,0.0,0.0,0.0,0.0,0.0,0.0,0.0,0.0,0.0,0.0,0.0,0.0,203.19306551897878,486.98602713527623,1182.9919168206638
PINN20260511,7,193,pretrain,0.13401196897029877,0.035406459122896194,0.02512292191386223,0.035452473908662796,0.4070311188697815,0.013162024319171906,7.906572341918945,0.0,0.0,0.0,0.0,0.0,0.0,0.0,0.0,0.0,0.0,0.0,0.0,0.0,0.0,0.0,0.0,0.0,0.0,202.4860141775229,471.8450652756686,1157.0491020913216
PINN20260511,7,195,pretrain,0.13364292681217194,0.03529295325279236,0.02569504640996456,0.035225044935941696,0.3935772180557251,0.013149880804121494,7.9930419921875,0.0,0.0,0.0,0.0,0.0,0.0,0.0,0.0,0.0,0.0,0.0,0.0,0.0,0.0,0.0,0.0,0.0,0.0,201.33911070629074,474.9245005787762,1162.3208954165857
PINN20260511,7,197,pretrain,0.1324019879102707,0.034454070031642914,0.02641438879072666,0.034985076636075974,0.4417787790298462,0.013161552138626575,7.876323223114014,0.0,0.0,0.0,0.0,0.0,0.0,0.0,0.0,0.0,0.0,0.0,0.0,0.0,0.0,0.0,0.0,0.0,0.0,201.46847613212347,492.8676134369147,1192.7554679063117
PINN20260511,7,199,pretrain,0.13253068923950195,0.034381140023469925,0.029628844931721687,0.035241514444351196,0.3762270510196686,0.013116393238306046,8.220216751098633,0.0,0.0,0.0,0.0,0.0,0.0,0.0,0.0,0.0,0.0,0.0,0.0,0.0,0.0,0.0,0.0,0.0,0.0,204.47918789268016,511.81567116492243,1225.0893900560957
PINN20260511,7,201,pretrain,0.13203547894954681,0.034455008804798126,0.026165533810853958,0.03541363775730133,0.4252476096153259,0.01314784586429596,7.937431812286377,0.0,0.0,0.0,0.0,0.0,0.0,0.0,0.0,0.0,0.0,0.0,0.0,0.0,0.0,0.0,0.0,0.0,0.0,203.43262282940265,509.95794863400255,1222.1769018595473
PINN20260511,7,203,pretrain,0.12822172045707703,0.03376448154449463,0.02444993145763874,0.03488066419959068,0.3863586187362671,0.013135089538991451,8.038949012756348,0.0,0.0,0.0,0.0,0.0,0.0,0.0,0.0,0.0,0.0,0.0,0.0,0.0,0.0,0.0,0.0,0.0,0.0,199.06951518251105,489.92650915724084,1188.0434419393673
PINN20260511,7,205,pretrain,0.12696905434131622,0.03334103152155876,0.024465184658765793,0.03421013802289963,0.3935675621032715,0.013146886602044106,7.952016353607178,0.0,0.0,0.0,0.0,0.0,0.0,0.0,0.0,0.0,0.0,0.0,0.0,0.0,0.0,0.0,0.0,0.0,0.0,197.3469838412789,466.57160490111266,1148.3659661502193
PINN20260511,7,207,pretrain,0.12886177003383636,0.03377098962664604,0.024887235835194588,0.03411051258444786,0.4141542613506317,0.013163533061742783,7.825213432312012,0.0,0.0,0.0,0.0,0.0,0.0,0.0,0.0,0.0,0.0,0.0,0.0,0.0,0.0,0.0,0.0,0.0,0.0,196.87918646342482,460.60430754064816,1138.120166202019
PINN20260511,7,209,pretrain,0.12745507061481476,0.03326793015003204,0.02703290432691574,0.03388255462050438,0.3679153323173523,0.01313950028270483,8.00369644165039,0.0,0.0,0.0,0.0,0.0,0.0,0.0,0.0,0.0,0.0,0.0,0.0,0.0,0.0,0.0,0.0,0.0,0.0,195.72507424318428,471.7080499366107,1156.843558424903
PINN20260511,7,211,pretrain,0.12462564557790756,0.032473478466272354,0.024800343438982964,0.03374745324254036,0.40277719497680664,0.013158625923097134,7.832617282867432,0.0,0.0,0.0,0.0,0.0,0.0,0.0,0.0,0.0,0.0,0.0,0.0,0.0,0.0,0.0,0.0,0.0,0.0,196.73707470250747,491.1620627399881,1189.981923807264
PINN20260511,7,213,pretrain,0.12454986572265625,0.03262387216091156,0.024960873648524284,0.0340631902217865,0.3692587614059448,0.013131309300661087,8.029446601867676,0.0,0.0,0.0,0.0,0.0,0.0,0.0,0.0,0.0,0.0,0.0,0.0,0.0,0.0,0.0,0.0,0.0,0.0,199.57801184624523,507.27933934371896,1217.3877335057427
PINN20260511,7,215,pretrain,0.12465061992406845,0.03267158195376396,0.024213237687945366,0.03412323072552681,0.38523057103157043,0.01314521674066782,7.907384872436523,0.0,0.0,0.0,0.0,0.0,0.0,0.0,0.0,0.0,0.0,0.0,0.0,0.0,0.0,0.0,0.0,0.0,0.0,197.72438795897182,501.59166971252625,1207.641158826212
PINN20260511,7,217,pretrain,0.12255432456731796,0.03197908401489258,0.024380741640925407,0.033593665808439255,0.3853985369205475,0.013151131570339203,7.864309787750244,0.0,0.0,0.0,0.0,0.0,0.0,0.0,0.0,0.0,0.0,0.0,0.0,0.0,0.0,0.0,0.0,0.0,0.0,194.32132498454718,485.78557512548684,1180.6604073595495
PINN20260511,7,219,pretrain,0.12145707756280899,0.031623490154743195,0.02549668215215206,0.033165737986564636,0.3602559268474579,0.013138646259903908,7.971449375152588,0.0,0.0,0.0,0.0,0.0,0.0,0.0,0.0,0.0,0.0,0.0,0.0,0.0,0.0,0.0,0.0,0.0,0.0,192.4025118404123,466.6824402096141,1148.5479015245685
PINN20260511,7,221,pretrain,0.12418928742408752,0.031900085508823395,0.02653154730796814,0.03308434784412384,0.4303194284439087,0.013172811828553677,7.718570232391357,0.0,0.0,0.0,0.0,0.0,0.0,0.0,0.0,0.0,0.0,0.0,0.0,0.0,0.0,0.0,0.0,0.0,0.0,192.06456433970322,457.91538519687236,1133.6472649015027
PINN20260511,7,223,pretrain,0.12424161285161972,0.03175348788499832,0.03071426972746849,0.032947566360235214,0.35172510147094727,0.013129622675478458,8.049983024597168,0.0,0.0,0.0,0.0,0.0,0.0,0.0,0.0,0.0,0.0,0.0,0.0,0.0,0.0,0.0,0.0,0.0,0.0,191.20520308689302,463.58667946242804,1143.0756138316856
PINN20260511,7,225,pretrain,0.12081492692232132,0.031070221215486526,0.025711664929986,0.03275304660201073,0.40989071130752563,0.013166308403015137,7.753910064697266,0.0,0.0,0.0,0.0,0.0,0.0,0.0,0.0,0.0,0.0,0.0,0.0,0.0,0.0,0.0,0.0,0.0,0.0,191.181155909781,478.22072571146475,1167.8306857164162
PINN20260511,7,227,pretrain,0.119808129966259,0.030923455953598022,0.02692059613764286,0.032825127243995667,0.35062164068222046,0.013125156983733177,8.059103012084961,0.0,0.0,0.0,0.0,0.0,0.0,0.0,0.0,0.0,0.0,0.0,0.0,0.0,0.0,0.0,0.0,0.0,0.0,193.97877622307035,498.4221823665155,1202.183441660997
PINN20260511,7,229,pretrain,0.11979808658361435,0.031218264251947403,0.02400125376880169,0.03306235745549202,0.37650954723358154,0.01314675435423851,7.875548362731934,0.0,0.0,0.0,0.0,0.0,0.0,0.0,0.0,0.0,0.0,0.0,0.0,0.0,0.0,0.0,0.0,0.0,0.0,195.00960513202932,504.5156247580445,1212.5600904278278
PINN20260511,7,231,pretrain,0.1188034862279892,0.03105856291949749,0.02353586070239544,0.03292948380112648,0.36369842290878296,0.013144079595804214,7.895162582397461,0.0,0.0,0.0,0.0,0.0,0.0,0.0,0.0,0.0,0.0,0.0,0.0,0.0,0.0,0.0,0.0,0.0,0.0,192.95457690866004,498.01121661565014,1201.2953361340406
PINN20260511,7,233,pretrain,0.1165604367852211,0.030377540737390518,0.023967944085597992,0.03244052082300186,0.3477862477302551,0.013138938695192337,7.943586826324463,0.0,0.0,0.0,0.0,0.0,0.0,0.0,0.0,0.0,0.0,0.0,0.0,0.0,0.0,0.0,0.0,0.0,0.0,189.10099814649314,478.62731783194323,1168.5537965892988
PINN20260511,7,235,pretrain,0.11780663579702377,0.030134892091155052,0.025764694437384605,0.03211330994963646,0.404847651720047,0.013171236030757427,7.712859153747559,0.0,0.0,0.0,0.0,0.0,0.0,0.0,0.0,0.0,0.0,0.0,0.0,0.0,0.0,0.0,0.0,0.0,0.0,187.77895915144487,461.6749736015588,1139.731234561261
PINN20260511,7,237,pretrain,0.11962107568979263,0.030437279492616653,0.030307017266750336,0.032091040164232254,0.3368757665157318,0.013135028071701527,7.9962544441223145,0.0,0.0,0.0,0.0,0.0,0.0,0.0,0.0,0.0,0.0,0.0,0.0,0.0,0.0,0.0,0.0,0.0,0.0,187.5029895595001,455.01708415728746,1128.3219751350296
PINN20260511,7,239,pretrain,0.1174837052822113,0.030197996646165848,0.025121329352259636,0.031984101980924606,0.3966110050678253,0.013178990222513676,7.6647772789001465,0.0,0.0,0.0,0.0,0.0,0.0,0.0,0.0,0.0,0.0,0.0,0.0,0.0,0.0,0.0,0.0,0.0,0.0,186.68569006487883,460.6716563887993,1137.9331509137157
PINN20260511,7,241,pretrain,0.11558407545089722,0.029633428901433945,0.027337629348039627,0.03170209378004074,0.33372777700424194,0.013138617388904095,7.9586381912231445,0.0,0.0,0.0,0.0,0.0,0.0,0.0,0.0,0.0,0.0,0.0,0.0,0.0,0.0,0.0,0.0,0.0,0.0,186.72781620248762,476.00068933773616,1164.0434110218112
PINN20260511,7,243,pretrain,0.11387262493371964,0.029340455308556557,0.024103302508592606,0.03159775212407112,0.3740028142929077,0.013166301883757114,7.738321304321289,0.0,0.0,0.0,0.0,0.0,0.0,0.0,0.0,0.0,0.0,0.0,0.0,0.0,0.0,0.0,0.0,0.0,0.0,187.77005552004292,487.3185720091119,1183.1026064919363
PINN20260511,7,245,pretrain,0.11307331174612045,0.029457906261086464,0.02319375053048134,0.03162459284067154,0.3388899564743042,0.013150285929441452,7.849998474121094,0.0,0.0,0.0,0.0,0.0,0.0,0.0,0.0,0.0,0.0,0.0,0.0,0.0,0.0,0.0,0.0,0.0,0.0,188.96869573754802,495.4460269545009,1196.7044081992917
PINN20260511,7,247,pretrain,0.1127532497048378,0.02940446324646473,0.022981049492955208,0.03153323754668236,0.33713436126708984,0.013148880563676357,7.858409404754639,0.0,0.0,0.0,0.0,0.0,0.0,0.0,0.0,0.0,0.0,0.0,0.0,0.0,0.0,0.0,0.0,0.0,0.0,188.0152815431501,493.6714336226069,1193.958582740034
PINN20260511,7,249,pretrain,0.11193786561489105,0.029179289937019348,0.022628718987107277,0.031353481113910675,0.3407466411590576,0.013145269826054573,7.886598587036133,0.0,0.0,0.0,0.0,0.0,0.0,0.0,0.0,0.0,0.0,0.0,0.0,0.0,0.0,0.0,0.0,0.0,0.0,187.49991666664815,493.7286546018977,1194.2718524913134
PINN20260511,7,251,pretrain,0.11087043583393097,0.02889154478907585,0.02265438623726368,0.031126415356993675,0.33216676115989685,0.013134393841028214,7.972896575927734,0.0,0.0,0.0,0.0,0.0,0.0,0.0,0.0,0.0,0.0,0.0,0.0,0.0,0.0,0.0,0.0,0.0,0.0,185.62674662477926,487.04791537896966,1182.8284118899057
PINN20260511,7,253,pretrain,0.11093232035636902,0.028477173298597336,0.024032767862081528,0.03081846982240677,0.3660361170768738,0.013150865212082863,7.8519978523254395,0.0,0.0,0.0,0.0,0.0,0.0,0.0,0.0,0.0,0.0,0.0,0.0,0.0,0.0,0.0,0.0,0.0,0.0,183.73451252758693,477.8686894691888,1166.7662065453412
PINN20260511,7,255,pretrain,0.11071722954511642,0.02832452952861786,0.026748215779662132,0.030635042116045952,0.3121265172958374,0.013117567636072636,8.11760139465332,0.0,0.0,0.0,0.0,0.0,0.0,0.0,0.0,0.0,0.0,0.0,0.0,0.0,0.0,0.0,0.0,0.0,0.0,182.94098049302676,475.92488903187234,1163.4423448344485
PINN20260511,7,257,pretrain,0.10881201177835464,0.028072485700249672,0.022980734705924988,0.030484825372695923,0.35036101937294006,0.013146205805242062,7.890923500061035,0.0,0.0,0.0,0.0,0.0,0.0,0.0,0.0,0.0,0.0,0.0,0.0,0.0,0.0,0.0,0.0,0.0,0.0,182.42258632088297,476.48389925578806,1164.7358796945537
PINN20260511,7,259,pretrain,0.10732010006904602,0.027889642864465714,0.022021474316716194,0.03033558838069439,0.3286656141281128,0.013140091672539711,7.937758922576904,0.0,0.0,0.0,0.0,0.0,0.0,0.0,0.0,0.0,0.0,0.0,0.0,0.0,0.0,0.0,0.0,0.0,0.0,181.5379716650211,473.2180060500657,1159.4001972803514
PINN20260511,7,261,pretrain,0.10676504671573639,0.027733974158763885,0.022572021931409836,0.030201323330402374,0.31184226274490356,0.01313526276499033,7.977292537689209,0.0,0.0,0.0,0.0,0.0,0.0,0.0,0.0,0.0,0.0,0.0,0.0,0.0,0.0,0.0,0.0,0.0,0.0,180.476555567129,466.0046103580951,1147.3127946738873
PINN20260511,7,263,pretrain,0.10801803320646286,0.027723947539925575,0.023413149639964104,0.03018658049404621,0.3551146686077118,0.013162456452846527,7.776623249053955,0.0,0.0,0.0,0.0,0.0,0.0,0.0,0.0,0.0,0.0,0.0,0.0,0.0,0.0,0.0,0.0,0.0,0.0,179.8427318607149,456.9365553608072,1131.7588161418334
PINN20260511,7,265,pretrain,0.1086430698633194,0.027940768748521805,0.02586325630545616,0.030250420793890953,0.2919521629810333,0.013133791275322437,7.9996161460876465,0.0,0.0,0.0,0.0,0.0,0.0,0.0,0.0,0.0,0.0,0.0,0.0,0.0,0.0,0.0,0.0,0.0,0.0,180.07351471864206,446.5781181663517,1114.2552663606473
PINN20260511,7,267,pretrain,0.1101626604795456,0.028740448877215385,0.022085322067141533,0.030727796256542206,0.337654709815979,0.01316896453499794,7.7439141273498535,0.0,0.0,0.0,0.0,0.0,0.0,0.0,0.0,0.0,0.0,0.0,0.0,0.0,0.0,0.0,0.0,0.0,0.0,182.8574303760993,430.7617707329656,1087.5762930777034
PINN20260511,7,269,pretrain,0.1151815727353096,0.030422315001487732,0.023468587547540665,0.031561512500047684,0.2934016287326813,0.013150880113244057,7.8891072273254395,0.0,0.0,0.0,0.0,0.0,0.0,0.0,0.0,0.0,0.0,0.0,0.0,0.0,0.0,0.0,0.0,0.0,0.0,179.05338109415862,446.253781496583,1114.238678056121
PINN20260511,7,271,pretrain,0.1030852347612381,0.026858177036046982,0.02098921127617359,0.02955077961087227,0.3052971363067627,0.013144271448254585,7.904464244842529,0.0,0.0,0.0,0.0,0.0,0.0,0.0,0.0,0.0,0.0,0.0,0.0,0.0,0.0,0.0,0.0,0.0,0.0,180.12971671478863,486.59102758373996,1182.4346723557187
PINN20260511,7,273,pretrain,0.10589955747127533,0.027929216623306274,0.02080230787396431,0.029737720265984535,0.28816038370132446,0.013123826123774052,8.035123825073242,0.0,0.0,0.0,0.0,0.0,0.0,0.0,0.0,0.0,0.0,0.0,0.0,0.0,0.0,0.0,0.0,0.0,0.0,191.5712273705266,524.2591498963085,1246.1058247035826
PINN20260511,7,275,pretrain,0.11286168545484543,0.030289985239505768,0.020509570837020874,0.030622942373156548,0.28061798214912415,0.013110601343214512,8.12471866607666,0.0,0.0,0.0,0.0,0.0,0.0,0.0,0.0,0.0,0.0,0.0,0.0,0.0,0.0,0.0,0.0,0.0,0.0,182.68707235666676,501.65004298315375,1207.6578234475485
PINN20260511,7,277,pretrain,0.10082657635211945,0.02632097527384758,0.0203558262437582,0.02912992611527443,0.2929880619049072,0.013123860582709312,8.058691024780273,0.0,0.0,0.0,0.0,0.0,0.0,0.0,0.0,0.0,0.0,0.0,0.0,0.0,0.0,0.0,0.0,0.0,0.0,176.57034827689785,449.94572589369045,1120.096646888466
PINN20260511,7,279,pretrain,0.1082516610622406,0.028583798557519913,0.02168048918247223,0.030563872307538986,0.27736204862594604,0.013119719922542572,8.125487327575684,0.0,0.0,0.0,0.0,0.0,0.0,0.0,0.0,0.0,0.0,0.0,0.0,0.0,0.0,0.0,0.0,0.0,0.0,183.25672523471002,421.646048985402,1072.2988035102046
PINN20260511,7,281,pretrain,0.10278002172708511,0.02655654400587082,0.021435599774122238,0.029408399015665054,0.3255453109741211,0.013128531165421009,8.037503242492676,0.0,0.0,0.0,0.0,0.0,0.0,0.0,0.0,0.0,0.0,0.0,0.0,0.0,0.0,0.0,0.0,0.0,0.0,178.01053339620103,489.28219107177813,1186.549455639476
PINN20260511,7,283,pretrain,0.10873283445835114,0.028680752962827682,0.023167597129940987,0.02964501827955246,0.2588890790939331,0.013079412281513214,8.397573471069336,0.0,0.0,0.0,0.0,0.0,0.0,0.0,0.0,0.0,0.0,0.0,0.0,0.0,0.0,0.0,0.0,0.0,0.0,192.1394655419599,530.7864153781632,1256.9305276417472
PINN20260511,7,285,pretrain,0.10015580803155899,0.02602165937423706,0.020715298131108284,0.028739402070641518,0.29926517605781555,0.013116369023919106,8.109018325805664,0.0,0.0,0.0,0.0,0.0,0.0,0.0,0.0,0.0,0.0,0.0,0.0,0.0,0.0,0.0,0.0,0.0,0.0,174.45787681056422,450.6910839200172,1121.3942554240496
PINN20260511,7,287,pretrain,0.10988616198301315,0.02922658994793892,0.01994974911212921,0.03117920085787773,0.29978370666503906,0.013140233233571053,7.972972393035889,0.0,0.0,0.0,0.0,0.0,0.0,0.0,0.0,0.0,0.0,0.0,0.0,0.0,0.0,0.0,0.0,0.0,0.0,176.13315608333087,436.75112693042934,1098.2253205005418
PINN20260511,7,289,pretrain,0.09923483431339264,0.025512121617794037,0.0239290539175272,0.02872813493013382,0.24941569566726685,0.013110854662954807,8.171554565429688,0.0,0.0,0.0,0.0,0.0,0.0,0.0,0.0,0.0,0.0,0.0,0.0,0.0,0.0,0.0,0.0,0.0,0.0,178.54966374058228,498.5535640731094,1202.6255896602122
PINN20260511,7,291,pretrain,0.10730831325054169,0.027852974832057953,0.02331249788403511,0.02915984019637108,0.3130585551261902,0.013135002925992012,7.941074371337891,0.0,0.0,0.0,0.0,0.0,0.0,0.0,0.0,0.0,0.0,0.0,0.0,0.0,0.0,0.0,0.0,0.0,0.0,179.94566779829682,504.14759433622214,1212.014462975204
PINN20260511,7,293,pretrain,0.09873811900615692,0.025287684053182602,0.02468462474644184,0.028454717248678207,0.24209100008010864,0.013115125708281994,8.130289077758789,0.0,0.0,0.0,0.0,0.0,0.0,0.0,0.0,0.0,0.0,0.0,0.0,0.0,0.0,0.0,0.0,0.0,0.0,172.28955120124087,454.88271153122537,1128.6961672246664
PINN20260511,7,295,pretrain,0.10200535506010056,0.026539579033851624,0.02043405920267105,0.029733732342720032,0.3111423850059509,0.01315939612686634,7.818183898925781,0.0,0.0,0.0,0.0,0.0,0.0,0.0,0.0,0.0,0.0,0.0,0.0,0.0,0.0,0.0,0.0,0.0,0.0,174.15578738948068,438.9622705882591,1101.8541611055648
PINN20260511,7,297,pretrain,0.09821324795484543,0.025576336309313774,0.021532485261559486,0.029029028490185738,0.2456093430519104,0.013132070191204548,8.02003002166748,0.0,0.0,0.0,0.0,0.0,0.0,0.0,0.0,0.0,0.0,0.0,0.0,0.0,0.0,0.0,0.0,0.0,0.0,171.5667519964897,469.8592043101848,1154.121014935288
PINN20260511,7,299,pretrain,0.09561339020729065,0.025068366900086403,0.019260577857494354,0.028186704963445663,0.2570326030254364,0.013127967715263367,8.025752067565918,0.0,0.0,0.0,0.0,0.0,0.0,0.0,0.0,0.0,0.0,0.0,0.0,0.0,0.0,0.0,0.0,0.0,0.0,176.60149458774407,499.37015016418434,1204.1567576574037
PINN20260511,7,301,physics,201224.140625,0.025634124875068665,0.01915508136153221,0.028211329132318497,0.2616115212440491,0.013123709708452225,8.051377296447754,0.0,0.0,1.0431407690048218,151.88272094726562,0.0,0.0,1.0398241101938765e-05,0.0049385791644454,8.640478199595236e-08,7.879113361752843e-09,7585156.5,4949209.0,1418.8458251953125,23.012226104736328,0.0023826807737350464,2.5841814021987375e-07,0.2255326807498932,28.208322525024414,206.89940377209888,554.3707863424984,1298.377624433191
PINN20260511,7,303,physics,158666.859375,0.15917019546031952,0.027467016130685806,0.10749413073062897,0.6873634457588196,0.013288646005094051,7.196812152862549,0.0,0.0,1.4501479864120483,114.9760513305664,0.0,0.0,1.1775058737839572e-05,0.0051802066154778,7.387431111283149e-08,7.1012431490657946e-09,5971860.5,3920310.25,1275.06005859375,25.545177459716797,0.0015332193579524755,2.4513593643860077e-07,0.20570878684520721,26.956035614013672,859.0778122498567,1316.5397354428767,2633.4401181590792
PINN20260511,7,305,physics,86449.296875,1.516026258468628,0.05479884892702103,0.8184085488319397,2.645193576812744,0.013779239729046822,5.797004699707031,0.0,0.0,2.121112823486328,55.78834915161133,0.0,0.0,1.4458905752690043e-05,0.005542776547372341,4.7541877989942805e-08,6.415359798950249e-09,3239087.75,2164249.25,971.2020263671875,41.97159194946289,0.000505515665281564,2.2937337007533642e-07,0.17340470850467682,23.82618522644043,1882.6985287081943,2500.7763794469906,4757.155877264335
PINN20260511,7,307,physics,32571.38671875,4.784808158874512,0.18679708242416382,2.438912868499756,5.847457408905029,0.014934218488633633,4.600241184234619,0.0,0.0,2.7772104740142822,17.953073501586914,0.0,0.0,1.6451651390525512e-05,0.0057295942679047585,2.3127615378371047e-08,5.803236557966329e-09,1207733.125,838519.1875,631.517822265625,192.43690490722656,6.819237751187757e-05,2.1811948158756422e-07,0.13982143998146057,19.41849136352539,2866.7331581436038,3651.8374826927884,6829.390527615637
PINN20260511,7,309,physics,8004.4912109375,8.933029174804688,0.6483500003814697,4.395230770111084,7.328521728515625,0.0166605357080698,4.089415073394775,0.0,0.0,3.0625386238098145,4.161593914031982,0.0,0.0,2.0043413314851932e-05,0.0052440958097577095,8.509573490300681e-09,5.25109022930792e-09,288612.5,218799.625,346.7935791015625,458.0062561035156,2.0433801182662137e-05,2.173086954826431e-07,0.10559200495481491,14.312582015991211,3609.2824771691116,4526.9828804624385,8408.711286377882
PINN20260511,7,311,physics,1040.2515869140625,12.490507125854492,1.32081139087677,5.969431400299072,5.275916576385498,0.017729375511407852,4.1183576583862305,0.0,0.0,2.6276891231536865,0.9938574433326721,0.0,0.0,2.762630356301088e-05,0.004302503075450659,2.559462863871431e-09,4.748863524639546e-09,33383.4921875,32691.876953125,152.006103515625,159.5686492919922,2.049804425041657e-05,2.325650427792425e-07,0.0725075826048851,9.09912395477295,4065.030750191196,5067.1564017701285,9385.722349695634
PINN20260511,7,313,physics,109.4407730102539,14.656820297241211,1.836748719215393,6.834055423736572,1.7079637050628662,0.018102487549185753,4.389031410217285,0.0,0.0,1.2543368339538574,0.4437290132045746,0.0,0.0,3.426618059165776e-05,0.0033883971627801657,8.399732021047157e-10,4.288868815649494e-09,1963.282470703125,2244.652099609375,45.13182067871094,26.80312156677246,6.504760676762089e-06,2.6705774303081853e-07,0.044321730732917786,4.774567604064941,4266.666380208324,5308.381674295849,9822.186045625558
PINN20260511,7,315,physics,72.7252426147461,15.344371795654297,2.01987886428833,7.01895809173584,5.770654678344727,0.018155239522457123,4.607685565948486,0.0,0.0,0.5052499771118164,0.35198697447776794,0.0,0.0,3.020405347342603e-05,0.0027288347482681274,2.602876525426012e-10,3.865724629292799e-09,1055.3465576171875,278.9839782714844,8.2999849319458,5.006339073181152,8.82223105236335e-07,2.670155652140238e-07,0.018924672156572342,3.9147861003875732,4304.361044336313,5349.033557569068,9895.56289812595
PINN20260511,7,317,physics,51.52324676513672,15.492088317871094,2.047666072845459,7.030544281005859,7.079883575439453,0.015011249110102654,4.592451095581055,0.0,0.0,0.39827683568000793,0.21337153017520905,0.0,0.0,3.033681059605442e-05,0.00010358032159274444,3.817025862051793e-11,3.4760776479458855e-09,104.59750366210938,27.58736801147461,2.2150416374206543,3.1655898094177246,2.3382875724564656e-07,1.6108812417314766e-07,0.004028562922030687,3.801035165786743,4317.882351338443,5357.131695226467,9910.233444994989
PINN20260511,7,319,physics,49.412376403808594,15.54804801940918,2.0607528686523438,7.0327839851379395,7.034890174865723,0.005447345785796642,4.341310024261475,0.0,0.0,0.072451151907444,0.04038529098033905,0.0,0.0,4.143085243413225e-05,6.297432264545932e-05,1.0373123800894168e-12,3.1142832757069527e-09,7.227282524108887,0.6946673393249512,0.3255707919597626,1.6300170421600342,2.2513455988359965e-08,3.063403752889826e-08,0.001065158168785274,0.9242118000984192,4321.19127093444,5357.748594325792,9911.357010224747
PINN20260511,7,321,physics,49.28070068359375,15.554021835327148,2.062605381011963,7.033005237579346,7.446379661560059,0.0021104945335537195,4.491474151611328,0.0,0.0,0.000734039000235498,5.758304837399919e-07,0.0,0.0,1.1635926057351753e-05,1.5209512639557943e-05,2.579208124609293e-15,2.7827846693639913e-09,0.1263829618692398,0.0013413111446425319,0.04225408658385277,1.4207475185394287,8.934605659483008e-12,5.581339279636666e-10,7.336865382967517e-05,0.2804397642612457,4321.257455880174,5357.7297430908175,9911.324617545986
PINN20260511,7,323,physics,49.28091812133789,15.553789138793945,2.0626261234283447,7.033002853393555,7.477095603942871,0.0014970473712310195,4.6156229972839355,0.0,0.0,0.00035546388244256377,7.975073379462572e-10,0.0,0.0,5.173574209038634e-07,4.9209238568437286e-06,1.3762318158862382e-15,2.4837401024768724e-09,0.003526001237332821,7.619725238328101e-06,0.040196165442466736,1.560839056968689,4.418363732609093e-13,8.805249585019936e-11,3.5796299926005304e-05,0.1894478052854538,4321.231306005268,5357.722463883324,9911.31177408448
PINN20260511,7,325,physics,49.27840042114258,15.553653717041016,2.062575578689575,7.032983779907227,7.468234062194824,0.0017969644395634532,4.705489158630371,0.0,0.0,0.00033141893800348043,2.82423973096968e-09,0.0,0.0,2.1716784814884704e-08,2.133623866029666e-06,1.360636986415221e-15,2.2149126976955813e-09,0.0019103228114545345,1.9959013570769457e-06,0.04553587734699249,1.4620108604431152,1.0138812939165451e-13,8.848626692481432e-12,1.7790815036278218e-05,0.10809328407049179,4321.213255556823,5357.708465379578,9911.286213073587
PINN20260511,7,327,physics,49.2733268737793,15.5535306930542,2.062490463256836,7.032949447631836,7.445845603942871,0.003162001958116889,4.815283298492432,0.0,0.0,0.0003669062862172723,5.437230665705783e-09,0.0,0.0,1.7023760179313285e-09,1.2713343267023447e-06,1.5601887373050327e-15,1.973651908571128e-09,0.0011777443578466773,8.997559461931814e-07,0.056573864072561264,1.2412413358688354,2.980428404075752e-14,2.1569243786878634e-12,1.0479743650648743e-05,0.06155204027891159,4321.197056372227,5357.687934174592,9911.249033752028
PINN20260511,7,329,physics,49.26959228515625,15.553435325622559,2.0624001026153564,7.032926082611084,7.417211532592773,0.005383858922868967,4.941737651824951,0.0,0.0,0.0004568675940390676,2.194551207423956e-09,0.0,0.0,2.4470425685763075e-10,8.431074434156471e-07,1.9908766153801114e-15,1.757189060924702e-09,0.000747274374589324,7.137880402297014e-07,0.06584225594997406,1.0911957025527954,1.7597875196992407e-14,1.4534147540004594e-13,7.3367277764191385e-06,0.03624548763036728,4321.186411160713,5357.670575912633,9911.218058825636
PINN20260511,7,331,physics,49.26771545410156,15.553388595581055,2.0623254776000977,7.032919883728027,7.390819549560547,0.0074581666849553585,5.045762062072754,0.0,0.0,0.0005657351575791836,4.127583830282333e-10,0.0,0.0,5.974597205860022e-11,5.148725108483632e-07,2.5278779280056823e-15,1.563119966796478e-09,0.0004988086293451488,6.99595318565116e-07,0.0703311339020729,1.0284417867660522,1.4288412439984396e-14,1.2111564466931018e-17,5.456535745906876e-06,0.022909661754965782,4321.181782799701,5357.66590970359,9911.209488185163
PINN20260511,7,333,physics,49.26686477661133,15.553377151489258,2.062265396118164,7.032919406890869,7.369913578033447,0.00889587216079235,5.112832069396973,0.0,0.0,0.0006509077502414584,1.1205185390661399e-10,0.0,0.0,2.246237570946441e-11,2.0968254830222577e-06,3.0136820282003615e-15,1.3893695083311286e-09,0.0003515816351864487,6.791148621232423e-07,0.07192786037921906,1.0084788799285889,1.2327468486652594e-14,0.0,4.192511823930545e-06,0.015683643519878387,4321.180857126904,5357.664976461294,9911.208345888654
PINN20260511,7,335,physics,49.26632308959961,15.553378105163574,2.062206268310547,7.032919883728027,7.349942207336426,0.009772924706339836,5.1511006355285645,0.0,0.0,0.0007324854377657175,5.6286031391294955e-11,0.0,0.0,1.1573603186931791e-11,0.000117657778901048,3.561148432889259e-15,1.2340028998636399e-09,0.00026104366406798363,6.472516815847484e-07,0.07239839434623718,1.00208580493927,1.0484471330127112e-14,0.0,3.43824967785622e-06,0.011189205572009087,4321.180625708673,5357.665163109767,9911.208589338912
PINN20260511,7,337,physics,49.26581573486328,15.553382873535156,2.062140464782715,7.032920837402344,7.328036785125732,0.010293387807905674,5.1726155281066895,0.0,0.0,0.0008270551916211843,4.116311458357558e-11,0.0,0.0,7.365777258960815e-12,0.00043642884702421725,4.29548661112669e-15,1.0952913021000654e-09,0.00020311266416683793,6.11788436799543e-07,0.07250214368104935,0.9993313550949097,9.261900396476987e-15,0.0,2.869158379326109e-06,0.008499597199261189,4321.180625708673,5357.665163109767,9911.2085883115
PINN20260511,7,339,physics,49.26527404785156,15.553391456604004,2.062065362930298,7.03292179107666,7.3033647537231445,0.010608234442770481,5.185146808624268,0.0,0.0,0.0009413646766915917,3.638953374740517e-11,0.0,0.0,5.382189919439506e-12,0.0007751616649329662,5.267494187550679e-15,9.713725379612015e-10,0.00016472690913360566,5.741642894463439e-07,0.07246493548154831,0.9968705177307129,1.8195419671830637e-14,0.0,2.480898729118053e-06,0.006810576189309359,4321.180857126904,5357.665163109767,9911.209452324038
PINN20260511,7,341,physics,49.26462173461914,15.553400993347168,2.061981439590454,7.032922744750977,7.276951313018799,0.01080552488565445,5.192811489105225,0.0,0.0,0.001073216088116169,3.8086912096391146e-11,0.0,0.0,4.309430416682414e-12,0.0010469768894836307,6.453965424021773e-15,8.610225310512476e-10,0.00013902952196076512,5.233495699030755e-07,0.07242689281702042,0.9910684823989868,1.4368978825795437e-13,0.0,2.1728715182689484e-06,0.005659107118844986,4321.181319963327,5357.665349758232,9911.210288501205
PINN20260511,7,343,physics,49.263790130615234,15.553421020507812,2.0619022846221924,7.03292989730835,7.255287170410156,0.010933419689536095,5.197710037231445,0.0,0.0,0.0011772960424423218,6.813334618716027e-11,0.0,0.0,3.673812556254097e-12,0.0012529906816780567,7.521378979976224e-15,7.625637898911464e-10,0.00012379807594697922,4.188399032045709e-07,0.07250697910785675,0.9694352746009827,1.0374131024712407e-12,0.0,1.925041715367115e-06,0.004839649889618158,4321.1859483248345,5357.669829319459,9911.218651786468
PINN20260511,7,345,physics,49.262813568115234,15.553509712219238,2.061906576156616,7.032957077026367,7.277102470397949,0.011018001474440098,5.200924873352051,0.0,0.0,0.0009234792087227106,7.032749382851478e-10,0.0,0.0,3.2782255642710423e-12,0.001405448536388576,6.665780835559288e-15,6.748768766051683e-10,0.00012100207095500082,2.2770551311168674e-07,0.06996190547943115,0.8874086737632751,4.16743549391807e-12,0.0,1.8084359680869966e-06,0.004251229111105204,4321.203536053353,5357.697639844936,9911.269421156017
PINN20260511,7,347,physics,49.26150894165039,15.553613662719727,2.061924457550049,7.032990455627441,7.302488327026367,0.011074099689722061,5.203056812286377,0.0,0.0,0.0006993646384216845,5.718270745802556e-09,0.0,0.0,3.025850837251598e-12,0.0015126041835173965,5.335844240679944e-15,5.969869598665412e-10,0.00011941685806959867,1.2319185316300718e-07,0.06506908684968948,0.7851603627204895,5.3786562877189414e-12,0.0,1.6513296259290655e-06,0.0038377116434276104,4321.2125613073,5357.7075321446955,9911.287282637217
PINN20260511,7,349,physics,49.2591667175293,15.55370044708252,2.061920642852783,7.033038139343262,7.30765438079834,0.011111128143966198,5.204472541809082,0.0,0.0,0.000684061145875603,2.7134761992897438e-08,0.0,0.0,2.862274219722627e-12,0.00158595759421587,5.119203705958395e-15,5.277390191515963e-10,0.00011633714166237041,7.9247229223256e-08,0.057682860642671585,0.657008945941925,5.3752878884094635e-12,0.0,1.585778477419808e-06,0.0034662745893001556,4321.2382484653635,5357.735342474468,9911.338641910623
PINN20260511,7,351,physics,49.25538635253906,15.554035186767578,2.062187433242798,7.033169746398926,7.397571563720703,0.011134849861264229,5.205392360687256,0.0,0.0,0.00037236945354379714,1.2135913607380644e-07,0.0,0.0,2.7584167588967645e-12,0.0016345897456631064,2.8501919638860727e-15,4.66159555401191e-10,0.00011950852785957977,3.949018889670697e-08,0.034323498606681824,0.34288841485977173,5.308994997094141e-12,0.0,1.5285664858311065e-06,0.0032259393483400345,4321.303044221731,5357.814479804242,9911.482575868475
PINN20260511,7,353,physics,49.25345230102539,15.554363250732422,2.0624799728393555,7.033275604248047,7.470459938049316,0.011149484664201736,5.205981254577637,0.0,0.0,0.00023336430604103953,7.034498850089221e-08,0.0,0.0,2.685339147226462e-12,0.001665749354287982,1.74537756226649e-15,4.1152131702304473e-10,0.00011827781418105587,3.1163487790308864e-08,0.015582417137920856,0.13456547260284424,1.9336537579461854e-12,0.0,1.4342895156005397e-06,0.0030958643183112144,4321.312532090221,5357.820452385466,9911.49263088947
PINN20260511,7,355,physics,49.251861572265625,15.554252624511719,2.062314987182617,7.033238410949707,7.400445461273193,0.011158349923789501,5.206368446350098,0.0,0.0,0.000518144341185689,2.0856784743727985e-08,0.0,0.0,2.6224003437519405e-12,0.0016854075947776437,3.5708884647497365e-15,3.629911093927518e-10,0.00010569974256213754,5.787929779899059e-08,0.01675104908645153,0.14492729306221008,6.387769545083966e-13,0.0,1.413301447428239e-06,0.0028620520606637,4321.288928086156,5357.783123643584,9911.425224562709
PINN20260511,7,357,physics,49.25144577026367,15.554162979125977,2.0621824264526367,7.033206939697266,7.350126266479492,0.011163300834596157,5.206610679626465,0.0,0.0,0.0007728821947239339,6.315282075064488e-09,0.0,0.0,2.5735080299432722e-12,0.001697274507023394,5.158253195376239e-15,3.200459897101382e-10,9.655806934460998e-05,8.92315625833362e-08,0.018877893686294556,0.1893443912267685,1.5930662279790841e-13,0.0,1.3650836763190455e-06,0.0027644948568195105,4321.293324920214,5357.788163038923,9911.43406768483
PINN20260511,7,359,physics,49.25083541870117,15.554298400878906,2.062304973602295,7.033248424530029,7.382665634155273,0.011165658012032509,5.206748962402344,0.0,0.0,0.0006651323055848479,1.251606263075189e-09,0.0,0.0,2.540653885191313e-12,0.0017039959784597158,4.365412145537848e-15,2.819874889148366e-10,9.515399142401293e-05,8.089926950560766e-08,0.013131389394402504,0.10869496315717697,1.6780058110154802e-14,0.0,1.3424846656562295e-06,0.0026756091974675655,4321.319705830616,5357.823998602417,9911.498540124143
PINN20260511,7,361,physics,49.2507209777832,15.554418563842773,2.0624213218688965,7.033288955688477,7.414302825927734,0.011166504584252834,5.2068281173706055,0.0,0.0,0.0005703415954485536,3.4868285342382066e-11,0.0,0.0,2.515518175705278e-12,0.0017075292998924851,3.688478237168788e-15,2.482811733983681e-10,9.475521073909476e-05,6.814998698700947e-08,0.009052892215549946,0.05417439341545105,9.342312622291626e-15,0.0,1.3189051060180645e-06,0.0025875340215861797,4321.316928900263,5357.817652738846,9911.486665533346
PINN20260511,7,363,physics,49.250244140625,15.554281234741211,2.062241315841675,7.033253192901611,7.355340957641602,0.01116649154573679,5.206872940063477,0.0,0.0,0.0008682539919391274,0.0,0.0,0.0,2.492412526367005e-12,0.0017090629553422332,5.5823990144831994e-15,2.1845933395603367e-10,8.885289571480826e-05,8.812150298354027e-08,0.012198090553283691,0.1116488054394722,7.432307536341803e-14,0.0,1.322425987382303e-06,0.002473254920914769,4321.292630683555,5357.78387022097,9911.425898396701
PINN20260511,7,365,physics,49.25007247924805,15.554191589355469,2.0621120929718018,7.033231258392334,7.31451940536499,0.011165876872837543,5.2068915367126465,0.0,0.0,0.0011035902425646782,0.0,0.0,0.0,2.474536200947064e-12,0.001709197647869587,7.0602567845898245e-15,1.9215570801200954e-10,8.485515718348324e-05,1.0040564291102783e-07,0.014440419152379036,0.15823456645011902,2.0882366745089004e-13,0.0,1.2769867225870257e-06,0.0024440716952085495,4321.295639041606,5357.786483241003,9911.430688006933
PINN20260511,7,367,physics,49.24965286254883,15.554290771484375,2.0622053146362305,7.033275127410889,7.3386383056640625,0.011164839379489422,5.206888198852539,0.0,0.0,0.0010559336515143514,0.0,0.0,0.0,2.4630889775695275e-12,0.001708323135972023,6.66757103969331e-15,1.688375689257171e-10,8.616499690106139e-05,7.659931355874505e-08,0.010440959595143795,0.09954452514648438,4.16488404094556e-13,0.0,1.2514743730207556e-06,0.002429414540529251,4321.308366687108,5357.8004815409095,9911.456043143056
PINN20260511,7,369,physics,49.24934768676758,15.5542631149292,2.0621423721313477,7.033277988433838,7.318818092346191,0.011163593269884586,5.206875324249268,0.0,0.0,0.001206932938657701,0.0,0.0,0.0,2.4517980961452635e-12,0.0017068034503608942,7.567905652735955e-15,1.483131811808036e-10,8.474441710859537e-05,7.25011872759751e-08,0.010552597232162952,0.10985153168439865,7.501034841005116e-13,0.0,1.2521718417701777e-06,0.002318178303539753,4321.287308198796,5357.775844508615,9911.411579498425
PINN20260511,7,371,physics,49.24912643432617,15.55412483215332,2.0619444847106934,7.033240795135498,7.263910293579102,0.011162210255861282,5.2068562507629395,0.0,0.0,0.0014906522119417787,0.0,0.0,0.0,2.440204288634007e-12,0.0017048149602487683,9.318700731853966e-15,1.3019364752953066e-10,8.070828334894031e-05,8.659115025011488e-08,0.01388556882739067,0.17628760635852814,1.30714937571913e-12,0.0,1.2272230378584936e-06,0.00228573614731431,4321.281985707482,5357.769498588009,9911.400418783176
PINN20260511,7,373,physics,49.24878692626953,15.554189682006836,2.0619876384735107,7.033278465270996,7.274527549743652,0.011160719208419323,5.206828594207764,0.0,0.0,0.0015182973584160209,0.0,0.0,0.0,2.4321608095567715e-12,0.0017024525441229343,9.374967436474174e-15,1.1417965184445933e-10,8.20100394776091e-05,6.63118271404528e-08,0.01153053343296051,0.14022693037986755,1.851038853445397e-12,0.0,1.206030333378294e-06,0.0022832180839031935,4321.2900851481845,5357.778644177081,9911.41696724702
PINN20260511,7,375,physics,49.24854278564453,15.554130554199219,2.061880350112915,7.033267021179199,7.2465362548828125,0.011159162037074566,5.206799030303955,0.0,0.0,0.0016757504781708121,0.0,0.0,0.0,2.4222444796467846e-12,0.001699799788184464,1.0255277767127254e-14,1.0007490669483587e-10,8.009302837308496e-05,6.781349526363556e-08,0.012704724445939064,0.16590549051761627,2.726327627197711e-12,0.0,1.221966158482246e-06,0.0022411851678043604,4321.270183638139,5357.7573666600465,9911.378819700369
PINN20260511,7,377,physics,49.24836349487305,15.554058074951172,2.0617618560791016,7.033249855041504,7.216687202453613,0.011157550849020481,5.206766605377197,0.0,0.0,0.0018182485364377499,0.0,0.0,0.0,2.411672207422444e-12,0.00169691804330796,1.1027454177667956e-14,8.769691917098754e-11,7.769598596496508e-05,7.361022369423154e-08,0.01427258551120758,0.19958068430423737,3.885552470050957e-12,0.0,1.2133875770814484e-06,0.002201665425673127,4321.275968970276,5357.764645820121,9911.391819746785
PINN20260511,7,379,physics,49.24821853637695,15.554109573364258,2.0617876052856445,7.033279895782471,7.223568916320801,0.011155901476740837,5.206730842590332,0.0,0.0,0.0018440457060933113,0.0,0.0,0.0,2.4020488289394626e-12,0.0016938530607149005,1.1042649948741698e-14,7.677938840267018e-11,7.851359259802848e-05,5.984244921819482e-08,0.013276382349431515,0.17754845321178436,4.68366231215489e-12,0.0,1.176138880509825e-06,0.002196925226598978,4321.2685637437535,5357.757926595788,9911.379477770382
PINN20260511,7,381,physics,49.2480583190918,15.554011344909668,2.061645030975342,7.033243179321289,7.187887191772461,0.011154193431138992,5.206695079803467,0.0,0.0,0.001975385705009103,0.0,0.0,0.0,2.389348267850533e-12,0.0016905809752643108,1.1765436715160948e-14,6.71903782611949e-11,7.482146611437201e-05,7.594303497171495e-08,0.015332198701798916,0.22214503586292267,6.47323947916556e-12,0.0,1.1737361091945786e-06,0.0021459534764289856,4321.265092539452,5357.7547536258135,9911.373792414786
PINN20260511,7,383,physics,49.2479133605957,15.554069519042969,2.0616812705993652,7.033273220062256,7.197040557861328,0.011152463965117931,5.206655979156494,0.0,0.0,0.0019866647198796272,0.0,0.0,0.0,2.377961109273352e-12,0.001687194686383009,1.171271145529321e-14,5.875122610632388e-11,7.537306373706087e-05,6.492199133845133e-08,0.014543595723807812,0.19650913774967194,7.150790810178664e-12,0.0,1.133581008616602e-06,0.0020608140621334314,4321.267869503116,5357.758673176686,9911.380724844501
PINN20260511,7,385,physics,49.247772216796875,15.554003715515137,2.0615837574005127,7.0332465171813965,7.172109603881836,0.011150653474032879,5.206615447998047,0.0,0.0,0.002075876807793975,0.0,0.0,0.0,2.3641787312567164e-12,0.0016836245777085423,1.2193965082737002e-14,5.134146927043837e-11,7.216294761747122e-05,8.091242875707394e-08,0.01571163907647133,0.22557930648326874,9.009951638938585e-12,0.0,1.1564435453692568e-06,0.0020793566945940256,4321.26115850454,5357.752700526593,9911.369367622672
PINN20260511,7,387,physics,49.24764633178711,15.554044723510742,2.061602830886841,7.033265113830566,7.176508903503418,0.011148842051625252,5.206573486328125,0.0,0.0,0.002093861810863018,0.0,0.0,0.0,2.351356089003165e-12,0.001679980312474072,1.2217286440873755e-14,4.482879345513169e-11,7.192733755800873e-05,7.602135099205043e-08,0.015367148444056511,0.20848876237869263,9.567068491589392e-12,0.0,1.1171595133419032e-06,0.0020116432569921017,4321.26694384876,5357.759606402661,9911.382357251836
PINN20260511,7,389,physics,49.24752426147461,15.554008483886719,2.0615406036376953,7.033248424530029,7.160025596618652,0.011146960780024529,5.20652961730957,0.0,0.0,0.0021570161916315556,0.0,0.0,0.0,2.3374579181945077e-12,0.0016761869192123413,1.256129955503867e-14,3.91370130747859e-11,6.94611226208508e-05,8.903126769155278e-08,0.01592429168522358,0.22561702132225037,1.1034803279463823e-11,0.0,1.1188187727384502e-06,0.002022098982706666,4321.260232848746,5357.7536337536085,9911.370631353599
PINN20260511,7,391,physics,49.24740982055664,15.554032325744629,2.0615460872650146,7.033260345458984,7.1609578132629395,0.011145077645778656,5.206484317779541,0.0,0.0,0.0021807269658893347,0.0,0.0,0.0,2.324461153072055e-12,0.0016723360167816281,1.2643626075314104e-14,3.413773430605005e-11,6.888853386044502e-05,8.681305274649276e-08,0.015773648396134377,0.2150775045156479,1.1373523650659578e-11,0.0,1.096064238481631e-06,0.0019803608302026987,4321.265786780536,5357.760166338168,9911.38286303091
PINN20260511,7,393,physics,49.24729919433594,15.554008483886719,2.0614984035491943,7.033247947692871,7.148290157318115,0.01114314328879118,5.206437110900879,0.0,0.0,0.00223438604734838,2.867484244842289e-12,0.0,0.0,2.311243644387284e-12,0.0016683615976944566,1.2950817820228926e-14,2.9753956243272484e-11,6.70147201162763e-05,9.580521975749434e-08,0.016092799603939056,0.22670109570026398,1.2348425233732474e-11,0.0,1.082479002434411e-06,0.001944241113960743,4321.260232848746,5357.7541936897405,9911.371989395215
PINN20260511,7,395,physics,49.24717712402344,15.554025650024414,2.0614967346191406,7.033256530761719,7.147546768188477,0.011141188442707062,5.206387996673584,0.0,0.0,0.002263324335217476,2.191509473892239e-11,0.0,0.0,2.298950743315209e-12,0.0016643258277326822,1.3098309126235476e-14,2.5923582724907135e-11,6.650862633250654e-05,9.23843685995962e-08,0.016005512326955795,0.21889683604240417,1.2379267749773604e-11,0.0,1.0686178484320408e-06,0.0019219816895201802,4321.264629712001,5357.759419757479,9911.381338168276
PINN20260511,7,397,physics,49.24705505371094,15.554004669189453,2.0614519119262695,7.0332465171813965,7.135710716247559,0.011139178648591042,5.206336498260498,0.0,0.0,0.0023196495603770018,2.1477254003032797e-11,0.0,0.0,2.2867387237252013e-12,0.0016601689858362079,1.3438167543794108e-14,2.2580047207010345e-11,6.503204349428415e-05,9.757546592936706e-08,0.016259917989373207,0.22862127423286438,1.2960659455385493e-11,0.0,1.0659482541086618e-06,0.001912662643007934,4321.259770020775,5357.7536337536085,9911.37105094106
PINN20260511,7,399,physics,49.24691390991211,15.554020881652832,2.0614471435546875,7.033255100250244,7.134438514709473,0.011137144640088081,5.206283092498779,0.0,0.0,0.002356067067012191,2.4499954148771153e-11,0.0,0.0,2.2753699965849528e-12,0.0016559339128434658,1.3650673710700108e-14,1.9631522102381282e-11,6.47394044790417e-05,9.15660010036845e-08,0.016148746013641357,0.22068560123443604,1.267038123725639e-11,0.0,1.0617400221235584e-06,0.0018977605504915118,4321.262778401702,5357.757180014787,9911.376714214002
PINN20260511,8,1,pretrain,40.90625,12.927494049072266,1.3292829990386963,7.015072345733643,2.805591583251953,0.0025930246338248253,7.055213451385498,0.0,0.0,0.0,0.0,0.0,0.0,0.0,0.0,0.0,0.0,0.0,0.0,0.0,0.0,0.0,0.0,0.0,0.0,4379.411604313986,5319.798492424314,9678.333021876477
PINN20260511,8,3,pretrain,83.911865234375,12.928205490112305,1.3292165994644165,7.0156331062316895,2152.975830078125,0.0025992479640990496,7.081661224365234,0.0,0.0,0.0,0.0,0.0,0.0,0.0,0.0,0.0,0.0,0.0,0.0,0.0,0.0,0.0,0.0,0.0,0.0,4379.342188046054,5319.729692380995,9678.205840893115
PINN20260511,8,4,pretrain,41.50754928588867,12.927865982055664,1.3291913270950317,7.015400409698486,32.813690185546875,0.0026113346684724092,7.08935546875,0.0,0.0,0.0,0.0,0.0,0.0,0.0,0.0,0.0,0.0,0.0,0.0,0.0,0.0,0.0,0.0,0.0,0.0,4379.260668195032,5319.647732698097,9678.056788092395
PINN20260511,8,6,pretrain,40.886932373046875,12.926850318908691,1.3291786909103394,7.014602184295654,1.9435392618179321,0.0026360664051026106,7.091993808746338,0.0,0.0,0.0,0.0,0.0,0.0,0.0,0.0,0.0,0.0,0.0,0.0,0.0,0.0,0.0,0.0,0.0,0.0,4379.071134384551,5319.454483309355,9677.710661305517
PINN20260511,8,7,pretrain,40.87316131591797,12.926275253295898,1.3292025327682495,7.014153957366943,1.3451789617538452,0.0026470599696040154,7.084381103515625,0.0,0.0,0.0,0.0,0.0,0.0,0.0,0.0,0.0,0.0,0.0,0.0,0.0,0.0,0.0,0.0,0.0,0.0,4379.014044279831,5319.396582320216,9677.60670247679
PINN20260511,8,9,pretrain,40.87629318237305,12.925786972045898,1.3292278051376343,7.013804912567139,1.578016757965088,0.0026754543650895357,7.078435897827148,0.0,0.0,0.0,0.0,0.0,0.0,0.0,0.0,0.0,0.0,0.0,0.0,0.0,0.0,0.0,0.0,0.0,0.0,4378.986412401847,5319.368947535037,9677.55636529973
PINN20260511,8,10,pretrain,40.87333679199219,12.925777435302734,1.3292268514633179,7.013822555541992,1.4314066171646118,0.002692656358703971,7.080199241638184,0.0,0.0,0.0,0.0,0.0,0.0,0.0,0.0,0.0,0.0,0.0,0.0,0.0,0.0,0.0,0.0,0.0,0.0,4379.003311257026,5319.386806766359,9677.587241999852
PINN20260511,8,12,pretrain,40.86397933959961,12.926033973693848,1.3292020559310913,7.014083385467529,0.9229806065559387,0.0027321861125528812,7.090563774108887,0.0,0.0,0.0,0.0,0.0,0.0,0.0,0.0,0.0,0.0,0.0,0.0,0.0,0.0,0.0,0.0,0.0,0.0,4379.038022214468,5319.424028971558,9677.650893606105
PINN20260511,8,13,pretrain,40.86655044555664,12.926082611083984,1.3291853666305542,7.01414680480957,1.0441768169403076,0.002750593237578869,7.095663547515869,0.0,0.0,0.0,0.0,0.0,0.0,0.0,0.0,0.0,0.0,0.0,0.0,0.0,0.0,0.0,0.0,0.0,0.0,4379.027289250434,5319.413501505594,9677.630903553212
PINN20260511,8,15,pretrain,40.86701583862305,12.925870895385742,1.3291627168655396,7.014012813568115,1.1011887788772583,0.0027781634125858545,7.100006103515625,0.0,0.0,0.0,0.0,0.0,0.0,0.0,0.0,0.0,0.0,0.0,0.0,0.0,0.0,0.0,0.0,0.0,0.0,4378.96334764291,5319.347328385316,9677.51145654994
PINN20260511,8,16,pretrain,40.863128662109375,12.925646781921387,1.329158067703247,7.0138444900512695,0.9421771764755249,0.002788179088383913,7.09926176071167,0.0,0.0,0.0,0.0,0.0,0.0,0.0,0.0,0.0,0.0,0.0,0.0,0.0,0.0,0.0,0.0,0.0,0.0,4378.914020622008,5319.295630062311,9677.418504032517
PINN20260511,8,18,pretrain,40.85908889770508,12.925039291381836,1.3291631937026978,7.013382911682129,0.8357890248298645,0.0028063966892659664,7.092854976654053,0.0,0.0,0.0,0.0,0.0,0.0,0.0,0.0,0.0,0.0,0.0,0.0,0.0,0.0,0.0,0.0,0.0,0.0,4378.813309562306,5319.19091591945,9677.231089874265
PINN20260511,8,19,pretrain,40.85982894897461,12.924764633178711,1.3291668891906738,7.013185024261475,0.9156270027160645,0.0028182065580040216,7.089935302734375,0.0,0.0,0.0,0.0,0.0,0.0,0.0,0.0,0.0,0.0,0.0,0.0,0.0,0.0,0.0,0.0,0.0,0.0,4378.778368449355,5319.1553840811985,9677.16685887234
PINN20260511,8,21,pretrain,40.85892868041992,12.924428939819336,1.3291665315628052,7.012988567352295,0.922889769077301,0.0028492300771176815,7.089078426361084,0.0,0.0,0.0,0.0,0.0,0.0,0.0,0.0,0.0,0.0,0.0,0.0,0.0,0.0,0.0,0.0,0.0,0.0,4378.745710817197,5319.12436402835,9677.109326515665
PINN20260511,8,22,pretrain,40.85668182373047,12.924365997314453,1.329161286354065,7.01298713684082,0.8200909495353699,0.0028681873809546232,7.09127140045166,0.0,0.0,0.0,0.0,0.0,0.0,0.0,0.0,0.0,0.0,0.0,0.0,0.0,0.0,0.0,0.0,0.0,0.0,4378.742285177332,5319.12323602302,9677.105748523527
PINN20260511,8,24,pretrain,40.85368728637695,12.924339294433594,1.3291428089141846,7.013090133666992,0.6740245819091797,0.002911582589149475,7.0990376472473145,0.0,0.0,0.0,0.0,0.0,0.0,0.0,0.0,0.0,0.0,0.0,0.0,0.0,0.0,0.0,0.0,0.0,0.0,4378.732464994864,5319.117595992779,9677.091944385276
PINN20260511,8,25,pretrain,40.854644775390625,12.924287796020508,1.3291326761245728,7.013116836547852,0.7296392321586609,0.002933925250545144,7.102799892425537,0.0,0.0,0.0,0.0,0.0,0.0,0.0,0.0,0.0,0.0,0.0,0.0,0.0,0.0,0.0,0.0,0.0,0.0,4378.706201607959,5319.091651776645,9677.044381746062
PINN20260511,8,27,pretrain,40.852725982666016,12.923882484436035,1.32912278175354,7.0128960609436035,0.6968454122543335,0.002970282919704914,7.104695796966553,0.0,0.0,0.0,0.0,0.0,0.0,0.0,0.0,0.0,0.0,0.0,0.0,0.0,0.0,0.0,0.0,0.0,0.0,4378.60868313212,5318.989753703235,9676.86084220089
PINN20260511,8,28,pretrain,40.8507194519043,12.923563003540039,1.3291208744049072,7.012679100036621,0.6466703414916992,0.0029850101564079523,7.103579044342041,0.0,0.0,0.0,0.0,0.0,0.0,0.0,0.0,0.0,0.0,0.0,0.0,0.0,0.0,0.0,0.0,0.0,0.0,4378.550216681316,5318.928087500338,9676.749972683841
PINN20260511,8,30,pretrain,40.84938430786133,12.922882080078125,1.3291137218475342,7.012227535247803,0.6866468191146851,0.0030179773457348347,7.102353096008301,0.0,0.0,0.0,0.0,0.0,0.0,0.0,0.0,0.0,0.0,0.0,0.0,0.0,0.0,0.0,0.0,0.0,0.0,4378.439219630666,5318.812273430977,9676.540625846059
PINN20260511,8,31,pretrain,40.84870910644531,12.922567367553711,1.3291049003601074,7.012043476104736,0.7024024724960327,0.003038874128833413,7.103422164916992,0.0,0.0,0.0,0.0,0.0,0.0,0.0,0.0,0.0,0.0,0.0,0.0,0.0,0.0,0.0,0.0,0.0,0.0,4378.389429915982,5318.76188600317,9676.44801441952
PINN20260511,8,33,pretrain,40.84593963623047,12.922005653381348,1.3290764093399048,7.011783123016357,0.6513800621032715,0.0030910992063581944,7.109081745147705,0.0,0.0,0.0,0.0,0.0,0.0,0.0,0.0,0.0,0.0,0.0,0.0,0.0,0.0,0.0,0.0,0.0,0.0,4378.296015575009,5318.667126263873,9676.273679748256
PINN20260511,8,34,pretrain,40.84436798095703,12.921730041503906,1.329058289527893,7.011689186096191,0.6156522631645203,0.003122025402262807,7.113034248352051,0.0,0.0,0.0,0.0,0.0,0.0,0.0,0.0,0.0,0.0,0.0,0.0,0.0,0.0,0.0,0.0,0.0,0.0,4378.244397015772,5318.61579736683,9676.177705647739
PINN20260511,8,36,pretrain,40.84184646606445,12.921062469482422,1.3290221691131592,7.0114665031433105,0.5925943851470947,0.003189720446243882,7.120501518249512,0.0,0.0,0.0,0.0,0.0,0.0,0.0,0.0,0.0,0.0,0.0,0.0,0.0,0.0,0.0,0.0,0.0,0.0,4378.105069547783,5318.472337053188,9675.914443508327
PINN20260511,8,38,pretrain,40.838260650634766,12.920052528381348,1.3289958238601685,7.010998249053955,0.5703628063201904,0.003257750067859888,7.124112606048584,0.0,0.0,0.0,0.0,0.0,0.0,0.0,0.0,0.0,0.0,0.0,0.0,0.0,0.0,0.0,0.0,0.0,0.0,4377.895613191343,5318.252720584083,9675.514680396846
PINN20260511,8,39,pretrain,40.8359489440918,12.91938304901123,1.3289833068847656,7.010641098022461,0.5590510964393616,0.003292644629254937,7.124830722808838,0.0,0.0,0.0,0.0,0.0,0.0,0.0,0.0,0.0,0.0,0.0,0.0,0.0,0.0,0.0,0.0,0.0,0.0,4377.762899015889,5318.112823173273,9675.260524772795
PINN20260511,8,41,pretrain,40.83098220825195,12.917715072631836,1.328940510749817,7.009766578674316,0.5707511901855469,0.0033766799606382847,7.128066539764404,0.0,0.0,0.0,0.0,0.0,0.0,0.0,0.0,0.0,0.0,0.0,0.0,0.0,0.0,0.0,0.0,0.0,0.0,4377.436235971919,5317.769081109107,9674.632814602088
PINN20260511,8,42,pretrain,40.82777786254883,12.916690826416016,1.3289021253585815,7.009279251098633,0.5699591040611267,0.0034310040064156055,7.131800651550293,0.0,0.0,0.0,0.0,0.0,0.0,0.0,0.0,0.0,0.0,0.0,0.0,0.0,0.0,0.0,0.0,0.0,0.0,4377.23063134672,5317.552444499255,9674.235522107738
PINN20260511,8,44,pretrain,40.819175720214844,12.914027214050293,1.3287787437438965,7.0081706047058105,0.5534881949424744,0.003575650043785572,7.143838405609131,0.0,0.0,0.0,0.0,0.0,0.0,0.0,0.0,0.0,0.0,0.0,0.0,0.0,0.0,0.0,0.0,0.0,0.0,4376.668367605661,5316.9570244642755,9673.140341157225
PINN20260511,8,45,pretrain,40.8134765625,12.912199974060059,1.328691840171814,7.007476806640625,0.5518648624420166,0.0036710354033857584,7.151322841644287,0.0,0.0,0.0,0.0,0.0,0.0,0.0,0.0,0.0,0.0,0.0,0.0,0.0,0.0,0.0,0.0,0.0,0.0,4376.267587796706,5316.528566649483,9672.352974226696
PINN20260511,8,47,pretrain,40.796714782714844,12.90677261352539,1.328460454940796,7.0054802894592285,0.5534828901290894,0.003928062040358782,7.166667461395264,0.0,0.0,0.0,0.0,0.0,0.0,0.0,0.0,0.0,0.0,0.0,0.0,0.0,0.0,0.0,0.0,0.0,0.0,4375.032571307327,5315.218527962891,9669.948049205243
PINN20260511,8,48,pretrain,40.78394317626953,12.902629852294922,1.3282966613769531,7.003995418548584,0.5553101897239685,0.004105618689209223,7.17476224899292,0.0,0.0,0.0,0.0,0.0,0.0,0.0,0.0,0.0,0.0,0.0,0.0,0.0,0.0,0.0,0.0,0.0,0.0,4374.050068300545,5314.202856496918,9668.082144928938
PINN20260511,8,50,pretrain,40.74137496948242,12.88869857788086,1.3276540040969849,6.999481201171875,0.5778420567512512,0.004622085485607386,7.199121475219727,0.0,0.0,0.0,0.0,0.0,0.0,0.0,0.0,0.0,0.0,0.0,0.0,0.0,0.0,0.0,0.0,0.0,0.0,4370.548935774544,5310.792596213864,9661.798596029454
PINN20260511,8,51,pretrain,40.70456314086914,12.876526832580566,1.327001690864563,6.996139049530029,0.6127105951309204,0.004983850289136171,7.2211480140686035,0.0,0.0,0.0,0.0,0.0,0.0,0.0,0.0,0.0,0.0,0.0,0.0,0.0,0.0,0.0,0.0,0.0,0.0,4367.331679641472,5307.898642589174,9656.455519586936
PINN20260511,8,53,pretrain,40.559425354003906,12.828493118286133,1.3241926431655884,6.986083507537842,0.7315462827682495,0.005918745882809162,7.30433988571167,0.0,0.0,0.0,0.0,0.0,0.0,0.0,0.0,0.0,0.0,0.0,0.0,0.0,0.0,0.0,0.0,0.0,0.0,4354.203256624569,5297.382372455287,9637.065364528175
PINN20260511,8,54,pretrain,40.418067932128906,12.781991958618164,1.321516752243042,6.978664875030518,0.7799890637397766,0.006465529091656208,7.371664047241211,0.0,0.0,0.0,0.0,0.0,0.0,0.0,0.0,0.0,0.0,0.0,0.0,0.0,0.0,0.0,0.0,0.0,0.0,4341.4951341674905,5288.086799590188,9619.953056787983
PINN20260511,8,56,pretrain,39.852638244628906,12.596121788024902,1.311449646949768,6.956361770629883,0.8638280630111694,0.007580953650176525,7.560194492340088,0.0,0.0,0.0,0.0,0.0,0.0,0.0,0.0,0.0,0.0,0.0,0.0,0.0,0.0,0.0,0.0,0.0,0.0,4292.897855761304,5253.758654525349,9556.299434253657
PINN20260511,8,57,pretrain,39.34785079956055,12.428914070129395,1.3021049499511719,6.9396891593933105,1.1056616306304932,0.008101660758256912,7.69086217880249,0.0,0.0,0.0,0.0,0.0,0.0,0.0,0.0,0.0,0.0,0.0,0.0,0.0,0.0,0.0,0.0,0.0,0.0,4252.670925430276,5222.674793628261,9499.074547149527
PINN20260511,8,59,pretrain,37.899784088134766,11.951089859008789,1.28585946559906,6.886247158050537,1.316679835319519,0.009047448635101318,8.123385429382324,0.0,0.0,0.0,0.0,0.0,0.0,0.0,0.0,0.0,0.0,0.0,0.0,0.0,0.0,0.0,0.0,0.0,0.0,4206.329991809963,5103.820137896711,9278.215246473856
PINN20260511,8,60,pretrain,37.850460052490234,11.933055877685547,1.3013396263122559,6.843266010284424,1.5984681844711304,0.009512643329799175,8.480975151062012,0.0,0.0,0.0,0.0,0.0,0.0,0.0,0.0,0.0,0.0,0.0,0.0,0.0,0.0,0.0,0.0,0.0,0.0,4238.4190448798245,5033.783467730808,9156.900272330755
PINN20260511,8,62,pretrain,38.30617904663086,12.090892791748047,1.282862663269043,6.747181415557861,2.1317358016967773,0.010528497397899628,8.802056312561035,0.0,0.0,0.0,0.0,0.0,0.0,0.0,0.0,0.0,0.0,0.0,0.0,0.0,0.0,0.0,0.0,0.0,0.0,4179.760280207467,4940.115788116712,8992.971633930982
PINN20260511,8,63,pretrain,37.359031677246094,11.76877212524414,1.3331204652786255,6.702849864959717,2.2792720794677734,0.010969690978527069,8.81391429901123,0.0,0.0,0.0,0.0,0.0,0.0,0.0,0.0,0.0,0.0,0.0,0.0,0.0,0.0,0.0,0.0,0.0,0.0,4111.668517767453,4918.8966242441,8952.277731065895
PINN20260511,8,65,pretrain,35.423465728759766,11.141146659851074,1.273808240890503,6.623448848724365,1.9217214584350586,0.01170516386628151,8.80117416381836,0.0,0.0,0.0,0.0,0.0,0.0,0.0,0.0,0.0,0.0,0.0,0.0,0.0,0.0,0.0,0.0,0.0,0.0,4028.984487436009,4869.66179523794,8848.019284200496
PINN20260511,8,66,pretrain,34.84388732910156,10.964401245117188,1.219517707824707,6.568725109100342,1.3589270114898682,0.011995142325758934,8.89822769165039,0.0,0.0,0.0,0.0,0.0,0.0,0.0,0.0,0.0,0.0,0.0,0.0,0.0,0.0,0.0,0.0,0.0,0.0,3989.199543768148,4807.760601361095,8722.179621907158
PINN20260511,8,68,pretrain,33.422271728515625,10.476659774780273,1.1628875732421875,6.398707866668701,6.555290222167969,0.012366537004709244,9.247336387634277,0.0,0.0,0.0,0.0,0.0,0.0,0.0,0.0,0.0,0.0,0.0,0.0,0.0,0.0,0.0,0.0,0.0,0.0,3869.1103628612095,4602.684216845644,8340.359632680651
PINN20260511,8,70,pretrain,31.05917739868164,9.735532760620117,1.173279047012329,6.132364749908447,1.9733896255493164,0.012567374855279922,9.69709587097168,0.0,0.0,0.0,0.0,0.0,0.0,0.0,0.0,0.0,0.0,0.0,0.0,0.0,0.0,0.0,0.0,0.0,0.0,3724.9669797194174,4369.700447399112,7919.665393407366
PINN20260511,8,71,pretrain,30.0124454498291,9.397660255432129,1.1961013078689575,5.959805488586426,1.4725828170776367,0.012635331600904465,10.019516944885254,0.0,0.0,0.0,0.0,0.0,0.0,0.0,0.0,0.0,0.0,0.0,0.0,0.0,0.0,0.0,0.0,0.0,0.0,3707.8861902706776,4386.2336919047075,7953.362127205619
PINN20260511,8,73,pretrain,29.905147552490234,9.32933521270752,1.502395749092102,5.60148286819458,2.282306671142578,0.012866874225437641,10.698412895202637,0.0,0.0,0.0,0.0,0.0,0.0,0.0,0.0,0.0,0.0,0.0,0.0,0.0,0.0,0.0,0.0,0.0,0.0,3710.0467652039106,4556.270843573722,8267.722264917444
PINN20260511,8,74,pretrain,29.63892936706543,9.232340812683105,1.6087734699249268,5.432709217071533,2.5489962100982666,0.013040834106504917,10.836603164672852,0.0,0.0,0.0,0.0,0.0,0.0,0.0,0.0,0.0,0.0,0.0,0.0,0.0,0.0,0.0,0.0,0.0,0.0,3644.9591218558267,4509.510616463831,8167.54318919858
PINN20260511,8,76,pretrain,27.018217086791992,8.441094398498535,1.2777897119522095,5.093540668487549,1.8665390014648438,0.013332040049135685,10.770318984985352,0.0,0.0,0.0,0.0,0.0,0.0,0.0,0.0,0.0,0.0,0.0,0.0,0.0,0.0,0.0,0.0,0.0,0.0,3434.873214545189,4173.815999777661,7536.473797707274
PINN20260511,8,77,pretrain,25.510953903198242,7.965590476989746,1.1712255477905273,4.951851844787598,1.909978985786438,0.013439922593533993,10.587442398071289,0.0,0.0,0.0,0.0,0.0,0.0,0.0,0.0,0.0,0.0,0.0,0.0,0.0,0.0,0.0,0.0,0.0,0.0,3348.8403963163128,4025.368802979424,7276.781856597044
PINN20260511,8,79,pretrain,23.241844177246094,7.242216110229492,1.0822113752365112,4.6337809562683105,2.3667678833007812,0.013510244898498058,10.354616165161133,0.0,0.0,0.0,0.0,0.0,0.0,0.0,0.0,0.0,0.0,0.0,0.0,0.0,0.0,0.0,0.0,0.0,0.0,3172.886540675541,3811.7338574459786,6898.671510214452
PINN20260511,8,80,pretrain,21.985496520996094,6.831738471984863,1.0463166236877441,4.40544319152832,4.301634311676025,0.013463174924254417,10.485787391662598,0.0,0.0,0.0,0.0,0.0,0.0,0.0,0.0,0.0,0.0,0.0,0.0,0.0,0.0,0.0,0.0,0.0,0.0,3050.6241984223493,3703.482415241093,6702.445042270821
PINN20260511,8,82,pretrain,18.39444351196289,5.684681415557861,0.9848695993423462,3.7533886432647705,4.86433219909668,0.013350116088986397,11.170238494873047,0.0,0.0,0.0,0.0,0.0,0.0,0.0,0.0,0.0,0.0,0.0,0.0,0.0,0.0,0.0,0.0,0.0,0.0,2696.4974503974595,3493.5929928942783,6327.709155767802
PINN20260511,8,83,pretrain,16.028491973876953,4.911404609680176,0.925814688205719,3.3104419708251953,8.464118003845215,0.01326857041567564,11.775787353515625,0.0,0.0,0.0,0.0,0.0,0.0,0.0,0.0,0.0,0.0,0.0,0.0,0.0,0.0,0.0,0.0,0.0,0.0,2462.2949660834706,3452.6740361638545,6294.536669221647
PINN20260511,8,85,pretrain,11.072273254394531,3.271016836166382,0.9365150332450867,2.2264297008514404,17.28398323059082,0.013081802986562252,13.457244873046875,0.0,0.0,0.0,0.0,0.0,0.0,0.0,0.0,0.0,0.0,0.0,0.0,0.0,0.0,0.0,0.0,0.0,0.0,1957.1758352278928,3759.3541998593323,6888.861196442572
PINN20260511,8,86,pretrain,8.816317558288574,2.590999126434326,0.9179704189300537,1.6830419301986694,12.386384963989258,0.013001403771340847,14.317532539367676,0.0,0.0,0.0,0.0,0.0,0.0,0.0,0.0,0.0,0.0,0.0,0.0,0.0,0.0,0.0,0.0,0.0,0.0,1741.794764029333,4032.190719695684,7301.54051985336
PINN20260511,8,88,pretrain,5.646988868713379,1.6410243511199951,0.9469807147979736,1.0203715562820435,2.3175671100616455,0.012900264002382755,15.410195350646973,0.0,0.0,0.0,0.0,0.0,0.0,0.0,0.0,0.0,0.0,0.0,0.0,0.0,0.0,0.0,0.0,0.0,0.0,1343.8873650719393,4018.944139945217,7310.318584421681
PINN20260511,8,89,pretrain,4.443410873413086,1.2261712551116943,1.0603969097137451,0.899941623210907,2.735525131225586,0.0128760552033782,15.670844078063965,0.0,0.0,0.0,0.0,0.0,0.0,0.0,0.0,0.0,0.0,0.0,0.0,0.0,0.0,0.0,0.0,0.0,0.0,1150.9479245387256,3659.3824615636995,6631.827048665183
PINN20260511,8,91,pretrain,2.632695198059082,0.6657416820526123,0.9147300720214844,0.7256798148155212,1.6484678983688354,0.012869910337030888,15.81100845336914,0.0,0.0,0.0,0.0,0.0,0.0,0.0,0.0,0.0,0.0,0.0,0.0,0.0,0.0,0.0,0.0,0.0,0.0,927.5869231506016,2511.7464043967498,4516.6452120960985
PINN20260511,8,92,pretrain,2.4213714599609375,0.6024655699729919,0.9224898815155029,0.6038112044334412,1.5983878374099731,0.01290102954953909,15.50954532623291,0.0,0.0,0.0,0.0,0.0,0.0,0.0,0.0,0.0,0.0,0.0,0.0,0.0,0.0,0.0,0.0,0.0,0.0,955.2957984310409,2095.71873112782,3788.825176761984
PINN20260511,8,94,pretrain,2.583739995956421,0.6721099615097046,0.8878768086433411,0.4802493751049042,1.3711034059524536,0.012993686832487583,15.011157035827637,0.0,0.0,0.0,0.0,0.0,0.0,0.0,0.0,0.0,0.0,0.0,0.0,0.0,0.0,0.0,0.0,0.0,0.0,972.0611156197948,1783.2453560853594,3240.112048512753
PINN20260511,8,95,pretrain,2.552131175994873,0.6573596000671387,0.8970177173614502,0.47790953516960144,1.7980833053588867,0.012998155318200588,15.325236320495605,0.0,0.0,0.0,0.0,0.0,0.0,0.0,0.0,0.0,0.0,0.0,0.0,0.0,0.0,0.0,0.0,0.0,0.0,969.0658517355773,1718.1011320641169,3124.182266191415
PINN20260511,8,97,pretrain,2.395505905151367,0.6051392555236816,0.9014246463775635,0.42870521545410156,2.181748390197754,0.013043053448200226,15.20101547241211,0.0,0.0,0.0,0.0,0.0,0.0,0.0,0.0,0.0,0.0,0.0,0.0,0.0,0.0,0.0,0.0,0.0,0.0,879.0881639517165,1458.0681568431567,2664.5865173577267
PINN20260511,8,98,pretrain,2.192547082901001,0.5439563393592834,0.8996226191520691,0.34845176339149475,2.0588183403015137,0.013091972097754478,14.690186500549316,0.0,0.0,0.0,0.0,0.0,0.0,0.0,0.0,0.0,0.0,0.0,0.0,0.0,0.0,0.0,0.0,0.0,0.0,819.8953058165414,1389.4184484884315,2539.790495271992
PINN20260511,8,100,pretrain,1.758937120437622,0.40858232975006104,0.9059053659439087,0.2769990861415863,1.2418785095214844,0.013096912764012814,14.811745643615723,0.0,0.0,0.0,0.0,0.0,0.0,0.0,0.0,0.0,0.0,0.0,0.0,0.0,0.0,0.0,0.0,0.0,0.0,714.7493660367948,1471.7087857317424,2676.0691503068488
PINN20260511,8,101,pretrain,1.6020677089691162,0.3620586097240448,0.8898078799247742,0.2645342946052551,0.9040523767471313,0.013099612668156624,14.76662540435791,0.0,0.0,0.0,0.0,0.0,0.0,0.0,0.0,0.0,0.0,0.0,0.0,0.0,0.0,0.0,0.0,0.0,0.0,670.3992513793553,1502.3589784069586,2720.4440629201918
PINN20260511,8,103,pretrain,1.409717082977295,0.2987503111362457,0.8738861083984375,0.2182924449443817,1.6432256698608398,0.013163941912353039,14.020665168762207,0.0,0.0,0.0,0.0,0.0,0.0,0.0,0.0,0.0,0.0,0.0,0.0,0.0,0.0,0.0,0.0,0.0,0.0,617.7753181780573,1513.6194204620922,2745.44329544641
PINN20260511,8,105,pretrain,1.384049654006958,0.292005717754364,0.8960918188095093,0.20151962339878082,0.9841306209564209,0.013131853193044662,14.440546035766602,0.0,0.0,0.0,0.0,0.0,0.0,0.0,0.0,0.0,0.0,0.0,0.0,0.0,0.0,0.0,0.0,0.0,0.0,620.2525191403901,1602.2644912747708,2897.9523145126723
PINN20260511,8,106,pretrain,1.3526443243026733,0.28493136167526245,0.8792749047279358,0.19431278109550476,0.9675078988075256,0.013151178136467934,14.254368782043457,0.0,0.0,0.0,0.0,0.0,0.0,0.0,0.0,0.0,0.0,0.0,0.0,0.0,0.0,0.0,0.0,0.0,0.0,595.106739375383,1492.8070036009344,2703.314023203563
PINN20260511,8,108,pretrain,1.2916347980499268,0.2642628252506256,0.8635598421096802,0.18015554547309875,1.5517661571502686,0.013211146928369999,13.695235252380371,0.0,0.0,0.0,0.0,0.0,0.0,0.0,0.0,0.0,0.0,0.0,0.0,0.0,0.0,0.0,0.0,0.0,0.0,564.7648570422915,1437.4799998608676,2596.757193719299
PINN20260511,8,109,pretrain,1.2076313495635986,0.2410060465335846,0.8619062304496765,0.16185937821865082,1.0644094944000244,0.013184307143092155,14.010004043579102,0.0,0.0,0.0,0.0,0.0,0.0,0.0,0.0,0.0,0.0,0.0,0.0,0.0,0.0,0.0,0.0,0.0,0.0,547.1562562467873,1375.967386968165,2491.0850367698667
PINN20260511,8,111,pretrain,1.090759515762329,0.20257486402988434,0.8740816712379456,0.1408805251121521,0.8909013271331787,0.01317249983549118,14.245977401733398,0.0,0.0,0.0,0.0,0.0,0.0,0.0,0.0,0.0,0.0,0.0,0.0,0.0,0.0,0.0,0.0,0.0,0.0,491.08355959042245,1102.1202860849628,2009.5997692145968
PINN20260511,8,112,pretrain,1.065669298171997,0.19618692994117737,0.8648501634597778,0.13431087136268616,0.8910678625106812,0.013190542347729206,14.09747314453125,0.0,0.0,0.0,0.0,0.0,0.0,0.0,0.0,0.0,0.0,0.0,0.0,0.0,0.0,0.0,0.0,0.0,0.0,484.107942508693,1042.3644995873565,1896.8749823603823
PINN20260511,8,114,pretrain,1.0411052703857422,0.1881963312625885,0.8612357378005981,0.14018455147743225,0.8930769562721252,0.013171016238629818,14.346630096435547,0.0,0.0,0.0,0.0,0.0,0.0,0.0,0.0,0.0,0.0,0.0,0.0,0.0,0.0,0.0,0.0,0.0,0.0,487.3170650356911,908.3389716950385,1658.9368452633692
PINN20260511,8,115,pretrain,1.031473159790039,0.18551094830036163,0.8628326654434204,0.12931692600250244,0.8830299973487854,0.013177505694329739,14.332062721252441,0.0,0.0,0.0,0.0,0.0,0.0,0.0,0.0,0.0,0.0,0.0,0.0,0.0,0.0,0.0,0.0,0.0,0.0,483.92614687057363,861.1337367099259,1580.9014879357035
PINN20260511,8,117,pretrain,1.0273152589797974,0.18360626697540283,0.8709161877632141,0.12006054818630219,0.8513160943984985,0.01316526997834444,14.575079917907715,0.0,0.0,0.0,0.0,0.0,0.0,0.0,0.0,0.0,0.0,0.0,0.0,0.0,0.0,0.0,0.0,0.0,0.0,484.54661475961217,851.0333057524834,1553.2408982735092
PINN20260511,8,118,pretrain,1.0221606492996216,0.18181106448173523,0.8698949217796326,0.12102936953306198,0.8787043690681458,0.013158442452549934,14.677799224853516,0.0,0.0,0.0,0.0,0.0,0.0,0.0,0.0,0.0,0.0,0.0,0.0,0.0,0.0,0.0,0.0,0.0,0.0,466.0528571149414,842.1811340204671,1538.808157308911
PINN20260511,8,120,pretrain,0.978770911693573,0.16990071535110474,0.8600775003433228,0.09902460128068924,0.9612553715705872,0.013187739066779613,14.396045684814453,0.0,0.0,0.0,0.0,0.0,0.0,0.0,0.0,0.0,0.0,0.0,0.0,0.0,0.0,0.0,0.0,0.0,0.0,453.41723335135816,878.1837080019192,1594.6883195165904
PINN20260511,8,121,pretrain,0.9552534818649292,0.16269952058792114,0.8594912886619568,0.09958251565694809,0.8746424317359924,0.013178102672100067,14.522758483886719,0.0,0.0,0.0,0.0,0.0,0.0,0.0,0.0,0.0,0.0,0.0,0.0,0.0,0.0,0.0,0.0,0.0,0.0,449.95010140014415,905.6168477893949,1639.6969280008484
PINN20260511,8,123,pretrain,0.9343129992485046,0.15672709047794342,0.8634953498840332,0.08731209486722946,0.7460801005363464,0.013179642148315907,14.591164588928223,0.0,0.0,0.0,0.0,0.0,0.0,0.0,0.0,0.0,0.0,0.0,0.0,0.0,0.0,0.0,0.0,0.0,0.0,436.67753047872753,914.2495898276356,1657.9189974266499
PINN20260511,8,124,pretrain,0.9344256520271301,0.1568363457918167,0.8648359179496765,0.08504530042409897,0.7244768142700195,0.013182168826460838,14.5938720703125,0.0,0.0,0.0,0.0,0.0,0.0,0.0,0.0,0.0,0.0,0.0,0.0,0.0,0.0,0.0,0.0,0.0,0.0,440.307882339165,930.7719914135793,1680.5567197186017
PINN20260511,8,126,pretrain,0.9259570837020874,0.15426969528198242,0.8611076474189758,0.08680146187543869,0.7616976499557495,0.013178127817809582,14.656205177307129,0.0,0.0,0.0,0.0,0.0,0.0,0.0,0.0,0.0,0.0,0.0,0.0,0.0,0.0,0.0,0.0,0.0,0.0,431.86257218008603,894.2670182892803,1616.2621635507844
PINN20260511,8,127,pretrain,0.9188231825828552,0.1518561989068985,0.8601685762405396,0.08191309869289398,0.8393828868865967,0.013188164681196213,14.564835548400879,0.0,0.0,0.0,0.0,0.0,0.0,0.0,0.0,0.0,0.0,0.0,0.0,0.0,0.0,0.0,0.0,0.0,0.0,425.1158665587536,865.4385087919303,1565.0566891244464
PINN20260511,8,129,pretrain,0.8957574963569641,0.1445937156677246,0.8650774359703064,0.07910599559545517,0.6808181405067444,0.013172769919037819,14.779168128967285,0.0,0.0,0.0,0.0,0.0,0.0,0.0,0.0,0.0,0.0,0.0,0.0,0.0,0.0,0.0,0.0,0.0,0.0,416.2207384609758,798.8580130411161,1443.8473243567723
PINN20260511,8,130,pretrain,0.8851944804191589,0.1410830318927765,0.8673150539398193,0.07597021758556366,0.6546895503997803,0.013169828802347183,14.8305025100708,0.0,0.0,0.0,0.0,0.0,0.0,0.0,0.0,0.0,0.0,0.0,0.0,0.0,0.0,0.0,0.0,0.0,0.0,406.1525460033459,754.0174484055392,1368.7629338694135
PINN20260511,8,132,pretrain,0.8671325445175171,0.13580477237701416,0.8620495200157166,0.06990222632884979,0.7356480360031128,0.013176347129046917,14.766292572021484,0.0,0.0,0.0,0.0,0.0,0.0,0.0,0.0,0.0,0.0,0.0,0.0,0.0,0.0,0.0,0.0,0.0,0.0,405.5513993318233,688.5633140822999,1249.41527972839
PINN20260511,8,133,pretrain,0.8637191653251648,0.13456642627716064,0.8610160946846008,0.07240546494722366,0.7515406608581543,0.013170451857149601,14.829458236694336,0.0,0.0,0.0,0.0,0.0,0.0,0.0,0.0,0.0,0.0,0.0,0.0,0.0,0.0,0.0,0.0,0.0,0.0,399.44811537294805,660.2535971125035,1202.555304920412
PINN20260511,8,135,pretrain,0.8539615273475647,0.13165885210037231,0.8614824414253235,0.06364612281322479,0.7757253050804138,0.013173643499612808,14.81050968170166,0.0,0.0,0.0,0.0,0.0,0.0,0.0,0.0,0.0,0.0,0.0,0.0,0.0,0.0,0.0,0.0,0.0,0.0,390.42821043054767,626.5127442837855,1146.3574908221894
PINN20260511,8,137,pretrain,0.842337429523468,0.12761971354484558,0.8628895282745361,0.06441216170787811,0.7575580477714539,0.013163406401872635,14.9256591796875,0.0,0.0,0.0,0.0,0.0,0.0,0.0,0.0,0.0,0.0,0.0,0.0,0.0,0.0,0.0,0.0,0.0,0.0,383.030453260573,609.3367039248498,1116.659288680848
PINN20260511,8,138,pretrain,0.8336796164512634,0.1251564770936966,0.860735297203064,0.0613681823015213,0.7784448862075806,0.01316795963793993,14.868744850158691,0.0,0.0,0.0,0.0,0.0,0.0,0.0,0.0,0.0,0.0,0.0,0.0,0.0,0.0,0.0,0.0,0.0,0.0,377.510140592276,607.8044761681177,1116.5170279976724
PINN20260511,8,140,pretrain,0.8203490376472473,0.12095406651496887,0.86090087890625,0.059026576578617096,0.7615545988082886,0.0131653668358922,14.893877029418945,0.0,0.0,0.0,0.0,0.0,0.0,0.0,0.0,0.0,0.0,0.0,0.0,0.0,0.0,0.0,0.0,0.0,0.0,373.17524787289955,609.2506411568231,1114.2368844183663
PINN20260511,8,141,pretrain,0.814880907535553,0.11916041374206543,0.8626210689544678,0.05838509276509285,0.7206053137779236,0.013160599395632744,14.949475288391113,0.0,0.0,0.0,0.0,0.0,0.0,0.0,0.0,0.0,0.0,0.0,0.0,0.0,0.0,0.0,0.0,0.0,0.0,366.9637882339346,612.045418045099,1121.8201791422052
PINN20260511,8,143,pretrain,0.805633008480072,0.11624512821435928,0.8637847304344177,0.053747691214084625,0.7127878069877625,0.013161178678274155,14.943532943725586,0.0,0.0,0.0,0.0,0.0,0.0,0.0,0.0,0.0,0.0,0.0,0.0,0.0,0.0,0.0,0.0,0.0,0.0,362.9743448234324,608.9152753051939,1114.5879814160703
PINN20260511,8,144,pretrain,0.8004108667373657,0.11457336694002151,0.8626735210418701,0.05443846434354782,0.7233165502548218,0.013157840818166733,14.973692893981934,0.0,0.0,0.0,0.0,0.0,0.0,0.0,0.0,0.0,0.0,0.0,0.0,0.0,0.0,0.0,0.0,0.0,0.0,360.55695848575715,602.8136372462056,1103.5120508788611
PINN20260511,8,146,pretrain,0.7901215553283691,0.11129552125930786,0.8605110049247742,0.05205351486802101,0.7784409523010254,0.013158848509192467,14.951903343200684,0.0,0.0,0.0,0.0,0.0,0.0,0.0,0.0,0.0,0.0,0.0,0.0,0.0,0.0,0.0,0.0,0.0,0.0,350.30636145379947,583.0182512151742,1071.1248504729183
PINN20260511,8,147,pretrain,0.7837006449699402,0.10923296958208084,0.8610811829566956,0.05129551887512207,0.7601009011268616,0.013155338354408741,14.990679740905762,0.0,0.0,0.0,0.0,0.0,0.0,0.0,0.0,0.0,0.0,0.0,0.0,0.0,0.0,0.0,0.0,0.0,0.0,347.71403031082883,568.9825074200436,1044.5251588422002
PINN20260511,8,149,pretrain,0.7716898918151855,0.10520437359809875,0.8628115057945251,0.05017233267426491,0.7318278551101685,0.013146679848432541,15.08734130859375,0.0,0.0,0.0,0.0,0.0,0.0,0.0,0.0,0.0,0.0,0.0,0.0,0.0,0.0,0.0,0.0,0.0,0.0,337.0308197146071,542.716604223604,1001.9420728096984
PINN20260511,8,150,pretrain,0.7662379741668701,0.10353925824165344,0.8615075945854187,0.048786137253046036,0.7554605007171631,0.013146796263754368,15.079841613769531,0.0,0.0,0.0,0.0,0.0,0.0,0.0,0.0,0.0,0.0,0.0,0.0,0.0,0.0,0.0,0.0,0.0,0.0,334.7690085155733,526.952618837785,973.201264084218
PINN20260511,8,152,pretrain,0.7560932636260986,0.10018324851989746,0.860640287399292,0.049658168107271194,0.7645878791809082,0.013138623908162117,15.160411834716797,0.0,0.0,0.0,0.0,0.0,0.0,0.0,0.0,0.0,0.0,0.0,0.0,0.0,0.0,0.0,0.0,0.0,0.0,326.6201683530887,505.07140584277784,935.9539041260186
PINN20260511,8,153,pretrain,0.7507582306861877,0.0985138937830925,0.8610860109329224,0.04759523272514343,0.7577230930328369,0.013137191534042358,15.174539566040039,0.0,0.0,0.0,0.0,0.0,0.0,0.0,0.0,0.0,0.0,0.0,0.0,0.0,0.0,0.0,0.0,0.0,0.0,321.9613233759608,497.4646030121138,923.0966741140882
PINN20260511,8,155,pretrain,0.7402896285057068,0.09509864449501038,0.8624910116195679,0.04629603028297424,0.7244501113891602,0.01312933024019003,15.256705284118652,0.0,0.0,0.0,0.0,0.0,0.0,0.0,0.0,0.0,0.0,0.0,0.0,0.0,0.0,0.0,0.0,0.0,0.0,315.1741334167511,480.87051596557677,892.1892900820242
PINN20260511,8,156,pretrain,0.7347322702407837,0.09337889403104782,0.8617838025093079,0.04531943425536156,0.7319886684417725,0.013127840124070644,15.26536750793457,0.0,0.0,0.0,0.0,0.0,0.0,0.0,0.0,0.0,0.0,0.0,0.0,0.0,0.0,0.0,0.0,0.0,0.0,309.8283420904227,476.6022975185915,885.9636940468241
PINN20260511,8,158,pretrain,0.724492609500885,0.09011191874742508,0.8614610433578491,0.04343432933092117,0.7369763851165771,0.013124370947480202,15.291268348693848,0.0,0.0,0.0,0.0,0.0,0.0,0.0,0.0,0.0,0.0,0.0,0.0,0.0,0.0,0.0,0.0,0.0,0.0,303.6612781949651,464.17152338871455,860.9938568433362
PINN20260511,8,159,pretrain,0.7198915481567383,0.08860071003437042,0.8621563911437988,0.042904265224933624,0.7215182185173035,0.013120959512889385,15.32587718963623,0.0,0.0,0.0,0.0,0.0,0.0,0.0,0.0,0.0,0.0,0.0,0.0,0.0,0.0,0.0,0.0,0.0,0.0,298.35680191676545,460.47940371964523,855.6205670942103
PINN20260511,8,161,pretrain,0.7112047672271729,0.0858156606554985,0.8620238304138184,0.04087808355689049,0.728513240814209,0.013118136674165726,15.345760345458984,0.0,0.0,0.0,0.0,0.0,0.0,0.0,0.0,0.0,0.0,0.0,0.0,0.0,0.0,0.0,0.0,0.0,0.0,292.4173227170374,445.10739574848674,827.1861079941677
PINN20260511,8,162,pretrain,0.706954836845398,0.08443838357925415,0.8616746664047241,0.0407915860414505,0.7322009801864624,0.013114875182509422,15.376547813415527,0.0,0.0,0.0,0.0,0.0,0.0,0.0,0.0,0.0,0.0,0.0,0.0,0.0,0.0,0.0,0.0,0.0,0.0,288.11948205128374,436.8982289961817,813.5153905667759
PINN20260511,8,164,pretrain,0.6986324191093445,0.0817449539899826,0.8612202405929565,0.039305977523326874,0.7463141679763794,0.013111541047692299,15.404566764831543,0.0,0.0,0.0,0.0,0.0,0.0,0.0,0.0,0.0,0.0,0.0,0.0,0.0,0.0,0.0,0.0,0.0,0.0,280.6578627751234,417.5528409674637,780.2663900113262
PINN20260511,8,165,pretrain,0.6945578455924988,0.08041544258594513,0.8615058064460754,0.03905383124947548,0.7373942732810974,0.013107692822813988,15.445845603942871,0.0,0.0,0.0,0.0,0.0,0.0,0.0,0.0,0.0,0.0,0.0,0.0,0.0,0.0,0.0,0.0,0.0,0.0,277.2448010107674,407.50532971974735,763.2363378751286
PINN20260511,8,167,pretrain,0.68738853931427,0.078126922249794,0.8612925410270691,0.037776779383420944,0.7403079867362976,0.013103097677230835,15.490496635437012,0.0,0.0,0.0,0.0,0.0,0.0,0.0,0.0,0.0,0.0,0.0,0.0,0.0,0.0,0.0,0.0,0.0,0.0,270.13651062934827,389.4795004233214,733.9856903461485
PINN20260511,8,168,pretrain,0.6840606331825256,0.07707638293504715,0.8611448407173157,0.03746422007679939,0.7383096814155579,0.013100218027830124,15.519744873046875,0.0,0.0,0.0,0.0,0.0,0.0,0.0,0.0,0.0,0.0,0.0,0.0,0.0,0.0,0.0,0.0,0.0,0.0,267.9508612833704,380.1269113730308,717.4449246933367
PINN20260511,8,170,pretrain,0.6779589056968689,0.07517772912979126,0.8611648678779602,0.036482371389865875,0.7273379564285278,0.013095319271087646,15.569483757019043,0.0,0.0,0.0,0.0,0.0,0.0,0.0,0.0,0.0,0.0,0.0,0.0,0.0,0.0,0.0,0.0,0.0,0.0,260.76670308438537,367.47827316727177,697.4881658851859
PINN20260511,8,172,pretrain,0.6723744869232178,0.07342410087585449,0.861686646938324,0.03557697683572769,0.7071692943572998,0.01308997068554163,15.62641716003418,0.0,0.0,0.0,0.0,0.0,0.0,0.0,0.0,0.0,0.0,0.0,0.0,0.0,0.0,0.0,0.0,0.0,0.0,255.6390582931333,355.5741835398065,676.5079103959131
PINN20260511,8,173,pretrain,0.6698257923126221,0.07262811064720154,0.8617916703224182,0.03496327996253967,0.7026493549346924,0.013088210485875607,15.644277572631836,0.0,0.0,0.0,0.0,0.0,0.0,0.0,0.0,0.0,0.0,0.0,0.0,0.0,0.0,0.0,0.0,0.0,0.0,252.62185333270358,351.40302494073666,669.9157401543441
PINN20260511,8,175,pretrain,0.6653957366943359,0.07125190645456314,0.8616439700126648,0.034164704382419586,0.6992515325546265,0.013084245845675468,15.685765266418457,0.0,0.0,0.0,0.0,0.0,0.0,0.0,0.0,0.0,0.0,0.0,0.0,0.0,0.0,0.0,0.0,0.0,0.0,249.0321264415497,341.1144991971171,651.4970990628425
PINN20260511,8,176,pretrain,0.6633642911911011,0.07061895728111267,0.8616395592689514,0.03379287198185921,0.6964533925056458,0.013082164339721203,15.708842277526855,0.0,0.0,0.0,0.0,0.0,0.0,0.0,0.0,0.0,0.0,0.0,0.0,0.0,0.0,0.0,0.0,0.0,0.0,246.02954122676002,337.8140437060011,646.9903028620301
PINN20260511,8,178,pretrain,0.659567654132843,0.06942133605480194,0.8618704080581665,0.03301086649298668,0.6883155107498169,0.013078189454972744,15.755282402038574,0.0,0.0,0.0,0.0,0.0,0.0,0.0,0.0,0.0,0.0,0.0,0.0,0.0,0.0,0.0,0.0,0.0,0.0,242.88703810876777,328.85045993581946,631.9907223627729
PINN20260511,8,179,pretrain,0.6578102111816406,0.06887032091617584,0.8618546724319458,0.032875556498765945,0.6848396062850952,0.013075755909085274,15.784357070922852,0.0,0.0,0.0,0.0,0.0,0.0,0.0,0.0,0.0,0.0,0.0,0.0,0.0,0.0,0.0,0.0,0.0,0.0,240.54062644125213,326.29597377227935,629.1951609495694
PINN20260511,8,181,pretrain,0.6545841097831726,0.06789599359035492,0.8614631295204163,0.032308898866176605,0.6851375102996826,0.01307228859513998,15.82479190826416,0.0,0.0,0.0,0.0,0.0,0.0,0.0,0.0,0.0,0.0,0.0,0.0,0.0,0.0,0.0,0.0,0.0,0.0,237.6717553291724,320.3960683669511,620.596580955228
PINN20260511,8,182,pretrain,0.6530728340148926,0.06742902100086212,0.8617122769355774,0.032200466841459274,0.6744775772094727,0.01306980662047863,15.855443000793457,0.0,0.0,0.0,0.0,0.0,0.0,0.0,0.0,0.0,0.0,0.0,0.0,0.0,0.0,0.0,0.0,0.0,0.0,235.55725982497333,319.36738004608424,621.9204993958563
PINN20260511,8,184,pretrain,0.6501426696777344,0.06654152274131775,0.8621851205825806,0.031316112726926804,0.6581164598464966,0.013067254796624184,15.886960983276367,0.0,0.0,0.0,0.0,0.0,0.0,0.0,0.0,0.0,0.0,0.0,0.0,0.0,0.0,0.0,0.0,0.0,0.0,233.09984783886068,316.1607334489848,616.5035729622607
PINN20260511,8,185,pretrain,0.6486333012580872,0.06607100367546082,0.8622135519981384,0.03155157342553139,0.6501577496528625,0.01306458842009306,15.918731689453125,0.0,0.0,0.0,0.0,0.0,0.0,0.0,0.0,0.0,0.0,0.0,0.0,0.0,0.0,0.0,0.0,0.0,0.0,231.39473511188623,315.9740025896118,616.8099677566388
PINN20260511,8,187,pretrain,0.6460469961166382,0.06534947454929352,0.8609629273414612,0.030854834243655205,0.6673070788383484,0.013063959777355194,15.91986083984375,0.0,0.0,0.0,0.0,0.0,0.0,0.0,0.0,0.0,0.0,0.0,0.0,0.0,0.0,0.0,0.0,0.0,0.0,228.68946432608126,316.39408772921155,618.9212250070403
PINN20260511,8,188,pretrain,0.6445342302322388,0.06486447900533676,0.8621466159820557,0.030901355668902397,0.6343598365783691,0.01306111365556717,15.958349227905273,0.0,0.0,0.0,0.0,0.0,0.0,0.0,0.0,0.0,0.0,0.0,0.0,0.0,0.0,0.0,0.0,0.0,0.0,226.80261414112934,318.5360311252088,626.1256930795555
PINN20260511,8,190,pretrain,0.6420414447784424,0.0641065463423729,0.8624005317687988,0.030077561736106873,0.6253011226654053,0.013060163706541061,15.969902992248535,0.0,0.0,0.0,0.0,0.0,0.0,0.0,0.0,0.0,0.0,0.0,0.0,0.0,0.0,0.0,0.0,0.0,0.0,225.3755113000301,320.8056021565085,629.4837962468536
PINN20260511,8,191,pretrain,0.6405946016311646,0.06367039680480957,0.8615872263908386,0.0307387113571167,0.6321005821228027,0.013057678937911987,15.9977445602417,0.0,0.0,0.0,0.0,0.0,0.0,0.0,0.0,0.0,0.0,0.0,0.0,0.0,0.0,0.0,0.0,0.0,0.0,224.2485977520261,323.6734706845774,636.787901212241
PINN20260511,8,193,pretrain,0.6383881568908691,0.06300438940525055,0.8611329793930054,0.029717495664954185,0.6432512998580933,0.01305816974490881,15.989202499389648,0.0,0.0,0.0,0.0,0.0,0.0,0.0,0.0,0.0,0.0,0.0,0.0,0.0,0.0,0.0,0.0,0.0,0.0,221.26012512142805,331.2420989623753,653.1517610101753
PINN20260511,8,194,pretrain,0.6369459629058838,0.0623994916677475,0.8623974323272705,0.030422067269682884,0.6232157945632935,0.013054337352514267,16.039335250854492,0.0,0.0,0.0,0.0,0.0,0.0,0.0,0.0,0.0,0.0,0.0,0.0,0.0,0.0,0.0,0.0,0.0,0.0,220.14081076097634,334.5031763675795,658.9125427625735
PINN20260511,8,196,pretrain,0.6348020434379578,0.06190146505832672,0.8596028685569763,0.029644658789038658,0.6683645248413086,0.013056124560534954,16.006166458129883,0.0,0.0,0.0,0.0,0.0,0.0,0.0,0.0,0.0,0.0,0.0,0.0,0.0,0.0,0.0,0.0,0.0,0.0,218.2778833849183,341.0670182493464,671.5785032541315
PINN20260511,8,197,pretrain,0.6330779790878296,0.061403125524520874,0.8605421781539917,0.03025060147047043,0.627369225025177,0.013052660040557384,16.052648544311523,0.0,0.0,0.0,0.0,0.0,0.0,0.0,0.0,0.0,0.0,0.0,0.0,0.0,0.0,0.0,0.0,0.0,0.0,216.53212268910588,346.20986906427146,683.8585045991945
PINN20260511,8,199,pretrain,0.6312607526779175,0.06084123253822327,0.8619439601898193,0.028896339237689972,0.5992898344993591,0.013052763417363167,16.054126739501953,0.0,0.0,0.0,0.0,0.0,0.0,0.0,0.0,0.0,0.0,0.0,0.0,0.0,0.0,0.0,0.0,0.0,0.0,215.08642884896295,353.2295641647228,696.1961053958197
PINN20260511,8,200,pretrain,0.6300414800643921,0.06048232316970825,0.859420895576477,0.02995554357767105,0.6446474194526672,0.013051123358309269,16.065698623657227,0.0,0.0,0.0,0.0,0.0,0.0,0.0,0.0,0.0,0.0,0.0,0.0,0.0,0.0,0.0,0.0,0.0,0.0,216.60266582789328,354.71575328000307,698.642694055281
PINN20260511,8,202,pretrain,0.6277393102645874,0.05982451140880585,0.860849916934967,0.029008926823735237,0.6019505858421326,0.013050022535026073,16.086109161376953,0.0,0.0,0.0,0.0,0.0,0.0,0.0,0.0,0.0,0.0,0.0,0.0,0.0,0.0,0.0,0.0,0.0,0.0,209.78682446414504,375.4869754731847,740.8859115053948
PINN20260511,8,204,pretrain,0.6255244612693787,0.0589325875043869,0.8626736998558044,0.029489930719137192,0.5745913982391357,0.013045377098023891,16.150192260742188,0.0,0.0,0.0,0.0,0.0,0.0,0.0,0.0,0.0,0.0,0.0,0.0,0.0,0.0,0.0,0.0,0.0,0.0,207.65721641987307,386.0055456207851,761.4310706047003
PINN20260511,8,205,pretrain,0.6255344152450562,0.058992817997932434,0.8577708005905151,0.029108816757798195,0.6924400329589844,0.01304912194609642,16.08724021911621,0.0,0.0,0.0,0.0,0.0,0.0,0.0,0.0,0.0,0.0,0.0,0.0,0.0,0.0,0.0,0.0,0.0,0.0,210.7555789593718,383.4476822201433,755.8303282036306
PINN20260511,8,207,pretrain,0.6221722364425659,0.05814752355217934,0.8602373003959656,0.029702946543693542,0.5835200548171997,0.013043496757745743,16.170726776123047,0.0,0.0,0.0,0.0,0.0,0.0,0.0,0.0,0.0,0.0,0.0,0.0,0.0,0.0,0.0,0.0,0.0,0.0,202.9910712322096,408.4998087514852,802.1740437506768
PINN20260511,8,208,pretrain,0.6222327351570129,0.05784287303686142,0.86421799659729,0.02841293066740036,0.545626163482666,0.01304310467094183,16.184988021850586,0.0,0.0,0.0,0.0,0.0,0.0,0.0,0.0,0.0,0.0,0.0,0.0,0.0,0.0,0.0,0.0,0.0,0.0,204.40530165274578,404.9503055931678,794.4841119732503
PINN20260511,8,210,pretrain,0.6199550628662109,0.05746329575777054,0.8581512570381165,0.029602650552988052,0.6284494996070862,0.013041796162724495,16.186288833618164,0.0,0.0,0.0,0.0,0.0,0.0,0.0,0.0,0.0,0.0,0.0,0.0,0.0,0.0,0.0,0.0,0.0,0.0,202.61984300963715,417.0485395910169,819.0492893043663
PINN20260511,8,211,pretrain,0.6189790368080139,0.05714777112007141,0.8576561212539673,0.028942588716745377,0.6459583044052124,0.013042719103395939,16.17477798461914,0.0,0.0,0.0,0.0,0.0,0.0,0.0,0.0,0.0,0.0,0.0,0.0,0.0,0.0,0.0,0.0,0.0,0.0,202.45275297584865,422.614795795178,827.086719643642
PINN20260511,8,213,pretrain,0.6180883646011353,0.056266337633132935,0.8658207058906555,0.028968283906579018,0.5292685627937317,0.013035476207733154,16.28997230529785,0.0,0.0,0.0,0.0,0.0,0.0,0.0,0.0,0.0,0.0,0.0,0.0,0.0,0.0,0.0,0.0,0.0,0.0,196.8688590312089,443.60973135178176,868.0379688845806
PINN20260511,8,214,pretrain,0.6160053610801697,0.05621718615293503,0.8616601228713989,0.027923300862312317,0.5469567775726318,0.013038350269198418,16.2462215423584,0.0,0.0,0.0,0.0,0.0,0.0,0.0,0.0,0.0,0.0,0.0,0.0,0.0,0.0,0.0,0.0,0.0,0.0,199.73068781799657,437.68449681248705,858.1735085883608
PINN20260511,8,216,pretrain,0.6150692105293274,0.05590168014168739,0.8565955758094788,0.029863964766263962,0.6546788215637207,0.013036191463470459,16.260923385620117,0.0,0.0,0.0,0.0,0.0,0.0,0.0,0.0,0.0,0.0,0.0,0.0,0.0,0.0,0.0,0.0,0.0,0.0,195.87576778726356,456.4693650728382,890.7449956871801
PINN20260511,8,217,pretrain,0.6128606200218201,0.05548078194260597,0.8591057658195496,0.028177393600344658,0.5614947080612183,0.013036160729825497,16.273147583007812,0.0,0.0,0.0,0.0,0.0,0.0,0.0,0.0,0.0,0.0,0.0,0.0,0.0,0.0,0.0,0.0,0.0,0.0,194.32770726919,460.8156321946989,901.45313803303
PINN20260511,8,219,pretrain,0.6112891435623169,0.054812606424093246,0.8619122505187988,0.02805873192846775,0.5141743421554565,0.013031905516982079,16.334993362426758,0.0,0.0,0.0,0.0,0.0,0.0,0.0,0.0,0.0,0.0,0.0,0.0,0.0,0.0,0.0,0.0,0.0,0.0,194.0491340002578,466.795291053798,913.6346754627122
PINN20260511,8,220,pretrain,0.6114654541015625,0.05486689507961273,0.8560263514518738,0.028139563277363777,0.6611815094947815,0.013034951873123646,16.278911590576172,0.0,0.0,0.0,0.0,0.0,0.0,0.0,0.0,0.0,0.0,0.0,0.0,0.0,0.0,0.0,0.0,0.0,0.0,198.0131091777764,465.94380025921583,910.6429330109154
PINN20260511,8,222,pretrain,0.6085052490234375,0.05418086796998978,0.8602719306945801,0.028278302401304245,0.5085527300834656,0.013029450550675392,16.369037628173828,0.0,0.0,0.0,0.0,0.0,0.0,0.0,0.0,0.0,0.0,0.0,0.0,0.0,0.0,0.0,0.0,0.0,0.0,188.1817397823179,496.53886428959413,965.3614907921014
PINN20260511,8,223,pretrain,0.6087645888328552,0.05383627116680145,0.8645541071891785,0.02721472643315792,0.47678881883621216,0.013028579764068127,16.389141082763672,0.0,0.0,0.0,0.0,0.0,0.0,0.0,0.0,0.0,0.0,0.0,0.0,0.0,0.0,0.0,0.0,0.0,0.0,191.2629795432195,490.9442114436222,954.2196595151493
PINN20260511,8,225,pretrain,0.6063495874404907,0.05356816574931145,0.8557817935943604,0.028157411143183708,0.6061344742774963,0.01302846148610115,16.37276840209961,0.0,0.0,0.0,0.0,0.0,0.0,0.0,0.0,0.0,0.0,0.0,0.0,0.0,0.0,0.0,0.0,0.0,0.0,189.35919901076895,506.0578956502902,984.3534953826922
PINN20260511,8,226,pretrain,0.6056933403015137,0.05339668318629265,0.8557133078575134,0.027781706303358078,0.6045160293579102,0.013028535060584545,16.375261306762695,0.0,0.0,0.0,0.0,0.0,0.0,0.0,0.0,0.0,0.0,0.0,0.0,0.0,0.0,0.0,0.0,0.0,0.0,189.35559925375853,510.3714639848117,990.7033083292276
PINN20260511,8,228,pretrain,0.6034002304077148,0.052610598504543304,0.8606737852096558,0.027148405089974403,0.49009233713150024,0.013023910112679005,16.452377319335938,0.0,0.0,0.0,0.0,0.0,0.0,0.0,0.0,0.0,0.0,0.0,0.0,0.0,0.0,0.0,0.0,0.0,0.0,184.89728990036605,526.4906219487675,1020.2436772772612
PINN20260511,8,229,pretrain,0.6027274131774902,0.05271291732788086,0.8572708964347839,0.026931555941700935,0.5283432602882385,0.013024589978158474,16.4371395111084,0.0,0.0,0.0,0.0,0.0,0.0,0.0,0.0,0.0,0.0,0.0,0.0,0.0,0.0,0.0,0.0,0.0,0.0,188.08523250776494,524.4197090594517,1016.8391935204816
PINN20260511,8,231,pretrain,0.6010425090789795,0.052247606217861176,0.8568162322044373,0.026926686987280846,0.5253096222877502,0.013022859580814838,16.46637725830078,0.0,0.0,0.0,0.0,0.0,0.0,0.0,0.0,0.0,0.0,0.0,0.0,0.0,0.0,0.0,0.0,0.0,0.0,183.83018021056824,544.698626535812,1054.1951823748113
PINN20260511,8,232,pretrain,0.5998637676239014,0.05192039906978607,0.8562265634536743,0.02712142840027809,0.5282508730888367,0.013021198101341724,16.489103317260742,0.0,0.0,0.0,0.0,0.0,0.0,0.0,0.0,0.0,0.0,0.0,0.0,0.0,0.0,0.0,0.0,0.0,0.0,185.50242164861353,544.0028147905119,1053.0616812390163
PINN20260511,8,234,pretrain,0.598692774772644,0.05166715756058693,0.8566409349441528,0.026335258036851883,0.505189836025238,0.013019791804254055,16.512666702270508,0.0,0.0,0.0,0.0,0.0,0.0,0.0,0.0,0.0,0.0,0.0,0.0,0.0,0.0,0.0,0.0,0.0,0.0,181.74154253018213,562.2822356254908,1085.9797259355582
PINN20260511,8,235,pretrain,0.5974946618080139,0.05129538103938103,0.857079029083252,0.02687804214656353,0.484668493270874,0.013017147779464722,16.552682876586914,0.0,0.0,0.0,0.0,0.0,0.0,0.0,0.0,0.0,0.0,0.0,0.0,0.0,0.0,0.0,0.0,0.0,0.0,183.46395678034418,565.5623307823815,1091.6268497594426
PINN20260511,8,237,pretrain,0.5963080525398254,0.051100846379995346,0.8551690578460693,0.02639380283653736,0.5071089863777161,0.013016601093113422,16.561935424804688,0.0,0.0,0.0,0.0,0.0,0.0,0.0,0.0,0.0,0.0,0.0,0.0,0.0,0.0,0.0,0.0,0.0,0.0,180.88327663337205,579.1099312738472,1117.0596418877758
PINN20260511,8,239,pretrain,0.5948156118392944,0.050686415284872055,0.8560703992843628,0.026145238429307938,0.4746059477329254,0.013013588264584541,16.61050033569336,0.0,0.0,0.0,0.0,0.0,0.0,0.0,0.0,0.0,0.0,0.0,0.0,0.0,0.0,0.0,0.0,0.0,0.0,178.63015541020783,596.076704376207,1148.4816494482782
PINN20260511,8,240,pretrain,0.5941737294197083,0.05056777969002724,0.8533161282539368,0.026519782841205597,0.525418758392334,0.013012798503041267,16.619417190551758,0.0,0.0,0.0,0.0,0.0,0.0,0.0,0.0,0.0,0.0,0.0,0.0,0.0,0.0,0.0,0.0,0.0,0.0,181.75241788281662,596.3975446378029,1149.2239292331428
PINN20260511,8,242,pretrain,0.5934198498725891,0.05044769123196602,0.8549388647079468,0.02555846981704235,0.4747839570045471,0.013011779636144638,16.643291473388672,0.0,0.0,0.0,0.0,0.0,0.0,0.0,0.0,0.0,0.0,0.0,0.0,0.0,0.0,0.0,0.0,0.0,0.0,178.99225825611845,610.0098359862733,1174.0451779883083
PINN20260511,8,243,pretrain,0.5922051072120667,0.05017147213220596,0.8533433675765991,0.02656974084675312,0.48525285720825195,0.013008088804781437,16.69231605529785,0.0,0.0,0.0,0.0,0.0,0.0,0.0,0.0,0.0,0.0,0.0,0.0,0.0,0.0,0.0,0.0,0.0,0.0,178.57248068886483,616.4804589360477,1185.5357676201875
PINN20260511,8,245,pretrain,0.5911482572555542,0.05000729858875275,0.8537375330924988,0.025628162547945976,0.45659950375556946,0.013008075766265392,16.70128631591797,0.0,0.0,0.0,0.0,0.0,0.0,0.0,0.0,0.0,0.0,0.0,0.0,0.0,0.0,0.0,0.0,0.0,0.0,178.1609448381575,629.6035210749699,1208.401817113055
PINN20260511,8,246,pretrain,0.5903992056846619,0.04972346872091293,0.8547609448432922,0.026607060804963112,0.4263496994972229,0.013003896921873093,16.76315689086914,0.0,0.0,0.0,0.0,0.0,0.0,0.0,0.0,0.0,0.0,0.0,0.0,0.0,0.0,0.0,0.0,0.0,0.0,174.7674124014543,640.8440479164958,1229.8946757810168
PINN20260511,8,248,pretrain,0.5887206792831421,0.049488067626953125,0.8515065908432007,0.02582443878054619,0.46691468358039856,0.013003503903746605,16.77105140686035,0.0,0.0,0.0,0.0,0.0,0.0,0.0,0.0,0.0,0.0,0.0,0.0,0.0,0.0,0.0,0.0,0.0,0.0,175.5782689162443,650.90038600388,1248.308797591584
PINN20260511,8,249,pretrain,0.5883098244667053,0.04927961155772209,0.8533082008361816,0.026225794106721878,0.42858585715293884,0.013000735081732273,16.816980361938477,0.0,0.0,0.0,0.0,0.0,0.0,0.0,0.0,0.0,0.0,0.0,0.0,0.0,0.0,0.0,0.0,0.0,0.0,172.3274499318086,664.4596724030737,1273.8610886423426
PINN20260511,8,251,pretrain,0.586884617805481,0.04913460463285446,0.8496671319007874,0.026162289083003998,0.4707407057285309,0.012999176047742367,16.84157371520996,0.0,0.0,0.0,0.0,0.0,0.0,0.0,0.0,0.0,0.0,0.0,0.0,0.0,0.0,0.0,0.0,0.0,0.0,173.35765617106446,669.8428220485758,1283.514764928502
PINN20260511,8,252,pretrain,0.5862454175949097,0.04900043457746506,0.8507794737815857,0.025830062106251717,0.43441832065582275,0.012998098507523537,16.861648559570312,0.0,0.0,0.0,0.0,0.0,0.0,0.0,0.0,0.0,0.0,0.0,0.0,0.0,0.0,0.0,0.0,0.0,0.0,170.49485077451752,681.8809921826535,1305.487806962539
PINN20260511,8,254,pretrain,0.5852438807487488,0.048893459141254425,0.8495848178863525,0.0262161735445261,0.4263940751552582,0.012995004653930664,16.91191291809082,0.0,0.0,0.0,0.0,0.0,0.0,0.0,0.0,0.0,0.0,0.0,0.0,0.0,0.0,0.0,0.0,0.0,0.0,171.5519577817461,689.4754799846039,1320.5203991384349
PINN20260511,8,255,pretrain,0.584537148475647,0.048780061304569244,0.848163902759552,0.02555975504219532,0.45015138387680054,0.012995440512895584,16.908628463745117,0.0,0.0,0.0,0.0,0.0,0.0,0.0,0.0,0.0,0.0,0.0,0.0,0.0,0.0,0.0,0.0,0.0,0.0,171.29195425865746,693.9845549434079,1328.5010443443302
PINN20260511,8,257,pretrain,0.5833342671394348,0.04853986203670502,0.8482799530029297,0.025645695626735687,0.422278493642807,0.01299208402633667,16.964754104614258,0.0,0.0,0.0,0.0,0.0,0.0,0.0,0.0,0.0,0.0,0.0,0.0,0.0,0.0,0.0,0.0,0.0,0.0,170.63008234188953,705.1842401103416,1350.9620486903639
PINN20260511,8,258,pretrain,0.5828788876533508,0.048509515821933746,0.8463878631591797,0.02541349083185196,0.45368441939353943,0.01299194060266018,16.969120025634766,0.0,0.0,0.0,0.0,0.0,0.0,0.0,0.0,0.0,0.0,0.0,0.0,0.0,0.0,0.0,0.0,0.0,0.0,172.58291711884465,705.6383634695608,1350.7515649716565
PINN20260511,8,260,pretrain,0.5821354389190674,0.04845152795314789,0.8454837799072266,0.02509225904941559,0.45102620124816895,0.012990430928766727,16.99748420715332,0.0,0.0,0.0,0.0,0.0,0.0,0.0,0.0,0.0,0.0,0.0,0.0,0.0,0.0,0.0,0.0,0.0,0.0,173.94955379541793,709.4867423003759,1358.806334577221
PINN20260511,8,261,pretrain,0.5816344618797302,0.04833225533366203,0.8476026654243469,0.02587060257792473,0.38311418890953064,0.012986515648663044,17.058927536010742,0.0,0.0,0.0,0.0,0.0,0.0,0.0,0.0,0.0,0.0,0.0,0.0,0.0,0.0,0.0,0.0,0.0,0.0,167.86888601115157,726.5675295524842,1391.2754011086115
PINN20260511,8,263,pretrain,0.5804608464241028,0.04810915142297745,0.8467827439308167,0.025554899126291275,0.38154980540275574,0.01298473123461008,17.09211540222168,0.0,0.0,0.0,0.0,0.0,0.0,0.0,0.0,0.0,0.0,0.0,0.0,0.0,0.0,0.0,0.0,0.0,0.0,169.45538913309898,730.7466216138122,1400.3533793516422
PINN20260511,8,264,pretrain,0.5799428820610046,0.04810795560479164,0.8434600234031677,0.025159604847431183,0.4428524672985077,0.012985090725123882,17.087358474731445,0.0,0.0,0.0,0.0,0.0,0.0,0.0,0.0,0.0,0.0,0.0,0.0,0.0,0.0,0.0,0.0,0.0,0.0,170.17596591469666,732.3807496787447,1402.3383681984767
PINN20260511,8,266,pretrain,0.5791312456130981,0.04800844565033913,0.8427850008010864,0.0249528456479311,0.436143159866333,0.012983271852135658,17.120052337646484,0.0,0.0,0.0,0.0,0.0,0.0,0.0,0.0,0.0,0.0,0.0,0.0,0.0,0.0,0.0,0.0,0.0,0.0,171.94134514966143,735.0757614015034,1408.3475532767068
PINN20260511,8,267,pretrain,0.5789331793785095,0.047900035977363586,0.8453813791275024,0.02549929730594158,0.3721252679824829,0.012980368919670582,17.16818618774414,0.0,0.0,0.0,0.0,0.0,0.0,0.0,0.0,0.0,0.0,0.0,0.0,0.0,0.0,0.0,0.0,0.0,0.0,166.7144241472525,749.9608739794363,1438.2752328220754
PINN20260511,8,269,pretrain,0.5792677998542786,0.04793822765350342,0.8466205596923828,0.025752732530236244,0.3496139645576477,0.012977518141269684,17.216928482055664,0.0,0.0,0.0,0.0,0.0,0.0,0.0,0.0,0.0,0.0,0.0,0.0,0.0,0.0,0.0,0.0,0.0,0.0,164.9008935315391,760.571249127917,1461.164108005613
PINN20260511,8,271,pretrain,0.5910870432853699,0.04884551838040352,0.8644573092460632,0.02658669278025627,0.35022470355033875,0.012972221709787846,17.30988883972168,0.0,0.0,0.0,0.0,0.0,0.0,0.0,0.0,0.0,0.0,0.0,0.0,0.0,0.0,0.0,0.0,0.0,0.0,164.67463778045786,793.8424749281182,1534.484490721606
PINN20260511,8,272,pretrain,0.6032686829566956,0.0527743399143219,0.8402441740036011,0.02394399791955948,1.0017400979995728,0.01298762671649456,17.0574951171875,0.0,0.0,0.0,0.0,0.0,0.0,0.0,0.0,0.0,0.0,0.0,0.0,0.0,0.0,0.0,0.0,0.0,0.0,178.81106911346401,741.4328610872329,1423.126351638428
PINN20260511,8,274,pretrain,0.5831025242805481,0.04793925955891609,0.8566954731941223,0.025720147415995598,0.28965049982070923,0.012973218224942684,17.295547485351562,0.0,0.0,0.0,0.0,0.0,0.0,0.0,0.0,0.0,0.0,0.0,0.0,0.0,0.0,0.0,0.0,0.0,0.0,165.59714978110281,802.0972509615028,1544.783085468121
PINN20260511,8,275,pretrain,0.5975520610809326,0.05290844663977623,0.8377591967582703,0.024014219641685486,0.7572139501571655,0.012986877001821995,17.075891494750977,0.0,0.0,0.0,0.0,0.0,0.0,0.0,0.0,0.0,0.0,0.0,0.0,0.0,0.0,0.0,0.0,0.0,0.0,190.09164113987234,728.8129904166088,1402.6268978924747
PINN20260511,8,277,pretrain,0.5765047073364258,0.047421883791685104,0.844231903553009,0.02471742406487465,0.358981192111969,0.012976119294762611,17.248964309692383,0.0,0.0,0.0,0.0,0.0,0.0,0.0,0.0,0.0,0.0,0.0,0.0,0.0,0.0,0.0,0.0,0.0,0.0,163.16927679751785,790.1117009638574,1517.4042013195015
PINN20260511,8,278,pretrain,0.5839796662330627,0.0498812235891819,0.8380240201950073,0.023836078122258186,0.5278390049934387,0.012982792221009731,17.145648956298828,0.0,0.0,0.0,0.0,0.0,0.0,0.0,0.0,0.0,0.0,0.0,0.0,0.0,0.0,0.0,0.0,0.0,0.0,199.1827639066694,722.9584618081457,1392.16462588844
PINN20260511,8,280,pretrain,0.5794214606285095,0.04840848594903946,0.8375324010848999,0.023974290117621422,0.5317469835281372,0.012980442494153976,17.180360794067383,0.0,0.0,0.0,0.0,0.0,0.0,0.0,0.0,0.0,0.0,0.0,0.0,0.0,0.0,0.0,0.0,0.0,0.0,164.2361462003721,772.1813663252954,1484.4590117597231
PINN20260511,8,281,pretrain,0.5762209296226501,0.04757523536682129,0.8420749306678772,0.02418503537774086,0.3810380697250366,0.012977821752429008,17.22722816467285,0.0,0.0,0.0,0.0,0.0,0.0,0.0,0.0,0.0,0.0,0.0,0.0,0.0,0.0,0.0,0.0,0.0,0.0,184.8465368555765,735.9989385182563,1418.9832412850221
PINN20260511,8,283,pretrain,0.5830933451652527,0.049131546169519424,0.8369400501251221,0.0238466989248991,0.6229674816131592,0.012982010841369629,17.155820846557617,0.0,0.0,0.0,0.0,0.0,0.0,0.0,0.0,0.0,0.0,0.0,0.0,0.0,0.0,0.0,0.0,0.0,0.0,173.30737235472702,747.1408836357438,1440.1427978643294
PINN20260511,8,284,pretrain,0.5766311287879944,0.04752346873283386,0.8446277976036072,0.025363311171531677,0.33370742201805115,0.01297336257994175,17.295228958129883,0.0,0.0,0.0,0.0,0.0,0.0,0.0,0.0,0.0,0.0,0.0,0.0,0.0,0.0,0.0,0.0,0.0,0.0,170.32087708755788,752.6433418293155,1450.7177995403845
PINN20260511,8,286,pretrain,0.5802207589149475,0.04849575459957123,0.8368631601333618,0.02392045222222805,0.575891375541687,0.012980589643120766,17.17919921875,0.0,0.0,0.0,0.0,0.0,0.0,0.0,0.0,0.0,0.0,0.0,0.0,0.0,0.0,0.0,0.0,0.0,0.0,181.98557635153398,739.5893286141979,1428.7321809702794
PINN20260511,8,287,pretrain,0.5784501433372498,0.04832030087709427,0.8423604369163513,0.02660561352968216,0.34939253330230713,0.012971211224794388,17.32636833190918,0.0,0.0,0.0,0.0,0.0,0.0,0.0,0.0,0.0,0.0,0.0,0.0,0.0,0.0,0.0,0.0,0.0,0.0,164.4423578719911,769.6230408453218,1483.7407241780668
PINN20260511,8,289,pretrain,0.5752580165863037,0.04751669988036156,0.838564932346344,0.02408205345273018,0.43045392632484436,0.012977796606719494,17.227886199951172,0.0,0.0,0.0,0.0,0.0,0.0,0.0,0.0,0.0,0.0,0.0,0.0,0.0,0.0,0.0,0.0,0.0,0.0,180.57338146512626,740.3574305698565,1432.2879375590205
PINN20260511,8,290,pretrain,0.577346920967102,0.048083871603012085,0.8403507471084595,0.026370882987976074,0.38228586316108704,0.012971372343599796,17.323762893676758,0.0,0.0,0.0,0.0,0.0,0.0,0.0,0.0,0.0,0.0,0.0,0.0,0.0,0.0,0.0,0.0,0.0,0.0,163.35474721445962,771.6055906355267,1491.400335190244
PINN20260511,8,292,pretrain,0.5739687085151672,0.047060661017894745,0.840766966342926,0.024442777037620544,0.37573564052581787,0.012975054793059826,17.271726608276367,0.0,0.0,0.0,0.0,0.0,0.0,0.0,0.0,0.0,0.0,0.0,0.0,0.0,0.0,0.0,0.0,0.0,0.0,173.47889145728942,748.1043961239634,1447.0331604783573
PINN20260511,8,293,pretrain,0.5749790072441101,0.04736049845814705,0.8413947820663452,0.025380579754710197,0.3561989665031433,0.012972308322787285,17.311941146850586,0.0,0.0,0.0,0.0,0.0,0.0,0.0,0.0,0.0,0.0,0.0,0.0,0.0,0.0,0.0,0.0,0.0,0.0,163.19665571787922,771.3871433981772,1493.536609014301
PINN20260511,8,295,pretrain,0.576229453086853,0.047220759093761444,0.8466732501983643,0.02521773986518383,0.3093513548374176,0.012971457093954086,17.330842971801758,0.0,0.0,0.0,0.0,0.0,0.0,0.0,0.0,0.0,0.0,0.0,0.0,0.0,0.0,0.0,0.0,0.0,0.0,165.0331583633271,765.5790700508994,1481.0541712705956
PINN20260511,8,296,pretrain,0.5735480785369873,0.047055575996637344,0.8401157855987549,0.024293389171361923,0.373238742351532,0.01297499518841505,17.27336883544922,0.0,0.0,0.0,0.0,0.0,0.0,0.0,0.0,0.0,0.0,0.0,0.0,0.0,0.0,0.0,0.0,0.0,0.0,165.66755939040993,762.5858148431558,1480.5377344075962
PINN20260511,8,298,pretrain,0.5774414539337158,0.04762111231684685,0.8456668853759766,0.025779565796256065,0.32943856716156006,0.012969830073416233,17.35575294494629,0.0,0.0,0.0,0.0,0.0,0.0,0.0,0.0,0.0,0.0,0.0,0.0,0.0,0.0,0.0,0.0,0.0,0.0,161.74029747754577,778.4512669396845,1506.635093975696
PINN20260511,8,299,pretrain,0.5760700702667236,0.04792895168066025,0.838415801525116,0.023790203034877777,0.4158649146556854,0.01297775562852621,17.233064651489258,0.0,0.0,0.0,0.0,0.0,0.0,0.0,0.0,0.0,0.0,0.0,0.0,0.0,0.0,0.0,0.0,0.0,0.0,169.93645986257627,750.9374973990845,1459.1771022341215
PINN20260511,8,301,physics,202211.390625,0.04749533534049988,0.8385831117630005,0.025766583159565926,0.38133394718170166,0.012970974668860435,17.331018447875977,0.0,0.0,0.4875275194644928,765.1761474609375,0.0,0.0,1.6893538656859164e-07,0.0016215642681345344,1.7155657872081065e-07,3.592537822783015e-09,7667359.0,4883407.0,1323.48779296875,155.5076446533203,0.0010831522522494197,6.942482855265553e-07,0.397452712059021,30.513282775878906,206.6846556351003,839.7404733011265,1612.8114287539213
PINN20260511,8,302,physics,181584.921875,0.06687337905168533,0.8435724377632141,0.032007668167352676,0.37306103110313416,0.012991884723305702,17.031024932861328,0.0,0.0,0.47937703132629395,687.6829223632812,0.0,0.0,2.0085512630885205e-07,0.0016305213794112206,1.5169970879469474e-07,3.3477056682329476e-09,6881432.5,4392738.0,1259.297119140625,154.198486328125,0.0008586305193603039,6.838151875854237e-07,0.39456844329833984,29.971153259277344,529.6779682033226,1127.8714465753621,2117.3678070441747
PINN20260511,8,304,physics,107260.3046875,0.7641593217849731,0.8719843029975891,0.4540169835090637,0.5315516591072083,0.013099662959575653,15.661458015441895,0.0,0.0,0.41993069648742676,409.9782409667969,0.0,0.0,4.4339591909192677e-07,0.0016778571298345923,9.202324946500084e-08,2.889873673694865e-09,4052580.0,2618317.25,987.0115966796875,147.97158813476562,0.00028548541013151407,6.384926791724865e-07,0.38511723279953003,26.94696807861328,1553.0664828010422,2176.762619120422,3981.877150498735
PINN20260511,9,1,pretrain,48.794551849365234,15.36625862121582,2.266120672225952,7.173490524291992,6.400918006896973,0.002374534960836172,5.566595077514648,0.0,0.0,0.0,0.0,0.0,0.0,0.0,0.0,0.0,0.0,0.0,0.0,0.0,0.0,0.0,0.0,0.0,0.0,4903.048847400972,4287.890856819936,7778.836341636652
PINN20260511,9,3,pretrain,49.79874801635742,15.367042541503906,2.2657041549682617,7.174002647399902,56.498558044433594,0.002380537334829569,5.548965930938721,0.0,0.0,0.0,0.0,0.0,0.0,0.0,0.0,0.0,0.0,0.0,0.0,0.0,0.0,0.0,0.0,0.0,0.0,4902.970936075391,4287.816927062068,7778.701376043494
PINN20260511,9,5,pretrain,48.69979476928711,15.366138458251953,2.2654545307159424,7.173396110534668,1.6984846591949463,0.0023978808894753456,5.540083885192871,0.0,0.0,0.0,0.0,0.0,0.0,0.0,0.0,0.0,0.0,0.0,0.0,0.0,0.0,0.0,0.0,0.0,0.0,4902.7955290833825,4287.654370398808,7778.407643236917
PINN20260511,9,7,pretrain,48.68339920043945,15.364992141723633,2.265458345413208,7.1726555824279785,1.0579760074615479,0.002419152529910207,5.539429664611816,0.0,0.0,0.0,0.0,0.0,0.0,0.0,0.0,0.0,0.0,0.0,0.0,0.0,0.0,0.0,0.0,0.0,0.0,4902.639697142755,4287.516763815624,7778.159493427317
PINN20260511,9,9,pretrain,48.68128204345703,15.364310264587402,2.265510082244873,7.172246932983398,1.0573946237564087,0.0024479259736835957,5.539469242095947,0.0,0.0,0.0,0.0,0.0,0.0,0.0,0.0,0.0,0.0,0.0,0.0,0.0,0.0,0.0,0.0,0.0,0.0,4902.574833697085,4287.4631193749065,7778.062135760513
PINN20260511,9,12,pretrain,48.67779541015625,15.363990783691406,2.265364170074463,7.172091007232666,0.9361720085144043,0.00250043417327106,5.534795761108398,0.0,0.0,0.0,0.0,0.0,0.0,0.0,0.0,0.0,0.0,0.0,0.0,0.0,0.0,0.0,0.0,0.0,0.0,4902.521188123515,4287.424401665877,7777.990829600563
PINN20260511,9,14,pretrain,48.67395782470703,15.363597869873047,2.2652223110198975,7.171885013580322,0.8088487386703491,0.0025366179179400206,5.53180456161499,0.0,0.0,0.0,0.0,0.0,0.0,0.0,0.0,0.0,0.0,0.0,0.0,0.0,0.0,0.0,0.0,0.0,0.0,4902.434905228218,4287.360026869682,7777.874285602145
PINN20260511,9,16,pretrain,48.67243576049805,15.362946510314941,2.2651312351226807,7.171536445617676,0.8360986709594727,0.002572743222117424,5.530460357666016,0.0,0.0,0.0,0.0,0.0,0.0,0.0,0.0,0.0,0.0,0.0,0.0,0.0,0.0,0.0,0.0,0.0,0.0,4902.320266975628,4287.276524788202,7777.723289154676
PINN20260511,9,18,pretrain,48.67097473144531,15.36220932006836,2.265084743499756,7.171154975891113,0.8786664009094238,0.0026130937039852142,5.530175685882568,0.0,0.0,0.0,0.0,0.0,0.0,0.0,0.0,0.0,0.0,0.0,0.0,0.0,0.0,0.0,0.0,0.0,0.0,4902.2056260422205,4287.194187344446,7777.574494396914
PINN20260511,9,20,pretrain,48.668212890625,15.361534118652344,2.2650392055511475,7.170818328857422,0.8464194536209106,0.0026607983745634556,5.529834747314453,0.0,0.0,0.0,0.0,0.0,0.0,0.0,0.0,0.0,0.0,0.0,0.0,0.0,0.0,0.0,0.0,0.0,0.0,4902.106078003617,4287.123044653606,7777.445885584933
PINN20260511,9,22,pretrain,48.665008544921875,15.360954284667969,2.2649528980255127,7.170538902282715,0.7779435515403748,0.0027175794821232557,5.52877140045166,0.0,0.0,0.0,0.0,0.0,0.0,0.0,0.0,0.0,0.0,0.0,0.0,0.0,0.0,0.0,0.0,0.0,0.0,4902.015503851451,4287.054233386837,7777.3211916002265
PINN20260511,9,24,pretrain,48.662349700927734,15.360345840454102,2.2647995948791504,7.170228004455566,0.7433148622512817,0.0027840081602334976,5.527181625366211,0.0,0.0,0.0,0.0,0.0,0.0,0.0,0.0,0.0,0.0,0.0,0.0,0.0,0.0,0.0,0.0,0.0,0.0,4901.900447785532,4286.96186127192,7777.1538346974685
PINN20260511,9,26,pretrain,48.65943145751953,15.35946273803711,2.264591693878174,7.169757843017578,0.7396026849746704,0.0028578341007232666,5.525809288024902,0.0,0.0,0.0,0.0,0.0,0.0,0.0,0.0,0.0,0.0,0.0,0.0,0.0,0.0,0.0,0.0,0.0,0.0,4901.727858622916,4286.829364460405,7776.913927453207
PINN20260511,9,28,pretrain,48.65496063232422,15.358179092407227,2.264371156692505,7.169092178344727,0.720875084400177,0.0029373960569500923,5.524909496307373,0.0,0.0,0.0,0.0,0.0,0.0,0.0,0.0,0.0,0.0,0.0,0.0,0.0,0.0,0.0,0.0,0.0,0.0,4901.489977547643,4286.6593053332335,7776.606667888135
PINN20260511,9,31,pretrain,48.64689636230469,15.355504035949707,2.263993978500366,7.167779445648193,0.7416611909866333,0.003088517813012004,5.523124694824219,0.0,0.0,0.0,0.0,0.0,0.0,0.0,0.0,0.0,0.0,0.0,0.0,0.0,0.0,0.0,0.0,0.0,0.0,4901.0105080483145,4286.336664332376,7776.023232096388
PINN20260511,9,33,pretrain,48.639366149902344,15.353124618530273,2.2636160850524902,7.166650772094727,0.7427771687507629,0.0032340146135538816,5.520578384399414,0.0,0.0,0.0,0.0,0.0,0.0,0.0,0.0,0.0,0.0,0.0,0.0,0.0,0.0,0.0,0.0,0.0,0.0,4900.5726196027335,4286.052262863812,7775.508489105369
PINN20260511,9,35,pretrain,48.628536224365234,15.34990119934082,2.2629928588867188,7.165134429931641,0.7153904438018799,0.0034402378369122744,5.516378879547119,0.0,0.0,0.0,0.0,0.0,0.0,0.0,0.0,0.0,0.0,0.0,0.0,0.0,0.0,0.0,0.0,0.0,0.0,4899.948571158681,4285.656075795164,7774.790540279532
PINN20260511,9,37,pretrain,48.61261749267578,15.345090866088867,2.261884927749634,7.162871360778809,0.6913338899612427,0.003740645945072174,5.510421276092529,0.0,0.0,0.0,0.0,0.0,0.0,0.0,0.0,0.0,0.0,0.0,0.0,0.0,0.0,0.0,0.0,0.0,0.0,4898.980302062869,4285.053791961076,7773.700193762595
PINN20260511,9,39,pretrain,48.58832931518555,15.337451934814453,2.2598719596862793,7.159286975860596,0.7089145183563232,0.004179945215582848,5.503346920013428,0.0,0.0,0.0,0.0,0.0,0.0,0.0,0.0,0.0,0.0,0.0,0.0,0.0,0.0,0.0,0.0,0.0,0.0,4897.420953930752,4284.105040729043,7771.98287798278
PINN20260511,9,41,pretrain,48.55019760131836,15.325109481811523,2.2562942504882812,7.153486251831055,0.8012712001800537,0.004799871705472469,5.497933387756348,0.0,0.0,0.0,0.0,0.0,0.0,0.0,0.0,0.0,0.0,0.0,0.0,0.0,0.0,0.0,0.0,0.0,0.0,4894.905106332501,4282.5814644907805,7769.225469800404
PINN20260511,9,43,pretrain,48.48893737792969,15.305350303649902,2.250364065170288,7.144062519073486,0.9445366859436035,0.005633330438286066,5.5023193359375,0.0,0.0,0.0,0.0,0.0,0.0,0.0,0.0,0.0,0.0,0.0,0.0,0.0,0.0,0.0,0.0,0.0,0.0,4890.906255490899,4280.120325411424,7764.7713351227985
PINN20260511,9,45,pretrain,48.390506744384766,15.274099349975586,2.240959405899048,7.128944396972656,1.0971472263336182,0.006745492108166218,5.533291816711426,0.0,0.0,0.0,0.0,0.0,0.0,0.0,0.0,0.0,0.0,0.0,0.0,0.0,0.0,0.0,0.0,0.0,0.0,4884.5875977404685,4276.167442932982,7757.61469947162
PINN20260511,9,47,pretrain,48.234554290771484,15.224815368652344,2.2255499362945557,7.105242729187012,1.3143669366836548,0.008155236952006817,5.617330074310303,0.0,0.0,0.0,0.0,0.0,0.0,0.0,0.0,0.0,0.0,0.0,0.0,0.0,0.0,0.0,0.0,0.0,0.0,4874.680707492543,4269.92786824321,7746.308166423978
PINN20260511,9,50,pretrain,47.81397247314453,15.093852996826172,2.191732406616211,7.045909404754639,1.3680665493011475,0.010378068313002586,5.940659999847412,0.0,0.0,0.0,0.0,0.0,0.0,0.0,0.0,0.0,0.0,0.0,0.0,0.0,0.0,0.0,0.0,0.0,0.0,4848.250818594269,4254.083685119511,7717.542702036831
PINN20260511,9,52,pretrain,47.30583190917969,14.935523986816406,2.1606392860412598,6.985507965087891,1.0920355319976807,0.011613883078098297,6.410856246948242,0.0,0.0,0.0,0.0,0.0,0.0,0.0,0.0,0.0,0.0,0.0,0.0,0.0,0.0,0.0,0.0,0.0,0.0,4814.582017164107,4237.7432673535095,7687.790207370655
PINN20260511,9,54,pretrain,46.40080261230469,14.651382446289062,2.0814049243927,6.903255462646484,1.2651865482330322,0.012378638610243797,7.28974723815918,0.0,0.0,0.0,0.0,0.0,0.0,0.0,0.0,0.0,0.0,0.0,0.0,0.0,0.0,0.0,0.0,0.0,0.0,4750.045262942239,4215.21150121794,7646.57076396107
PINN20260511,9,56,pretrain,44.59805679321289,14.084089279174805,1.83534574508667,6.784095287322998,3.5649831295013428,0.012564124539494514,8.94908618927002,0.0,0.0,0.0,0.0,0.0,0.0,0.0,0.0,0.0,0.0,0.0,0.0,0.0,0.0,0.0,0.0,0.0,0.0,4617.046891683038,4182.162120243547,7585.82428969634
PINN20260511,9,58,pretrain,41.38518524169922,13.046520233154297,1.5154829025268555,6.586505889892578,8.529142379760742,0.012394329532980919,12.102682113647461,0.0,0.0,0.0,0.0,0.0,0.0,0.0,0.0,0.0,0.0,0.0,0.0,0.0,0.0,0.0,0.0,0.0,0.0,4432.087093007086,4126.06883122422,7482.734904372224
PINN20260511,9,60,pretrain,39.55507278442383,12.251275062561035,2.749077320098877,6.242932319641113,8.906112670898438,0.012120429426431656,17.23014259338379,0.0,0.0,0.0,0.0,0.0,0.0,0.0,0.0,0.0,0.0,0.0,0.0,0.0,0.0,0.0,0.0,0.0,0.0,4324.591772641667,4031.572397960875,7306.60381147421
PINN20260511,9,62,pretrain,37.604244232177734,11.626700401306152,2.7673940658569336,5.8704071044921875,8.318373680114746,0.011879346333444118,22.385589599609375,0.0,0.0,0.0,0.0,0.0,0.0,0.0,0.0,0.0,0.0,0.0,0.0,0.0,0.0,0.0,0.0,0.0,0.0,4173.332481363065,3927.536250628376,7119.120511494783
PINN20260511,9,64,pretrain,34.416996002197266,10.724361419677734,2.045529365539551,5.6249237060546875,4.807950019836426,0.011730825528502464,25.800884246826172,0.0,0.0,0.0,0.0,0.0,0.0,0.0,0.0,0.0,0.0,0.0,0.0,0.0,0.0,0.0,0.0,0.0,0.0,4015.699067410306,3848.977266755417,6979.709682684921
PINN20260511,9,66,pretrain,31.904884338378906,9.978639602661133,1.5818917751312256,5.454902648925781,4.351965427398682,0.01164068840444088,26.826292037963867,0.0,0.0,0.0,0.0,0.0,0.0,0.0,0.0,0.0,0.0,0.0,0.0,0.0,0.0,0.0,0.0,0.0,0.0,3904.08158213939,3802.2664293812973,6899.959498984856
PINN20260511,9,69,pretrain,29.679332733154297,9.387602806091309,0.7622349262237549,5.164996147155762,5.120480537414551,0.011487634852528572,27.777204513549805,0.0,0.0,0.0,0.0,0.0,0.0,0.0,0.0,0.0,0.0,0.0,0.0,0.0,0.0,0.0,0.0,0.0,0.0,3769.2207417449035,3649.3559705789185,6613.224292416069
PINN20260511,9,71,pretrain,28.350868225097656,8.855766296386719,0.9901444911956787,4.829507827758789,16.12980842590332,0.011443588882684708,30.113418579101562,0.0,0.0,0.0,0.0,0.0,0.0,0.0,0.0,0.0,0.0,0.0,0.0,0.0,0.0,0.0,0.0,0.0,0.0,3646.5778477909944,3507.1980269155033,6352.195465690013
PINN20260511,9,73,pretrain,25.80084228515625,8.124696731567383,0.6765604019165039,4.3930511474609375,10.493059158325195,0.011457882821559906,33.47704315185547,0.0,0.0,0.0,0.0,0.0,0.0,0.0,0.0,0.0,0.0,0.0,0.0,0.0,0.0,0.0,0.0,0.0,0.0,3446.175271224608,3257.988950257505,5908.293564217365
PINN20260511,9,75,pretrain,22.06837272644043,7.003817081451416,0.5544841289520264,3.710078239440918,1.8831632137298584,0.011429738253355026,39.24974822998047,0.0,0.0,0.0,0.0,0.0,0.0,0.0,0.0,0.0,0.0,0.0,0.0,0.0,0.0,0.0,0.0,0.0,0.0,3129.6772996588643,2809.211544188155,5111.809868419509
PINN20260511,9,77,pretrain,17.434734344482422,5.4886555671691895,0.7415521144866943,2.790736198425293,1.9922244548797607,0.011369643732905388,47.98285675048828,0.0,0.0,0.0,0.0,0.0,0.0,0.0,0.0,0.0,0.0,0.0,0.0,0.0,0.0,0.0,0.0,0.0,0.0,2691.3437164360853,2149.3201250628067,3922.7073614342294
PINN20260511,9,79,pretrain,11.884148597717285,3.7617506980895996,0.3454839289188385,1.9821922779083252,1.4858319759368896,0.011313477531075478,58.26103210449219,0.0,0.0,0.0,0.0,0.0,0.0,0.0,0.0,0.0,0.0,0.0,0.0,0.0,0.0,0.0,0.0,0.0,0.0,2131.927531601391,1542.7111686897194,2816.5277600435174
PINN20260511,9,81,pretrain,7.31360387802124,2.221743106842041,0.5319415926933289,1.6591354608535767,2.5288429260253906,0.011278795078396797,67.70365905761719,0.0,0.0,0.0,0.0,0.0,0.0,0.0,0.0,0.0,0.0,0.0,0.0,0.0,0.0,0.0,0.0,0.0,0.0,1699.7766029687548,1525.1112254520979,2774.9147095367694
PINN20260511,9,83,pretrain,5.8697896003723145,1.7259719371795654,0.6159266233444214,1.7456560134887695,1.7389739751815796,0.011272070929408073,74.02626037597656,0.0,0.0,0.0,0.0,0.0,0.0,0.0,0.0,0.0,0.0,0.0,0.0,0.0,0.0,0.0,0.0,0.0,0.0,1658.5654946368563,1721.3266685902477,3096.151638184724
PINN20260511,9,85,pretrain,6.169501781463623,1.8038941621780396,0.833561897277832,1.5171525478363037,1.880392074584961,0.011301517486572266,73.26435089111328,0.0,0.0,0.0,0.0,0.0,0.0,0.0,0.0,0.0,0.0,0.0,0.0,0.0,0.0,0.0,0.0,0.0,0.0,1714.7052224799456,1610.1894298497925,2902.7815711511653
PINN20260511,9,88,pretrain,6.222104072570801,1.8504788875579834,0.7339621782302856,1.3078889846801758,2.105440616607666,0.011340007185935974,72.0975341796875,0.0,0.0,0.0,0.0,0.0,0.0,0.0,0.0,0.0,0.0,0.0,0.0,0.0,0.0,0.0,0.0,0.0,0.0,1664.349497551521,1634.106024711983,2944.3286133220595
PINN20260511,9,90,pretrain,5.516055107116699,1.651270866394043,0.5543527603149414,1.2419610023498535,1.833693027496338,0.011358002200722694,72.62181091308594,0.0,0.0,0.0,0.0,0.0,0.0,0.0,0.0,0.0,0.0,0.0,0.0,0.0,0.0,0.0,0.0,0.0,0.0,1532.4064408635197,1490.7834349763884,2677.086325774126
PINN20260511,9,92,pretrain,4.432681560516357,1.3403748273849487,0.3859153091907501,0.9608089923858643,1.321859359741211,0.011397012509405613,69.09307861328125,0.0,0.0,0.0,0.0,0.0,0.0,0.0,0.0,0.0,0.0,0.0,0.0,0.0,0.0,0.0,0.0,0.0,0.0,1363.7676671632892,1290.8997830970459,2324.791028159596
PINN20260511,9,94,pretrain,3.4666900634765625,1.0453293323516846,0.2647716999053955,0.8320037722587585,1.5957715511322021,0.011427173390984535,68.08959197998047,0.0,0.0,0.0,0.0,0.0,0.0,0.0,0.0,0.0,0.0,0.0,0.0,0.0,0.0,0.0,0.0,0.0,0.0,1227.294178263712,1265.4243359442712,2280.839593509895
PINN20260511,9,96,pretrain,2.985879421234131,0.9011461734771729,0.21804217994213104,0.7186349034309387,1.484637975692749,0.01146178413182497,67.30194854736328,0.0,0.0,0.0,0.0,0.0,0.0,0.0,0.0,0.0,0.0,0.0,0.0,0.0,0.0,0.0,0.0,0.0,0.0,1162.051311259533,1105.501752599244,2004.8606650515633
PINN20260511,9,98,pretrain,2.8157620429992676,0.8556169271469116,0.19885623455047607,0.5988666415214539,1.4854955673217773,0.011503187008202076,64.97271728515625,0.0,0.0,0.0,0.0,0.0,0.0,0.0,0.0,0.0,0.0,0.0,0.0,0.0,0.0,0.0,0.0,0.0,0.0,1127.358250513119,1059.3653170648925,1919.371527672867
PINN20260511,9,100,pretrain,2.5488173961639404,0.7742953300476074,0.19753992557525635,0.5164929032325745,1.1931369304656982,0.011521457694470882,66.16685485839844,0.0,0.0,0.0,0.0,0.0,0.0,0.0,0.0,0.0,0.0,0.0,0.0,0.0,0.0,0.0,0.0,0.0,0.0,1035.956080150119,1048.415769148862,1904.238452688148
PINN20260511,9,102,pretrain,2.051295280456543,0.6153613328933716,0.1983424872159958,0.42382580041885376,1.0637462139129639,0.011534585617482662,66.22442626953125,0.0,0.0,0.0,0.0,0.0,0.0,0.0,0.0,0.0,0.0,0.0,0.0,0.0,0.0,0.0,0.0,0.0,0.0,919.6663117674801,1063.7788186460566,1926.6217639216345
PINN20260511,9,104,pretrain,1.6645175218582153,0.4905346632003784,0.1953875571489334,0.3643520772457123,1.1174676418304443,0.011537633836269379,67.80372619628906,0.0,0.0,0.0,0.0,0.0,0.0,0.0,0.0,0.0,0.0,0.0,0.0,0.0,0.0,0.0,0.0,0.0,0.0,840.1986000345395,1119.1959167187842,2022.3278275823725
PINN20260511,9,107,pretrain,1.3417534828186035,0.3919755220413208,0.18054772913455963,0.2778106927871704,0.9995455145835876,0.011561617255210876,67.87503814697266,0.0,0.0,0.0,0.0,0.0,0.0,0.0,0.0,0.0,0.0,0.0,0.0,0.0,0.0,0.0,0.0,0.0,0.0,755.7747680360862,1142.0955520445739,2063.5314411954355
PINN20260511,9,109,pretrain,1.1735135316848755,0.33553293347358704,0.19923487305641174,0.23518197238445282,1.0130391120910645,0.011583782732486725,67.73625946044922,0.0,0.0,0.0,0.0,0.0,0.0,0.0,0.0,0.0,0.0,0.0,0.0,0.0,0.0,0.0,0.0,0.0,0.0,696.506236511921,1097.5871833253157,1984.5353164034827
PINN20260511,9,111,pretrain,0.9888148903846741,0.2842196524143219,0.15613225102424622,0.1897493600845337,1.0069962739944458,0.01160659734159708,66.79515075683594,0.0,0.0,0.0,0.0,0.0,0.0,0.0,0.0,0.0,0.0,0.0,0.0,0.0,0.0,0.0,0.0,0.0,0.0,627.1009189117809,1065.2537256447404,1925.1824845248389
PINN20260511,9,113,pretrain,0.8035939335823059,0.22443200647830963,0.16189157962799072,0.13825111091136932,1.0850926637649536,0.011621756479144096,65.27903747558594,0.0,0.0,0.0,0.0,0.0,0.0,0.0,0.0,0.0,0.0,0.0,0.0,0.0,0.0,0.0,0.0,0.0,0.0,564.0598372513327,980.2726661495769,1773.0112341930635
PINN20260511,9,115,pretrain,0.7095991969108582,0.1918402910232544,0.17980723083019257,0.10689142346382141,1.13982355594635,0.011637406423687935,64.14849853515625,0.0,0.0,0.0,0.0,0.0,0.0,0.0,0.0,0.0,0.0,0.0,0.0,0.0,0.0,0.0,0.0,0.0,0.0,526.238153073302,922.6779977326868,1672.3294944564932
PINN20260511,9,117,pretrain,0.6323636770248413,0.17446649074554443,0.1486157923936844,0.08113277703523636,0.9214873313903809,0.011661672033369541,62.81478500366211,0.0,0.0,0.0,0.0,0.0,0.0,0.0,0.0,0.0,0.0,0.0,0.0,0.0,0.0,0.0,0.0,0.0,0.0,504.22857230129273,903.8071904449532,1635.808787555751
PINN20260511,9,119,pretrain,0.5761449337005615,0.1563209891319275,0.14810660481452942,0.07610635459423065,0.8953681588172913,0.011678812094032764,62.591392517089844,0.0,0.0,0.0,0.0,0.0,0.0,0.0,0.0,0.0,0.0,0.0,0.0,0.0,0.0,0.0,0.0,0.0,0.0,480.5894817825292,820.1552444507076,1487.4596472218345
PINN20260511,9,121,pretrain,0.5315946936607361,0.14229796826839447,0.14825664460659027,0.0643208920955658,0.8854140639305115,0.011693291366100311,61.435630798339844,0.0,0.0,0.0,0.0,0.0,0.0,0.0,0.0,0.0,0.0,0.0,0.0,0.0,0.0,0.0,0.0,0.0,0.0,462.0184317210732,896.2385982538356,1619.2470591794151
PINN20260511,9,123,pretrain,0.5064866542816162,0.13266274333000183,0.15194478631019592,0.07813535630702972,0.8449457883834839,0.011704240925610065,61.94512939453125,0.0,0.0,0.0,0.0,0.0,0.0,0.0,0.0,0.0,0.0,0.0,0.0,0.0,0.0,0.0,0.0,0.0,0.0,455.0191273452139,814.6073824241959,1474.1371892633863
PINN20260511,9,126,pretrain,0.4923686981201172,0.13037142157554626,0.13887187838554382,0.08490218222141266,0.74190354347229,0.011728652752935886,61.67845153808594,0.0,0.0,0.0,0.0,0.0,0.0,0.0,0.0,0.0,0.0,0.0,0.0,0.0,0.0,0.0,0.0,0.0,0.0,449.6991355339701,774.7850508366821,1402.415525301698
PINN20260511,9,128,pretrain,0.5048686861991882,0.1339382827281952,0.1531706601381302,0.059136323630809784,0.7320634722709656,0.011746322736144066,59.82826232910156,0.0,0.0,0.0,0.0,0.0,0.0,0.0,0.0,0.0,0.0,0.0,0.0,0.0,0.0,0.0,0.0,0.0,0.0,421.4754589534247,816.8202066550508,1476.4802137612119
PINN20260511,9,130,pretrain,0.45820873975753784,0.12090013921260834,0.1343391239643097,0.0744786262512207,0.6721526384353638,0.011751243844628334,61.03113555908203,0.0,0.0,0.0,0.0,0.0,0.0,0.0,0.0,0.0,0.0,0.0,0.0,0.0,0.0,0.0,0.0,0.0,0.0,409.89526101188335,815.6280555498321,1472.335037913967
PINN20260511,9,132,pretrain,0.43467387557029724,0.11504212021827698,0.13182736933231354,0.053095169365406036,0.650740385055542,0.011773766949772835,59.50151062011719,0.0,0.0,0.0,0.0,0.0,0.0,0.0,0.0,0.0,0.0,0.0,0.0,0.0,0.0,0.0,0.0,0.0,0.0,398.17472216980326,822.923257357574,1486.5490075811772
PINN20260511,9,134,pretrain,0.4033079743385315,0.10422630608081818,0.1298682689666748,0.06119712069630623,0.6727739572525024,0.011775270104408264,60.57685470581055,0.0,0.0,0.0,0.0,0.0,0.0,0.0,0.0,0.0,0.0,0.0,0.0,0.0,0.0,0.0,0.0,0.0,0.0,384.0760015934346,809.2101086862423,1459.8748371872257
PINN20260511,9,136,pretrain,0.3779151439666748,0.09652693569660187,0.13035692274570465,0.04928482696413994,0.6649454236030579,0.01178791094571352,59.85133361816406,0.0,0.0,0.0,0.0,0.0,0.0,0.0,0.0,0.0,0.0,0.0,0.0,0.0,0.0,0.0,0.0,0.0,0.0,377.2968617348944,873.5250067971723,1573.939303195226
PINN20260511,9,138,pretrain,0.3621201515197754,0.0898793488740921,0.13514216244220734,0.05362419784069061,0.7093091607093811,0.011796033009886742,60.6171875,0.0,0.0,0.0,0.0,0.0,0.0,0.0,0.0,0.0,0.0,0.0,0.0,0.0,0.0,0.0,0.0,0.0,0.0,367.86482741626713,847.2380494878638,1525.5570099907914
PINN20260511,9,140,pretrain,0.35099273920059204,0.08636778593063354,0.13702790439128876,0.04990222677588463,0.6697493195533752,0.011805001646280289,60.59989547729492,0.0,0.0,0.0,0.0,0.0,0.0,0.0,0.0,0.0,0.0,0.0,0.0,0.0,0.0,0.0,0.0,0.0,0.0,360.686844783671,880.0082030867667,1586.3748715100812
PINN20260511,9,142,pretrain,0.3311828374862671,0.08293143659830093,0.12022627890110016,0.04651891812682152,0.6485809087753296,0.011811965145170689,60.60051727294922,0.0,0.0,0.0,0.0,0.0,0.0,0.0,0.0,0.0,0.0,0.0,0.0,0.0,0.0,0.0,0.0,0.0,0.0,351.39267564933675,857.0738372509104,1542.0488408097094
PINN20260511,9,145,pretrain,0.3184211254119873,0.0789780542254448,0.11992496997117996,0.04320623725652695,0.6441620588302612,0.011826991103589535,60.51173400878906,0.0,0.0,0.0,0.0,0.0,0.0,0.0,0.0,0.0,0.0,0.0,0.0,0.0,0.0,0.0,0.0,0.0,0.0,343.67583290798905,842.745587351248,1516.875001232222
PINN20260511,9,147,pretrain,0.31886157393455505,0.07666583359241486,0.13225483894348145,0.04048807546496391,0.7319508194923401,0.011836100369691849,60.4052734375,0.0,0.0,0.0,0.0,0.0,0.0,0.0,0.0,0.0,0.0,0.0,0.0,0.0,0.0,0.0,0.0,0.0,0.0,340.99580734226043,878.3123376680986,1579.9342797158279
PINN20260511,9,149,pretrain,0.30304455757141113,0.07460092753171921,0.11730687320232391,0.03794216364622116,0.6499947309494019,0.01184345968067646,60.224761962890625,0.0,0.0,0.0,0.0,0.0,0.0,0.0,0.0,0.0,0.0,0.0,0.0,0.0,0.0,0.0,0.0,0.0,0.0,330.1920605874708,846.3215627053348,1522.4951635683703
PINN20260511,9,151,pretrain,0.2963539659976959,0.07349053025245667,0.10817660391330719,0.04518691450357437,0.6378358006477356,0.011847239919006824,60.94697570800781,0.0,0.0,0.0,0.0,0.0,0.0,0.0,0.0,0.0,0.0,0.0,0.0,0.0,0.0,0.0,0.0,0.0,0.0,324.7106885367342,846.8861346131486,1524.0654909478221
PINN20260511,9,153,pretrain,0.2794860601425171,0.0691102147102356,0.10604281723499298,0.036493606865406036,0.591765284538269,0.011859014630317688,60.28865051269531,0.0,0.0,0.0,0.0,0.0,0.0,0.0,0.0,0.0,0.0,0.0,0.0,0.0,0.0,0.0,0.0,0.0,0.0,327.73684184113324,888.8370913727667,1596.8326511762793
PINN20260511,9,155,pretrain,0.2690548598766327,0.06641289591789246,0.1022660955786705,0.03471606969833374,0.5869948863983154,0.01186615414917469,60.104976654052734,0.0,0.0,0.0,0.0,0.0,0.0,0.0,0.0,0.0,0.0,0.0,0.0,0.0,0.0,0.0,0.0,0.0,0.0,311.3693295348789,828.0224181747739,1491.1168679831371
PINN20260511,9,157,pretrain,0.263273686170578,0.06420733779668808,0.10165903717279434,0.03850531578063965,0.606055736541748,0.011871452443301678,60.41703796386719,0.0,0.0,0.0,0.0,0.0,0.0,0.0,0.0,0.0,0.0,0.0,0.0,0.0,0.0,0.0,0.0,0.0,0.0,305.6496666937492,813.6051714437415,1464.5702944958744
PINN20260511,9,159,pretrain,0.25241509079933167,0.06104056537151337,0.10247652977705002,0.03409726545214653,0.5617833733558655,0.011880453675985336,60.00126647949219,0.0,0.0,0.0,0.0,0.0,0.0,0.0,0.0,0.0,0.0,0.0,0.0,0.0,0.0,0.0,0.0,0.0,0.0,302.8319201719,835.200948873982,1501.5318184920818
PINN20260511,9,161,pretrain,0.2411273568868637,0.05832860618829727,0.09640299528837204,0.03426315635442734,0.554370105266571,0.011885780841112137,59.99408721923828,0.0,0.0,0.0,0.0,0.0,0.0,0.0,0.0,0.0,0.0,0.0,0.0,0.0,0.0,0.0,0.0,0.0,0.0,292.6006904682557,803.7005428018573,1447.9280934409924
PINN20260511,9,164,pretrain,0.22797903418540955,0.05428040027618408,0.09416782110929489,0.03455040231347084,0.5571917295455933,0.011895465664565563,59.915897369384766,0.0,0.0,0.0,0.0,0.0,0.0,0.0,0.0,0.0,0.0,0.0,0.0,0.0,0.0,0.0,0.0,0.0,0.0,281.7360799578215,789.02895225714,1421.5285092057547
PINN20260511,9,166,pretrain,0.22002921998500824,0.051667146384716034,0.09316746890544891,0.034615710377693176,0.5760452747344971,0.011900448240339756,59.88055419921875,0.0,0.0,0.0,0.0,0.0,0.0,0.0,0.0,0.0,0.0,0.0,0.0,0.0,0.0,0.0,0.0,0.0,0.0,274.6841510034753,789.2603341103619,1421.926901347931
PINN20260511,9,168,pretrain,0.20921656489372253,0.049053531140089035,0.09014368802309036,0.030574824661016464,0.5434590578079224,0.011907899752259254,59.462425231933594,0.0,0.0,0.0,0.0,0.0,0.0,0.0,0.0,0.0,0.0,0.0,0.0,0.0,0.0,0.0,0.0,0.0,0.0,270.2142957450623,799.0355514618858,1437.8247451072234
PINN20260511,9,170,pretrain,0.19926698505878448,0.045871518552303314,0.08986741304397583,0.030337270349264145,0.5325638055801392,0.011913474649190903,59.3785400390625,0.0,0.0,0.0,0.0,0.0,0.0,0.0,0.0,0.0,0.0,0.0,0.0,0.0,0.0,0.0,0.0,0.0,0.0,257.5492064635416,772.7648817719397,1391.6555783226765
PINN20260511,9,172,pretrain,0.1902279257774353,0.04325634986162186,0.0870811864733696,0.0321083664894104,0.5248304605484009,0.011917190626263618,59.44932174682617,0.0,0.0,0.0,0.0,0.0,0.0,0.0,0.0,0.0,0.0,0.0,0.0,0.0,0.0,0.0,0.0,0.0,0.0,248.90452172971868,761.1752426347036,1371.2920480934504
PINN20260511,9,174,pretrain,0.1794210821390152,0.04004340618848801,0.08652304112911224,0.029710063710808754,0.5043666362762451,0.011923529207706451,59.173927307128906,0.0,0.0,0.0,0.0,0.0,0.0,0.0,0.0,0.0,0.0,0.0,0.0,0.0,0.0,0.0,0.0,0.0,0.0,241.23209130420437,775.289502379595,1395.305652649451
PINN20260511,9,176,pretrain,0.16904546320438385,0.03723821043968201,0.08474685251712799,0.026371827349066734,0.48415184020996094,0.01193016767501831,58.79041290283203,0.0,0.0,0.0,0.0,0.0,0.0,0.0,0.0,0.0,0.0,0.0,0.0,0.0,0.0,0.0,0.0,0.0,0.0,233.15803217721236,775.2441953991013,1395.2916871247367
PINN20260511,9,178,pretrain,0.15804536640644073,0.0343325212597847,0.08138130605220795,0.025037309154868126,0.4674842059612274,0.011935333721339703,58.58654022216797,0.0,0.0,0.0,0.0,0.0,0.0,0.0,0.0,0.0,0.0,0.0,0.0,0.0,0.0,0.0,0.0,0.0,0.0,221.81250880529709,762.4809423847917,1372.495572925262
PINN20260511,9,180,pretrain,0.1490386575460434,0.03147737681865692,0.08164778351783752,0.0247819684445858,0.4413118362426758,0.011940277181565762,58.483421325683594,0.0,0.0,0.0,0.0,0.0,0.0,0.0,0.0,0.0,0.0,0.0,0.0,0.0,0.0,0.0,0.0,0.0,0.0,211.02228851474433,748.1023492811662,1345.799772223426
PINN20260511,9,183,pretrain,0.1424884796142578,0.027536792680621147,0.09314131736755371,0.02249225787818432,0.4404500722885132,0.0119478739798069,58.13603973388672,0.0,0.0,0.0,0.0,0.0,0.0,0.0,0.0,0.0,0.0,0.0,0.0,0.0,0.0,0.0,0.0,0.0,0.0,196.9733682823645,741.8345924126213,1334.7156445985881
PINN20260511,9,185,pretrain,0.1269303411245346,0.025685839354991913,0.07439790666103363,0.023230720311403275,0.4013860821723938,0.011951801367104053,58.10087966918945,0.0,0.0,0.0,0.0,0.0,0.0,0.0,0.0,0.0,0.0,0.0,0.0,0.0,0.0,0.0,0.0,0.0,0.0,189.3560118368308,712.3016609906227,1283.1423759817364
PINN20260511,9,187,pretrain,0.1282525658607483,0.025668568909168243,0.07729263603687286,0.02477414160966873,0.38228583335876465,0.011955516412854195,58.053253173828125,0.0,0.0,0.0,0.0,0.0,0.0,0.0,0.0,0.0,0.0,0.0,0.0,0.0,0.0,0.0,0.0,0.0,0.0,182.7279612224139,740.7256999051673,1332.7422400233388
PINN20260511,9,189,pretrain,0.1219567060470581,0.025419028475880623,0.06994311511516571,0.017345184460282326,0.3629513382911682,0.011965405195951462,56.98615264892578,0.0,0.0,0.0,0.0,0.0,0.0,0.0,0.0,0.0,0.0,0.0,0.0,0.0,0.0,0.0,0.0,0.0,0.0,189.04067022733494,759.4904130402174,1366.702731380788
PINN20260511,9,191,pretrain,0.10244204849004745,0.019195489585399628,0.06749172508716583,0.017831217497587204,0.37717384099960327,0.011967957019805908,57.1112174987793,0.0,0.0,0.0,0.0,0.0,0.0,0.0,0.0,0.0,0.0,0.0,0.0,0.0,0.0,0.0,0.0,0.0,0.0,162.89063024580327,702.1289723049463,1268.9782775544895
PINN20260511,9,193,pretrain,0.09430722892284393,0.017438186332583427,0.06293568760156631,0.018129363656044006,0.34494757652282715,0.01197159942239523,57.014408111572266,0.0,0.0,0.0,0.0,0.0,0.0,0.0,0.0,0.0,0.0,0.0,0.0,0.0,0.0,0.0,0.0,0.0,0.0,161.1326123104817,719.305350668268,1295.9512662306406
PINN20260511,9,195,pretrain,0.1002621129155159,0.016665615141391754,0.08037430793046951,0.016317278146743774,0.3407323956489563,0.011977109126746655,56.60184860229492,0.0,0.0,0.0,0.0,0.0,0.0,0.0,0.0,0.0,0.0,0.0,0.0,0.0,0.0,0.0,0.0,0.0,0.0,150.21825267756245,686.8083793897683,1240.6296211893934
PINN20260511,9,197,pretrain,0.10105699300765991,0.0176624096930027,0.070981964468956,0.0201359074562788,0.4275803565979004,0.01197788491845131,56.92629623413086,0.0,0.0,0.0,0.0,0.0,0.0,0.0,0.0,0.0,0.0,0.0,0.0,0.0,0.0,0.0,0.0,0.0,0.0,159.9594858374301,725.3062284304472,1308.9035085443647
PINN20260511,9,199,pretrain,0.1178596243262291,0.023777365684509277,0.07315573841333389,0.01608738675713539,0.33660924434661865,0.011988955549895763,55.661617279052734,0.0,0.0,0.0,0.0,0.0,0.0,0.0,0.0,0.0,0.0,0.0,0.0,0.0,0.0,0.0,0.0,0.0,0.0,170.6607906601572,630.5177931668543,1144.444386309824
PINN20260511,9,202,pretrain,0.1298145353794098,0.030903153121471405,0.04948067665100098,0.028875300660729408,0.3294837474822998,0.01198345236480236,57.04922103881836,0.0,0.0,0.0,0.0,0.0,0.0,0.0,0.0,0.0,0.0,0.0,0.0,0.0,0.0,0.0,0.0,0.0,0.0,137.29871630863852,689.6457423924257,1250.9040744189306
PINN20260511,9,204,pretrain,0.11692860722541809,0.02747662365436554,0.05107957124710083,0.017479414120316505,0.27315354347229004,0.01199977844953537,55.045040130615234,0.0,0.0,0.0,0.0,0.0,0.0,0.0,0.0,0.0,0.0,0.0,0.0,0.0,0.0,0.0,0.0,0.0,0.0,141.7801445019718,655.1487903522375,1187.4632254540236
PINN20260511,9,206,pretrain,0.12082928419113159,0.026135068386793137,0.06431623548269272,0.025675350800156593,0.2565445601940155,0.011991046369075775,56.64497375488281,0.0,0.0,0.0,0.0,0.0,0.0,0.0,0.0,0.0,0.0,0.0,0.0,0.0,0.0,0.0,0.0,0.0,0.0,248.3812908111237,812.6541392252918,1469.5133487785326
PINN20260511,9,208,pretrain,0.07161089777946472,0.012499434873461723,0.04938710480928421,0.01593814790248871,0.3115706741809845,0.01199884433299303,55.85160827636719,0.0,0.0,0.0,0.0,0.0,0.0,0.0,0.0,0.0,0.0,0.0,0.0,0.0,0.0,0.0,0.0,0.0,0.0,196.16187312714467,602.5065352342662,1098.3929987557203
PINN20260511,9,210,pretrain,0.10154782980680466,0.022620387375354767,0.050607480108737946,0.01626042276620865,0.25654223561286926,0.012008562684059143,54.799259185791016,0.0,0.0,0.0,0.0,0.0,0.0,0.0,0.0,0.0,0.0,0.0,0.0,0.0,0.0,0.0,0.0,0.0,0.0,160.78786733223995,733.3289677900362,1327.1006963552072
PINN20260511,9,212,pretrain,0.06680329144001007,0.01322058867663145,0.038103826344013214,0.016684554517269135,0.2376352995634079,0.012003734707832336,55.793556213378906,0.0,0.0,0.0,0.0,0.0,0.0,0.0,0.0,0.0,0.0,0.0,0.0,0.0,0.0,0.0,0.0,0.0,0.0,160.01915778860666,622.8792519421401,1135.9484965769122
PINN20260511,9,214,pretrain,0.08117728680372238,0.018307238817214966,0.03789358213543892,0.01506890170276165,0.21475008130073547,0.012012900784611702,54.78521728515625,0.0,0.0,0.0,0.0,0.0,0.0,0.0,0.0,0.0,0.0,0.0,0.0,0.0,0.0,0.0,0.0,0.0,0.0,188.26275064720053,755.6626644872697,1367.741840911713
PINN20260511,9,216,pretrain,0.08581768721342087,0.019761353731155396,0.03656622767448425,0.020842760801315308,0.204097718000412,0.012006277218461037,56.020137786865234,0.0,0.0,0.0,0.0,0.0,0.0,0.0,0.0,0.0,0.0,0.0,0.0,0.0,0.0,0.0,0.0,0.0,0.0,135.2385334788129,643.1250364431477,1170.5210596512059
PINN20260511,9,218,pretrain,0.05969295650720596,0.012118373066186905,0.033106204122304916,0.013586786575615406,0.20336894690990448,0.012015145272016525,55.01778793334961,0.0,0.0,0.0,0.0,0.0,0.0,0.0,0.0,0.0,0.0,0.0,0.0,0.0,0.0,0.0,0.0,0.0,0.0,176.6865548701287,740.512913459313,1344.2330671741227
PINN20260511,9,220,pretrain,0.06228071451187134,0.012722271494567394,0.0326872318983078,0.015861785039305687,0.2298964560031891,0.012013155035674572,55.553138732910156,0.0,0.0,0.0,0.0,0.0,0.0,0.0,0.0,0.0,0.0,0.0,0.0,0.0,0.0,0.0,0.0,0.0,0.0,157.97476187867795,612.9681884078487,1121.6954384842431
PINN20260511,9,223,pretrain,0.06614726781845093,0.013726882636547089,0.03348721191287041,0.016408223658800125,0.24706831574440002,0.01201560627669096,55.578025817871094,0.0,0.0,0.0,0.0,0.0,0.0,0.0,0.0,0.0,0.0,0.0,0.0,0.0,0.0,0.0,0.0,0.0,0.0,194.16572335250112,750.5580007567703,1365.366841177344
PINN20260511,9,225,pretrain,0.05288640409708023,0.010869154706597328,0.02772483229637146,0.014170252718031406,0.17912350594997406,0.012019241228699684,55.276580810546875,0.0,0.0,0.0,0.0,0.0,0.0,0.0,0.0,0.0,0.0,0.0,0.0,0.0,0.0,0.0,0.0,0.0,0.0,168.42240771902948,598.7389351795989,1094.9592496039375
PINN20260511,9,227,pretrain,0.12641966342926025,0.03033955581486225,0.05276898294687271,0.01879122108221054,0.2629125118255615,0.012030084617435932,54.039310455322266,0.0,0.0,0.0,0.0,0.0,0.0,0.0,0.0,0.0,0.0,0.0,0.0,0.0,0.0,0.0,0.0,0.0,0.0,135.25377622963066,624.8769128796487,1145.1308643002806
PINN20260511,9,229,pretrain,0.0803418755531311,0.01966884918510914,0.027941692620515823,0.019898388534784317,0.16924040019512177,0.012018789537250996,55.78129959106445,0.0,0.0,0.0,0.0,0.0,0.0,0.0,0.0,0.0,0.0,0.0,0.0,0.0,0.0,0.0,0.0,0.0,0.0,199.11063978351334,748.2903012868735,1359.9062307748845
PINN20260511,9,231,pretrain,0.05162282660603523,0.010248711332678795,0.0278189517557621,0.01342025026679039,0.21415838599205017,0.012024958617985249,55.12751007080078,0.0,0.0,0.0,0.0,0.0,0.0,0.0,0.0,0.0,0.0,0.0,0.0,0.0,0.0,0.0,0.0,0.0,0.0,159.10056641751783,598.3466543317511,1106.2911738963264
PINN20260511,9,233,pretrain,0.17333224415779114,0.03323958069086075,0.11457349359989166,0.019149579107761383,0.6248424053192139,0.012035535648465157,53.85797119140625,0.0,0.0,0.0,0.0,0.0,0.0,0.0,0.0,0.0,0.0,0.0,0.0,0.0,0.0,0.0,0.0,0.0,0.0,184.14763523461278,580.5032568814752,1067.5506545649528
PINN20260511,9,235,pretrain,0.09655574709177017,0.012071246281266212,0.09384402632713318,0.01459065917879343,0.5250931978225708,0.012026418000459671,55.299598693847656,0.0,0.0,0.0,0.0,0.0,0.0,0.0,0.0,0.0,0.0,0.0,0.0,0.0,0.0,0.0,0.0,0.0,0.0,262.90810538094865,793.1704577201549,1440.4676189319878
PINN20260511,9,237,pretrain,0.15911386907100677,0.046075474470853806,0.019665326923131943,0.033864714205265045,0.2140914499759674,0.012020167894661427,56.35409927368164,0.0,0.0,0.0,0.0,0.0,0.0,0.0,0.0,0.0,0.0,0.0,0.0,0.0,0.0,0.0,0.0,0.0,0.0,148.25785840259869,696.8481945517259,1277.1578850544956
PINN20260511,9,239,pretrain,0.10211401432752609,0.02112940326333046,0.05823124945163727,0.014861165545880795,0.3318972587585449,0.012037345208227634,54.13201904296875,0.0,0.0,0.0,0.0,0.0,0.0,0.0,0.0,0.0,0.0,0.0,0.0,0.0,0.0,0.0,0.0,0.0,0.0,224.14989578683725,556.3924536691704,1023.5387109615467
PINN20260511,9,242,pretrain,0.05615443363785744,0.01173287071287632,0.026689132675528526,0.014700197614729404,0.23356056213378906,0.0120308268815279,55.23015594482422,0.0,0.0,0.0,0.0,0.0,0.0,0.0,0.0,0.0,0.0,0.0,0.0,0.0,0.0,0.0,0.0,0.0,0.0,189.42230226071587,730.7588949167845,1337.5922078249077
PINN20260511,9,244,pretrain,0.14553922414779663,0.018399327993392944,0.15287524461746216,0.01905207522213459,0.5046602487564087,0.01202961802482605,55.52700424194336,0.0,0.0,0.0,0.0,0.0,0.0,0.0,0.0,0.0,0.0,0.0,0.0,0.0,0.0,0.0,0.0,0.0,0.0,143.02735479183693,687.7461377572396,1256.2430130495516
PINN20260511,9,246,pretrain,0.09755975008010864,0.012117265723645687,0.0973159670829773,0.012335393577814102,0.5041441917419434,0.012038331478834152,54.523109436035156,0.0,0.0,0.0,0.0,0.0,0.0,0.0,0.0,0.0,0.0,0.0,0.0,0.0,0.0,0.0,0.0,0.0,0.0,152.92079496016885,592.3756198561855,1084.149005894199
PINN20260511,9,248,pretrain,0.1039748564362526,0.015552930533885956,0.09038658440113068,0.013071760535240173,0.47542116045951843,0.012041059322655201,54.2961311340332,0.0,0.0,0.0,0.0,0.0,0.0,0.0,0.0,0.0,0.0,0.0,0.0,0.0,0.0,0.0,0.0,0.0,0.0,121.48594954767402,656.1106280574946,1196.2463582435669
PINN20260511,9,250,pretrain,0.07360918074846268,0.01450482290238142,0.045212097465991974,0.0169872734695673,0.20456019043922424,0.012033897452056408,55.341705322265625,0.0,0.0,0.0,0.0,0.0,0.0,0.0,0.0,0.0,0.0,0.0,0.0,0.0,0.0,0.0,0.0,0.0,0.0,159.09062251394644,702.3558126049787,1274.571542461818
PINN20260511,9,252,pretrain,0.08406052738428116,0.018580064177513123,0.040504008531570435,0.01377196703106165,0.2656968832015991,0.01204400323331356,54.12317657470703,0.0,0.0,0.0,0.0,0.0,0.0,0.0,0.0,0.0,0.0,0.0,0.0,0.0,0.0,0.0,0.0,0.0,0.0,178.12923240585752,574.2419187502773,1048.7124829268132
PINN20260511,9,254,pretrain,0.047920335084199905,0.01086782943457365,0.019144635647535324,0.011922163888812065,0.1680048406124115,0.0120418481528759,54.541778564453125,0.0,0.0,0.0,0.0,0.0,0.0,0.0,0.0,0.0,0.0,0.0,0.0,0.0,0.0,0.0,0.0,0.0,0.0,242.00524594004156,768.9375787409534,1390.0674967339826
PINN20260511,9,256,pretrain,0.12698496878147125,0.03614397719502449,0.018343579024076462,0.029334615916013718,0.17571580410003662,0.01203157939016819,56.00544738769531,0.0,0.0,0.0,0.0,0.0,0.0,0.0,0.0,0.0,0.0,0.0,0.0,0.0,0.0,0.0,0.0,0.0,0.0,132.97459226295825,675.2927143098761,1222.1639016553875
PINN20260511,9,258,pretrain,0.124557264149189,0.03547893092036247,0.021894559264183044,0.01869378238916397,0.17172205448150635,0.012050443328917027,53.58045959472656,0.0,0.0,0.0,0.0,0.0,0.0,0.0,0.0,0.0,0.0,0.0,0.0,0.0,0.0,0.0,0.0,0.0,0.0,228.65541077131763,549.6259523530525,1011.1800203958975
PINN20260511,9,261,pretrain,0.17079757153987885,0.049377795308828354,0.02059284783899784,0.03594454005360603,0.25894343852996826,0.012031875550746918,56.23544692993164,0.0,0.0,0.0,0.0,0.0,0.0,0.0,0.0,0.0,0.0,0.0,0.0,0.0,0.0,0.0,0.0,0.0,0.0,413.1690785864789,895.5168898463055,1612.1173173759353
PINN20260511,9,263,pretrain,0.20005914568901062,0.0595271997153759,0.01737961731851101,0.04036397486925125,0.2357475906610489,0.012030995450913906,56.361907958984375,0.0,0.0,0.0,0.0,0.0,0.0,0.0,0.0,0.0,0.0,0.0,0.0,0.0,0.0,0.0,0.0,0.0,0.0,125.34498877473123,661.756304276733,1202.7353163931434
PINN20260511,9,265,pretrain,0.16598471999168396,0.049753814935684204,0.01744800992310047,0.02415676973760128,0.15839526057243347,0.012056304141879082,53.18114471435547,0.0,0.0,0.0,0.0,0.0,0.0,0.0,0.0,0.0,0.0,0.0,0.0,0.0,0.0,0.0,0.0,0.0,0.0,306.188080475057,520.2753477726963,962.8427257124871
PINN20260511,9,267,pretrain,0.11355382949113846,0.032730937004089355,0.01753872260451317,0.017469434067606926,0.154888316988945,0.012055333703756332,53.54450988769531,0.0,0.0,0.0,0.0,0.0,0.0,0.0,0.0,0.0,0.0,0.0,0.0,0.0,0.0,0.0,0.0,0.0,0.0,173.29616989420165,710.1200602715008,1289.5601978063012
PINN20260511,9,269,pretrain,0.11019939929246902,0.03163078799843788,0.01407002191990614,0.025734657421708107,0.1562545746564865,0.012037064880132675,55.73706817626953,0.0,0.0,0.0,0.0,0.0,0.0,0.0,0.0,0.0,0.0,0.0,0.0,0.0,0.0,0.0,0.0,0.0,0.0,160.57420767942466,690.6990571153258,1256.0642442281373
PINN20260511,9,271,pretrain,0.10864827036857605,0.031554900109767914,0.014684738591313362,0.017751626670360565,0.15454357862472534,0.012054736725986004,53.463653564453125,0.0,0.0,0.0,0.0,0.0,0.0,0.0,0.0,0.0,0.0,0.0,0.0,0.0,0.0,0.0,0.0,0.0,0.0,253.18645087415322,532.8939270624127,985.5326752661663
PINN20260511,9,273,pretrain,0.07642734050750732,0.0211811400949955,0.013672005385160446,0.013437636196613312,0.16801901161670685,0.012055580504238605,53.77920150756836,0.0,0.0,0.0,0.0,0.0,0.0,0.0,0.0,0.0,0.0,0.0,0.0,0.0,0.0,0.0,0.0,0.0,0.0,211.4900448307201,738.8605247270963,1343.3389078391479
PINN20260511,9,275,pretrain,0.14675742387771606,0.043800853192806244,0.011575148440897465,0.0318947397172451,0.15941713750362396,0.012037502601742744,55.933170318603516,0.0,0.0,0.0,0.0,0.0,0.0,0.0,0.0,0.0,0.0,0.0,0.0,0.0,0.0,0.0,0.0,0.0,0.0,191.70971097273608,714.0753855511335,1300.9967887716552
PINN20260511,9,277,pretrain,0.07672890275716782,0.021415725350379944,0.013715707696974277,0.014523748308420181,0.13595610857009888,0.012053356505930424,53.704612731933594,0.0,0.0,0.0,0.0,0.0,0.0,0.0,0.0,0.0,0.0,0.0,0.0,0.0,0.0,0.0,0.0,0.0,0.0,212.68869379623825,545.0729882318514,1006.9123651602135
PINN20260511,9,280,pretrain,0.10186601430177689,0.029368525370955467,0.011799748986959457,0.025072738528251648,0.14230091869831085,0.012042765505611897,55.62486267089844,0.0,0.0,0.0,0.0,0.0,0.0,0.0,0.0,0.0,0.0,0.0,0.0,0.0,0.0,0.0,0.0,0.0,0.0,304.4696977943782,804.8659826331337,1464.8597169117377
PINN20260511,9,282,pretrain,0.08449176698923111,0.024021999910473824,0.01067422702908516,0.020817101001739502,0.14626172184944153,0.012042226269841194,55.410255432128906,0.0,0.0,0.0,0.0,0.0,0.0,0.0,0.0,0.0,0.0,0.0,0.0,0.0,0.0,0.0,0.0,0.0,0.0,140.9048673418523,580.5599936699049,1069.2019270521569
PINN20260511,9,284,pretrain,0.09504365175962448,0.027565564960241318,0.012173051945865154,0.016409635543823242,0.14892524480819702,0.01205819845199585,53.423274993896484,0.0,0.0,0.0,0.0,0.0,0.0,0.0,0.0,0.0,0.0,0.0,0.0,0.0,0.0,0.0,0.0,0.0,0.0,122.07043624993727,603.812729660447,1110.2068907766586
PINN20260511,9,286,pretrain,0.09983192384243011,0.02895548939704895,0.010012512095272541,0.024220002815127373,0.15575990080833435,0.012044052593410015,55.52311706542969,0.0,0.0,0.0,0.0,0.0,0.0,0.0,0.0,0.0,0.0,0.0,0.0,0.0,0.0,0.0,0.0,0.0,0.0,279.10098418851913,782.7759098234948,1426.9012362958097
PINN20260511,9,288,pretrain,0.060327522456645966,0.01634357124567032,0.010719198733568192,0.01655544713139534,0.1313060224056244,0.012045902200043201,55.085418701171875,0.0,0.0,0.0,0.0,0.0,0.0,0.0,0.0,0.0,0.0,0.0,0.0,0.0,0.0,0.0,0.0,0.0,0.0,173.4285695899035,557.9301591597285,1030.6204237254963
PINN20260511,9,290,pretrain,0.1403317153453827,0.04211616888642311,0.013995809480547905,0.021769117563962936,0.1315741091966629,0.012062088586390018,53.01652526855469,0.0,0.0,0.0,0.0,0.0,0.0,0.0,0.0,0.0,0.0,0.0,0.0,0.0,0.0,0.0,0.0,0.0,0.0,162.84052661845269,564.9215100348013,1043.2278023151314
PINN20260511,9,292,pretrain,0.05664509907364845,0.015261141583323479,0.00986439362168312,0.01636037603020668,0.13287034630775452,0.012048246338963509,55.024871826171875,0.0,0.0,0.0,0.0,0.0,0.0,0.0,0.0,0.0,0.0,0.0,0.0,0.0,0.0,0.0,0.0,0.0,0.0,220.48541086940423,736.9797317430107,1345.7191274776214
PINN20260511,9,294,pretrain,0.042208775877952576,0.01074366644024849,0.009211134165525436,0.013177718967199326,0.13683338463306427,0.012049684301018715,54.73778533935547,0.0,0.0,0.0,0.0,0.0,0.0,0.0,0.0,0.0,0.0,0.0,0.0,0.0,0.0,0.0,0.0,0.0,0.0,181.40359871016892,551.5608533969756,1021.7516675987903
PINN20260511,9,296,pretrain,0.1277928352355957,0.038402628153562546,0.011755943298339844,0.02024763450026512,0.1328732818365097,0.012062746100127697,53.02695846557617,0.0,0.0,0.0,0.0,0.0,0.0,0.0,0.0,0.0,0.0,0.0,0.0,0.0,0.0,0.0,0.0,0.0,0.0,140.38295836745996,575.8130393191874,1061.6969921561595
PINN20260511,9,299,pretrain,0.11723547428846359,0.034918345510959625,0.009056083858013153,0.026609189808368683,0.13152797520160675,0.012044955044984818,55.55315399169922,0.0,0.0,0.0,0.0,0.0,0.0,0.0,0.0,0.0,0.0,0.0,0.0,0.0,0.0,0.0,0.0,0.0,0.0,170.36540462708385,694.8484322138174,1271.950045902226
PINN20260511,9,301,physics,256713.671875,0.01709824427962303,0.011217167600989342,0.012463714927434921,0.1431969255208969,0.012059283442795277,53.59032440185547,0.0,0.0,0.6717085838317871,550.2265625,0.0,0.0,2.930513574028737e-06,0.0005297889583744109,4.4011613908878644e-08,4.4390705000729724e-10,10429299.0,4811289.5,717.7048950195312,19.4945068359375,0.0009125376818701625,4.668684105979537e-09,0.011321394704282284,8.154084205627441,454.0454444491212,493.1450090997576,932.930336759426
PINN20260511,9,303,physics,176601.03125,0.5077453851699829,0.038402024656534195,0.2387198507785797,0.7260634303092957,0.012093611061573029,48.48709487915039,0.0,0.0,0.9777438044548035,375.2768249511719,0.0,0.0,2.928920821432257e-06,0.0005684499628841877,3.1657609866897474e-08,3.941423853959236e-10,7165423.0,3327863.0,599.0645751953125,18.32688331604004,0.0005659404559992254,5.8073763575805515e-09,0.010518403723835945,7.3828229904174805,1335.9075566819733,991.3486710032954,1842.8207582131406
PINN20260511,9,305,physics,97575.8671875,2.1484286785125732,0.08302033692598343,1.043603777885437,2.55607008934021,0.012147394940257072,41.596012115478516,0.0,0.0,1.4622185230255127,204.8826446533203,0.0,0.0,3.0918579341232544e-06,0.0006303314003162086,2.051438663386307e-08,3.5092850847462387e-10,3947264.5,1861444.875,452.2071533203125,16.816425323486328,0.00031179512734524906,6.24285911854372e-09,0.008913074620068073,6.277523994445801,2284.8575447935477,1823.8584100746418,3329.010810077464
PINN20260511,9,307,physics,44209.2421875,4.788209438323975,0.19579948484897614,2.343602180480957,6.054226398468018,0.012224478647112846,34.25962829589844,0.0,0.0,2.161888360977173,92.2184066772461,0.0,0.0,4.69807673653122e-06,0.0007166140130721033,1.2721001141358101e-08,3.124555614242297e-10,1778067.5,862628.4375,312.4033203125,15.348429679870605,0.00016751860675867647,5.999760244179697e-09,0.007086994592100382,5.006710529327393,3120.3756184151935,2597.7731810148475,4709.2232649795615
PINN20260511,9,309,physics,16515.7109375,7.7295660972595215,0.44222408533096313,3.768657684326172,11.196861267089844,0.012332325801253319,27.39533233642578,0.0,0.0,3.0552196502685547,33.418434143066406,0.0,0.0,9.124588359554764e-06,0.0008293885621242225,7.69762031893606e-09,2.799478149295709e-10,656703.5625,335299.28125,198.744873046875,14.232990264892578,8.932448690757155e-05,5.322357665704658e-09,0.005602947901934385,3.7488954067230225,3765.761410392326,3208.4234446219843,5806.607331156301
PINN20260511,9,311,physics,5003.69970703125,10.329751014709473,0.8209289312362671,4.992681503295898,16.901596069335938,0.012483548372983932,21.47605323791504,0.0,0.0,3.9789836406707764,9.066141128540039,0.0,0.0,1.6329526260960847e-05,0.0009725242271088064,4.482263893379468e-09,2.492941686416117e-10,193951.953125,108932.71875,116.24760437011719,13.602127075195312,4.456066744751297e-05,4.504019823770022e-09,0.005305492784827948,2.5831401348114014,4217.391610936788,3642.0803121293193,6594.361365990205
PINN20260511,9,313,physics,1180.03271484375,12.28125,1.259816288948059,5.874094009399414,20.106555938720703,0.012698551639914513,16.643264770507812,0.0,0.0,4.499803066253662,1.5492833852767944,0.0,0.0,2.452585795253981e-05,0.001152983633801341,2.4566095824241074e-09,2.2346091643754562e-10,42530.9375,28886.4453125,61.639286041259766,13.304695129394531,1.9140019503538497e-05,3.778565904610787e-09,0.006718624383211136,1.568302035331726,4507.857584263283,3923.65913402273,7109.6815363568985
PINN20260511,9,315,physics,222.37330627441406,13.569173812866211,1.6685147285461426,6.421270370483398,16.1787109375,0.013007644563913345,12.881093978881836,0.0,0.0,3.9340178966522217,0.10957479476928711,0.0,0.0,3.097186709055677e-05,0.0013738959096372128,1.234289781493203e-09,2.009756944199026e-10,5947.09423828125,5945.845703125,28.433074951171875,12.733098983764648,6.535062311741058e-06,3.3199867299771313e-09,0.010689407587051392,0.7556412220001221,4679.333713254484,4089.715271262781,7415.379092162421
PINN20260511,9,318,physics,65.93412017822266,14.54135799407959,2.087120532989502,6.782197952270508,2.725266456604004,0.013681299984455109,9.10106372833252,0.0,0.0,1.3173739910125732,0.009944625198841095,0.0,0.0,3.0727209377801046e-05,0.001653352752327919,3.1115671150772073e-10,1.7239652760903112e-10,816.216796875,325.5191345214844,5.712898254394531,8.085756301879883,7.355579896284326e-07,3.998750219835756e-09,0.022007137537002563,0.30997467041015625,4789.609587429856,4191.396903181563,7603.644627417398
PINN20260511,9,320,physics,54.51066207885742,14.732070922851562,2.184777021408081,6.8304338455200195,2.477245807647705,0.01384107954800129,7.741283893585205,0.0,0.0,0.6109080910682678,0.0030899299308657646,0.0,0.0,2.3241922463057563e-05,0.001158878207206726,1.0315799603421993e-10,1.5350606896724628e-10,349.8434753417969,66.04246520996094,2.2143425941467285,5.240896224975586,1.8881905816670042e-07,6.613790404230713e-09,0.01668079011142254,0.3434157967567444,4807.578184491647,4205.14589520982,7629.216729019453
PINN20260511,9,322,physics,48.26485061645508,14.802623748779297,2.219273805618286,6.8443403244018555,3.5130953788757324,0.012595834210515022,6.896465301513672,0.0,0.0,0.3942978084087372,0.00200892286375165,0.0,0.0,1.4242285033105873e-05,0.0003278974909335375,3.5630449979340284e-11,1.3704708201611737e-10,49.76207733154297,21.034788131713867,1.2216088771820068,3.9087283611297607,8.106421489628701e-08,1.77735905992904e-08,0.012788617052137852,0.6258960962295532,4816.353599975816,4210.624181757379,7639.349601186507
PINN20260511,9,324,physics,47.449195861816406,14.851991653442383,2.236823797225952,6.858578681945801,4.244607448577881,0.010011506266891956,6.325107574462891,0.0,0.0,0.2492487132549286,0.0024866999592632055,0.0,0.0,7.890929737186525e-06,0.0001611417392268777,8.368627839316911e-12,1.2059912790629568e-10,7.885053634643555,8.701800346374512,0.7401171922683716,2.933882236480713,4.2313153869599773e-08,1.2647852543068439e-07,0.01302657462656498,7.602846145629883,4823.924128756587,4214.771405426396,7646.927529858348
PINN20260511,9,326,physics,47.43939971923828,14.891595840454102,2.247558116912842,6.869525909423828,4.76632022857666,0.006552486214786768,5.994860649108887,0.0,0.0,0.13981346786022186,0.004300996195524931,0.0,0.0,4.467584403755609e-06,0.00016009705723263323,1.3482817293186677e-12,1.0547091672252762e-10,4.1894707679748535,4.1731791496276855,0.4105827510356903,1.8930563926696777,2.153615241695661e-08,1.1743581751488819e-07,0.012102508917450905,10.48387336730957,4828.350028736525,4216.519417718837,7650.143971082388
PINN20260511,9,328,physics,47.40102767944336,14.89238452911377,2.2528367042541504,6.868279933929443,5.444303512573242,0.003970219753682613,5.893579483032227,0.0,0.0,0.06257368624210358,0.004790444392710924,0.0,0.0,2.7738358312490163e-06,0.0001477219193475321,1.242532769382687e-12,9.24450932471288e-11,2.5912418365478516,2.658517837524414,0.290499210357666,1.5343518257141113,1.5853251156272563e-08,1.9250397542691644e-07,0.010092773474752903,7.749993324279785,4825.250045334438,4215.889467241759,7649.050712279739
PINN20260511,9,330,physics,47.339454650878906,14.873225212097168,2.253958225250244,6.860349178314209,5.8640031814575195,0.0025680179242044687,5.8962554931640625,0.0,0.0,0.06189511716365814,0.0028944462537765503,0.0,0.0,1.9227868506277446e-06,0.0001637951354496181,3.015076903423175e-12,8.069404866528629e-11,2.2385003566741943,2.273165464401245,0.2855525612831116,1.5118205547332764,1.6563172167138873e-08,9.149179192036172e-08,0.008891558274626732,6.18724250793457,4822.6055198409085,4214.7967922546395,7647.110998792884
PINN20260511,9,332,physics,47.296749114990234,14.860824584960938,2.2516372203826904,6.8538970947265625,5.8102192878723145,0.0018376808147877455,5.885959625244141,0.0,0.0,0.1262286752462387,0.0014897276414558291,0.0,0.0,1.4842308928564307e-06,0.00014596892287954688,5.4438706147130755e-12,7.121351425221079e-11,2.3527703285217285,2.07034969329834,0.28367090225219727,1.401813268661499,1.6936652968979615e-08,2.1923037607507467e-08,0.008342910557985306,5.6499528884887695,4821.259586456635,4214.271467288267,7646.1838865089185
PINN20260511,9,334,physics,47.27117919921875,14.855894088745117,2.2486178874969482,6.850800514221191,5.925558090209961,0.0015255429316312075,5.8435869216918945,0.0,0.0,0.23609435558319092,0.0007904849480837584,0.0,0.0,1.2524080830189632e-06,0.0001304805773543194,7.672828518379138e-12,6.268467689363177e-11,2.217273712158203,1.8206499814987183,0.26574230194091797,1.1324714422225952,1.5886765680761528e-08,2.8172306709706163e-09,0.008079560473561287,5.510477066040039,4820.867141915446,4214.168008041445,7646.011303961921
PINN20260511,9,337,physics,47.2457160949707,14.855535507202148,2.2470691204071045,6.849326133728027,6.142978668212891,0.0013969822321087122,5.778894424438477,0.0,0.0,0.3188057541847229,0.00029622603324241936,0.0,0.0,1.0835593684532796e-06,0.00011843958054669201,8.250578172053213e-12,5.147518175596666e-11,1.4231703281402588,1.3588365316390991,0.23274540901184082,0.806981086730957,1.2820514427858143e-08,1.801034842097149e-11,0.007879096083343029,5.127907752990723,4820.999688861222,4214.234924633414,7646.144399094566
PINN20260511,9,339,physics,47.232696533203125,14.85661506652832,2.247699499130249,6.848995208740234,6.049389839172363,0.0014371017459779978,5.774397850036621,0.0,0.0,0.2944362759590149,0.00013658693933393806,0.0,0.0,1.0193494972554618e-06,0.00012007559416815639,7.280938872644693e-12,4.551816909503792e-11,0.9749637246131897,1.090618371963501,0.22140757739543915,0.6687646508216858,1.0718649079421994e-08,0.0,0.00777982734143734,4.946680068969727,4821.171019576053,4214.2724164439105,7646.214761165747
PINN20260511,9,341,physics,47.22443771362305,14.85749626159668,2.248643636703491,6.848783493041992,5.869586944580078,0.0015794429928064346,5.802251815795898,0.0,0.0,0.24593672156333923,8.110157068585977e-05,0.0,0.0,9.578554909239756e-07,0.0001291088410653174,6.165374634437004e-12,3.987185234755053e-11,0.808086633682251,0.9032995700836182,0.2206563800573349,0.5432041883468628,9.093398034565325e-09,0.0,0.007739537861198187,4.863894462585449,4821.263319919376,4214.277162218926,7646.2220353041985
PINN20260511,9,343,physics,47.21974563598633,14.857651710510254,2.24920916557312,6.84859037399292,5.689907073974609,0.0018476611003279686,5.844963073730469,0.0,0.0,0.20266897976398468,6.302382826106623e-05,0.0,0.0,8.826713155940524e-07,0.0001433941361028701,5.377935943795542e-12,3.498482406549819e-11,0.8579059839248657,0.8057273030281067,0.22991594672203064,0.44275903701782227,8.154268371640683e-09,0.0,0.008005429990589619,5.00362491607666,4821.208147342323,4214.238483996842,7646.146621541023
PINN20260511,9,345,physics,47.21519088745117,14.856769561767578,2.2489898204803467,6.848343849182129,5.508735179901123,0.0021964239422231913,5.892356872558594,0.0,0.0,0.17695936560630798,5.497681559063494e-05,0.0,0.0,8.05092099653848e-07,0.000160242838319391,5.088021583915525e-12,3.089687533597285e-11,0.9826844334602356,0.792816698551178,0.2538601756095886,0.39404627680778503,7.925656575480389e-09,0.0,0.008417629636824131,5.5631184577941895,4820.975419974676,4214.150448192376,7645.977313665594
PINN20260511,9,347,physics,47.20820236206055,14.854822158813477,2.247901439666748,6.848020553588867,5.307620048522949,0.0024646692909300327,5.951601028442383,0.0,0.0,0.17025910317897797,5.161112130736001e-05,0.0,0.0,7.488187065973761e-07,0.0001777583092916757,5.315474622957783e-12,2.677989253963009e-11,1.103958010673523,0.8573262691497803,0.2955872416496277,0.3730641305446625,8.342484925094595e-09,0.0,0.008701799437403679,6.700194358825684,4820.584196962024,4214.026103383793,7645.739018783761
PINN20260511,9,349,physics,47.19913101196289,14.85201644897461,2.2460598945617676,6.847670555114746,5.090362071990967,0.002583486959338188,6.023027420043945,0.0,0.0,0.18011897802352905,5.085229713586159e-05,0.0,0.0,7.181434966696543e-07,0.00019511514983605593,6.041376600374182e-12,2.3580814384471793e-11,1.2171735763549805,0.9928925037384033,0.3466091752052307,0.3750671148300171,9.320544336333114e-09,0.0,0.00901199970394373,8.180556297302246,4820.075518080604,4213.884668568897,7645.467570523945
PINN20260511,9,351,physics,47.18925094604492,14.848634719848633,2.2436718940734863,6.847347736358643,4.872750282287598,0.0026009296998381615,6.09675407409668,0.0,0.0,0.2021511197090149,5.155570397619158e-05,0.0,0.0,7.069509706525423e-07,0.0002116416289936751,7.2212444357511174e-12,2.0405437756165767e-11,1.3395206928253174,1.191565752029419,0.39541923999786377,0.3979828953742981,1.0754490631370572e-08,0.0,0.009358768351376057,9.73861026763916,4819.501219005967,4213.743940962716,7645.197935851042
PINN20260511,9,353,physics,47.18006896972656,14.845022201538086,2.2411060333251953,6.847076416015625,4.674620628356934,0.0025625224225223064,6.166862964630127,0.0,0.0,0.22926628589630127,5.2973267884226516e-05,0.0,0.0,7.088852385095379e-07,0.00022702950809616596,8.732983086678914e-12,1.7995516535251888e-11,1.4850032329559326,1.4405311346054077,0.4408566355705261,0.4308050572872162,1.2502117563428783e-08,0.0,0.009840782731771469,11.230829238891602,4818.914815599047,4213.6193468323645,7644.957794440036
PINN20260511,9,356,physics,47.16728210449219,14.839723587036133,2.2376627922058105,6.8467254638671875,4.403507709503174,0.00250673177652061,6.255723476409912,0.0,0.0,0.26027536392211914,5.5483189498772845e-05,0.0,0.0,7.255931677718763e-07,0.0002478665264789015,1.1135608060652835e-11,1.4782872842511452e-11,1.7127437591552734,1.8668553829193115,0.5082380771636963,0.4381569027900696,1.536728611029048e-08,0.0,0.010974335484206676,13.327930450439453,4818.071813495519,4213.446807543676,7644.624924265223
PINN20260511,9,358,physics,47.15785598754883,14.836362838745117,2.235769271850586,6.846468925476074,4.204624652862549,0.002497282810509205,6.305403709411621,0.0,0.0,0.26670998334884644,5.715666702599265e-05,0.0,0.0,7.408020792354364e-07,0.00026077954680658877,1.2533554055726981e-11,1.2868058181514375e-11,1.7884581089019775,2.158292293548584,0.5463666915893555,0.46039366722106934,1.7260266105267874e-08,0.0,0.011916267685592175,14.49484634399414,4817.540866458738,4213.317457775998,7644.374941600779
PINN20260511,9,360,physics,47.147300720214844,14.833211898803711,2.234145164489746,6.846184730529785,3.9915647506713867,0.0025002809707075357,6.35232400894165,0.0,0.0,0.26357659697532654,5.9213161875959486e-05,0.0,0.0,7.569162221443548e-07,0.0002735814487095922,1.3675337771912321e-11,1.1124424298403213e-11,1.7823692560195923,2.4440531730651855,0.5767689943313599,0.4947631359100342,1.9090578007308068e-08,0.0,0.013022747822105885,15.8341703414917,4817.048889102123,4213.181220882861,7644.11094061556
PINN20260511,9,362,physics,47.1365966796875,14.830281257629395,2.2325899600982666,6.845887184143066,3.7834315299987793,0.0025134715251624584,6.3985595703125,0.0,0.0,0.258868008852005,6.259716610657051e-05,0.0,0.0,7.727773549959238e-07,0.00028667086735367775,1.4681159066221028e-11,9.610873728804759e-12,1.7625648975372314,2.7312450408935547,0.6005477905273438,0.5013296604156494,2.0932969135856183e-08,0.0,0.014411792159080505,17.23068618774414,4816.572017524497,4213.037621479305,7643.831835742067
PINN20260511,9,364,physics,47.12748336791992,14.82723617553711,2.230586528778076,6.845542907714844,3.5720977783203125,0.0025401264429092407,6.444548606872559,0.0,0.0,0.2628442347049713,6.66554260533303e-05,0.0,0.0,7.874374432503828e-07,0.00030030921334400773,1.5863147601047345e-11,8.66271117339057e-12,1.837348461151123,3.0421063899993896,0.6193069815635681,0.5184459686279297,2.295288936693396e-08,0.0,0.015759047120809555,19.012378692626953,4816.040074584098,4212.862447315364,7643.491298025897
PINN20260511,9,366,physics,47.11923599243164,14.823752403259277,2.227830171585083,6.845132350921631,3.3552405834198,0.002580467611551285,6.489893913269043,0.0,0.0,0.2815912365913391,7.312747038668022e-05,0.0,0.0,8.004151368368184e-07,0.0003145373775623739,1.7528476933814652e-11,7.307058604022476e-12,1.995819330215454,3.4003589153289795,0.6451073884963989,0.5552396178245544,2.534696541545145e-08,0.0,0.01773780956864357,20.941822052001953,4815.443697106218,4212.665189639452,7643.107702899453
PINN20260511,9,368,physics,47.11060333251953,14.819988250732422,2.2245445251464844,6.844711780548096,3.1575846672058105,0.0026292274706065655,6.534633159637451,0.0,0.0,0.3130956292152405,8.170082583092153e-05,0.0,0.0,8.116111871458997e-07,0.0003293297777418047,1.968887899939098e-11,6.5788255919352334e-12,2.161216974258423,3.8098816871643066,0.6817092895507812,0.5652549266815186,2.816825883655838e-08,0.0,0.01992984116077423,23.113012313842773,4814.814430484315,4212.45890187667,7642.706358883187
PINN20260511,9,370,physics,47.102210998535156,14.816067695617676,2.2209298610687256,6.844254016876221,2.972871780395508,0.0026797461323440075,6.580405235290527,0.0,0.0,0.3511573076248169,9.078549919649959e-05,0.0,0.0,8.205930726035149e-07,0.0003449634532444179,2.2107284752825862e-11,5.83343182786189e-12,2.328256130218506,4.250198841094971,0.7183016538619995,0.5893555879592896,3.1237199493716616e-08,0.0,0.02267535589635372,25.11559295654297,4814.1794731812815,4212.237885020266,7642.275991244017
PINN20260511,9,372,physics,47.09454345703125,14.812352180480957,2.2175328731536865,6.843806743621826,2.808511257171631,0.002726917155086994,6.628194808959961,0.0,0.0,0.38501277565956116,9.930982196237892e-05,0.0,0.0,8.266575832749368e-07,0.00036161745083518326,2.4368394455076547e-11,4.818412162321817e-12,2.4915642738342285,4.682044506072998,0.7538052797317505,0.6023370623588562,3.434986339811985e-08,0.0,0.025658337399363518,27.04853630065918,4813.609248786195,4212.038936192304,7641.887552905134
PINN20260511,9,375,physics,47.083412170410156,14.807622909545898,2.213510751724243,6.843155384063721,2.574517250061035,0.00278652086853981,6.705482482910156,0.0,0.0,0.4125702381134033,0.00011334766895743087,0.0,0.0,8.277199867734453e-07,0.0003889689687639475,2.6740333905483915e-11,4.1873141239101574e-12,2.6545045375823975,5.221589088439941,0.7996853590011597,0.6179901957511902,3.857769570458913e-08,0.0,0.030743544921278954,29.185771942138672,4812.906813974274,4211.758065226444,7641.33856919549
PINN20260511,9,377,physics,47.07543182373047,14.805227279663086,2.2115931510925293,6.84274959564209,2.429701089859009,0.002818229142576456,6.761251926422119,0.0,0.0,0.41706112027168274,0.00012618402251973748,0.0,0.0,8.218567018047906e-07,0.00040900526801124215,2.7631391966154162e-11,3.3957834374293006e-12,2.6671454906463623,5.473857879638672,0.8266185522079468,0.6091991066932678,4.097171313333092e-08,0.0,0.03411231189966202,30.469038009643555,4812.545272514327,4211.579751114776,7640.989617253785
PINN20260511,9,379,physics,47.06703567504883,14.803306579589844,2.2098681926727295,6.842325210571289,2.293092966079712,0.002843858441337943,6.820790767669678,0.0,0.0,0.42025262117385864,0.0001391532423440367,0.0,0.0,8.108573865683866e-07,0.00043070106767117977,2.8319187272973778e-11,2.9542009030020244e-12,2.6150856018066406,5.64871072769165,0.8519498109817505,0.6005353927612305,4.309973178351356e-08,0.0,0.037428125739097595,31.470333099365234,4812.2535261559115,4211.4106900182505,7640.657927438926
PINN20260511,9,381,physics,47.05854415893555,14.801620483398438,2.2079110145568848,6.841845512390137,2.1596875190734863,0.002864591544494033,6.884121417999268,0.0,0.0,0.43032366037368774,0.00015241125947795808,0.0,0.0,7.960953780639102e-07,0.0004542107926681638,2.9154678671261536e-11,2.719398491113356e-12,2.539245367050171,5.779781341552734,0.8780323266983032,0.600517213344574,4.516762430739618e-08,0.0,0.040453553199768066,33.08640670776367,4811.991063998353,4211.238060238343,7640.318522563052
PINN20260511,9,383,physics,47.05051040649414,14.799993515014648,2.2055444717407227,6.841324806213379,2.0315470695495605,0.0028839067090302706,6.9505615234375,0.0,0.0,0.4500165581703186,0.0001665203890297562,0.0,0.0,7.79498009251256e-07,0.0004795275744982064,3.031302292511029e-11,2.459960186940169e-12,2.4762091636657715,5.906689643859863,0.9072901010513306,0.6057124137878418,4.747503368207617e-08,0.0,0.04326116666197777,34.74354553222656,4811.72359970936,4211.056874467501,7639.961937382965
PINN20260511,9,385,physics,47.0428352355957,14.798294067382812,2.2027974128723145,6.840788841247559,1.9111789464950562,0.002906722016632557,7.019166469573975,0.0,0.0,0.47719550132751465,0.00018216148600913584,0.0,0.0,7.628553362337698e-07,0.0005065564764663577,3.176719304276432e-11,2.0940996332818873e-12,2.4294824600219727,6.059581756591797,0.9397844672203064,0.609086811542511,5.021736626531492e-08,4.8909088449155744e-14,0.045987896621227264,36.40400314331055,4811.423905664517,4210.860957096541,7639.5758834881435
PINN20260511,9,387,physics,47.03514862060547,14.796562194824219,2.1999144554138184,6.840309143066406,1.8046224117279053,0.0029362188652157784,7.0895586013793945,0.0,0.0,0.50589519739151,0.00019982483354397118,0.0,0.0,7.473407777069951e-07,0.000535349827259779,3.3354995848666746e-11,1.7564900272118433e-12,2.384673833847046,6.25049352645874,0.9726839661598206,0.584233283996582,5.362569410749529e-08,5.5422114515974244e-14,0.049042798578739166,38.39488983154297,4811.091767987803,4210.657193360676,7639.1740846654275
PINN20260511,9,389,physics,47.02764129638672,14.794692993164062,2.1969244480133057,6.8398332595825195,1.6969274282455444,0.0029726186767220497,7.162698745727539,0.0,0.0,0.5322297215461731,0.00021959545847494155,0.0,0.0,7.331676101784979e-07,0.0005663492484018207,3.48762477231368e-11,1.451941973769355e-12,2.3336052894592285,6.476251125335693,1.0069633722305298,0.5803256630897522,5.736542263434785e-08,7.297047216687017e-14,0.05242505669593811,40.250328063964844,4810.766674865868,4210.483107673038,7638.827079065182
PINN20260511,9,391,physics,47.02009201049805,14.792705535888672,2.1938040256500244,6.839337348937988,1.5844273567199707,0.003013892564922571,7.240157604217529,0.0,0.0,0.5553160905838013,0.00024107799981720746,0.0,0.0,7.199684546321805e-07,0.0006002431618981063,3.625174813115528e-11,1.4447402692588374e-12,2.2745563983917236,6.722336292266846,1.0422000885009766,0.5971462726593018,6.114839123938509e-08,1.438213832966398e-13,0.056960754096508026,41.14783477783203,4810.453201102781,4210.33134088043,7638.520972053077
PINN20260511,9,394,physics,47.00938415527344,14.790088653564453,2.1890766620635986,6.838750839233398,1.447364091873169,0.0030790199525654316,7.3678178787231445,0.0,0.0,0.5854651927947998,0.00027479627169668674,0.0,0.0,7.008206353020796e-07,0.0006581713096238673,3.820097016493662e-11,1.1669914166956286e-12,2.1684632301330566,7.087632656097412,1.0898613929748535,0.5909572839736938,6.741457525549777e-08,9.066784324197885e-14,0.06440730392932892,41.19807434082031,4809.992307686157,4210.103324147758,7638.05689745312
PINN20260511,9,396,physics,47.002906799316406,14.7884521484375,2.1854944229125977,6.8383378982543945,1.3837006092071533,0.003121898975223303,7.462854385375977,0.0,0.0,0.6118736267089844,0.00029710945091210306,0.0,0.0,6.877542091388023e-07,0.0007027644314803183,3.977944015853829e-11,9.227595900926366e-13,2.0847678184509277,7.309782028198242,1.120535135269165,0.6116812229156494,7.135096069532665e-08,9.601737129992169e-14,0.07003825157880783,40.29106903076172,4809.727643016806,4209.976246963871,7637.793464342613
PINN20260511,9,398,physics,46.99699783325195,14.787135124206543,2.181931495666504,6.838011741638184,1.3604707717895508,0.0031634527258574963,7.566791534423828,0.0,0.0,0.642015278339386,0.000318620033795014,0.0,0.0,6.741175866409321e-07,0.0007529482245445251,4.180976745371545e-11,7.519276542557185e-13,1.9889001846313477,7.505515098571777,1.1474977731704712,0.6003814339637756,7.57956186703268e-08,4.3457733478425783e-14,0.0758666843175888,39.51251220703125,4809.474815403445,4209.843227484843,7637.519156619171
PINN20260511,9,400,physics,46.99188995361328,14.786015510559082,2.178654193878174,6.837729454040527,1.3680706024169922,0.0032037936616688967,7.6803412437438965,0.0,0.0,0.6733620166778564,0.0003392303769942373,0.0,0.0,6.599810831176001e-07,0.0008094469085335732,4.4361386092317545e-11,7.043021764754909e-13,1.8835159540176392,7.675934791564941,1.172208547592163,0.5853098630905151,8.030105647094388e-08,1.0636633175804822e-14,0.08094017207622528,38.87108612060547,4809.256491392406,4209.733720795176,7637.291233475214
PINN20260511,9,402,physics,46.98731994628906,14.784914016723633,2.175869941711426,6.837440013885498,1.390549898147583,0.0032433392480015755,7.803919792175293,0.0,0.0,0.7023005485534668,0.00035927645512856543,0.0,0.0,6.456589289882686e-07,0.0008729050168767571,4.740493067534324e-11,5.725273770698647e-13,1.7736519575119019,7.828150749206543,1.194726824760437,0.5833454132080078,8.436040133119604e-08,2.8417140111170044e-15,0.08666523545980453,38.81873321533203,4809.076834487051,4209.659843740346,7637.134751935906
PINN20260511,9,404,physics,46.9831428527832,14.783794403076172,2.1738219261169434,6.837167263031006,1.4129772186279297,0.0032825320959091187,7.937534332275391,0.0,0.0,0.7238439321517944,0.00037941470509395003,0.0,0.0,6.315398763945268e-07,0.0009438107954338193,5.089687005188637e-11,5.173977023729959e-13,1.664783239364624,7.972909927368164,1.2143306732177734,0.5908025503158569,8.792130756773986e-08,2.301569359224173e-15,0.09210853278636932,38.242706298828125,4808.904656987909,4209.601643861329,7637.011490033548
PINN20260511,9,406,physics,46.97917556762695,14.782681465148926,2.172649621963501,6.836958408355713,1.423696756362915,0.0033217747695744038,8.080799102783203,0.0,0.0,0.7347420454025269,0.00040040939347818494,0.0,0.0,6.17755688381294e-07,0.0010224581928923726,5.483078921453277e-11,5.170561244785543e-13,1.5616918802261353,8.12155818939209,1.2311750650405884,0.5916788578033447,9.129745848213133e-08,1.9181673071878022e-15,0.09799639135599136,38.12580490112305,4808.716460761645,4209.543443177657,7636.890496034471
PINN20260511,9,408,physics,46.97521209716797,14.781560897827148,2.172206401824951,6.836818695068359,1.4201645851135254,0.0033614221028983593,8.233026504516602,0.0,0.0,0.7366665601730347,0.0004228687612339854,0.0,0.0,6.044884912626003e-07,0.0011089438339695334,5.928303681290714e-11,3.605659336641115e-13,1.4670658111572266,8.281682014465332,1.245413064956665,0.577843427658081,9.474965168010385e-08,8.861435289234652e-16,0.10575078427791595,38.025325775146484,4808.509124458433,4209.48381633663,7636.769214447282
PINN20260511,9,410,physics,46.9713020324707,14.780366897583008,2.1721439361572266,6.8367109298706055,1.4082417488098145,0.00340171717107296,8.393322944641113,0.0,0.0,0.7346875667572021,0.00044700276339426637,0.0,0.0,5.919703198742354e-07,0.0012032012455165386,6.433301114050494e-11,3.6065134169024904e-13,1.3805795907974243,8.45309829711914,1.2574527263641357,0.5647244453430176,9.807082079760221e-08,8.069688711843232e-16,0.11253445595502853,38.19089889526367,4808.2965798710875,4209.4327408808895,7636.665537239525
PINN20260511,9,413,physics,46.96542739868164,14.778315544128418,2.172064781188965,6.836493492126465,1.3896267414093018,0.0034637332428246737,8.64655876159668,0.0,0.0,0.7349047660827637,0.00048564604367129505,0.0,0.0,5.747932618760387e-07,0.0013585882261395454,7.309765293062043e-11,2.3283903017451424e-13,1.2619831562042236,8.714417457580566,1.272533655166626,0.5741062760353088,1.0225813440456477e-07,5.236243753994679e-15,0.12491370737552643,38.19218826293945,4808.0091514056,4209.394730837202,7636.586351693271
PINN20260511,9,415,physics,46.961448669433594,14.77705192565918,2.1723101139068604,6.836407661437988,1.3711490631103516,0.003505976404994726,8.821918487548828,0.0,0.0,0.732791006565094,0.0005121447029523551,0.0,0.0,5.644589009534684e-07,0.0014707035152241588,7.959102821253339e-11,2.3170042815802427e-13,1.1867849826812744,8.878287315368652,1.279747486114502,0.5637127161026001,1.053012681495602e-07,4.475488312198281e-15,0.1324152797460556,37.75249099731445,4807.800744623263,4209.353869657432,7636.505142690718
PINN20260511,9,417,physics,46.95748519897461,14.775775909423828,2.1726317405700684,6.836322784423828,1.3518738746643066,0.0035488856956362724,9.001321792602539,0.0,0.0,0.7301378846168518,0.0005388730205595493,0.0,0.0,5.551797812586301e-07,0.0015890572685748339,8.651723087949037e-11,2.278291216708389e-13,1.1152915954589844,9.039819717407227,1.2858459949493408,0.5537102222442627,1.0835206154524712e-07,3.40499452093114e-15,0.14118605852127075,37.609100341796875,4807.585048649686,4209.311345101476,7636.421178796877
PINN20260511,9,419,physics,46.953556060791016,14.77437973022461,2.172945261001587,6.836217880249023,1.3334791660308838,0.00359234306961298,9.183823585510254,0.0,0.0,0.7273420095443726,0.0005660422029905021,0.0,0.0,5.47151842056337e-07,0.0017130665946751833,9.385531934968938e-11,1.4988578683327453e-13,1.0512940883636475,9.217019081115723,1.2922405004501343,0.5470839738845825,1.1147598399929848e-07,2.622438992171258e-15,0.14961174130439758,37.57320785522461,4807.347085451601,4209.2638311229675,7636.327632761402
PINN20260511,9,421,physics,46.94966125488281,14.772769927978516,2.1731624603271484,6.836088180541992,1.3176207542419434,0.0036361059173941612,9.368475914001465,0.0,0.0,0.7251659035682678,0.000594237819314003,0.0,0.0,5.405995011642517e-07,0.0018420417327433825,1.01746784608725e-10,1.2792615274384578e-13,0.9985216856002808,9.431157112121582,1.2998440265655518,0.5434606671333313,1.1477550287963822e-07,2.1176609304416087e-15,0.15913857519626617,37.2331428527832,4807.074786187542,4209.211327552942,7636.224056435376
PINN20260511,10,1,pretrain,41.617774963378906,13.045037269592285,1.4095221757888794,8.365216255187988,5.242946147918701,0.002615638542920351,6.076392650604248,0.0,0.0,0.0,0.0,0.0,0.0,0.0,0.0,0.0,0.0,0.0,0.0,0.0,0.0,0.0,0.0,0.0,0.0,4556.759374818907,4831.25076972827,8742.647670489892
PINN20260511,10,3,pretrain,42.51628494262695,13.045759201049805,1.4094382524490356,8.36595630645752,50.05500030517578,0.0026004340033978224,6.093610763549805,0.0,0.0,0.0,0.0,0.0,0.0,0.0,0.0,0.0,0.0,0.0,0.0,0.0,0.0,0.0,0.0,0.0,0.0,4556.690246220386,4831.179566110123,8742.513485723981
PINN20260511,10,5,pretrain,41.56589126586914,13.044931411743164,1.4093859195709229,8.365169525146484,2.668405532836914,0.0026081856340169907,6.103606224060059,0.0,0.0,0.0,0.0,0.0,0.0,0.0,0.0,0.0,0.0,0.0,0.0,0.0,0.0,0.0,0.0,0.0,0.0,4556.508751226096,4830.9982405295905,8742.184905127235
PINN20260511,10,7,pretrain,41.53292465209961,13.043787956237793,1.4093897342681885,8.364028930664062,1.202897310256958,0.0026209403295069933,6.10606575012207,0.0,0.0,0.0,0.0,0.0,0.0,0.0,0.0,0.0,0.0,0.0,0.0,0.0,0.0,0.0,0.0,0.0,0.0,4556.339100637704,4830.831812431478,8741.888081841065
PINN20260511,10,9,pretrain,41.5295295715332,13.04323959350586,1.409395456314087,8.363516807556152,1.120509147644043,0.0026340177282691,6.11093282699585,0.0,0.0,0.0,0.0,0.0,0.0,0.0,0.0,0.0,0.0,0.0,0.0,0.0,0.0,0.0,0.0,0.0,0.0,4556.301131400338,4830.799312743182,8741.82891407906
PINN20260511,10,11,pretrain,41.52588653564453,13.043201446533203,1.4093620777130127,8.36354923248291,0.9446102976799011,0.002649156143888831,6.121187210083008,0.0,0.0,0.0,0.0,0.0,0.0,0.0,0.0,0.0,0.0,0.0,0.0,0.0,0.0,0.0,0.0,0.0,0.0,4556.288401758607,4830.791446543723,8741.811870736738
PINN20260511,10,14,pretrain,41.52171325683594,13.042604446411133,1.4093178510665894,8.363056182861328,0.8314644694328308,0.0026704256888478994,6.131423473358154,0.0,0.0,0.0,0.0,0.0,0.0,0.0,0.0,0.0,0.0,0.0,0.0,0.0,0.0,0.0,0.0,0.0,0.0,4556.1319120499575,4830.6519228774905,8741.557897641931
PINN20260511,10,16,pretrain,41.520408630371094,13.041850090026855,1.409313678741455,8.36237621307373,0.8862597942352295,0.0026828288100659847,6.133615970611572,0.0,0.0,0.0,0.0,0.0,0.0,0.0,0.0,0.0,0.0,0.0,0.0,0.0,0.0,0.0,0.0,0.0,0.0,4556.006145737734,4830.541584543083,8741.358113299138
PINN20260511,10,18,pretrain,41.51951599121094,13.04123306274414,1.4093037843704224,8.361857414245605,0.9398308992385864,0.002702370285987854,6.137242317199707,0.0,0.0,0.0,0.0,0.0,0.0,0.0,0.0,0.0,0.0,0.0,0.0,0.0,0.0,0.0,0.0,0.0,0.0,4555.919665665759,4830.467472201836,8741.224063493455
PINN20260511,10,20,pretrain,41.51566696166992,13.040848731994629,1.4092764854431152,8.361599922180176,0.8079004287719727,0.0027297537308186293,6.143675804138184,0.0,0.0,0.0,0.0,0.0,0.0,0.0,0.0,0.0,0.0,0.0,0.0,0.0,0.0,0.0,0.0,0.0,0.0,4555.865011169668,4830.423583910629,8741.143461849466
PINN20260511,10,22,pretrain,41.51350784301758,13.040536880493164,1.4092353582382202,8.361454010009766,0.749358057975769,0.0027637353632599115,6.151732444763184,0.0,0.0,0.0,0.0,0.0,0.0,0.0,0.0,0.0,0.0,0.0,0.0,0.0,0.0,0.0,0.0,0.0,0.0,4555.796088500889,4830.372242384638,8741.04908937526
PINN20260511,10,24,pretrain,41.511783599853516,13.039978981018066,1.4091956615447998,8.361127853393555,0.7510603666305542,0.002799016423523426,6.158492088317871,0.0,0.0,0.0,0.0,0.0,0.0,0.0,0.0,0.0,0.0,0.0,0.0,0.0,0.0,0.0,0.0,0.0,0.0,4555.66372771301,4830.274940414883,8740.871546495182
PINN20260511,10,26,pretrain,41.5074348449707,13.039031982421875,1.4091682434082031,8.360487937927246,0.6830589175224304,0.002830763813108206,6.1624603271484375,0.0,0.0,0.0,0.0,0.0,0.0,0.0,0.0,0.0,0.0,0.0,0.0,0.0,0.0,0.0,0.0,0.0,0.0,4555.470776988916,4830.135608862343,8740.618708258957
PINN20260511,10,28,pretrain,41.50422668457031,13.037813186645508,1.409136176109314,8.359674453735352,0.7141519784927368,0.0028681610710918903,6.1659932136535645,0.0,0.0,0.0,0.0,0.0,0.0,0.0,0.0,0.0,0.0,0.0,0.0,0.0,0.0,0.0,0.0,0.0,0.0,4555.242474336575,4829.978467860908,8740.333623526356
PINN20260511,10,30,pretrain,41.49992752075195,13.036441802978516,1.40907621383667,8.358834266662598,0.7148581147193909,0.002922403858974576,6.171634674072266,0.0,0.0,0.0,0.0,0.0,0.0,0.0,0.0,0.0,0.0,0.0,0.0,0.0,0.0,0.0,0.0,0.0,0.0,4554.986937412664,4829.8128328124685,8740.031872585629
PINN20260511,10,32,pretrain,41.49348068237305,13.034819602966309,1.4089716672897339,8.357904434204102,0.6478057503700256,0.0030019080732017756,6.179932594299316,0.0,0.0,0.0,0.0,0.0,0.0,0.0,0.0,0.0,0.0,0.0,0.0,0.0,0.0,0.0,0.0,0.0,0.0,4554.655201000401,4829.608265687808,8739.658722815357
PINN20260511,10,35,pretrain,41.4804573059082,13.03080940246582,1.4087036848068237,8.355498313903809,0.6285724639892578,0.0031918964814394712,6.194848537445068,0.0,0.0,0.0,0.0,0.0,0.0,0.0,0.0,0.0,0.0,0.0,0.0,0.0,0.0,0.0,0.0,0.0,0.0,4553.7650356600525,4829.084799421108,8738.7061059166
PINN20260511,10,37,pretrain,41.465484619140625,13.025991439819336,1.4084264039993286,8.3525390625,0.639528751373291,0.003391063306480646,6.204980373382568,0.0,0.0,0.0,0.0,0.0,0.0,0.0,0.0,0.0,0.0,0.0,0.0,0.0,0.0,0.0,0.0,0.0,0.0,4552.696343926311,4828.48734077247,8737.619523808247
PINN20260511,10,39,pretrain,41.44164276123047,13.01822566986084,1.4079861640930176,8.347868919372559,0.6698338985443115,0.003705656621605158,6.216813564300537,0.0,0.0,0.0,0.0,0.0,0.0,0.0,0.0,0.0,0.0,0.0,0.0,0.0,0.0,0.0,0.0,0.0,0.0,4550.96231581849,4827.5598390905525,8735.933698757875
PINN20260511,10,41,pretrain,41.402584075927734,13.005491256713867,1.4071625471115112,8.340398788452148,0.7225516438484192,0.00422289501875639,6.234641075134277,0.0,0.0,0.0,0.0,0.0,0.0,0.0,0.0,0.0,0.0,0.0,0.0,0.0,0.0,0.0,0.0,0.0,0.0,4548.095425560023,4826.081640420104,8733.245356588997
PINN20260511,10,43,pretrain,41.3388671875,12.984381675720215,1.4055211544036865,8.328237533569336,0.8658474087715149,0.004993254318833351,6.262049674987793,0.0,0.0,0.0,0.0,0.0,0.0,0.0,0.0,0.0,0.0,0.0,0.0,0.0,0.0,0.0,0.0,0.0,0.0,4543.394545931489,4823.691117805948,8728.896048886892
PINN20260511,10,45,pretrain,41.236732482910156,12.950693130493164,1.4027869701385498,8.308874130249023,1.0742653608322144,0.006065473426133394,6.280178070068359,0.0,0.0,0.0,0.0,0.0,0.0,0.0,0.0,0.0,0.0,0.0,0.0,0.0,0.0,0.0,0.0,0.0,0.0,4536.08068711305,4819.862653644811,8721.930585815671
PINN20260511,10,47,pretrain,41.07486343383789,12.899398803710938,1.3993407487869263,8.279361724853516,1.0563486814498901,0.007535853423178196,6.275705337524414,0.0,0.0,0.0,0.0,0.0,0.0,0.0,0.0,0.0,0.0,0.0,0.0,0.0,0.0,0.0,0.0,0.0,0.0,4525.0396683344115,4813.813457125234,8710.93078174914
PINN20260511,10,49,pretrain,40.83008575439453,12.822978973388672,1.397619605064392,8.236565589904785,0.751365602016449,0.009281019680202007,6.2915496826171875,0.0,0.0,0.0,0.0,0.0,0.0,0.0,0.0,0.0,0.0,0.0,0.0,0.0,0.0,0.0,0.0,0.0,0.0,4508.172800592275,4804.473956636668,8693.897106281707
PINN20260511,10,51,pretrain,40.45054626464844,12.70125675201416,1.3876843452453613,8.176775932312012,0.8787134885787964,0.011015464551746845,6.409554958343506,0.0,0.0,0.0,0.0,0.0,0.0,0.0,0.0,0.0,0.0,0.0,0.0,0.0,0.0,0.0,0.0,0.0,0.0,4479.854685143258,4790.221915527505,8667.522932659624
PINN20260511,10,53,pretrain,39.79362487792969,12.486019134521484,1.382248878479004,8.09317398071289,1.2905492782592773,0.012439865618944168,6.641359329223633,0.0,0.0,0.0,0.0,0.0,0.0,0.0,0.0,0.0,0.0,0.0,0.0,0.0,0.0,0.0,0.0,0.0,0.0,4427.083690196064,4768.496828141967,8627.35083378133
PINN20260511,10,55,pretrain,38.50967788696289,12.064687728881836,1.3309948444366455,7.974441051483154,2.7617335319519043,0.013165155425667763,7.0401105880737305,0.0,0.0,0.0,0.0,0.0,0.0,0.0,0.0,0.0,0.0,0.0,0.0,0.0,0.0,0.0,0.0,0.0,0.0,4320.247446616918,4734.108997477772,8563.712264160384
PINN20260511,10,58,pretrain,34.33424758911133,10.710311889648438,1.2381669282913208,7.655910968780518,2.652336597442627,0.013255135156214237,8.710404396057129,0.0,0.0,0.0,0.0,0.0,0.0,0.0,0.0,0.0,0.0,0.0,0.0,0.0,0.0,0.0,0.0,0.0,0.0,4055.5268461693113,4664.689914667426,8443.65720681654
PINN20260511,10,60,pretrain,32.63990020751953,10.167850494384766,1.277428388595581,7.271882057189941,2.1629209518432617,0.013049887493252754,11.138190269470215,0.0,0.0,0.0,0.0,0.0,0.0,0.0,0.0,0.0,0.0,0.0,0.0,0.0,0.0,0.0,0.0,0.0,0.0,3997.3583777289723,4646.215449158594,8426.704333804499
PINN20260511,10,62,pretrain,32.03254699707031,9.827095031738281,1.7936474084854126,6.911585330963135,13.606058120727539,0.01288492139428854,13.391921043395996,0.0,0.0,0.0,0.0,0.0,0.0,0.0,0.0,0.0,0.0,0.0,0.0,0.0,0.0,0.0,0.0,0.0,0.0,3841.280385496482,4577.540169130141,8306.51589757988
PINN20260511,10,64,pretrain,28.552202224731445,8.792289733886719,1.3182744979858398,6.704947471618652,8.760250091552734,0.012760109268128872,14.754661560058594,0.0,0.0,0.0,0.0,0.0,0.0,0.0,0.0,0.0,0.0,0.0,0.0,0.0,0.0,0.0,0.0,0.0,0.0,3624.8707563166995,4499.779327922648,8141.253969728139
PINN20260511,10,66,pretrain,26.00924301147461,8.031059265136719,1.1023993492126465,6.590732097625732,2.3360140323638916,0.012669405899941921,14.755720138549805,0.0,0.0,0.0,0.0,0.0,0.0,0.0,0.0,0.0,0.0,0.0,0.0,0.0,0.0,0.0,0.0,0.0,0.0,3527.868053088154,4482.785294880851,8104.748588076216
PINN20260511,10,68,pretrain,25.327163696289062,7.817808151245117,1.0454741716384888,6.503373622894287,2.5163984298706055,0.01254153624176979,14.219901084899902,0.0,0.0,0.0,0.0,0.0,0.0,0.0,0.0,0.0,0.0,0.0,0.0,0.0,0.0,0.0,0.0,0.0,0.0,3499.2189128432647,4448.611243972662,8034.228265013536
PINN20260511,10,70,pretrain,24.597137451171875,7.570893287658691,1.005910038948059,6.260575771331787,6.469330787658691,0.012299465015530586,15.219690322875977,0.0,0.0,0.0,0.0,0.0,0.0,0.0,0.0,0.0,0.0,0.0,0.0,0.0,0.0,0.0,0.0,0.0,0.0,3419.0169639824835,4356.953522818439,7860.333207545531
PINN20260511,10,72,pretrain,23.3310489654541,7.184251308441162,0.9834192395210266,5.855310440063477,5.776256084442139,0.012154731899499893,17.09939956665039,0.0,0.0,0.0,0.0,0.0,0.0,0.0,0.0,0.0,0.0,0.0,0.0,0.0,0.0,0.0,0.0,0.0,0.0,3318.5978967027627,4211.427074045091,7598.664576968606
PINN20260511,10,74,pretrain,21.600622177124023,6.661801338195801,0.9893571734428406,5.367523193359375,2.3516602516174316,0.01214479748159647,18.58012580871582,0.0,0.0,0.0,0.0,0.0,0.0,0.0,0.0,0.0,0.0,0.0,0.0,0.0,0.0,0.0,0.0,0.0,0.0,3149.951269464339,4052.052319504278,7311.864627739179
PINN20260511,10,76,pretrain,19.047813415527344,5.850753307342529,0.9609084129333496,4.826270580291748,2.4923739433288574,0.012125056236982346,19.82611656188965,0.0,0.0,0.0,0.0,0.0,0.0,0.0,0.0,0.0,0.0,0.0,0.0,0.0,0.0,0.0,0.0,0.0,0.0,2914.8186907593413,3842.0144455740924,6919.310031688999
PINN20260511,10,79,pretrain,13.954339981079102,4.230682373046875,0.8379203677177429,3.546060800552368,6.706002712249756,0.011961998417973518,24.202695846557617,0.0,0.0,0.0,0.0,0.0,0.0,0.0,0.0,0.0,0.0,0.0,0.0,0.0,0.0,0.0,0.0,0.0,0.0,2382.1923725845486,3272.9673081165965,5872.3305181025635
PINN20260511,10,81,pretrain,9.7659912109375,2.9172990322113037,0.8016208410263062,2.3599438667297363,7.0647783279418945,0.011823197826743126,28.680265426635742,0.0,0.0,0.0,0.0,0.0,0.0,0.0,0.0,0.0,0.0,0.0,0.0,0.0,0.0,0.0,0.0,0.0,0.0,1877.0083244354564,2718.1935177613827,4884.696471028849
PINN20260511,10,83,pretrain,5.550863265991211,1.607809066772461,0.7972424030303955,1.3116062879562378,3.324676036834717,0.011719580739736557,33.291664123535156,0.0,0.0,0.0,0.0,0.0,0.0,0.0,0.0,0.0,0.0,0.0,0.0,0.0,0.0,0.0,0.0,0.0,0.0,1285.8135556914929,2195.466237499452,3955.321921189263
PINN20260511,10,85,pretrain,2.8043863773345947,0.731190025806427,0.8127626776695251,0.8429853320121765,1.7918944358825684,0.011673440225422382,36.741764068603516,0.0,0.0,0.0,0.0,0.0,0.0,0.0,0.0,0.0,0.0,0.0,0.0,0.0,0.0,0.0,0.0,0.0,0.0,984.4890489487427,1887.2289209314274,3407.9261333621034
PINN20260511,10,87,pretrain,2.8595130443573,0.7441027164459229,0.8533070683479309,0.847557783126831,1.55198335647583,0.01170411054044962,37.68178939819336,0.0,0.0,0.0,0.0,0.0,0.0,0.0,0.0,0.0,0.0,0.0,0.0,0.0,0.0,0.0,0.0,0.0,0.0,1166.8341248866525,1759.6093316415436,3182.8826336390875
PINN20260511,10,89,pretrain,3.372302293777466,0.9182931184768677,0.84801185131073,0.8218802213668823,1.4520432949066162,0.011762536130845547,37.811729431152344,0.0,0.0,0.0,0.0,0.0,0.0,0.0,0.0,0.0,0.0,0.0,0.0,0.0,0.0,0.0,0.0,0.0,0.0,1191.943580879565,1691.3685287364194,3078.097249368969
PINN20260511,10,91,pretrain,3.081244468688965,0.8276123404502869,0.8250010013580322,0.7263496518135071,2.031846284866333,0.011805292218923569,38.048213958740234,0.0,0.0,0.0,0.0,0.0,0.0,0.0,0.0,0.0,0.0,0.0,0.0,0.0,0.0,0.0,0.0,0.0,0.0,1070.6807413977333,1632.2162846877861,2972.1979292067513
PINN20260511,10,93,pretrain,2.4570090770721436,0.6338595747947693,0.8145358562469482,0.605938196182251,1.3487427234649658,0.011841611936688423,37.81554412841797,0.0,0.0,0.0,0.0,0.0,0.0,0.0,0.0,0.0,0.0,0.0,0.0,0.0,0.0,0.0,0.0,0.0,0.0,920.6372113921966,1602.1197676828035,2902.697169557172
PINN20260511,10,95,pretrain,2.0346457958221436,0.4991079568862915,0.8248735070228577,0.517985999584198,1.06439208984375,0.011888591572642326,36.655616760253906,0.0,0.0,0.0,0.0,0.0,0.0,0.0,0.0,0.0,0.0,0.0,0.0,0.0,0.0,0.0,0.0,0.0,0.0,843.9995927131719,1582.943381804921,2867.267736107296
PINN20260511,10,97,pretrain,1.9413882493972778,0.4727904200553894,0.7854330539703369,0.4894826114177704,1.6201965808868408,0.011939129792153835,35.391902923583984,0.0,0.0,0.0,0.0,0.0,0.0,0.0,0.0,0.0,0.0,0.0,0.0,0.0,0.0,0.0,0.0,0.0,0.0,841.6813158791158,1608.1723321833392,2914.0286872582433
PINN20260511,10,99,pretrain,1.97518789768219,0.4858616590499878,0.7745106816291809,0.4622367322444916,1.895012617111206,0.011967893689870834,35.15152359008789,0.0,0.0,0.0,0.0,0.0,0.0,0.0,0.0,0.0,0.0,0.0,0.0,0.0,0.0,0.0,0.0,0.0,0.0,827.6773601470563,1563.0394268859632,2827.175573200053
PINN20260511,10,102,pretrain,1.690161108970642,0.3981432318687439,0.7882025241851807,0.393265038728714,1.1488621234893799,0.011973675340414047,35.74834060668945,0.0,0.0,0.0,0.0,0.0,0.0,0.0,0.0,0.0,0.0,0.0,0.0,0.0,0.0,0.0,0.0,0.0,0.0,714.3696084660937,1430.5862434680407,2585.964802682
PINN20260511,10,104,pretrain,1.44585382938385,0.3197905123233795,0.7820003628730774,0.3468796908855438,1.3053069114685059,0.011965255253016949,36.336151123046875,0.0,0.0,0.0,0.0,0.0,0.0,0.0,0.0,0.0,0.0,0.0,0.0,0.0,0.0,0.0,0.0,0.0,0.0,656.46677372126,1267.4196226980234,2303.3600355053177
PINN20260511,10,106,pretrain,1.348634123802185,0.28837817907333374,0.780049204826355,0.31722643971443176,1.5014828443527222,0.011965353041887283,36.68364715576172,0.0,0.0,0.0,0.0,0.0,0.0,0.0,0.0,0.0,0.0,0.0,0.0,0.0,0.0,0.0,0.0,0.0,0.0,632.6142189359957,1198.333426054702,2177.8655013103607
PINN20260511,10,108,pretrain,1.3083170652389526,0.27593645453453064,0.7845649719238281,0.3138001561164856,1.273263931274414,0.01196558028459549,37.44893264770508,0.0,0.0,0.0,0.0,0.0,0.0,0.0,0.0,0.0,0.0,0.0,0.0,0.0,0.0,0.0,0.0,0.0,0.0,630.6558342313183,1152.1502180705431,2088.7879839585094
PINN20260511,10,110,pretrain,1.2662943601608276,0.2629168927669525,0.7923306226730347,0.2870160937309265,1.1987583637237549,0.011989172548055649,36.745452880859375,0.0,0.0,0.0,0.0,0.0,0.0,0.0,0.0,0.0,0.0,0.0,0.0,0.0,0.0,0.0,0.0,0.0,0.0,603.7781825720435,1038.9271509591035,1891.6194371401018
PINN20260511,10,112,pretrain,1.1822069883346558,0.2376728653907776,0.7817884087562561,0.2518335282802582,1.396371603012085,0.012016861699521542,35.50764465332031,0.0,0.0,0.0,0.0,0.0,0.0,0.0,0.0,0.0,0.0,0.0,0.0,0.0,0.0,0.0,0.0,0.0,0.0,555.4699024249649,1030.0969614555709,1874.1583064398242
PINN20260511,10,114,pretrain,1.091086745262146,0.21008633077144623,0.7772558927536011,0.23151546716690063,1.294835090637207,0.012036389671266079,34.74174880981445,0.0,0.0,0.0,0.0,0.0,0.0,0.0,0.0,0.0,0.0,0.0,0.0,0.0,0.0,0.0,0.0,0.0,0.0,519.3309999412706,1023.4084289764278,1858.366937514061
PINN20260511,10,116,pretrain,1.0183689594268799,0.18838632106781006,0.7811604738235474,0.19590823352336884,1.1724064350128174,0.01207384280860424,33.188499450683594,0.0,0.0,0.0,0.0,0.0,0.0,0.0,0.0,0.0,0.0,0.0,0.0,0.0,0.0,0.0,0.0,0.0,0.0,491.98742361975064,947.8693541306206,1726.2093818519083
PINN20260511,10,118,pretrain,0.9977699518203735,0.18270522356033325,0.779060959815979,0.1751667559146881,1.254522442817688,0.012110833078622818,31.777118682861328,0.0,0.0,0.0,0.0,0.0,0.0,0.0,0.0,0.0,0.0,0.0,0.0,0.0,0.0,0.0,0.0,0.0,0.0,478.0402375846619,942.3451795918521,1716.2536475290588
PINN20260511,10,120,pretrain,0.9710966944694519,0.17522215843200684,0.7761525511741638,0.16132086515426636,1.2544877529144287,0.01212396565824747,31.350692749023438,0.0,0.0,0.0,0.0,0.0,0.0,0.0,0.0,0.0,0.0,0.0,0.0,0.0,0.0,0.0,0.0,0.0,0.0,466.64577706221667,950.7371482171085,1728.2689356688438
PINN20260511,10,123,pretrain,0.9210704565048218,0.15965159237384796,0.7804705500602722,0.14551596343517303,1.1388564109802246,0.01214062049984932,30.705196380615234,0.0,0.0,0.0,0.0,0.0,0.0,0.0,0.0,0.0,0.0,0.0,0.0,0.0,0.0,0.0,0.0,0.0,0.0,440.3061080089623,890.8441221672847,1621.6047164276424
PINN20260511,10,125,pretrain,0.8863974213600159,0.1484215408563614,0.7788959741592407,0.13870449364185333,1.1971955299377441,0.012151909060776234,30.45090103149414,0.0,0.0,0.0,0.0,0.0,0.0,0.0,0.0,0.0,0.0,0.0,0.0,0.0,0.0,0.0,0.0,0.0,0.0,426.7944836218013,813.1296022160305,1485.5369374086488
PINN20260511,10,127,pretrain,0.8700698018074036,0.14339560270309448,0.7820385694503784,0.13135579228401184,1.1296268701553345,0.012162096798419952,30.177453994750977,0.0,0.0,0.0,0.0,0.0,0.0,0.0,0.0,0.0,0.0,0.0,0.0,0.0,0.0,0.0,0.0,0.0,0.0,419.7453096819546,787.823782644317,1439.22873640723
PINN20260511,10,129,pretrain,0.8549315333366394,0.13860827684402466,0.7824188470840454,0.13221345841884613,1.0727299451828003,0.012161086313426495,30.35479164123535,0.0,0.0,0.0,0.0,0.0,0.0,0.0,0.0,0.0,0.0,0.0,0.0,0.0,0.0,0.0,0.0,0.0,0.0,416.53666930415625,785.0646868252322,1432.7170497445602
PINN20260511,10,131,pretrain,0.8388363122940063,0.13378092646598816,0.7808363437652588,0.12536099553108215,1.100157380104065,0.012169940397143364,30.186229705810547,0.0,0.0,0.0,0.0,0.0,0.0,0.0,0.0,0.0,0.0,0.0,0.0,0.0,0.0,0.0,0.0,0.0,0.0,403.4632108383613,742.60302315571,1360.3768785420289
PINN20260511,10,133,pretrain,0.8211012482643127,0.12846875190734863,0.7795498371124268,0.11339762806892395,1.162027359008789,0.01218531746417284,29.777584075927734,0.0,0.0,0.0,0.0,0.0,0.0,0.0,0.0,0.0,0.0,0.0,0.0,0.0,0.0,0.0,0.0,0.0,0.0,390.79616250035,728.2840276979854,1334.750814298353
PINN20260511,10,135,pretrain,0.8004448413848877,0.12225928902626038,0.7800279259681702,0.10860087722539902,1.0966410636901855,0.012192272581160069,29.64498519897461,0.0,0.0,0.0,0.0,0.0,0.0,0.0,0.0,0.0,0.0,0.0,0.0,0.0,0.0,0.0,0.0,0.0,0.0,380.5144749217827,741.8612151204563,1354.9471789494926
PINN20260511,10,137,pretrain,0.7889377474784851,0.11901897192001343,0.7818371057510376,0.10316678881645203,1.0164463520050049,0.01220016274601221,29.410547256469727,0.0,0.0,0.0,0.0,0.0,0.0,0.0,0.0,0.0,0.0,0.0,0.0,0.0,0.0,0.0,0.0,0.0,0.0,371.58841898665247,724.8801625096386,1324.822009414704
PINN20260511,10,139,pretrain,0.7781290411949158,0.11584582924842834,0.781683087348938,0.09619361162185669,1.0255656242370605,0.012213565409183502,28.988353729248047,0.0,0.0,0.0,0.0,0.0,0.0,0.0,0.0,0.0,0.0,0.0,0.0,0.0,0.0,0.0,0.0,0.0,0.0,365.5117773410318,700.3588589073462,1282.4231822632303
PINN20260511,10,141,pretrain,0.7670197486877441,0.11255452036857605,0.7807247042655945,0.0934242457151413,1.0154492855072021,0.012221692129969597,28.7926082611084,0.0,0.0,0.0,0.0,0.0,0.0,0.0,0.0,0.0,0.0,0.0,0.0,0.0,0.0,0.0,0.0,0.0,0.0,358.7771331202701,696.6240916017763,1274.2725991488633
PINN20260511,10,143,pretrain,0.7555968761444092,0.10915377736091614,0.7803296446800232,0.09308916330337524,0.9676471948623657,0.012224706821143627,28.749317169189453,0.0,0.0,0.0,0.0,0.0,0.0,0.0,0.0,0.0,0.0,0.0,0.0,0.0,0.0,0.0,0.0,0.0,0.0,353.4541386446055,682.525503186511,1248.742078026034
PINN20260511,10,146,pretrain,0.741554319858551,0.1049717515707016,0.7797132134437561,0.09040520340204239,0.93506920337677,0.012233216315507889,28.54728126525879,0.0,0.0,0.0,0.0,0.0,0.0,0.0,0.0,0.0,0.0,0.0,0.0,0.0,0.0,0.0,0.0,0.0,0.0,347.22180861086474,654.7926198423437,1199.916288078077
PINN20260511,10,148,pretrain,0.733526349067688,0.10261529684066772,0.7793395519256592,0.08829936385154724,0.917542576789856,0.012239756062626839,28.410245895385742,0.0,0.0,0.0,0.0,0.0,0.0,0.0,0.0,0.0,0.0,0.0,0.0,0.0,0.0,0.0,0.0,0.0,0.0,340.9361308405139,634.7750831987657,1165.7381628399662
PINN20260511,10,150,pretrain,0.7242810726165771,0.09991568326950073,0.7792980074882507,0.0834031030535698,0.9102218151092529,0.0122476601973176,28.164386749267578,0.0,0.0,0.0,0.0,0.0,0.0,0.0,0.0,0.0,0.0,0.0,0.0,0.0,0.0,0.0,0.0,0.0,0.0,333.6615402432531,623.2301190170449,1145.3649172447258
PINN20260511,10,152,pretrain,0.7147859334945679,0.09715200960636139,0.7796207666397095,0.0800873190164566,0.8751034140586853,0.012253533117473125,27.99485206604004,0.0,0.0,0.0,0.0,0.0,0.0,0.0,0.0,0.0,0.0,0.0,0.0,0.0,0.0,0.0,0.0,0.0,0.0,326.4199988128791,619.9240880946634,1137.6558045349536
PINN20260511,10,154,pretrain,0.706425130367279,0.09468594193458557,0.7791441679000854,0.07809121906757355,0.8588495254516602,0.01225902047008276,27.86747169494629,0.0,0.0,0.0,0.0,0.0,0.0,0.0,0.0,0.0,0.0,0.0,0.0,0.0,0.0,0.0,0.0,0.0,0.0,320.5994872890473,613.8096203221321,1125.2719392910965
PINN20260511,10,156,pretrain,0.6987320184707642,0.09239906072616577,0.7793036699295044,0.07594389468431473,0.8347125053405762,0.012264820747077465,27.7139949798584,0.0,0.0,0.0,0.0,0.0,0.0,0.0,0.0,0.0,0.0,0.0,0.0,0.0,0.0,0.0,0.0,0.0,0.0,314.292757632116,600.5880451690659,1101.41141257466
PINN20260511,10,158,pretrain,0.6898120641708374,0.08970461040735245,0.7789954543113708,0.07328693568706512,0.8271569609642029,0.01227071788161993,27.52052116394043,0.0,0.0,0.0,0.0,0.0,0.0,0.0,0.0,0.0,0.0,0.0,0.0,0.0,0.0,0.0,0.0,0.0,0.0,308.00010146102227,582.9586177422888,1071.3998146986985
PINN20260511,10,160,pretrain,0.6816360354423523,0.08724768459796906,0.7787574529647827,0.07096512615680695,0.8160611391067505,0.012276875786483288,27.31975746154785,0.0,0.0,0.0,0.0,0.0,0.0,0.0,0.0,0.0,0.0,0.0,0.0,0.0,0.0,0.0,0.0,0.0,0.0,302.64914969730216,565.7238173349253,1041.9917250612311
PINN20260511,10,162,pretrain,0.6742042303085327,0.08499536663293839,0.7778664231300354,0.06929048150777817,0.8213392496109009,0.012283018790185452,27.12751579284668,0.0,0.0,0.0,0.0,0.0,0.0,0.0,0.0,0.0,0.0,0.0,0.0,0.0,0.0,0.0,0.0,0.0,0.0,297.1411175687404,554.2744976543662,1022.1235595038862
PINN20260511,10,164,pretrain,0.6665467619895935,0.08270233869552612,0.7772203087806702,0.0678490623831749,0.8129854202270508,0.012288258410990238,26.944324493408203,0.0,0.0,0.0,0.0,0.0,0.0,0.0,0.0,0.0,0.0,0.0,0.0,0.0,0.0,0.0,0.0,0.0,0.0,290.87278415571984,548.8542042291377,1011.7785913609935
PINN20260511,10,167,pretrain,0.6556512713432312,0.07949534803628922,0.7770186066627502,0.06430716067552567,0.7897247076034546,0.0122976778075099,26.57211685180664,0.0,0.0,0.0,0.0,0.0,0.0,0.0,0.0,0.0,0.0,0.0,0.0,0.0,0.0,0.0,0.0,0.0,0.0,281.5021924870213,535.5458955589147,987.9959744906062
PINN20260511,10,169,pretrain,0.6489599943161011,0.07751505076885223,0.7769985795021057,0.06264467537403107,0.7693276405334473,0.012303589843213558,26.347257614135742,0.0,0.0,0.0,0.0,0.0,0.0,0.0,0.0,0.0,0.0,0.0,0.0,0.0,0.0,0.0,0.0,0.0,0.0,275.9266773075775,528.8277425116803,975.2645429359086
PINN20260511,10,171,pretrain,0.6424922943115234,0.0756034329533577,0.7768029570579529,0.06148962303996086,0.7491281032562256,0.012308308854699135,26.160343170166016,0.0,0.0,0.0,0.0,0.0,0.0,0.0,0.0,0.0,0.0,0.0,0.0,0.0,0.0,0.0,0.0,0.0,0.0,270.795284186228,522.3185390640466,963.7365853004051
PINN20260511,10,173,pretrain,0.6363687515258789,0.07377457618713379,0.7755340933799744,0.06056058034300804,0.7582900524139404,0.012312514707446098,25.985044479370117,0.0,0.0,0.0,0.0,0.0,0.0,0.0,0.0,0.0,0.0,0.0,0.0,0.0,0.0,0.0,0.0,0.0,0.0,266.2533450494097,514.561038653336,950.7772304872008
PINN20260511,10,175,pretrain,0.6308208107948303,0.07212866842746735,0.774890124797821,0.05966877192258835,0.7528020143508911,0.012316838838160038,25.814725875854492,0.0,0.0,0.0,0.0,0.0,0.0,0.0,0.0,0.0,0.0,0.0,0.0,0.0,0.0,0.0,0.0,0.0,0.0,261.89740357628597,506.09499170116277,936.2042674684343
PINN20260511,10,177,pretrain,0.6256566047668457,0.07059402763843536,0.7743178009986877,0.05854072794318199,0.7503759860992432,0.012321504764258862,25.629039764404297,0.0,0.0,0.0,0.0,0.0,0.0,0.0,0.0,0.0,0.0,0.0,0.0,0.0,0.0,0.0,0.0,0.0,0.0,257.18793286719347,499.51506170985476,924.5083251500405
PINN20260511,10,179,pretrain,0.6208112835884094,0.06918295472860336,0.7744739055633545,0.05722515285015106,0.7290207743644714,0.012325899675488472,25.44248390197754,0.0,0.0,0.0,0.0,0.0,0.0,0.0,0.0,0.0,0.0,0.0,0.0,0.0,0.0,0.0,0.0,0.0,0.0,252.47105341504005,494.8112487353132,915.6237915658427
PINN20260511,10,181,pretrain,0.6166532039642334,0.06796927750110626,0.7741140127182007,0.056132473051548004,0.7230938673019409,0.012330087833106518,25.265792846679688,0.0,0.0,0.0,0.0,0.0,0.0,0.0,0.0,0.0,0.0,0.0,0.0,0.0,0.0,0.0,0.0,0.0,0.0,248.7191720847028,490.8312942091203,908.0723618495483
PINN20260511,10,183,pretrain,0.6134553551673889,0.06704612076282501,0.7718177437782288,0.05578017234802246,0.7626057863235474,0.012333713471889496,25.116361618041992,0.0,0.0,0.0,0.0,0.0,0.0,0.0,0.0,0.0,0.0,0.0,0.0,0.0,0.0,0.0,0.0,0.0,0.0,247.7306138353716,490.0193554850665,904.5691281265078
PINN20260511,10,185,pretrain,0.614488422870636,0.0678473636507988,0.7747210264205933,0.05712025240063667,0.6080893874168396,0.012333563528954983,25.1168155670166,0.0,0.0,0.0,0.0,0.0,0.0,0.0,0.0,0.0,0.0,0.0,0.0,0.0,0.0,0.0,0.0,0.0,0.0,252.30400035225364,494.6871959885358,909.3936238844989
PINN20260511,10,187,pretrain,0.614982008934021,0.06813276559114456,0.771029531955719,0.057649556547403336,0.6769506931304932,0.01233493909239769,25.059009552001953,0.0,0.0,0.0,0.0,0.0,0.0,0.0,0.0,0.0,0.0,0.0,0.0,0.0,0.0,0.0,0.0,0.0,0.0,243.00220227911515,481.97178016456525,888.6559993344292
PINN20260511,10,190,pretrain,0.6001465320587158,0.06388817727565765,0.7683095335960388,0.05303359776735306,0.6860265731811523,0.012341562658548355,24.834041595458984,0.0,0.0,0.0,0.0,0.0,0.0,0.0,0.0,0.0,0.0,0.0,0.0,0.0,0.0,0.0,0.0,0.0,0.0,239.91080699397432,477.74875719356925,882.4446867871407
PINN20260511,10,192,pretrain,0.6004227995872498,0.06439900398254395,0.7690349221229553,0.053577616810798645,0.5996405482292175,0.012340632267296314,24.870670318603516,0.0,0.0,0.0,0.0,0.0,0.0,0.0,0.0,0.0,0.0,0.0,0.0,0.0,0.0,0.0,0.0,0.0,0.0,232.60667915496322,468.2845188824845,865.9933668146938
PINN20260511,10,194,pretrain,0.5929756760597229,0.06209232658147812,0.7696927189826965,0.05027289688587189,0.5898873805999756,0.012348148040473461,24.596607208251953,0.0,0.0,0.0,0.0,0.0,0.0,0.0,0.0,0.0,0.0,0.0,0.0,0.0,0.0,0.0,0.0,0.0,0.0,232.61656184319722,457.3440991201264,846.6162164153343
PINN20260511,10,196,pretrain,0.5945276618003845,0.06254534423351288,0.7684367895126343,0.04960845783352852,0.6375799179077148,0.012353358790278435,24.410734176635742,0.0,0.0,0.0,0.0,0.0,0.0,0.0,0.0,0.0,0.0,0.0,0.0,0.0,0.0,0.0,0.0,0.0,0.0,228.27312827783737,455.94117973155267,844.6410041195583
PINN20260511,10,198,pretrain,0.5880563855171204,0.06096894294023514,0.7681779265403748,0.049389228224754333,0.5591365098953247,0.012350293807685375,24.514095306396484,0.0,0.0,0.0,0.0,0.0,0.0,0.0,0.0,0.0,0.0,0.0,0.0,0.0,0.0,0.0,0.0,0.0,0.0,226.45161941902734,461.2232207673417,853.0087255126294
PINN20260511,10,200,pretrain,0.5887770056724548,0.06135354936122894,0.7691617608070374,0.049910273402929306,0.5076704025268555,0.012349585071206093,24.52615737915039,0.0,0.0,0.0,0.0,0.0,0.0,0.0,0.0,0.0,0.0,0.0,0.0,0.0,0.0,0.0,0.0,0.0,0.0,223.72732950793025,456.6851007532433,844.7996986729836
PINN20260511,10,202,pretrain,0.5839971303939819,0.05998953431844711,0.7680739760398865,0.04815027490258217,0.5180723667144775,0.012356105260550976,24.279644012451172,0.0,0.0,0.0,0.0,0.0,0.0,0.0,0.0,0.0,0.0,0.0,0.0,0.0,0.0,0.0,0.0,0.0,0.0,223.05832337081708,448.89785168788677,831.254094535522
PINN20260511,10,204,pretrain,0.583958089351654,0.06001966819167137,0.7667937278747559,0.0474901981651783,0.5502071380615234,0.012361646629869938,24.067644119262695,0.0,0.0,0.0,0.0,0.0,0.0,0.0,0.0,0.0,0.0,0.0,0.0,0.0,0.0,0.0,0.0,0.0,0.0,220.97318488336995,447.1161936510464,825.9907895708454
PINN20260511,10,206,pretrain,0.5806280970573425,0.059145260602235794,0.7651757597923279,0.04723579064011574,0.5578623414039612,0.012361308559775352,24.05768394470215,0.0,0.0,0.0,0.0,0.0,0.0,0.0,0.0,0.0,0.0,0.0,0.0,0.0,0.0,0.0,0.0,0.0,0.0,218.74370526657447,449.26302499204184,827.7797672718627
PINN20260511,10,208,pretrain,0.5798035264015198,0.059200022369623184,0.7644336223602295,0.04742823913693428,0.5250473022460938,0.01236097700893879,24.053691864013672,0.0,0.0,0.0,0.0,0.0,0.0,0.0,0.0,0.0,0.0,0.0,0.0,0.0,0.0,0.0,0.0,0.0,0.0,217.6127940287519,447.57846728255373,826.2604502063944
PINN20260511,10,211,pretrain,0.5767887830734253,0.05836506560444832,0.7630660533905029,0.046464234590530396,0.5433863401412964,0.012365002185106277,23.894527435302734,0.0,0.0,0.0,0.0,0.0,0.0,0.0,0.0,0.0,0.0,0.0,0.0,0.0,0.0,0.0,0.0,0.0,0.0,216.06968638612867,445.5787493530184,821.2720867005553
PINN20260511,10,213,pretrain,0.5757226943969727,0.05824185162782669,0.7631517052650452,0.046331487596035004,0.5077477097511292,0.012365764938294888,23.853759765625,0.0,0.0,0.0,0.0,0.0,0.0,0.0,0.0,0.0,0.0,0.0,0.0,0.0,0.0,0.0,0.0,0.0,0.0,214.48777099464203,443.287805071378,818.2488364683678
PINN20260511,10,215,pretrain,0.5738577246665955,0.0577356219291687,0.764190137386322,0.045447323471307755,0.47331875562667847,0.012369179166853428,23.72841453552246,0.0,0.0,0.0,0.0,0.0,0.0,0.0,0.0,0.0,0.0,0.0,0.0,0.0,0.0,0.0,0.0,0.0,0.0,213.721937119824,440.0069424168214,814.2369443475209
PINN20260511,10,217,pretrain,0.573128879070282,0.05757930502295494,0.7638291120529175,0.044956404715776443,0.4742576479911804,0.012372037395834923,23.6223201751709,0.0,0.0,0.0,0.0,0.0,0.0,0.0,0.0,0.0,0.0,0.0,0.0,0.0,0.0,0.0,0.0,0.0,0.0,212.9740851312666,438.3807028428601,810.9989934915392
PINN20260511,10,219,pretrain,0.5714735388755798,0.057197969406843185,0.7619180083274841,0.04472603648900986,0.4987688660621643,0.012372479774057865,23.596412658691406,0.0,0.0,0.0,0.0,0.0,0.0,0.0,0.0,0.0,0.0,0.0,0.0,0.0,0.0,0.0,0.0,0.0,0.0,211.3954288620026,437.7661690331952,807.8219719491981
PINN20260511,10,221,pretrain,0.5703479051589966,0.05695774033665657,0.7603399753570557,0.04474926367402077,0.5177404880523682,0.012371786870062351,23.61102294921875,0.0,0.0,0.0,0.0,0.0,0.0,0.0,0.0,0.0,0.0,0.0,0.0,0.0,0.0,0.0,0.0,0.0,0.0,210.62898735098167,437.3582270290568,805.0837444393283
PINN20260511,10,223,pretrain,0.5697839260101318,0.05677704140543938,0.7591124176979065,0.044632937759160995,0.5485021471977234,0.012371928431093693,23.59893226623535,0.0,0.0,0.0,0.0,0.0,0.0,0.0,0.0,0.0,0.0,0.0,0.0,0.0,0.0,0.0,0.0,0.0,0.0,209.5911384398205,436.0077765934915,801.0580135205801
PINN20260511,10,225,pretrain,0.5721404552459717,0.05635032802820206,0.7591201066970825,0.044163670390844345,0.7348322868347168,0.01237400621175766,23.5196475982666,0.0,0.0,0.0,0.0,0.0,0.0,0.0,0.0,0.0,0.0,0.0,0.0,0.0,0.0,0.0,0.0,0.0,0.0,208.76782296668708,433.54087177566083,794.5508451479604
PINN20260511,10,227,pretrain,0.5682584643363953,0.05623092129826546,0.7576041221618652,0.043733641505241394,0.600844144821167,0.012376459315419197,23.433626174926758,0.0,0.0,0.0,0.0,0.0,0.0,0.0,0.0,0.0,0.0,0.0,0.0,0.0,0.0,0.0,0.0,0.0,0.0,208.66051600027257,432.06283903501816,803.542627253155
PINN20260511,10,229,pretrain,0.5740655660629272,0.056554485112428665,0.7741495370864868,0.043519582599401474,0.43117034435272217,0.012375431135296822,23.479297637939453,0.0,0.0,0.0,0.0,0.0,0.0,0.0,0.0,0.0,0.0,0.0,0.0,0.0,0.0,0.0,0.0,0.0,0.0,208.10941195378453,430.9574913782101,795.9809080278321
PINN20260511,10,232,pretrain,0.5693613886833191,0.056168630719184875,0.7676462531089783,0.04373061656951904,0.41431283950805664,0.012374748475849628,23.48005485534668,0.0,0.0,0.0,0.0,0.0,0.0,0.0,0.0,0.0,0.0,0.0,0.0,0.0,0.0,0.0,0.0,0.0,0.0,206.28877476428522,431.04525936959334,791.4745520801534
PINN20260511,10,234,pretrain,0.5678176879882812,0.055581819266080856,0.7574006915092468,0.043467890471220016,0.683914303779602,0.012379496358335018,23.288753509521484,0.0,0.0,0.0,0.0,0.0,0.0,0.0,0.0,0.0,0.0,0.0,0.0,0.0,0.0,0.0,0.0,0.0,0.0,205.63243717553416,429.81911166210375,796.8454213289094
PINN20260511,10,236,pretrain,0.5672591924667358,0.05570390075445175,0.7666848301887512,0.04322749748826027,0.4079776108264923,0.012376696802675724,23.404369354248047,0.0,0.0,0.0,0.0,0.0,0.0,0.0,0.0,0.0,0.0,0.0,0.0,0.0,0.0,0.0,0.0,0.0,0.0,204.8914060697764,428.0877538542769,788.0107815992159
PINN20260511,10,238,pretrain,0.5653709173202515,0.05515767261385918,0.7570006847381592,0.043014634400606155,0.6397325992584229,0.012380216270685196,23.26128578186035,0.0,0.0,0.0,0.0,0.0,0.0,0.0,0.0,0.0,0.0,0.0,0.0,0.0,0.0,0.0,0.0,0.0,0.0,204.54918991223113,427.24884800897945,791.6301859362219
PINN20260511,10,240,pretrain,0.5644435882568359,0.055215634405612946,0.764554500579834,0.04282781109213829,0.39769530296325684,0.012376690283417702,23.40403175354004,0.0,0.0,0.0,0.0,0.0,0.0,0.0,0.0,0.0,0.0,0.0,0.0,0.0,0.0,0.0,0.0,0.0,0.0,203.88161968100508,425.65363339809517,784.4351190015942
PINN20260511,10,242,pretrain,0.5631028413772583,0.05478280782699585,0.7565184235572815,0.04260403290390968,0.5987187623977661,0.01237906888127327,23.307933807373047,0.0,0.0,0.0,0.0,0.0,0.0,0.0,0.0,0.0,0.0,0.0,0.0,0.0,0.0,0.0,0.0,0.0,0.0,203.39868101219338,424.4436063836985,786.7019061223635
PINN20260511,10,244,pretrain,0.5625136494636536,0.054861679673194885,0.7625316977500916,0.04237424209713936,0.40939754247665405,0.012376325204968452,23.422121047973633,0.0,0.0,0.0,0.0,0.0,0.0,0.0,0.0,0.0,0.0,0.0,0.0,0.0,0.0,0.0,0.0,0.0,0.0,203.28318840351753,422.27412601294907,780.3200242527831
PINN20260511,10,246,pretrain,0.5623350143432617,0.054685723036527634,0.7561777234077454,0.04222305864095688,0.5872198343276978,0.01237927470356226,23.311721801757812,0.0,0.0,0.0,0.0,0.0,0.0,0.0,0.0,0.0,0.0,0.0,0.0,0.0,0.0,0.0,0.0,0.0,0.0,205.5625,420.66080828263523,780.4225178426992
PINN20260511,10,248,pretrain,0.5654730200767517,0.05588550865650177,0.7624449729919434,0.04252143204212189,0.404485285282135,0.012379239313304424,23.335554122924805,0.0,0.0,0.0,0.0,0.0,0.0,0.0,0.0,0.0,0.0,0.0,0.0,0.0,0.0,0.0,0.0,0.0,0.0,215.89679428201336,422.30796301395975,784.5317884948241
PINN20260511,10,250,pretrain,0.5801794528961182,0.06034686416387558,0.7575867772102356,0.04474295675754547,0.5698427557945251,0.012385874055325985,23.110746383666992,0.0,0.0,0.0,0.0,0.0,0.0,0.0,0.0,0.0,0.0,0.0,0.0,0.0,0.0,0.0,0.0,0.0,0.0,202.96636112912898,418.20307567018205,774.6897900414348
PINN20260511,10,252,pretrain,0.5627812147140503,0.05546975135803223,0.7591774463653564,0.04322436824440956,0.4069189429283142,0.01237002108246088,23.637544631958008,0.0,0.0,0.0,0.0,0.0,0.0,0.0,0.0,0.0,0.0,0.0,0.0,0.0,0.0,0.0,0.0,0.0,0.0,221.5789926865812,435.165790963628,796.4215964434336
PINN20260511,10,255,pretrain,0.5577526688575745,0.05413198843598366,0.7560263276100159,0.04214347153902054,0.44574105739593506,0.012373067438602448,23.53818130493164,0.0,0.0,0.0,0.0,0.0,0.0,0.0,0.0,0.0,0.0,0.0,0.0,0.0,0.0,0.0,0.0,0.0,0.0,209.47959141345964,425.4022912197347,779.7083485650369
PINN20260511,10,257,pretrain,0.5744545459747314,0.05964712053537369,0.7544142007827759,0.04682643339037895,0.4470420479774475,0.012365961447358131,23.769868850708008,0.0,0.0,0.0,0.0,0.0,0.0,0.0,0.0,0.0,0.0,0.0,0.0,0.0,0.0,0.0,0.0,0.0,0.0,199.252185919628,416.52415896319866,768.3203527607776
PINN20260511,10,259,pretrain,0.5627658367156982,0.05556192249059677,0.7588210105895996,0.04205982759594917,0.4128803014755249,0.012380371801555157,23.310504913330078,0.0,0.0,0.0,0.0,0.0,0.0,0.0,0.0,0.0,0.0,0.0,0.0,0.0,0.0,0.0,0.0,0.0,0.0,225.45835258424114,422.4863348381815,784.8396284208487
PINN20260511,10,261,pretrain,0.5560807585716248,0.05350548028945923,0.7549887895584106,0.04134004935622215,0.4900968074798584,0.012376667931675911,23.423404693603516,0.0,0.0,0.0,0.0,0.0,0.0,0.0,0.0,0.0,0.0,0.0,0.0,0.0,0.0,0.0,0.0,0.0,0.0,207.75348786181667,422.1025497435428,774.6153975843816
PINN20260511,10,263,pretrain,0.5782409906387329,0.06099754571914673,0.7549566030502319,0.047495268285274506,0.41354867815971375,0.012364349327981472,23.833864212036133,0.0,0.0,0.0,0.0,0.0,0.0,0.0,0.0,0.0,0.0,0.0,0.0,0.0,0.0,0.0,0.0,0.0,0.0,199.23854068364886,411.9917892082317,761.4522607798226
PINN20260511,10,265,pretrain,0.5827430486679077,0.06165602058172226,0.7557634115219116,0.04507571831345558,0.5439063310623169,0.012387200258672237,23.094743728637695,0.0,0.0,0.0,0.0,0.0,0.0,0.0,0.0,0.0,0.0,0.0,0.0,0.0,0.0,0.0,0.0,0.0,0.0,198.0834834261807,411.16076159453735,759.8413305992993
PINN20260511,10,267,pretrain,0.5757620334625244,0.060158416628837585,0.7559829354286194,0.0469403974711895,0.39536190032958984,0.012364648282527924,23.82767105102539,0.0,0.0,0.0,0.0,0.0,0.0,0.0,0.0,0.0,0.0,0.0,0.0,0.0,0.0,0.0,0.0,0.0,0.0,202.1694060682773,415.2691898034334,761.934206793108
PINN20260511,10,269,pretrain,0.5561755895614624,0.05347466096282005,0.7537119388580322,0.04107408598065376,0.534038782119751,0.012378238141536713,23.376625061035156,0.0,0.0,0.0,0.0,0.0,0.0,0.0,0.0,0.0,0.0,0.0,0.0,0.0,0.0,0.0,0.0,0.0,0.0,216.38890047782024,414.73380016584133,770.9200740501343
PINN20260511,10,271,pretrain,0.5597421526908875,0.05487469583749771,0.7565541863441467,0.041599128395318985,0.4260576367378235,0.012379879131913185,23.336284637451172,0.0,0.0,0.0,0.0,0.0,0.0,0.0,0.0,0.0,0.0,0.0,0.0,0.0,0.0,0.0,0.0,0.0,0.0,196.58593858666495,408.35491226995174,753.7645774141731
PINN20260511,10,273,pretrain,0.5611782073974609,0.05569104850292206,0.7530477046966553,0.04366102069616318,0.4424523711204529,0.012368335388600826,23.703495025634766,0.0,0.0,0.0,0.0,0.0,0.0,0.0,0.0,0.0,0.0,0.0,0.0,0.0,0.0,0.0,0.0,0.0,0.0,205.03233357814568,414.13980882064453,758.4520369379317
PINN20260511,10,276,pretrain,0.5559195280075073,0.05397118628025055,0.7523308992385864,0.042213596403598785,0.46989113092422485,0.012370077893137932,23.649126052856445,0.0,0.0,0.0,0.0,0.0,0.0,0.0,0.0,0.0,0.0,0.0,0.0,0.0,0.0,0.0,0.0,0.0,0.0,203.271658593863,411.56680426754536,755.6206441320045
PINN20260511,10,278,pretrain,0.5540220737457275,0.05340823158621788,0.7541497945785522,0.04153413325548172,0.4207843840122223,0.012370605021715164,23.64015769958496,0.0,0.0,0.0,0.0,0.0,0.0,0.0,0.0,0.0,0.0,0.0,0.0,0.0,0.0,0.0,0.0,0.0,0.0,197.7594715652072,404.13969196924967,748.5862528757282
PINN20260511,10,280,pretrain,0.556537389755249,0.0540570467710495,0.7540598511695862,0.04104026034474373,0.4564133882522583,0.01237864326685667,23.37824249267578,0.0,0.0,0.0,0.0,0.0,0.0,0.0,0.0,0.0,0.0,0.0,0.0,0.0,0.0,0.0,0.0,0.0,0.0,200.09319117913532,403.9062971469992,745.7380806610046
PINN20260511,10,282,pretrain,0.5512440204620361,0.05245201662182808,0.7530273795127869,0.04071072116494179,0.4616047739982605,0.012373525649309158,23.53843879699707,0.0,0.0,0.0,0.0,0.0,0.0,0.0,0.0,0.0,0.0,0.0,0.0,0.0,0.0,0.0,0.0,0.0,0.0,196.468846926173,403.94484462609495,742.6938209761931
PINN20260511,10,284,pretrain,0.553694486618042,0.053390711545944214,0.7545929551124573,0.041513167321681976,0.39616283774375916,0.012370060198009014,23.654369354248047,0.0,0.0,0.0,0.0,0.0,0.0,0.0,0.0,0.0,0.0,0.0,0.0,0.0,0.0,0.0,0.0,0.0,0.0,194.25496695708966,400.94427605341866,740.1790592027431
PINN20260511,10,286,pretrain,0.5508947372436523,0.052467815577983856,0.7525240778923035,0.04031413048505783,0.4583197236061096,0.012376046739518642,23.455116271972656,0.0,0.0,0.0,0.0,0.0,0.0,0.0,0.0,0.0,0.0,0.0,0.0,0.0,0.0,0.0,0.0,0.0,0.0,198.1013787180695,399.9520088398107,738.9288932086197
PINN20260511,10,288,pretrain,0.5506950616836548,0.05236043781042099,0.7518042922019958,0.04023110866546631,0.4832703769207001,0.01237632054835558,23.443872451782227,0.0,0.0,0.0,0.0,0.0,0.0,0.0,0.0,0.0,0.0,0.0,0.0,0.0,0.0,0.0,0.0,0.0,0.0,193.75786274368326,397.9511590635213,734.2285172747312
PINN20260511,10,290,pretrain,0.5508232712745667,0.05262620747089386,0.7534023523330688,0.04086645692586899,0.40350937843322754,0.012371579185128212,23.598140716552734,0.0,0.0,0.0,0.0,0.0,0.0,0.0,0.0,0.0,0.0,0.0,0.0,0.0,0.0,0.0,0.0,0.0,0.0,193.99177455178352,397.7874550246652,732.9432576073767
PINN20260511,10,292,pretrain,0.5489175915718079,0.052069760859012604,0.7521863579750061,0.04030699282884598,0.4276832342147827,0.012373555451631546,23.52809715270996,0.0,0.0,0.0,0.0,0.0,0.0,0.0,0.0,0.0,0.0,0.0,0.0,0.0,0.0,0.0,0.0,0.0,0.0,194.33250138293903,395.87235553268937,730.1458190024881
PINN20260511,10,294,pretrain,0.5496543645858765,0.05219646915793419,0.7513048052787781,0.039980702102184296,0.47081899642944336,0.012376857921481133,23.418235778808594,0.0,0.0,0.0,0.0,0.0,0.0,0.0,0.0,0.0,0.0,0.0,0.0,0.0,0.0,0.0,0.0,0.0,0.0,194.30987655031845,394.9613113964455,730.2795061316057
PINN20260511,10,296,pretrain,0.548092782497406,0.05187588185071945,0.7517042756080627,0.0399978943169117,0.4306693375110626,0.01237412542104721,23.50672149658203,0.0,0.0,0.0,0.0,0.0,0.0,0.0,0.0,0.0,0.0,0.0,0.0,0.0,0.0,0.0,0.0,0.0,0.0,192.57416387914034,393.9634143864123,726.8328334773653
PINN20260511,10,299,pretrain,0.5476175546646118,0.051761139184236526,0.7517808079719543,0.03977186605334282,0.4244687557220459,0.01237537618726492,23.46221351623535,0.0,0.0,0.0,0.0,0.0,0.0,0.0,0.0,0.0,0.0,0.0,0.0,0.0,0.0,0.0,0.0,0.0,0.0,191.9796030018554,391.9953961783225,723.3371129658433
PINN20260511,10,301,physics,177913.703125,0.051891498267650604,0.751070499420166,0.040106695145368576,0.42231810092926025,0.012372641824185848,23.547319412231445,0.0,0.0,0.9324883222579956,740.0657958984375,0.0,0.0,1.6929072899074527e-07,0.0011460233945399523,9.497997410790049e-08,9.045032243193418e-07,6596875.5,4594386.5,1510.466796875,79.89155578613281,0.0020831087604165077,1.2848056840653044e-08,0.5204722285270691,16.803491592407227,262.434887757897,444.72238531470396,805.8863776273264
PINN20260511,10,303,physics,128026.78125,0.26695966720581055,0.7758040428161621,0.19596733152866364,0.43864375352859497,0.012434279546141624,21.64189910888672,0.0,0.0,0.9249978065490723,519.8218383789062,0.0,0.0,1.8531818568590097e-07,0.0012041529407724738,7.254237033293975e-08,8.435117138105852e-07,4730916.5,3337957.0,1301.257568359375,81.1196060180664,0.0011458041844889522,1.2228770884803453e-08,0.5588414669036865,15.323004722595215,1134.2424233822328,1291.9008282372142,2320.3176788198116
PINN20260511,10,305,physics,56495.078125,1.9846069812774658,0.8638554811477661,1.4307034015655518,0.5158010721206665,0.01259745005518198,17.97511100769043,0.0,0.0,1.012025237083435,210.28915405273438,0.0,0.0,2.7978452976640256e-07,0.00134015001822263,3.7698288934961965e-08,7.864011308811314e-07,2063667.5,1519528.875,903.8483276367188,83.90341186523438,0.0002557981642894447,1.1270991251421947e-08,0.6534351706504822,11.874603271484375,2419.8509251604737,2661.6214043323293,4800.882168120452
PINN20260511,10,307,physics,12346.99609375,5.876804351806641,1.039871096611023,4.082564830780029,0.6739757657051086,0.012929299846291542,13.792935371398926,0.0,0.0,1.1688436269760132,37.806182861328125,0.0,0.0,2.774207132461015e-06,0.0015538685256615281,1.1872188565575925e-08,7.330511948566709e-07,432994.8125,365689.375,471.99365234375,89.33008575439453,4.172807894065045e-05,1.0247564574683565e-08,0.7236970663070679,6.961704254150391,3585.7204297044686,3888.817043780795,7029.834989201177
PINN20260511,10,309,physics,734.9083251953125,10.067516326904297,1.2543145418167114,6.719581127166748,0.58207106590271,0.013620681129395962,10.108346939086914,0.0,0.0,1.063515543937683,1.231112003326416,0.0,0.0,1.4222590834833682e-05,0.001842312514781952,2.0969688208083426e-09,6.8332786895553e-07,19318.46484375,31114.5546875,157.51687622070312,102.88921356201172,4.2450388718862087e-05,9.450703331026489e-09,0.6835658550262451,2.63456130027771,4273.735602491104,4584.784182488856,8296.343448625299
PINN20260511,10,311,physics,208.8538360595703,12.191843032836914,1.390632152557373,7.8394975662231445,4.3281354904174805,0.014864539727568626,7.7265214920043945,0.0,0.0,0.11283233761787415,0.022726021707057953,0.0,0.0,3.208248017472215e-05,0.0021247765980660915,2.7814825442895597e-10,6.369117500071297e-07,8028.81298828125,731.9823608398438,22.258684158325195,79.35985565185547,5.500629413290881e-06,9.637895814762487e-09,0.4928916096687317,1.9549707174301147,4440.273415004982,4728.25993363309,8557.03858342983
PINN20260511,10,313,physics,127.28791046142578,12.468124389648438,1.4071619510650635,7.905075550079346,7.705992221832275,0.015908990055322647,6.749746799468994,0.0,0.0,0.003807494882494211,0.007867776788771152,0.0,0.0,4.904547313344665e-05,0.0022702107671648264,6.436728233749633e-11,5.931694317951042e-07,4314.75439453125,78.80035400390625,4.642436981201172,13.440422058105469,1.2106498843422742e-06,1.0478996337326407e-08,0.17077267169952393,2.7984201908111572,4461.595230408066,4741.100083313998,8580.323371585217
PINN20260511,10,315,physics,62.06622314453125,12.534198760986328,1.4079861640930176,7.9112653732299805,8.127360343933105,0.016571080312132835,6.292243003845215,0.0,0.0,0.004654263611882925,0.0035804728977382183,0.0,0.0,5.940604751231149e-05,0.0023334722500294447,1.8694089679027748e-11,5.523204436030937e-07,1081.3912353515625,20.18536376953125,1.9622331857681274,7.291893482208252,4.984369184057869e-07,1.1295457014171006e-08,0.09433621913194656,2.9406721591949463,4469.271529007831,4746.291183650662,8589.617421903984
PINN20260511,10,317,physics,43.19053268432617,12.563182830810547,1.4079318046569824,7.91249418258667,8.072042465209961,0.016926761716604233,6.048250198364258,0.0,0.0,0.017092177644371986,0.0020199960563331842,0.0,0.0,4.107027780264616e-05,0.0023318908642977476,6.348118645332912e-12,5.143009502717177e-07,141.5104217529297,8.337543487548828,1.1440696716308594,5.827388286590576,3.001707966632239e-07,1.4153592076127097e-08,0.07300460338592529,1.7528340816497803,4472.855910936546,4748.603373624713,8593.725120623147
PINN20260511,10,320,physics,40.529972076416016,12.58262825012207,1.407330870628357,7.913524150848389,7.969716548919678,0.015710391104221344,5.898406028747559,0.0,0.0,0.06894534826278687,0.0020698646549135447,0.0,0.0,1.1090103726019152e-05,0.001777959638275206,1.512237926028226e-12,4.6209265747165773e-07,9.63192081451416,4.6484150886535645,0.8596481084823608,3.9973268508911133,2.901248592479533e-07,7.280260660991189e-08,0.06967748701572418,1.9344730377197266,4476.052948748485,4750.472187056777,8596.99155809835
PINN20260511,10,322,physics,40.42765426635742,12.596683502197266,1.407387137413025,7.91662073135376,8.022039413452148,0.012106381356716156,5.889216423034668,0.0,0.0,0.10525479912757874,0.0023867986164987087,0.0,0.0,3.995711267634761e-06,0.0005193916731514037,8.971147392664025e-13,4.3012610717596544e-07,3.7213096618652344,3.76033353805542,0.705647885799408,3.199350357055664,2.662991960278305e-07,1.1834201529836719e-07,0.05750653147697449,5.165625095367432,4478.774385923006,4752.272509021342,8600.297338538046
PINN20260511,10,324,physics,40.39592361450195,12.610821723937988,1.4080729484558105,7.922190189361572,7.804260730743408,0.008190489374101162,5.790254592895508,0.0,0.0,0.06801902502775192,0.0016248805914074183,0.0,0.0,1.1230698646613746e-06,9.361703268950805e-05,4.5032090578191186e-13,4.002677655989828e-07,2.6601264476776123,1.4351273775100708,0.4140799641609192,2.1529064178466797,1.388433474858175e-07,1.7372471239340825e-09,0.036108825355768204,8.219771385192871,4480.7836368206845,4753.781442178426,8603.100338655022
PINN20260511,10,326,physics,40.351829528808594,12.618561744689941,1.408703088760376,7.925126075744629,7.814824104309082,0.005118965171277523,5.674826145172119,0.0,0.0,0.020117685198783875,0.0006957717123441398,0.0,0.0,2.5787520030462474e-07,1.3873322131985333e-05,1.650364822016956e-13,3.7237015249047545e-07,0.771987795829773,0.33284664154052734,0.20771819353103638,1.37721586227417,5.033443173374508e-08,0.0,0.01847682148218155,3.7500104904174805,4481.5550872437125,4754.33023674208,8604.141912088591
PINN20260511,10,328,physics,40.33858871459961,12.620142936706543,1.4090327024459839,7.923539638519287,8.097480773925781,0.003987285308539867,5.6250834465026855,0.0,0.0,0.004295353312045336,0.0001527678978163749,0.0,0.0,9.897694042138028e-08,1.4206286323314998e-05,9.224282308036708e-14,3.463077291598893e-07,0.2653747797012329,0.09409168362617493,0.1244077980518341,0.9124906659126282,1.820030703925113e-08,0.0,0.009620684199035168,1.4543622732162476,4481.508451403389,4754.20277228475,8603.937379705767
PINN20260511,10,330,physics,40.3267822265625,12.61892318725586,1.4091851711273193,7.920467853546143,8.310322761535645,0.004062060732394457,5.626176834106445,0.0,0.0,0.0014352736761793494,1.41399577842094e-05,0.0,0.0,7.115590960893314e-08,1.4528015526593663e-05,7.898689975737241e-14,3.2197135624301154e-07,0.1629984974861145,0.04280303418636322,0.07947215437889099,0.4918801188468933,8.51535197909925e-09,0.0,0.006114615127444267,0.8697368502616882,4481.231527158578,4753.897769199501,8603.401880714155
PINN20260511,10,332,physics,40.320159912109375,12.617238998413086,1.4092751741409302,7.917941570281982,8.421884536743164,0.0039570946246385574,5.607230186462402,0.0,0.0,0.000912312010768801,1.2349740075023874e-07,0.0,0.0,6.257650397856196e-08,1.2593147403094918e-05,7.423758602211755e-14,2.992481427099847e-07,0.1210031732916832,0.025793174281716347,0.046609897166490555,0.40856704115867615,5.464788177533819e-09,0.0,0.0049238307401537895,0.7077754735946655,4480.931599567215,4753.578441553268,8602.831915825183
PINN20260511,10,334,physics,40.31148147583008,12.61568546295166,1.4092621803283691,7.916210174560547,8.430553436279297,0.0033219007309526205,5.554503440856934,0.0,0.0,0.0007888208492659032,4.87822205741395e-07,0.0,0.0,5.769410549305576e-08,1.1092641216237098e-05,7.169875722865329e-14,2.7804287583421683e-07,0.08423303067684174,0.01873169280588627,0.04066658020019531,0.2627727687358856,4.262707076208017e-09,0.0,0.0047345710918307304,0.6677972078323364,4480.683876374231,4753.302010181975,8602.33435126983
PINN20260511,10,336,physics,40.30656814575195,12.614505767822266,1.4092217683792114,7.915168285369873,8.401741981506348,0.0026763873174786568,5.497137546539307,0.0,0.0,0.0008553494117222726,3.98863176087616e-06,0.0,0.0,5.3793293375292706e-08,1.0266790923196822e-05,7.239309385244017e-14,2.5826025762398785e-07,0.05539320409297943,0.016228187829256058,0.041756097227334976,0.2631813883781433,3.895531008879516e-09,0.0,0.005280348937958479,0.6875486373901367,4480.503319940741,4753.101513748681,8601.971458696653
PINN20260511,10,338,physics,40.3037109375,12.613642692565918,1.4091966152191162,7.914605617523193,8.373016357421875,0.0024242056533694267,5.4664506912231445,0.0,0.0,0.0010721134021878242,2.6759722459246404e-05,0.0,0.0,5.03629173920217e-08,1.0001529517467134e-05,8.156627093582405e-14,2.3981465346878394e-07,0.04100712388753891,0.0167723186314106,0.0418814979493618,0.29886648058891296,4.154930177691085e-09,0.0,0.006170074921101332,0.756865382194519,4480.362931727741,4752.9586575100775,8601.712231599957
PINN20260511,10,340,physics,40.300010681152344,12.61288833618164,1.4091846942901611,7.914322853088379,8.345582962036133,0.002615873236209154,5.471283912658691,0.0,0.0,0.0015266172122210264,5.656376015394926e-05,0.0,0.0,4.731990443929135e-08,1.0149139598070178e-05,1.0769252107916891e-13,2.2262119614424591e-07,0.045207079499959946,0.02044992335140705,0.04120788723230362,0.2521604597568512,5.0871360457449555e-09,0.0,0.007521548308432102,0.9910849928855896,4480.22231591246,4752.838730695583,8601.493441678238
PINN20260511,10,343,physics,40.294010162353516,12.611461639404297,1.4091461896896362,7.9141340255737305,8.274969100952148,0.0035703093744814396,5.524380207061768,0.0,0.0,0.003175199031829834,7.476652535842732e-05,0.0,0.0,4.3416079620328674e-08,1.0890088560699951e-05,2.2035247704190603e-13,1.9900888048596244e-07,0.09867826849222183,0.03569352999329567,0.045865535736083984,0.17373903095722198,8.341068280515174e-09,0.0,0.013119317591190338,1.4367499351501465,4479.918749263205,4752.634427346585,8601.117245972515
PINN20260511,10,345,physics,40.2896842956543,12.609987258911133,1.4090715646743774,7.914053440093994,8.188996315002441,0.00436404999345541,5.564881324768066,0.0,0.0,0.005544065032154322,8.47951669129543e-05,0.0,0.0,4.1210071799469006e-08,1.1521865417307708e-05,4.0617116332623826e-13,1.846106698621952e-07,0.18185333907604218,0.058393530547618866,0.056349992752075195,0.16255199909210205,1.2416607297893734e-08,0.0,0.01842443086206913,1.9910880327224731,4479.599982141262,4752.452629958557,8600.779569146338
PINN20260511,10,347,physics,40.284725189208984,12.607917785644531,1.4089405536651611,7.913975715637207,8.072880744934082,0.004991833586245775,5.593443870544434,0.0,0.0,0.009774195961654186,8.95071862032637e-05,0.0,0.0,3.933877223971649e-08,1.2063480426149908e-05,7.600041472891061e-13,1.7120908069045981e-07,0.32017940282821655,0.09930868446826935,0.07351274788379669,0.16915231943130493,1.851929809504327e-08,0.0,0.023650681599974632,2.9800798892974854,4479.171575191109,4752.233159263127,8600.367458758605
PINN20260511,10,349,physics,40.27976608276367,12.605281829833984,1.4087567329406738,7.913896560668945,7.94615364074707,0.005345215555280447,5.607054710388184,0.0,0.0,0.01716335490345955,7.679838745389134e-05,0.0,0.0,3.783248203603762e-08,1.2395773410389666e-05,1.3303101025277653e-12,1.5873784775521926e-07,0.5188688039779663,0.16574323177337646,0.09631839394569397,0.1940591186285019,2.6606816305729808e-08,0.0,0.030739210546016693,3.8683042526245117,4478.659174351181,4751.994318178421,8599.911900723646
PINN20260511,10,351,physics,40.27564239501953,12.60231876373291,1.4085406064987183,7.913824558258057,7.840427398681641,0.005427078809589148,5.607136249542236,0.0,0.0,0.029468245804309845,4.466669270186685e-05,0.0,0.0,3.6704477679450065e-08,1.2471822628867812e-05,2.055755305568896e-12,1.4713479856709455e-07,0.755322277545929,0.25800821185112,0.12175874412059784,0.23641012609004974,3.590159636246426e-08,0.0,0.037944331765174866,5.348079681396484,4478.125724005524,4751.769986015737,8599.471013082182
PINN20260511,10,353,physics,40.272850036621094,12.599437713623047,1.408325433731079,7.9137678146362305,7.794737339019775,0.005302929785102606,5.596878528594971,0.0,0.0,0.04747558385133743,1.3768078133580275e-05,0.0,0.0,3.5927413932768104e-08,1.2292811334191356e-05,2.7554059294637723e-12,1.363440560453455e-07,0.9740378856658936,0.36286792159080505,0.14537201821804047,0.28552016615867615,4.499694483683925e-08,0.0,0.04473638907074928,6.163755416870117,4477.652509965462,4751.5997306170475,8599.119142283414
PINN20260511,10,355,physics,40.27119827270508,12.59708023071289,1.4081501960754395,7.913733005523682,7.823060989379883,0.005094756372272968,5.5818586349487305,0.0,0.0,0.06857001781463623,8.813679414743092e-06,0.0,0.0,3.542886517493571e-08,1.190374678117223e-05,3.2722975804727605e-12,1.2631178947231092e-07,1.1109875440597534,0.45662471652030945,0.1632547527551651,0.3310692012310028,5.234577926671591e-08,0.0,0.049747731536626816,7.058460712432861,4477.305886356214,4751.508812998246,8598.913006016706
PINN20260511,10,357,physics,40.2696418762207,12.595560073852539,1.4080116748809814,7.913719654083252,7.876667022705078,0.004963346756994724,5.570147514343262,0.0,0.0,0.0850241631269455,7.945092875161208e-06,0.0,0.0,3.512758794954607e-08,1.1398657079553232e-05,3.611462908240104e-12,1.1698595869802375e-07,1.1335153579711914,0.5189366340637207,0.17383599281311035,0.3671340048313141,5.695701688068766e-08,0.0,0.05250991880893707,7.698781490325928,4477.11089878283,4751.498500473298,8598.870035877982
PINN20260511,10,359,physics,40.267215728759766,12.594837188720703,1.4079616069793701,7.913718223571777,7.901750564575195,0.005040864460170269,5.568845748901367,0.0,0.0,0.09142082184553146,7.442344667651923e-06,0.0,0.0,3.497055089951573e-08,1.0877861313929316e-05,3.861170064234365e-12,1.0832155084017359e-07,1.0565075874328613,0.5441147089004517,0.1780550479888916,0.39057043194770813,5.876951547634235e-08,0.0,0.05384410172700882,7.332217216491699,4477.035626393876,4751.541223645229,8598.94664584669
PINN20260511,10,361,physics,40.26369857788086,12.594635009765625,1.4079623222351074,7.913715362548828,7.866434574127197,0.005358506925404072,5.579315662384033,0.0,0.0,0.08601631224155426,7.177693078119773e-06,0.0,0.0,3.492952060923926e-08,1.0404026397736743e-05,4.181301138661553e-12,1.0027144270452482e-07,0.9327505826950073,0.5446749925613403,0.17896884679794312,0.4029635190963745,5.88188768801956e-08,0.0,0.053723495453596115,6.889219760894775,4477.012620040287,4751.593627405441,8599.062124184045
PINN20260511,10,364,physics,40.25775909423828,12.594477653503418,1.407904028892517,7.913695335388184,7.745699405670166,0.006111829075962305,5.606671333312988,0.0,0.0,0.06529829651117325,7.072525932017015e-06,0.0,0.0,3.504246137708833e-08,9.822406354942359e-06,5.133106613375293e-12,8.926122063712683e-08,0.7692723274230957,0.5423069596290588,0.18128672242164612,0.4142860472202301,5.880736253516261e-08,0.0,0.050748322159051895,5.231944561004639,4476.937569365917,4751.623091113183,8599.16578319204
PINN20260511,10,366,physics,40.25457000732422,12.594076156616211,1.407841444015503,7.913681983947754,7.699637413024902,0.006637490354478359,5.6245646476745605,0.0,0.0,0.05369611456990242,7.240085778903449e-06,0.0,0.0,3.52533220393525e-08,9.518056685919873e-06,6.01758486790116e-12,8.257326555849431e-08,0.7021270990371704,0.5558570623397827,0.18524183332920074,0.41935479640960693,5.998599306167307e-08,0.0,0.04830419272184372,4.632772445678711,4476.82275726882,4751.605833820815,8599.161074052055
PINN20260511,10,368,physics,40.251930236816406,12.593341827392578,1.4077774286270142,7.9136762619018555,7.694936752319336,0.007101047784090042,5.638970375061035,0.0,0.0,0.04728242754936218,7.7132172009442e-06,0.0,0.0,3.560923644840841e-08,9.277669960283674e-06,6.852614829744308e-12,7.636732135551938e-08,0.6656469702720642,0.5854457020759583,0.1907539963722229,0.41982501745224,6.227870841257754e-08,0.0,0.04697165638208389,4.375644207000732,4476.65299079569,4751.568793567026,8599.108389257512
PINN20260511,10,370,physics,40.24910354614258,12.592264175415039,1.4077239036560059,7.91367244720459,7.697920799255371,0.007486406248062849,5.649717807769775,0.0,0.0,0.04482584074139595,8.603286914876662e-06,0.0,0.0,3.6126568403460624e-08,9.101375326281413e-06,7.392136382178283e-12,7.060823747906397e-08,0.6535872220993042,0.6314048171043396,0.19788740575313568,0.42077744007110596,6.556273746127772e-08,0.0,0.04642745479941368,4.03984260559082,4476.426923339641,4751.513232644943,8599.010041565707
PINN20260511,10,372,physics,40.245670318603516,12.5908203125,1.4076851606369019,7.913659572601318,7.683267593383789,0.007802465930581093,5.657542705535889,0.0,0.0,0.044710010290145874,1.000976135401288e-05,0.0,0.0,3.678836790754758e-08,8.991000868263654e-06,7.5065127724816e-12,6.526706641807323e-08,0.6641678810119629,0.6958813667297363,0.20746123790740967,0.42904314398765564,6.989237277821303e-08,0.0,0.04644279181957245,3.77030873298645,4476.136056913373,4751.43241559848,8598.854064957019
PINN20260511,10,374,physics,40.24173355102539,12.588955879211426,1.4076610803604126,7.913631439208984,7.657587051391602,0.008065778762102127,5.663269519805908,0.0,0.0,0.046156976372003555,1.2011403669021092e-05,0.0,0.0,3.756023048140378e-08,8.947613423515577e-06,7.228630888311827e-12,6.031363142255941e-08,0.7007190585136414,0.7847129106521606,0.22027316689491272,0.4443478584289551,7.563312465208583e-08,0.0,0.046775877475738525,3.573420524597168,4475.768760782889,4751.31287119676,8598.618572130104
PINN20260511,10,376,physics,40.237606048583984,12.586601257324219,1.4076499938964844,7.913602828979492,7.6433610916137695,0.008293571881949902,5.667525291442871,0.0,0.0,0.048853550106287,1.4619661669712514e-05,0.0,0.0,3.8413986658270005e-08,8.966461791715119e-06,6.7775498754918395e-12,5.572118766394851e-08,0.7699999213218689,0.9075079560279846,0.23679442703723907,0.4588238298892975,8.339729618001002e-08,0.0,0.04939965903759003,3.383493661880493,4475.312056158766,4751.143020368888,8598.287300446847
PINN20260511,10,378,physics,40.233428955078125,12.583748817443848,1.4076377153396606,7.913578510284424,7.645723342895508,0.00850079208612442,5.670678615570068,0.0,0.0,0.05160162225365639,1.769537448126357e-05,0.0,0.0,3.933279302259507e-08,9.028881322592497e-06,6.418130783780729e-12,5.146528536670303e-08,0.8767226934432983,1.0731619596481323,0.2574050724506378,0.46579617261886597,9.36523321115601e-08,0.0,0.05073695257306099,3.407153367996216,4474.772172971491,4750.918016552169,8597.860846246564
PINN20260511,10,380,physics,40.22920227050781,12.580533981323242,1.4076043367385864,7.91355037689209,7.647332668304443,0.00869798380881548,5.6728196144104,0.0,0.0,0.052567366510629654,2.08762867259793e-05,0.0,0.0,4.030145461797474e-08,9.098554073716514e-06,6.311310848938767e-12,4.752173055067033e-08,1.0139288902282715,1.2804782390594482,0.28210029006004333,0.47066086530685425,1.0615766399268978e-07,0.0,0.05210589990019798,3.6808016300201416,4474.191323580162,4750.656586199428,8597.38007967278
PINN20260511,10,382,physics,40.2249641418457,12.577319145202637,1.4075466394424438,7.913512706756592,7.635833740234375,0.008892346173524857,5.673795700073242,0.0,0.0,0.05097800865769386,2.35896968661109e-05,0.0,0.0,4.1308936715722666e-08,9.132397281064186e-06,6.436471147730494e-12,4.386848928561449e-08,1.151543140411377,1.5074620246887207,0.30843037366867065,0.4769432544708252,1.1956245771216345e-07,0.0,0.05346590280532837,3.5465550422668457,4473.650187486724,4750.404824854404,8596.927760105486
PINN20260511,10,384,physics,40.2206916809082,12.574575424194336,1.4074915647506714,7.913479328155518,7.620628356933594,0.009091504849493504,5.673377513885498,0.0,0.0,0.047840822488069534,2.5231085601262748e-05,0.0,0.0,4.234171413486365e-08,9.103709999180865e-06,6.6051721384075e-12,4.048572321835309e-08,1.2400898933410645,1.7126049995422363,0.3313829302787781,0.47789907455444336,1.3174179969155375e-07,0.0,0.05365651100873947,3.3994812965393066,4473.228364391874,4750.213679404327,8596.59031029718
PINN20260511,10,387,physics,40.21393585205078,12.571891784667969,1.4074745178222656,7.913460731506348,7.611793518066406,0.009417707100510597,5.670156002044678,0.0,0.0,0.0434764064848423,2.5054170691873878e-05,0.0,0.0,4.3971155605504464e-08,9.005361789604649e-06,6.5455358147503695e-12,3.587585695186135e-08,1.2172718048095703,1.9074512720108032,0.3521462678909302,0.45689916610717773,1.4456949770647043e-07,0.0,0.05262884497642517,3.028388500213623,4472.847638809084,4750.066104803174,8596.327744194043
PINN20260511,10,389,physics,40.209388732910156,12.57076358795166,1.4075019359588623,7.913451194763184,7.608099460601807,0.009662081487476826,5.666778564453125,0.0,0.0,0.041640687733888626,2.361887163715437e-05,0.0,0.0,4.515169038654676e-08,9.563980711391196e-06,6.465522995463546e-12,3.308726093109726e-08,1.1381629705429077,1.977150559425354,0.35998964309692383,0.4380907714366913,1.5053316815283324e-07,0.0,0.05139555782079697,2.7371370792388916,4472.66229442823,4750.001473683982,8596.206580242491
PINN20260511,10,391,physics,40.20499801635742,12.569538116455078,1.4075340032577515,7.913433074951172,7.603084564208984,0.009932737797498703,5.662843704223633,0.0,0.0,0.04070238023996353,2.2013031411916018e-05,0.0,0.0,4.6473903836385944e-08,1.179988612420857e-05,6.862999318152374e-12,3.050686459005192e-08,1.0746185779571533,2.057068347930908,0.3694031238555908,0.42095550894737244,1.5749425585909194e-07,6.233338498140562e-13,0.051191914826631546,2.3904404640197754,4472.410535717847,4749.897683108553,8596.012245469983
PINN20260511,10,393,physics,40.20062255859375,12.567676544189453,1.40755033493042,7.913413047790527,7.600224494934082,0.010232974775135517,5.658428192138672,0.0,0.0,0.04085838049650192,2.094114461215213e-05,0.0,0.0,4.80144173309327e-08,1.738798528094776e-05,8.34019658890739e-12,2.812039845423442e-08,1.0639538764953613,2.2041919231414795,0.38539963960647583,0.40519601106643677,1.6839366878684814e-07,8.034163889725221e-10,0.05022566020488739,2.1175858974456787,4472.013864021444,4749.711780729437,8595.670605934623
PINN20260511,10,395,physics,40.19609832763672,12.564949035644531,1.407463550567627,7.913385391235352,7.59310245513916,0.01056185457855463,5.653384208679199,0.0,0.0,0.04070261865854263,2.0769515685969964e-05,0.0,0.0,4.980017109801338e-08,4.179511233814992e-05,1.1645766816170688e-11,2.5913232448715462e-08,1.1139955520629883,2.455056667327881,0.41085296869277954,0.39645498991012573,1.8499032705676655e-07,3.0118816329860465e-09,0.050201378762722015,2.0811760425567627,4471.456809586782,4749.4351243068895,8595.164754528867
PINN20260511,10,397,physics,40.191505432128906,12.561479568481445,1.4073150157928467,7.913339138031006,7.58106803894043,0.010915207676589489,5.647336959838867,0.0,0.0,0.040878959000110626,2.144297286577057e-05,0.0,0.0,5.183331097668997e-08,0.00011743004142772406,1.774795761744219e-11,2.3873626631143452e-08,1.2097642421722412,2.8058674335479736,0.4446331858634949,0.3982747197151184,2.0686887580723123e-07,3.3531029064448603e-09,0.050803061574697495,2.026479721069336,4470.812006783555,4749.108758493535,8594.56122958662
PINN20260511,10,399,physics,40.18709945678711,12.557865142822266,1.4071487188339233,7.91328763961792,7.566702842712402,0.011292940936982632,5.639604568481445,0.0,0.0,0.0413794182240963,2.244712050014641e-05,0.0,0.0,5.4058176601756713e-08,0.00025670116883702576,2.8025271339715552e-11,2.1988050491472677e-08,1.3135740756988525,3.1991374492645264,0.48073965311050415,0.4027393162250519,2.311799534027159e-07,2.015135613930852e-09,0.05169697478413582,2.051504611968994,4470.208496256075,4748.803428233264,8593.982104101075
PINN20260511,10,401,physics,40.18292236328125,12.554810523986816,1.4069892168045044,7.913244247436523,7.553358554840088,0.0116976173594594,5.629428386688232,0.0,0.0,0.042455025017261505,2.3098660676623695e-05,0.0,0.0,5.641491895858053e-08,0.00045379294897429645,4.370766942818349e-11,2.024589029758772e-08,1.3776434659957886,3.5455708503723145,0.5119158625602722,0.4007355570793152,2.543660286846716e-07,6.287538822924432e-10,0.05220678076148033,1.9118452072143555,4469.743393081979,4748.572627642963,8593.524561685756
PINN20260511,10,403,physics,40.178958892822266,12.552592277526855,1.4068337678909302,7.913206100463867,7.540704727172852,0.012127982452511787,5.616477012634277,0.0,0.0,0.044352054595947266,2.31098983931588e-05,0.0,0.0,5.8870377017683495e-08,0.0006942565087229013,6.440701444399011e-11,1.863723575468157e-08,1.3874926567077637,3.796490430831909,0.5360201597213745,0.3929935097694397,2.7510145628184546e-07,7.27046062243275e-11,0.05182880535721779,1.856438159942627,4469.4030921365775,4748.407522527948,8593.187039448607
PINN20260511,10,405,physics,40.17531967163086,12.550812721252441,1.4066654443740845,7.913164138793945,7.526731014251709,0.012582049705088139,5.600873947143555,0.0,0.0,0.046079088002443314,2.2817059289081953e-05,0.0,0.0,6.143964270677316e-08,0.0009519934537820518,8.772008119883878e-11,1.715170228067109e-08,1.3792638778686523,3.995612382888794,0.5574673414230347,0.383098304271698,2.955323452624725e-07,9.41071439525265e-12,0.052590012550354004,1.8840358257293701,4469.084917519469,4748.256943342472,8592.865090379073
PINN20260511,10,408,physics,40.16917037963867,12.547063827514648,1.405604600906372,7.913094997406006,7.564881324768066,0.013304620049893856,5.574881553649902,0.0,0.0,0.04502872750163078,2.2873462512507103e-05,0.0,0.0,6.586552103726717e-08,0.0013155885972082615,1.6175473460666723e-10,1.513430447630526e-08,1.4070377349853516,4.3831048011779785,0.5966141819953918,0.3659699559211731,3.3118664077846915e-07,6.3621386804657565e-12,0.05290234461426735,1.6290148496627808,4468.4241069979025,4747.949452131941,8592.16265493904
PINN20260511,10,410,physics,40.1661376953125,12.543779373168945,1.4049556255340576,7.913043975830078,7.634112358093262,0.013800833374261856,5.5560197830200195,0.0,0.0,0.04904376342892647,2.34404687944334e-05,0.0,0.0,6.90944403913818e-08,0.0015135585563257337,2.237224572265717e-10,1.3918628916087528e-08,1.467698097229004,4.78537654876709,0.6323400735855103,0.3564428389072418,3.6251799429010134e-07,1.5070659997729052e-11,0.05264991521835327,1.658634901046753,4467.899730298343,4747.7122911987835,8591.692637593898
PINN20260511,10,412,physics,40.16276550292969,12.541184425354004,1.4048248529434204,7.912998676300049,7.610661029815674,0.014283531345427036,5.536091327667236,0.0,0.0,0.044401850551366806,2.3738015443086624e-05,0.0,0.0,7.230724463624938e-08,0.0016660111723467708,2.4946639198830667e-10,1.2796693482641786e-08,1.5116820335388184,5.147440433502197,0.6654937267303467,0.3458000123500824,3.9522615224996116e-07,2.200832051324486e-11,0.05250196531414986,1.7910412549972534,4467.559960425825,4747.578119420469,8591.491873386041
PINN20260511,10,414,physics,40.15932083129883,12.540281295776367,1.4051148891448975,7.912973403930664,7.533015251159668,0.01472447905689478,5.516685962677002,0.0,0.0,0.03571773320436478,2.3233160391100682e-05,0.0,0.0,7.540527491300963e-08,0.0017765669617801905,2.323025938277823e-10,1.1762401719295212e-08,1.478609561920166,5.275536060333252,0.6838246583938599,0.3303430378437042,4.2197092398055247e-07,1.7052291870212066e-11,0.0513782724738121,1.919027328491211,4467.479826479354,4747.5873872947295,8591.580208563259
PINN20260511,10,416,physics,40.15660095214844,12.540331840515137,1.4054107666015625,7.912962436676025,7.490396022796631,0.015099601820111275,5.500557899475098,0.0,0.0,0.030624747276306152,2.2362526578945108e-05,0.0,0.0,7.842669447200024e-08,0.0018547015497460961,2.073418242654057e-10,1.0808339112600152e-08,1.3986560106277466,5.239689350128174,0.6902958154678345,0.3134031295776367,4.4341263105707185e-07,7.058165250178883e-12,0.04949387535452843,1.8952462673187256,4467.4366251800375,4747.631620081744,8591.69730120471
PINN20260511,10,418,physics,40.153907775878906,12.539590835571289,1.4053986072540283,7.912952423095703,7.482361316680908,0.015397359617054462,5.489806175231934,0.0,0.0,0.029281361028552055,2.200377275585197e-05,0.0,0.0,8.138724183481827e-08,0.0019107748521491885,2.0408873202537592e-10,9.92912330133322e-09,1.3545838594436646,5.302921295166016,0.6992940902709961,0.3016623854637146,4.6820917987133726e-07,1.6382905232079081e-12,0.049215659499168396,1.9768478870391846,4467.196436244997,4747.598761479323,8591.620460740656
